segment_id,bin,expected
0,5,0.066666666666666666
0,6,0.13333333333333333
0,7,0.13333333333333333
0,8,0.066666666666666666
0,9,0.19999999999999998
0,10,0.26666666666666666
0,11,0.33333333333333331
0,12,0.20000000000000004
0,13,0.13333333333333333
0,14,0.20000000000000004
0,15,0.26666666666666666
0,16,0.26666666666666666
0,17,0.20000000000000004
0,18,0.066666666666666666
0,19,0.13333333333333333
0,20,0.13333333333333333
0,21,0.26666666666666666
0,22,0.20000000000000004
0,23,0.26666666666666666
0,24,0.13333333333333333
0,25,0.20000000000000004
0,26,0.13333333333333333
0,27,0.20000000000000004
0,28,0.13333333333333333
0,29,0.33333333333333331
0,30,0.33333333333333331
0,31,0.66666666666666663
0,32,0.39999999999999997
0,33,0.46666666666666662
0,34,0.33333333333333331
0,35,0.53333333333333333
0,36,0.46666666666666662
0,37,0.33333333333333331
0,38,0.20000000000000004
0,39,0.13333333333333333
0,40,0.066666666666666666
0,42,0.13333333333333333
0,43,0.20000000000000004
0,44,0.33333333333333331
0,45,0.20000000000000004
0,46,0.13333333333333333
0,47,0.13333333333333333
0,48,0.20000000000000004
0,49,0.26666666666666666
0,50,0.13333333333333333
0,51,0.13333333333333333
0,52,0.066666666666666666
0,53,0.20000000000000004
0,54,0.33333333333333331
0,55,0.39999999999999997
0,56,0.33333333333333331
0,57,0.20000000000000004
0,58,0.13333333333333333
0,59,0.13333333333333333
0,60,0.066666666666666666
0,61,0.066666666666666666
0,63,0.066666666666666666
0,64,0.066666666666666666
0,65,0.13333333333333333
0,66,0.20000000000000004
0,67,0.20000000000000004
0,68,0.13333333333333333
0,79,0.066666666666666666
0,80,0.13333333333333333
0,81,0.20000000000000004
0,82,0.20000000000000004
0,83,0.13333333333333333
0,84,0.13333333333333333
0,85,0.13333333333333333
0,86,0.13333333333333333
0,87,0.13333333333333333
0,88,0.066666666666666666
0,89,0.066666666666666666
0,91,0.066666666666666666
0,92,0.066666666666666666
0,93,0.066666666666666666
0,95,0.066666666666666666
0,96,0.066666666666666666
0,97,0.066666666666666666
0,103,0.066666666666666666
0,104,0.066666666666666666
0,105,0.066666666666666666
0,107,0.066666666666666666
0,108,0.066666666666666666
0,109,0.066666666666666666
0,110,0.066666666666666666
0,111,0.066666666666666666
0,112,0.066666666666666666
0,116,0.066666666666666666
0,117,0.066666666666666666
0,118,0.13333333333333333
0,119,0.066666666666666666
0,120,0.066666666666666666
0,125,0.066666666666666666
0,126,0.26666666666666666
0,127,0.33333333333333331
0,128,0.33333333333333331
0,129,0.33333333333333331
0,130,0.33333333333333331
0,131,0.33333333333333331
0,132,0.20000000000000004
0,133,0.13333333333333333
0,134,0.066666666666666666
0,136,0.19999999999999998
0,137,0.33333333333333331
0,138,0.46666666666666662
0,139,0.40000000000000008
0,140,0.33333333333333331
0,141,0.26666666666666666
0,142,0.13333333333333333
0,143,0.13333333333333333
0,144,0.066666666666666666
0,145,0.20000000000000004
0,146,0.33333333333333331
0,147,0.46666666666666662
0,148,0.39999999999999997
0,149,0.26666666666666666
0,150,0.13333333333333333
0,151,0.13333333333333333
0,152,0.13333333333333333
0,153,0.26666666666666666
0,154,0.26666666666666666
0,155,0.26666666666666666
0,156,0.26666666666666666
0,157,0.33333333333333331
0,158,0.26666666666666666
0,159,0.26666666666666666
0,160,0.20000000000000004
0,161,0.26666666666666666
0,162,0.13333333333333333
0,163,0.13333333333333333
0,164,0.33333333333333331
0,165,0.39999999999999997
0,166,0.33333333333333331
0,167,0.20000000000000004
0,168,0.26666666666666666
0,169,0.26666666666666666
0,170,0.20000000000000004
0,171,0.066666666666666666
0,172,0.13333333333333333
0,173,0.26666666666666666
0,174,0.26666666666666666
0,175,0.26666666666666666
0,176,0.066666666666666666
0,177,0.066666666666666666
0,178,0.13333333333333333
0,179,0.20000000000000004
0,180,0.26666666666666666
0,181,0.13333333333333333
0,182,0.13333333333333333
0,183,0.066666666666666666
0,184,0.13333333333333333
0,185,0.066666666666666666
0,186,0.066666666666666666
1,0,0.10000000000000001
1,1,0.066666666666666666
1,5,0.066666666666666666
1,6,0.066666666666666666
1,7,0.26666666666666666
1,8,0.26666666666666666
1,9,0.26666666666666666
1,10,0.066666666666666666
1,14,0.066666666666666666
1,15,0.066666666666666666
1,16,0.13333333333333333
1,17,0.20000000000000004
1,18,0.20000000000000004
1,19,0.40000000000000008
1,20,0.26666666666666666
1,21,0.33333333333333331
1,22,0.066666666666666666
1,23,0.20000000000000004
1,24,0.20000000000000004
1,25,0.20000000000000004
1,26,0.066666666666666666
1,32,0.066666666666666666
1,33,0.13333333333333333
1,34,0.13333333333333333
1,35,0.13333333333333333
1,36,0.066666666666666666
1,37,0.20000000000000004
1,38,0.40000000000000008
1,39,0.53333333333333333
1,40,0.40000000000000008
1,41,0.20000000000000004
1,42,0.066666666666666666
1,43,0.20000000000000004
1,44,0.33333333333333331
1,45,0.46666666666666662
1,46,0.33333333333333331
1,47,0.13333333333333333
1,49,0.066666666666666666
1,50,0.13333333333333333
1,51,0.13333333333333333
1,52,0.13333333333333333
1,53,0.066666666666666666
1,54,0.066666666666666666
1,55,0.066666666666666666
1,56,0.066666666666666666
1,57,0.066666666666666666
1,59,0.066666666666666666
1,60,0.13333333333333333
1,61,0.20000000000000004
1,62,0.13333333333333333
1,63,0.066666666666666666
1,64,0.066666666666666666
1,65,0.066666666666666666
1,66,0.066666666666666666
1,67,0.066666666666666666
1,68,0.066666666666666666
1,69,0.066666666666666666
1,79,0.066666666666666666
1,80,0.13333333333333333
1,81,0.20000000000000004
1,82,0.13333333333333333
1,83,0.066666666666666666
1,85,0.066666666666666666
1,86,0.066666666666666666
1,87,0.066666666666666666
1,93,0.066666666666666666
1,94,0.066666666666666666
1,95,0.13333333333333333
1,96,0.066666666666666666
1,97,0.066666666666666666
1,110,0.066666666666666666
1,111,0.066666666666666666
1,112,0.13333333333333333
1,113,0.13333333333333333
1,114,0.13333333333333333
1,115,0.066666666666666666
1,116,0.066666666666666666
1,117,0.13333333333333333
1,118,0.20000000000000004
1,119,0.13333333333333333
1,120,0.20000000000000004
1,121,0.20000000000000004
1,122,0.20000000000000004
1,123,0.066666666666666666
1,127,0.13333333333333333
1,128,0.13333333333333333
1,129,0.20000000000000004
1,130,0.066666666666666666
1,131,0.066666666666666666
1,134,0.066666666666666666
1,135,0.13333333333333333
1,136,0.26666666666666666
1,137,0.26666666666666666
1,138,0.20000000000000004
1,139,0.20000000000000004
1,140,0.20000000000000004
1,141,0.26666666666666666
1,142,0.20000000000000004
1,143,0.20000000000000004
1,144,0.13333333333333333
1,145,0.26666666666666666
1,146,0.19999999999999998
1,147,0.19999999999999998
1,149,0.066666666666666666
1,150,0.066666666666666666
1,151,0.13333333333333333
1,152,0.26666666666666666
1,153,0.26666666666666666
1,154,0.39999999999999997
1,155,0.26666666666666666
1,156,0.26666666666666666
1,157,0.13333333333333333
1,158,0.20000000000000004
1,159,0.26666666666666666
1,160,0.26666666666666666
1,161,0.13333333333333333
1,162,0.066666666666666666
1,166,0.066666666666666666
1,167,0.20000000000000004
1,168,0.20000000000000004
1,169,0.13333333333333333
1,170,0.13333333333333333
1,171,0.26666666666666666
1,172,0.26666666666666666
1,173,0.13333333333333333
1,182,0.066666666666666666
1,183,0.066666666666666666
1,184,0.066666666666666666
1,188,0.066666666666666666
1,189,0.066666666666666666
1,190,0.066666666666666666
2,0,0.10000000000000001
2,1,0.20000000000000004
2,2,0.20000000000000004
2,3,0.20000000000000004
2,4,0.066666666666666666
2,5,0.066666666666666666
2,6,0.13333333333333333
2,7,0.20000000000000004
2,8,0.13333333333333333
2,9,0.26666666666666666
2,10,0.33333333333333331
2,11,0.39999999999999997
2,12,0.33333333333333331
2,13,0.26666666666666666
2,14,0.33333333333333331
2,15,0.33333333333333331
2,16,0.33333333333333331
2,17,0.33333333333333331
2,18,0.46666666666666673
2,19,0.60000000000000009
2,20,0.79999999999999993
2,21,1
2,22,0.8666666666666667
2,23,0.79999999999999993
2,24,0.46666666666666662
2,25,0.73333333333333339
2,26,0.53333333333333333
2,27,0.53333333333333333
2,28,0.53333333333333333
2,29,1.2
2,30,1.4666666666666668
2,31,1.4666666666666668
2,32,0.8666666666666667
2,33,0.73333333333333339
2,34,0.66666666666666663
2,35,1
2,36,1
2,37,1
2,38,0.66666666666666663
2,39,0.46666666666666673
2,40,0.26666666666666666
2,41,0.20000000000000004
2,42,0.33333333333333331
2,43,0.40000000000000008
2,44,0.53333333333333333
2,45,0.39999999999999997
2,46,0.26666666666666666
2,47,0.26666666666666666
2,48,0.33333333333333331
2,49,0.33333333333333331
2,50,0.13333333333333333
2,51,0.066666666666666666
2,52,0.066666666666666666
2,53,0.26666666666666666
2,54,0.39999999999999997
2,55,0.53333333333333333
2,56,0.39999999999999997
2,57,0.26666666666666666
2,58,0.13333333333333333
2,59,0.20000000000000004
2,60,0.13333333333333333
2,61,0.13333333333333333
2,62,0.066666666666666666
2,63,0.13333333333333333
2,64,0.13333333333333333
2,65,0.13333333333333333
2,66,0.20000000000000004
2,67,0.20000000000000004
2,68,0.13333333333333333
2,69,0.066666666666666666
2,70,0.066666666666666666
2,71,0.20000000000000004
2,72,0.33333333333333331
2,73,0.46666666666666662
2,74,0.33333333333333331
2,75,0.20000000000000004
2,76,0.066666666666666666
2,77,0.20000000000000004
2,78,0.26666666666666666
2,79,0.40000000000000008
2,80,0.40000000000000008
2,81,0.33333333333333331
2,82,0.40000000000000008
2,83,0.26666666666666666
2,84,0.19999999999999998
2,85,0.066666666666666666
2,86,0.066666666666666666
2,87,0.26666666666666666
2,88,0.26666666666666666
2,89,0.26666666666666666
2,90,0.066666666666666666
2,91,0.066666666666666666
2,92,0.066666666666666666
2,93,0.066666666666666666
2,94,0.066666666666666666
2,95,0.26666666666666666
2,96,0.26666666666666666
2,97,0.19999999999999998
2,103,0.066666666666666666
2,104,0.13333333333333333
2,105,0.13333333333333333
2,106,0.066666666666666666
2,107,0.066666666666666666
2,108,0.066666666666666666
2,109,0.066666666666666666
2,110,0.13333333333333333
2,111,0.20000000000000004
2,112,0.26666666666666666
2,113,0.20000000000000004
2,114,0.13333333333333333
2,115,0.13333333333333333
2,116,0.20000000000000004
2,117,0.26666666666666666
2,118,0.33333333333333331
2,119,0.20000000000000004
2,120,0.20000000000000004
2,121,0.20000000000000004
2,122,0.40000000000000008
2,123,0.39999999999999997
2,124,0.26666666666666666
2,125,0.13333333333333333
2,126,0.33333333333333331
2,127,0.33333333333333331
2,128,0.40000000000000008
2,129,0.40000000000000008
2,130,0.46666666666666673
2,131,0.53333333333333333
2,132,0.33333333333333331
2,133,0.26666666666666666
2,134,0.13333333333333333
2,135,0.13333333333333333
2,136,0.33333333333333331
2,137,0.59999999999999998
2,138,0.73333333333333339
2,139,0.66666666666666663
2,140,0.46666666666666662
2,141,0.46666666666666662
2,142,0.53333333333333333
2,143,0.79999999999999993
2,144,0.73333333333333328
2,145,0.8666666666666667
2,146,0.66666666666666663
2,147,0.8666666666666667
2,148,0.73333333333333339
2,149,0.66666666666666663
2,150,0.39999999999999997
2,151,0.40000000000000008
2,152,0.53333333333333333
2,153,0.73333333333333339
2,154,0.66666666666666663
2,155,0.53333333333333333
2,156,0.46666666666666662
2,157,0.46666666666666662
2,158,0.33333333333333331
2,159,0.26666666666666666
2,160,0.26666666666666666
2,161,0.59999999999999998
2,162,0.53333333333333333
2,163,0.46666666666666662
2,164,0.59999999999999998
2,165,0.66666666666666663
2,166,0.66666666666666663
2,167,0.40000000000000008
2,168,0.46666666666666662
2,169,0.39999999999999997
2,170,0.26666666666666666
2,171,0.13333333333333333
2,172,0.26666666666666666
2,173,0.40000000000000008
2,174,0.33333333333333331
2,175,0.33333333333333331
2,176,0.20000000000000004
2,177,0.20000000000000004
2,178,0.26666666666666666
2,179,0.19999999999999998
2,180,0.26666666666666666
2,181,0.066666666666666666
2,182,0.066666666666666666
2,184,0.13333333333333333
2,185,0.13333333333333333
2,186,0.13333333333333333
2,188,0.066666666666666666
2,189,0.20000000000000004
2,190,0.20000000000000004
2,191,0.20000000000000001
3,0,0.10000000000000001
3,1,0.066666666666666666
3,5,0.066666666666666666
3,6,0.066666666666666666
3,7,0.26666666666666666
3,8,0.26666666666666666
3,9,0.33333333333333331
3,10,0.13333333333333333
3,11,0.066666666666666666
3,13,0.066666666666666666
3,14,0.13333333333333333
3,15,0.13333333333333333
3,16,0.13333333333333333
3,17,0.20000000000000004
3,18,0.20000000000000004
3,19,0.40000000000000008
3,20,0.26666666666666666
3,21,0.40000000000000008
3,22,0.20000000000000004
3,23,0.33333333333333331
3,24,0.33333333333333331
3,25,0.26666666666666666
3,26,0.13333333333333333
3,30,0.13333333333333333
3,31,0.26666666666666666
3,32,0.33333333333333331
3,33,0.26666666666666666
3,34,0.26666666666666666
3,35,0.33333333333333331
3,36,0.33333333333333331
3,37,0.26666666666666666
3,38,0.40000000000000008
3,39,0.53333333333333333
3,40,0.46666666666666662
3,41,0.26666666666666666
3,42,0.066666666666666666
3,43,0.26666666666666666
3,44,0.39999999999999997
3,45,0.46666666666666662
3,46,0.33333333333333331
3,47,0.20000000000000004
3,48,0.13333333333333333
3,49,0.13333333333333333
3,50,0.13333333333333333
3,51,0.13333333333333333
3,52,0.13333333333333333
3,53,0.066666666666666666
3,54,0.066666666666666666
3,55,0.066666666666666666
3,56,0.066666666666666666
3,57,0.066666666666666666
3,59,0.066666666666666666
3,60,0.13333333333333333
3,61,0.26666666666666666
3,62,0.26666666666666666
3,63,0.26666666666666666
3,64,0.20000000000000004
3,65,0.13333333333333333
3,66,0.066666666666666666
3,67,0.066666666666666666
3,68,0.066666666666666666
3,69,0.066666666666666666
3,73,0.066666666666666666
3,74,0.066666666666666666
3,75,0.066666666666666666
3,79,0.066666666666666666
3,80,0.066666666666666666
3,81,0.13333333333333333
3,82,0.066666666666666666
3,83,0.066666666666666666
3,85,0.066666666666666666
3,86,0.066666666666666666
3,87,0.066666666666666666
3,93,0.066666666666666666
3,94,0.066666666666666666
3,95,0.20000000000000004
3,96,0.13333333333333333
3,97,0.13333333333333333
3,104,0.066666666666666666
3,105,0.13333333333333333
3,106,0.13333333333333333
3,107,0.066666666666666666
3,110,0.066666666666666666
3,111,0.066666666666666666
3,112,0.13333333333333333
3,113,0.13333333333333333
3,114,0.13333333333333333
3,115,0.066666666666666666
3,116,0.066666666666666666
3,117,0.13333333333333333
3,118,0.26666666666666666
3,119,0.20000000000000004
3,120,0.26666666666666666
3,121,0.20000000000000004
3,122,0.20000000000000004
3,123,0.066666666666666666
3,127,0.13333333333333333
3,128,0.26666666666666666
3,129,0.33333333333333331
3,130,0.20000000000000004
3,131,0.066666666666666666
3,134,0.066666666666666666
3,135,0.20000000000000004
3,136,0.33333333333333331
3,137,0.33333333333333331
3,138,0.20000000000000004
3,139,0.26666666666666666
3,140,0.33333333333333331
3,141,0.66666666666666663
3,142,0.59999999999999998
3,143,0.53333333333333333
3,144,0.26666666666666666
3,145,0.33333333333333331
3,146,0.33333333333333331
3,147,0.26666666666666666
3,148,0.13333333333333333
3,149,0.20000000000000004
3,150,0.20000000000000004
3,151,0.20000000000000004
3,152,0.33333333333333331
3,153,0.33333333333333331
3,154,0.53333333333333333
3,155,0.33333333333333331
3,156,0.39999999999999997
3,157,0.20000000000000004
3,158,0.40000000000000008
3,159,0.39999999999999997
3,160,0.39999999999999997
3,161,0.13333333333333333
3,162,0.066666666666666666
3,166,0.13333333333333333
3,167,0.33333333333333331
3,168,0.39999999999999997
3,169,0.26666666666666666
3,170,0.26666666666666666
3,171,0.26666666666666666
3,172,0.26666666666666666
3,173,0.066666666666666666
3,175,0.066666666666666666
3,176,0.13333333333333333
3,177,0.13333333333333333
3,178,0.13333333333333333
3,179,0.066666666666666666
3,180,0.066666666666666666
3,182,0.066666666666666666
3,183,0.13333333333333333
3,184,0.13333333333333333
3,185,0.066666666666666666
3,188,0.066666666666666666
3,189,0.066666666666666666
3,190,0.066666666666666666
4,0,0.29999999999999999
4,1,0.39999999999999997
4,2,0.26666666666666666
4,3,0.26666666666666666
4,4,0.13333333333333333
4,5,0.26666666666666666
4,6,0.33333333333333331
4,7,0.40000000000000008
4,8,0.20000000000000004
4,9,0.40000000000000008
4,10,0.33333333333333331
4,11,0.39999999999999997
4,12,0.33333333333333331
4,13,0.33333333333333331
4,14,0.53333333333333333
4,15,0.46666666666666662
4,16,0.46666666666666673
4,17,0.33333333333333331
4,18,0.40000000000000008
4,19,0.66666666666666663
4,20,0.8666666666666667
4,21,1.2
4,22,1
4,23,0.93333333333333324
4,24,0.53333333333333333
4,25,0.73333333333333339
4,26,0.53333333333333333
4,27,0.53333333333333333
4,28,0.40000000000000008
4,29,1
4,30,1.2666666666666666
4,31,1.3333333333333333
4,32,0.8666666666666667
4,33,0.79999999999999993
4,34,0.66666666666666663
4,35,0.93333333333333324
4,36,1.0666666666666667
4,37,1.2
4,38,0.8666666666666667
4,39,0.46666666666666673
4,40,0.26666666666666666
4,41,0.20000000000000004
4,42,0.40000000000000008
4,43,0.53333333333333333
4,44,0.66666666666666663
4,45,0.46666666666666662
4,46,0.33333333333333331
4,47,0.40000000000000008
4,48,0.53333333333333333
4,49,0.53333333333333333
4,50,0.26666666666666666
4,51,0.066666666666666666
4,52,0.066666666666666666
4,53,0.20000000000000004
4,54,0.26666666666666666
4,55,0.33333333333333331
4,56,0.20000000000000004
4,57,0.26666666666666666
4,58,0.13333333333333333
4,59,0.26666666666666666
4,60,0.26666666666666666
4,61,0.26666666666666666
4,62,0.26666666666666666
4,63,0.20000000000000004
4,64,0.20000000000000004
4,65,0.066666666666666666
4,66,0.19999999999999998
4,67,0.19999999999999998
4,68,0.19999999999999998
4,69,0.13333333333333333
4,70,0.13333333333333333
4,71,0.26666666666666666
4,72,0.40000000000000008
4,73,0.46666666666666673
4,74,0.39999999999999997
4,75,0.20000000000000004
4,76,0.13333333333333333
4,77,0.20000000000000004
4,78,0.26666666666666666
4,79,0.40000000000000008
4,80,0.46666666666666662
4,81,0.39999999999999997
4,82,0.46666666666666662
4,83,0.26666666666666666
4,84,0.19999999999999998
4,85,0.066666666666666666
4,86,0.066666666666666666
4,87,0.20000000000000004
4,88,0.26666666666666666
4,89,0.26666666666666666
4,90,0.13333333333333333
4,91,0.066666666666666666
4,92,0.066666666666666666
4,93,0.066666666666666666
4,94,0.066666666666666666
4,95,0.33333333333333331
4,96,0.33333333333333331
4,97,0.33333333333333331
4,98,0.066666666666666666
4,99,0.066666666666666666
4,103,0.066666666666666666
4,104,0.066666666666666666
4,105,0.066666666666666666
4,107,0.066666666666666666
4,108,0.13333333333333333
4,109,0.13333333333333333
4,110,0.20000000000000004
4,111,0.20000000000000004
4,112,0.26666666666666666
4,113,0.26666666666666666
4,114,0.20000000000000004
4,115,0.26666666666666666
4,116,0.20000000000000004
4,117,0.26666666666666666
4,118,0.33333333333333331
4,119,0.33333333333333331
4,120,0.33333333333333331
4,121,0.33333333333333331
4,122,0.46666666666666662
4,123,0.46666666666666662
4,124,0.33333333333333331
4,125,0.13333333333333333
4,126,0.33333333333333331
4,127,0.26666666666666666
4,128,0.59999999999999998
4,129,0.59999999999999998
4,130,0.73333333333333339
4,131,0.66666666666666663
4,132,0.66666666666666663
4,133,0.53333333333333333
4,134,0.33333333333333331
4,135,0.13333333333333333
4,136,0.33333333333333331
4,137,0.53333333333333333
4,138,0.66666666666666663
4,139,0.73333333333333339
4,140,0.93333333333333324
4,141,1
4,142,1.0666666666666667
4,143,1.0666666666666667
4,144,1.0666666666666667
4,145,1.0666666666666667
4,146,0.79999999999999993
4,147,1
4,148,0.79999999999999993
4,149,0.73333333333333328
4,150,0.40000000000000008
4,151,0.46666666666666662
4,152,0.73333333333333339
4,153,0.79999999999999993
4,154,0.73333333333333328
4,155,0.59999999999999998
4,156,0.66666666666666663
4,157,0.80000000000000016
4,158,0.59999999999999998
4,159,0.53333333333333333
4,160,0.53333333333333333
4,161,0.79999999999999993
4,162,0.66666666666666663
4,163,0.59999999999999998
4,164,0.66666666666666663
4,165,0.73333333333333328
4,166,0.59999999999999998
4,167,0.33333333333333331
4,168,0.46666666666666673
4,169,0.46666666666666673
4,170,0.39999999999999997
4,171,0.20000000000000004
4,172,0.33333333333333331
4,173,0.46666666666666662
4,174,0.59999999999999998
4,175,0.53333333333333333
4,176,0.39999999999999997
4,177,0.26666666666666666
4,178,0.40000000000000008
4,179,0.33333333333333331
4,180,0.33333333333333331
4,181,0.066666666666666666
4,182,0.066666666666666666
4,184,0.13333333333333333
4,185,0.20000000000000004
4,186,0.20000000000000004
4,187,0.066666666666666666
4,188,0.066666666666666666
4,189,0.20000000000000004
4,190,0.26666666666666666
4,191,0.30000000000000004
5,0,0.10000000000000001
5,1,0.066666666666666666
5,3,0.066666666666666666
5,4,0.13333333333333333
5,5,0.20000000000000004
5,6,0.13333333333333333
5,7,0.39999999999999997
5,8,0.39999999999999997
5,9,0.59999999999999998
5,10,0.33333333333333331
5,11,0.26666666666666666
5,12,0.20000000000000004
5,13,0.26666666666666666
5,14,0.46666666666666662
5,15,0.46666666666666662
5,16,0.66666666666666663
5,17,0.73333333333333339
5,18,0.73333333333333339
5,19,0.66666666666666663
5,20,0.60000000000000009
5,21,0.73333333333333339
5,22,0.53333333333333333
5,23,0.53333333333333333
5,24,0.40000000000000008
5,25,0.46666666666666662
5,26,0.26666666666666666
5,27,0.26666666666666666
5,28,0.13333333333333333
5,29,0.40000000000000008
5,30,0.46666666666666662
5,31,0.86666666666666659
5,32,0.66666666666666663
5,33,0.66666666666666663
5,34,0.46666666666666662
5,35,0.53333333333333333
5,36,0.39999999999999997
5,37,0.33333333333333331
5,38,0.73333333333333339
5,39,0.8666666666666667
5,40,0.93333333333333346
5,41,0.46666666666666662
5,42,0.46666666666666662
5,43,0.46666666666666662
5,44,0.53333333333333333
5,45,0.46666666666666662
5,46,0.33333333333333331
5,47,0.40000000000000008
5,48,0.46666666666666662
5,49,0.46666666666666662
5,50,0.33333333333333331
5,51,0.13333333333333333
5,52,0.13333333333333333
5,53,0.066666666666666666
5,54,0.066666666666666666
5,55,0.066666666666666666
5,56,0.066666666666666666
5,57,0.066666666666666666
5,59,0.13333333333333333
5,60,0.13333333333333333
5,61,0.26666666666666666
5,62,0.26666666666666666
5,63,0.40000000000000008
5,64,0.33333333333333331
5,65,0.20000000000000004
5,66,0.066666666666666666
5,67,0.066666666666666666
5,68,0.13333333333333333
5,69,0.13333333333333333
5,70,0.13333333333333333
5,71,0.13333333333333333
5,72,0.13333333333333333
5,73,0.20000000000000004
5,74,0.13333333333333333
5,75,0.13333333333333333
5,76,0.26666666666666666
5,77,0.26666666666666666
5,78,0.26666666666666666
5,79,0.066666666666666666
5,80,0.066666666666666666
5,81,0.20000000000000004
5,82,0.13333333333333333
5,83,0.13333333333333333
5,87,0.066666666666666666
5,88,0.066666666666666666
5,89,0.066666666666666666
5,93,0.13333333333333333
5,94,0.20000000000000004
5,95,0.33333333333333331
5,96,0.20000000000000004
5,97,0.13333333333333333
5,98,0.066666666666666666
5,99,0.066666666666666666
5,100,0.066666666666666666
5,104,0.066666666666666666
5,105,0.20000000000000004
5,106,0.20000000000000004
5,107,0.13333333333333333
5,109,0.066666666666666666
5,110,0.20000000000000004
5,111,0.26666666666666666
5,112,0.26666666666666666
5,113,0.20000000000000004
5,114,0.20000000000000004
5,115,0.13333333333333333
5,116,0.13333333333333333
5,117,0.13333333333333333
5,118,0.26666666666666666
5,119,0.20000000000000004
5,120,0.40000000000000008
5,121,0.40000000000000008
5,122,0.46666666666666673
5,123,0.26666666666666666
5,124,0.13333333333333333
5,125,0.066666666666666666
5,127,0.19999999999999998
5,128,0.39999999999999997
5,129,0.46666666666666662
5,130,0.40000000000000008
5,131,0.20000000000000004
5,132,0.13333333333333333
5,134,0.19999999999999998
5,135,0.53333333333333333
5,136,0.73333333333333339
5,137,0.73333333333333339
5,138,0.59999999999999998
5,139,0.73333333333333339
5,140,0.8666666666666667
5,141,1.1333333333333333
5,142,0.93333333333333324
5,143,0.79999999999999993
5,144,0.46666666666666662
5,145,0.46666666666666662
5,146,0.40000000000000008
5,147,0.59999999999999998
5,148,0.59999999999999998
5,149,0.59999999999999998
5,150,0.53333333333333333
5,151,0.73333333333333339
5,152,0.8666666666666667
5,153,0.93333333333333324
5,154,0.79999999999999993
5,155,0.80000000000000016
5,156,0.73333333333333339
5,157,0.80000000000000016
5,158,0.8666666666666667
5,159,0.79999999999999993
5,160,0.66666666666666663
5,161,0.39999999999999997
5,162,0.26666666666666666
5,163,0.13333333333333333
5,164,0.13333333333333333
5,165,0.20000000000000004
5,166,0.40000000000000008
5,167,0.59999999999999998
5,168,0.46666666666666662
5,169,0.33333333333333331
5,170,0.20000000000000004
5,171,0.26666666666666666
5,172,0.20000000000000004
5,173,0.13333333333333333
5,174,0.13333333333333333
5,175,0.20000000000000004
5,176,0.33333333333333331
5,177,0.26666666666666666
5,178,0.26666666666666666
5,179,0.13333333333333333
5,180,0.13333333333333333
5,181,0.20000000000000004
5,182,0.20000000000000004
5,183,0.26666666666666666
5,184,0.13333333333333333
5,185,0.26666666666666666
5,186,0.19999999999999998
5,187,0.19999999999999998
5,188,0.066666666666666666
5,189,0.13333333333333333
5,190,0.13333333333333333
5,191,0.10000000000000001
6,0,0.29999999999999999
6,1,0.46666666666666662
6,2,0.33333333333333331
6,3,0.33333333333333331
6,4,0.20000000000000004
6,5,0.33333333333333331
6,6,0.46666666666666662
6,7,0.59999999999999998
6,8,0.53333333333333333
6,9,0.60000000000000009
6,10,0.53333333333333333
6,11,0.46666666666666662
6,12,0.59999999999999998
6,13,0.59999999999999998
6,14,0.80000000000000016
6,15,0.59999999999999998
6,16,0.60000000000000009
6,17,0.46666666666666662
6,18,0.59999999999999998
6,19,0.80000000000000016
6,20,1.0666666666666667
6,21,1.5333333333333332
6,22,1.2666666666666668
6,23,1.2
6,24,0.59999999999999998
6,25,0.79999999999999993
6,26,0.79999999999999993
6,27,0.8666666666666667
6,28,0.93333333333333324
6,29,1.2
6,30,1.4666666666666668
6,31,1.4000000000000001
6,32,1.1333333333333333
6,33,0.93333333333333324
6,34,0.8666666666666667
6,35,1
6,36,1.1333333333333335
6,37,1.2
6,38,1
6,39,0.66666666666666663
6,40,0.39999999999999997
6,41,0.33333333333333331
6,42,0.66666666666666663
6,43,0.86666666666666659
6,44,0.8666666666666667
6,45,0.59999999999999998
6,46,0.66666666666666663
6,47,0.73333333333333339
6,48,0.79999999999999993
6,49,0.53333333333333333
6,50,0.26666666666666666
6,51,0.066666666666666666
6,52,0.13333333333333333
6,53,0.33333333333333331
6,54,0.46666666666666662
6,55,0.46666666666666662
6,56,0.26666666666666666
6,57,0.26666666666666666
6,58,0.20000000000000004
6,59,0.40000000000000008
6,60,0.46666666666666662
6,61,0.46666666666666662
6,62,0.66666666666666663
6,63,0.53333333333333333
6,64,0.46666666666666662
6,65,0.13333333333333333
6,66,0.46666666666666662
6,67,0.46666666666666662
6,68,0.46666666666666662
6,69,0.20000000000000004
6,70,0.26666666666666666
6,71,0.33333333333333331
6,72,0.53333333333333333
6,73,0.53333333333333333
6,74,0.46666666666666662
6,75,0.26666666666666666
6,76,0.20000000000000004
6,77,0.26666666666666666
6,78,0.26666666666666666
6,79,0.53333333333333333
6,80,0.60000000000000009
6,81,0.46666666666666662
6,82,0.46666666666666662
6,83,0.33333333333333331
6,84,0.33333333333333331
6,85,0.20000000000000004
6,86,0.13333333333333333
6,87,0.20000000000000004
6,88,0.26666666666666666
6,89,0.33333333333333331
6,90,0.40000000000000008
6,91,0.26666666666666666
6,92,0.26666666666666666
6,93,0.20000000000000004
6,94,0.20000000000000004
6,95,0.40000000000000008
6,96,0.33333333333333331
6,97,0.40000000000000008
6,98,0.20000000000000004
6,99,0.26666666666666666
6,100,0.13333333333333333
6,101,0.13333333333333333
6,102,0.066666666666666666
6,103,0.20000000000000004
6,104,0.13333333333333333
6,105,0.20000000000000004
6,106,0.066666666666666666
6,107,0.26666666666666666
6,108,0.26666666666666666
6,109,0.26666666666666666
6,110,0.33333333333333331
6,111,0.40000000000000008
6,112,0.53333333333333333
6,113,0.40000000000000008
6,114,0.40000000000000008
6,115,0.46666666666666662
6,116,0.53333333333333333
6,117,0.53333333333333333
6,118,0.53333333333333333
6,119,0.39999999999999997
6,120,0.40000000000000008
6,121,0.40000000000000008
6,122,0.53333333333333333
6,123,0.53333333333333333
6,124,0.39999999999999997
6,125,0.26666666666666666
6,126,0.40000000000000008
6,127,0.46666666666666662
6,128,0.8666666666666667
6,129,0.86666666666666659
6,130,0.93333333333333346
6,131,0.79999999999999993
6,132,0.93333333333333324
6,133,1.0666666666666667
6,134,0.93333333333333346
6,135,0.80000000000000016
6,136,0.73333333333333339
6,137,0.8666666666666667
6,138,0.93333333333333324
6,139,1
6,140,1.3333333333333333
6,141,1.5333333333333332
6,142,1.6666666666666667
6,143,1.5333333333333332
6,144,1.3333333333333333
6,145,1.2
6,146,0.93333333333333324
6,147,1.2
6,148,1
6,149,0.93333333333333346
6,150,0.59999999999999998
6,151,0.73333333333333339
6,152,0.93333333333333324
6,153,0.93333333333333324
6,154,0.93333333333333324
6,155,0.8666666666666667
6,156,1
6,157,1.2666666666666668
6,158,1.2666666666666666
6,159,1.1333333333333335
6,160,0.8666666666666667
6,161,0.8666666666666667
6,162,0.73333333333333339
6,163,0.66666666666666663
6,164,0.73333333333333339
6,165,0.79999999999999993
6,166,0.93333333333333324
6,167,0.59999999999999998
6,168,0.66666666666666663
6,169,0.59999999999999998
6,170,0.59999999999999998
6,171,0.53333333333333333
6,172,0.46666666666666662
6,173,0.66666666666666663
6,174,0.66666666666666663
6,175,0.66666666666666663
6,176,0.53333333333333333
6,177,0.46666666666666662
6,178,0.66666666666666663
6,179,0.59999999999999998
6,180,0.59999999999999998
6,181,0.26666666666666666
6,182,0.20000000000000004
6,183,0.066666666666666666
6,184,0.26666666666666666
6,185,0.40000000000000008
6,186,0.40000000000000008
6,187,0.13333333333333333
6,188,0.066666666666666666
6,189,0.20000000000000004
6,190,0.26666666666666666
6,191,0.30000000000000004
7,1,0.066666666666666666
7,2,0.066666666666666666
7,3,0.13333333333333333
7,4,0.13333333333333333
7,5,0.20000000000000004
7,6,0.20000000000000004
7,7,0.33333333333333331
7,8,0.40000000000000008
7,9,0.53333333333333333
7,10,0.39999999999999997
7,11,0.33333333333333331
7,12,0.26666666666666666
7,13,0.40000000000000008
7,14,0.59999999999999998
7,15,0.66666666666666663
7,16,0.73333333333333339
7,17,0.86666666666666659
7,18,0.73333333333333339
7,19,0.86666666666666659
7,20,0.59999999999999998
7,21,0.8666666666666667
7,22,0.53333333333333333
7,23,0.59999999999999998
7,24,0.40000000000000008
7,25,0.59999999999999998
7,26,0.46666666666666673
7,27,0.53333333333333333
7,28,0.33333333333333331
7,29,0.40000000000000008
7,30,0.40000000000000008
7,31,0.59999999999999998
7,32,0.59999999999999998
7,33,0.53333333333333333
7,34,0.53333333333333333
7,35,0.60000000000000009
7,36,0.59999999999999998
7,37,0.59999999999999998
7,38,0.8666666666666667
7,39,0.93333333333333346
7,40,0.8666666666666667
7,41,0.53333333333333333
7,42,0.59999999999999998
7,43,0.66666666666666663
7,44,0.66666666666666663
7,45,0.53333333333333333
7,46,0.40000000000000008
7,47,0.40000000000000008
7,48,0.46666666666666662
7,49,0.39999999999999997
7,50,0.33333333333333331
7,51,0.13333333333333333
7,52,0.13333333333333333
7,53,0.066666666666666666
7,54,0.13333333333333333
7,55,0.13333333333333333
7,56,0.20000000000000004
7,57,0.13333333333333333
7,58,0.066666666666666666
7,59,0.13333333333333333
7,60,0.13333333333333333
7,61,0.26666666666666666
7,62,0.20000000000000004
7,63,0.33333333333333331
7,64,0.26666666666666666
7,65,0.20000000000000004
7,66,0.066666666666666666
7,67,0.13333333333333333
7,68,0.20000000000000004
7,69,0.20000000000000004
7,70,0.13333333333333333
7,71,0.20000000000000004
7,72,0.20000000000000004
7,73,0.26666666666666666
7,74,0.20000000000000004
7,75,0.20000000000000004
7,76,0.33333333333333331
7,77,0.33333333333333331
7,78,0.33333333333333331
7,79,0.13333333333333333
7,80,0.066666666666666666
7,81,0.20000000000000004
7,82,0.13333333333333333
7,83,0.20000000000000004
7,84,0.13333333333333333
7,85,0.13333333333333333
7,86,0.13333333333333333
7,87,0.066666666666666666
7,88,0.066666666666666666
7,91,0.066666666666666666
7,92,0.066666666666666666
7,93,0.20000000000000004
7,94,0.20000000000000004
7,95,0.33333333333333331
7,96,0.33333333333333331
7,97,0.26666666666666666
7,98,0.20000000000000004
7,99,0.066666666666666666
7,100,0.066666666666666666
7,101,0.066666666666666666
7,102,0.066666666666666666
7,103,0.066666666666666666
7,104,0.066666666666666666
7,105,0.20000000000000004
7,106,0.26666666666666666
7,107,0.20000000000000004
7,108,0.066666666666666666
7,109,0.066666666666666666
7,110,0.20000000000000004
7,111,0.26666666666666666
7,112,0.26666666666666666
7,113,0.26666666666666666
7,114,0.26666666666666666
7,115,0.26666666666666666
7,116,0.20000000000000004
7,117,0.20000000000000004
7,118,0.26666666666666666
7,119,0.26666666666666666
7,120,0.40000000000000008
7,121,0.53333333333333333
7,122,0.46666666666666662
7,123,0.40000000000000008
7,124,0.13333333333333333
7,125,0.20000000000000004
7,126,0.13333333333333333
7,127,0.33333333333333331
7,128,0.46666666666666662
7,129,0.46666666666666662
7,130,0.40000000000000008
7,131,0.26666666666666666
7,132,0.26666666666666666
7,133,0.20000000000000004
7,134,0.40000000000000008
7,135,0.73333333333333339
7,136,1.0666666666666667
7,137,0.93333333333333324
7,138,0.73333333333333339
7,139,0.8666666666666667
7,140,1.1333333333333335
7,141,1.3999999999999997
7,142,1.1333333333333331
7,143,0.8666666666666667
7,144,0.60000000000000009
7,145,0.46666666666666662
7,146,0.53333333333333333
7,147,0.66666666666666663
7,148,0.73333333333333339
7,149,0.73333333333333339
7,150,0.66666666666666663
7,151,0.93333333333333324
7,152,1
7,153,1.2
7,154,1.0666666666666667
7,155,1
7,156,0.93333333333333324
7,157,0.86666666666666659
7,158,1
7,159,0.79999999999999993
7,160,0.66666666666666663
7,161,0.39999999999999997
7,162,0.26666666666666666
7,163,0.13333333333333333
7,164,0.13333333333333333
7,165,0.26666666666666666
7,166,0.46666666666666662
7,167,0.66666666666666663
7,168,0.46666666666666662
7,169,0.33333333333333331
7,170,0.26666666666666666
7,171,0.33333333333333331
7,172,0.26666666666666666
7,173,0.20000000000000004
7,174,0.20000000000000004
7,175,0.33333333333333331
7,176,0.46666666666666673
7,177,0.40000000000000008
7,178,0.46666666666666662
7,179,0.33333333333333331
7,180,0.39999999999999997
7,181,0.40000000000000008
7,182,0.26666666666666666
7,183,0.26666666666666666
7,184,0.13333333333333333
7,185,0.33333333333333331
7,186,0.26666666666666666
7,187,0.19999999999999998
7,188,0.066666666666666666
7,189,0.13333333333333333
7,190,0.13333333333333333
7,191,0.10000000000000001
8,0,0.5
8,1,0.46666666666666662
8,2,0.39999999999999997
8,3,0.20000000000000004
8,4,0.33333333333333331
8,5,0.40000000000000008
8,6,0.53333333333333333
8,7,0.66666666666666663
8,8,0.73333333333333339
8,9,0.66666666666666663
8,10,0.53333333333333333
8,11,0.46666666666666662
8,12,0.80000000000000016
8,13,0.8666666666666667
8,14,0.93333333333333346
8,15,0.66666666666666663
8,16,0.46666666666666662
8,17,0.46666666666666662
8,18,0.59999999999999998
8,19,1
8,20,1.3333333333333333
8,21,1.7333333333333334
8,22,1.2666666666666668
8,23,1.1333333333333335
8,24,0.59999999999999998
8,25,0.8666666666666667
8,26,0.79999999999999993
8,27,0.8666666666666667
8,28,1
8,29,1.2
8,30,1.5333333333333332
8,31,1.4000000000000001
8,32,1.2
8,33,0.79999999999999993
8,34,0.73333333333333339
8,35,0.8666666666666667
8,36,1.3333333333333333
8,37,1.4666666666666668
8,38,1.5333333333333332
8,39,1
8,40,0.59999999999999998
8,41,0.46666666666666662
8,42,0.79999999999999993
8,43,0.93333333333333324
8,44,0.59999999999999998
8,45,0.46666666666666673
8,46,0.66666666666666663
8,47,0.79999999999999993
8,48,0.80000000000000016
8,49,0.73333333333333339
8,50,0.66666666666666663
8,51,0.46666666666666673
8,52,0.40000000000000008
8,53,0.53333333333333333
8,54,0.73333333333333339
8,55,0.8666666666666667
8,56,0.66666666666666663
8,57,0.59999999999999998
8,58,0.26666666666666666
8,59,0.26666666666666666
8,60,0.26666666666666666
8,61,0.40000000000000008
8,62,0.66666666666666663
8,63,0.66666666666666663
8,64,0.66666666666666663
8,65,0.39999999999999997
8,66,0.59999999999999998
8,67,0.46666666666666662
8,68,0.46666666666666662
8,69,0.13333333333333333
8,70,0.13333333333333333
8,71,0.13333333333333333
8,72,0.33333333333333331
8,73,0.53333333333333333
8,74,0.59999999999999998
8,75,0.33333333333333331
8,76,0.13333333333333333
8,77,0.066666666666666666
8,78,0.13333333333333333
8,79,0.20000000000000004
8,80,0.26666666666666666
8,81,0.33333333333333331
8,82,0.46666666666666662
8,83,0.33333333333333331
8,84,0.19999999999999998
8,85,0.066666666666666666
8,86,0.066666666666666666
8,87,0.13333333333333333
8,88,0.20000000000000004
8,89,0.26666666666666666
8,90,0.33333333333333331
8,91,0.26666666666666666
8,92,0.40000000000000008
8,93,0.33333333333333331
8,94,0.33333333333333331
8,95,0.46666666666666662
8,96,0.39999999999999997
8,97,0.39999999999999997
8,98,0.066666666666666666
8,99,0.20000000000000004
8,100,0.20000000000000004
8,101,0.26666666666666666
8,102,0.20000000000000004
8,103,0.26666666666666666
8,104,0.20000000000000004
8,105,0.13333333333333333
8,106,0.26666666666666666
8,107,0.46666666666666662
8,108,0.59999999999999998
8,109,0.53333333333333333
8,110,0.73333333333333339
8,111,0.73333333333333328
8,112,1.0666666666666667
8,113,0.73333333333333339
8,114,0.66666666666666663
8,115,0.26666666666666666
8,116,0.26666666666666666
8,117,0.20000000000000004
8,118,0.066666666666666666
8,119,0.066666666666666666
8,120,0.13333333333333333
8,121,0.40000000000000008
8,122,0.53333333333333333
8,123,0.73333333333333339
8,124,0.59999999999999998
8,125,0.53333333333333333
8,126,0.66666666666666663
8,127,0.80000000000000016
8,128,0.8666666666666667
8,129,0.86666666666666659
8,130,0.93333333333333324
8,131,1.3333333333333333
8,132,1.2666666666666666
8,133,1.3999999999999997
8,134,1.0666666666666667
8,135,1.0666666666666667
8,136,1.1333333333333335
8,137,1.1333333333333335
8,138,1.2666666666666668
8,139,1.0666666666666667
8,140,1.4000000000000001
8,141,1.2
8,142,1.2666666666666666
8,143,1.2666666666666666
8,144,1.4000000000000001
8,145,1.2666666666666666
8,146,1
8,147,1
8,148,0.8666666666666667
8,149,0.80000000000000016
8,150,0.80000000000000016
8,151,1.2
8,152,1.3999999999999997
8,153,1.5999999999999999
8,154,1.3333333333333333
8,155,1.4000000000000001
8,156,1.1333333333333335
8,157,1.4666666666666668
8,158,1.3333333333333333
8,159,1.3333333333333333
8,160,1.1333333333333335
8,161,1.2666666666666668
8,162,1.2
8,163,1.1333333333333335
8,164,1.0666666666666667
8,165,1
8,166,0.79999999999999993
8,167,0.46666666666666662
8,168,0.59999999999999998
8,169,0.73333333333333339
8,170,0.66666666666666663
8,171,0.53333333333333333
8,172,0.40000000000000008
8,173,0.59999999999999998
8,174,0.66666666666666663
8,175,0.53333333333333333
8,176,0.46666666666666662
8,177,0.33333333333333331
8,178,0.46666666666666662
8,179,0.40000000000000008
8,180,0.33333333333333331
8,181,0.20000000000000004
8,182,0.20000000000000004
8,183,0.20000000000000004
8,184,0.46666666666666673
8,185,0.93333333333333324
8,186,0.8666666666666667
8,187,0.8666666666666667
8,188,0.33333333333333331
8,189,0.53333333333333333
8,190,0.26666666666666666
8,191,0.29999999999999999
9,1,0.066666666666666666
9,2,0.13333333333333333
9,3,0.20000000000000004
9,4,0.33333333333333331
9,5,0.46666666666666662
9,6,0.46666666666666662
9,7,0.59999999999999998
9,8,0.53333333333333333
9,9,0.66666666666666663
9,10,0.33333333333333331
9,11,0.26666666666666666
9,12,0.20000000000000004
9,13,0.40000000000000008
9,14,0.59999999999999998
9,15,0.73333333333333339
9,16,0.80000000000000016
9,17,0.8666666666666667
9,18,0.66666666666666663
9,19,0.53333333333333333
9,20,0.46666666666666673
9,21,0.73333333333333339
9,22,0.73333333333333339
9,23,0.66666666666666663
9,24,0.53333333333333333
9,25,0.39999999999999997
9,26,0.26666666666666666
9,27,0.26666666666666666
9,28,0.26666666666666666
9,29,0.33333333333333331
9,30,0.40000000000000008
9,31,0.66666666666666663
9,32,0.73333333333333339
9,33,0.53333333333333333
9,34,0.53333333333333333
9,35,0.73333333333333339
9,36,0.8666666666666667
9,37,0.79999999999999993
9,38,1.0666666666666667
9,39,1
9,40,0.93333333333333324
9,41,0.53333333333333333
9,42,0.66666666666666663
9,43,0.73333333333333339
9,44,0.59999999999999998
9,45,0.59999999999999998
9,46,0.53333333333333333
9,47,0.46666666666666673
9,48,0.40000000000000008
9,49,0.33333333333333331
9,50,0.40000000000000008
9,51,0.20000000000000004
9,52,0.40000000000000008
9,53,0.33333333333333331
9,54,0.33333333333333331
9,55,0.20000000000000004
9,56,0.13333333333333333
9,57,0.13333333333333333
9,58,0.066666666666666666
9,59,0.13333333333333333
9,60,0.13333333333333333
9,61,0.066666666666666666
9,62,0.066666666666666666
9,63,0.13333333333333333
9,64,0.20000000000000004
9,65,0.13333333333333333
9,66,0.066666666666666666
9,67,0.066666666666666666
9,68,0.20000000000000004
9,69,0.40000000000000008
9,70,0.33333333333333331
9,71,0.26666666666666666
9,72,0.066666666666666666
9,73,0.13333333333333333
9,74,0.13333333333333333
9,75,0.20000000000000004
9,76,0.33333333333333331
9,77,0.46666666666666662
9,78,0.39999999999999997
9,79,0.39999999999999997
9,80,0.19999999999999998
9,81,0.39999999999999997
9,82,0.26666666666666666
9,83,0.26666666666666666
9,84,0.13333333333333333
9,85,0.066666666666666666
9,86,0.066666666666666666
9,91,0.13333333333333333
9,92,0.20000000000000004
9,93,0.20000000000000004
9,94,0.20000000000000004
9,95,0.20000000000000004
9,96,0.20000000000000004
9,97,0.066666666666666666
9,98,0.066666666666666666
9,99,0.066666666666666666
9,100,0.13333333333333333
9,101,0.066666666666666666
9,102,0.066666666666666666
9,103,0.066666666666666666
9,104,0.13333333333333333
9,105,0.26666666666666666
9,106,0.26666666666666666
9,107,0.26666666666666666
9,108,0.20000000000000004
9,109,0.26666666666666666
9,110,0.26666666666666666
9,111,0.20000000000000004
9,112,0.20000000000000004
9,113,0.20000000000000004
9,114,0.26666666666666666
9,115,0.20000000000000004
9,116,0.26666666666666666
9,117,0.40000000000000008
9,118,0.59999999999999998
9,119,0.66666666666666663
9,120,0.53333333333333333
9,121,0.33333333333333331
9,122,0.33333333333333331
9,123,0.46666666666666662
9,124,0.46666666666666662
9,125,0.26666666666666666
9,126,0.13333333333333333
9,127,0.20000000000000004
9,128,0.40000000000000008
9,129,0.46666666666666662
9,130,0.53333333333333333
9,131,0.46666666666666662
9,132,0.53333333333333333
9,133,0.39999999999999997
9,134,0.53333333333333333
9,135,0.66666666666666663
9,136,1
9,137,0.93333333333333346
9,138,0.86666666666666659
9,139,1
9,140,1.2666666666666668
9,141,1.5333333333333332
9,142,1.1333333333333333
9,143,0.79999999999999993
9,144,0.59999999999999998
9,145,0.86666666666666659
9,146,1
9,147,1.1333333333333333
9,148,0.93333333333333346
9,149,1
9,150,0.73333333333333339
9,151,0.8666666666666667
9,152,0.93333333333333324
9,153,1.0666666666666667
9,154,1.0666666666666667
9,155,0.73333333333333339
9,156,0.79999999999999993
9,157,0.79999999999999993
9,158,1
9,159,1
9,160,0.8666666666666667
9,161,0.66666666666666663
9,162,0.40000000000000008
9,163,0.20000000000000004
9,164,0.26666666666666666
9,165,0.33333333333333331
9,166,0.59999999999999998
9,167,0.66666666666666663
9,168,0.59999999999999998
9,169,0.46666666666666662
9,170,0.40000000000000008
9,171,0.33333333333333331
9,172,0.26666666666666666
9,173,0.26666666666666666
9,174,0.46666666666666673
9,175,0.60000000000000009
9,176,0.66666666666666663
9,177,0.46666666666666662
9,178,0.53333333333333333
9,179,0.33333333333333331
9,180,0.33333333333333331
9,181,0.46666666666666662
9,182,0.46666666666666662
9,183,0.46666666666666662
9,184,0.066666666666666666
9,185,0.20000000000000004
9,186,0.13333333333333333
9,187,0.13333333333333333
9,188,0.13333333333333333
9,189,0.26666666666666666
9,190,0.33333333333333331
9,191,0.30000000000000004
10,0,0.69999999999999996
10,1,0.59999999999999998
10,2,0.46666666666666673
10,3,0.20000000000000004
10,4,0.26666666666666666
10,5,0.33333333333333331
10,6,0.66666666666666663
10,7,0.79999999999999993
10,8,1
10,9,0.79999999999999993
10,10,0.86666666666666659
10,11,0.66666666666666663
10,12,0.8666666666666667
10,13,0.86666666666666659
10,14,0.8666666666666667
10,15,0.73333333333333339
10,16,0.46666666666666662
10,17,0.59999999999999998
10,18,0.66666666666666663
10,19,1.0666666666666667
10,20,1.5333333333333334
10,21,2
10,22,1.6666666666666667
10,23,1.4666666666666668
10,24,0.93333333333333346
10,25,1.4000000000000001
10,26,1.3333333333333333
10,27,1.4000000000000001
10,28,1.3333333333333333
10,29,1.2666666666666666
10,30,1.8
10,31,1.7333333333333332
10,32,1.8
10,33,1.2666666666666666
10,34,1.2
10,35,1.1333333333333335
10,36,1.5333333333333332
10,37,1.4666666666666668
10,38,1.5333333333333332
10,39,0.99999999999999989
10,40,0.59999999999999998
10,41,0.33333333333333331
10,42,0.59999999999999998
10,43,0.79999999999999993
10,44,0.79999999999999993
10,45,0.73333333333333339
10,46,0.8666666666666667
10,47,0.8666666666666667
10,48,0.8666666666666667
10,49,0.73333333333333339
10,50,0.66666666666666663
10,51,0.39999999999999997
10,52,0.40000000000000008
10,53,0.66666666666666663
10,54,0.79999999999999993
10,55,0.93333333333333324
10,56,0.59999999999999998
10,57,0.53333333333333333
10,58,0.20000000000000004
10,59,0.20000000000000004
10,60,0.20000000000000004
10,61,0.33333333333333331
10,62,0.46666666666666662
10,63,0.46666666666666662
10,64,0.39999999999999997
10,65,0.20000000000000004
10,66,0.39999999999999997
10,67,0.33333333333333331
10,68,0.39999999999999997
10,69,0.13333333333333333
10,70,0.26666666666666666
10,71,0.26666666666666666
10,72,0.46666666666666673
10,73,0.59999999999999998
10,74,0.66666666666666663
10,75,0.53333333333333333
10,76,0.26666666666666666
10,77,0.20000000000000004
10,78,0.20000000000000004
10,79,0.26666666666666666
10,80,0.33333333333333331
10,81,0.46666666666666673
10,82,0.60000000000000009
10,83,0.46666666666666662
10,84,0.19999999999999998
10,85,0.066666666666666666
10,86,0.066666666666666666
10,87,0.20000000000000004
10,88,0.26666666666666666
10,89,0.40000000000000008
10,90,0.40000000000000008
10,91,0.40000000000000008
10,92,0.46666666666666662
10,93,0.39999999999999997
10,94,0.33333333333333331
10,95,0.46666666666666662
10,96,0.39999999999999997
10,97,0.39999999999999997
10,98,0.13333333333333333
10,99,0.33333333333333331
10,100,0.33333333333333331
10,101,0.33333333333333331
10,102,0.26666666666666666
10,103,0.33333333333333331
10,104,0.26666666666666666
10,105,0.20000000000000004
10,106,0.33333333333333331
10,107,0.46666666666666662
10,108,0.60000000000000009
10,109,0.46666666666666662
10,110,0.73333333333333339
10,111,0.66666666666666663
10,112,1.1333333333333335
10,113,0.80000000000000016
10,114,0.73333333333333339
10,115,0.33333333333333331
10,116,0.26666666666666666
10,117,0.19999999999999998
10,119,0.066666666666666666
10,120,0.13333333333333333
10,121,0.33333333333333331
10,122,0.53333333333333333
10,123,0.73333333333333339
10,124,0.66666666666666663
10,125,0.46666666666666673
10,126,0.59999999999999998
10,127,0.73333333333333339
10,128,0.8666666666666667
10,129,1
10,130,1.1333333333333335
10,131,1.5333333333333332
10,132,1.3333333333333333
10,133,1.4666666666666668
10,134,1.2666666666666666
10,135,1.2666666666666666
10,136,1.3333333333333333
10,137,1.2666666666666666
10,138,1.3333333333333333
10,139,1.1333333333333335
10,140,1.5999999999999999
10,141,1.7333333333333332
10,142,1.6666666666666667
10,143,1.4666666666666668
10,144,1.3333333333333333
10,145,1.3333333333333333
10,146,1
10,147,1
10,148,1
10,149,1.2666666666666668
10,150,1.4666666666666668
10,151,1.5333333333333334
10,152,1.5999999999999999
10,153,1.7333333333333334
10,154,1.5333333333333332
10,155,1.5333333333333334
10,156,1.2
10,157,1.5999999999999999
10,158,1.2666666666666666
10,159,1.2666666666666666
10,160,0.93333333333333324
10,161,1.2666666666666666
10,162,1.1333333333333335
10,163,1.2666666666666666
10,164,1.2666666666666666
10,165,1.2
10,166,0.93333333333333324
10,167,0.46666666666666662
10,168,0.59999999999999998
10,169,0.79999999999999993
10,170,0.73333333333333339
10,171,0.73333333333333339
10,172,0.53333333333333333
10,173,0.79999999999999993
10,174,0.73333333333333339
10,175,0.59999999999999998
10,176,0.53333333333333333
10,177,0.40000000000000008
10,178,0.46666666666666673
10,179,0.33333333333333331
10,180,0.40000000000000008
10,181,0.39999999999999997
10,182,0.33333333333333331
10,183,0.26666666666666666
10,184,0.53333333333333333
10,185,1.2
10,186,1.0666666666666667
10,187,0.93333333333333346
10,188,0.26666666666666666
10,189,0.46666666666666662
10,190,0.40000000000000008
10,191,0.5
11,1,0.066666666666666666
11,2,0.13333333333333333
11,3,0.20000000000000004
11,4,0.33333333333333331
11,5,0.40000000000000008
11,6,0.39999999999999997
11,7,0.33333333333333331
11,8,0.33333333333333331
11,9,0.46666666666666662
11,10,0.33333333333333331
11,11,0.26666666666666666
11,12,0.26666666666666666
11,13,0.46666666666666662
11,14,0.73333333333333339
11,15,0.73333333333333339
11,16,0.80000000000000016
11,17,0.79999999999999993
11,18,0.79999999999999993
11,19,0.66666666666666663
11,20,0.66666666666666663
11,21,0.66666666666666663
11,22,0.66666666666666663
11,23,0.53333333333333333
11,24,0.46666666666666662
11,25,0.39999999999999997
11,26,0.40000000000000008
11,27,0.46666666666666662
11,28,0.39999999999999997
11,29,0.39999999999999997
11,30,0.39999999999999997
11,31,0.66666666666666663
11,32,0.66666666666666663
11,33,0.53333333333333333
11,34,0.59999999999999998
11,35,0.59999999999999998
11,36,0.73333333333333339
11,37,0.66666666666666663
11,38,1.2
11,39,1.2
11,40,1.2666666666666668
11,41,0.93333333333333324
11,42,1
11,43,0.8666666666666667
11,44,0.66666666666666663
11,45,0.59999999999999998
11,46,0.59999999999999998
11,47,0.46666666666666662
11,48,0.46666666666666662
11,49,0.33333333333333331
11,50,0.40000000000000008
11,51,0.20000000000000004
11,52,0.26666666666666666
11,53,0.13333333333333333
11,54,0.13333333333333333
11,55,0.066666666666666666
11,56,0.066666666666666666
11,57,0.066666666666666666
11,58,0.066666666666666666
11,59,0.13333333333333333
11,60,0.13333333333333333
11,61,0.066666666666666666
11,62,0.066666666666666666
11,63,0.13333333333333333
11,64,0.20000000000000004
11,65,0.13333333333333333
11,66,0.066666666666666666
11,67,0.066666666666666666
11,68,0.20000000000000004
11,69,0.40000000000000008
11,70,0.33333333333333331
11,71,0.26666666666666666
11,72,0.066666666666666666
11,73,0.13333333333333333
11,74,0.13333333333333333
11,75,0.26666666666666666
11,76,0.26666666666666666
11,77,0.40000000000000008
11,78,0.26666666666666666
11,79,0.39999999999999997
11,80,0.19999999999999998
11,81,0.39999999999999997
11,82,0.26666666666666666
11,83,0.26666666666666666
11,84,0.13333333333333333
11,85,0.066666666666666666
11,86,0.066666666666666666
11,91,0.13333333333333333
11,92,0.20000000000000004
11,93,0.20000000000000004
11,94,0.20000000000000004
11,95,0.20000000000000004
11,96,0.20000000000000004
11,97,0.13333333333333333
11,98,0.066666666666666666
11,99,0.066666666666666666
11,100,0.13333333333333333
11,101,0.13333333333333333
11,102,0.13333333333333333
11,103,0.066666666666666666
11,104,0.13333333333333333
11,105,0.26666666666666666
11,106,0.26666666666666666
11,107,0.26666666666666666
11,108,0.20000000000000004
11,109,0.26666666666666666
11,110,0.26666666666666666
11,111,0.20000000000000004
11,112,0.20000000000000004
11,113,0.20000000000000004
11,114,0.26666666666666666
11,115,0.20000000000000004
11,116,0.33333333333333331
11,117,0.53333333333333333
11,118,0.66666666666666663
11,119,0.66666666666666663
11,120,0.46666666666666662
11,121,0.33333333333333331
11,122,0.20000000000000004
11,123,0.33333333333333331
11,124,0.33333333333333331
11,125,0.33333333333333331
11,126,0.13333333333333333
11,127,0.20000000000000004
11,128,0.26666666666666666
11,129,0.40000000000000008
11,130,0.40000000000000008
11,131,0.33333333333333331
11,132,0.40000000000000008
11,133,0.33333333333333331
11,134,0.53333333333333333
11,135,0.66666666666666663
11,136,1
11,137,0.93333333333333346
11,138,0.93333333333333324
11,139,1
11,140,1.1333333333333333
11,141,1.4000000000000001
11,142,1.1333333333333333
11,143,0.93333333333333324
11,144,0.59999999999999998
11,145,0.80000000000000016
11,146,0.93333333333333324
11,147,1.2
11,148,0.93333333333333346
11,149,1.0666666666666667
11,150,0.73333333333333339
11,151,0.79999999999999993
11,152,0.79999999999999993
11,153,1
11,154,1
11,155,0.79999999999999993
11,156,0.66666666666666663
11,157,0.86666666666666659
11,158,0.93333333333333324
11,159,1
11,160,0.79999999999999993
11,161,0.59999999999999998
11,162,0.26666666666666666
11,163,0.066666666666666666
11,164,0.13333333333333333
11,165,0.33333333333333331
11,166,0.59999999999999998
11,167,0.73333333333333339
11,168,0.66666666666666663
11,169,0.60000000000000009
11,170,0.39999999999999997
11,171,0.33333333333333331
11,172,0.20000000000000004
11,173,0.26666666666666666
11,174,0.46666666666666673
11,175,0.53333333333333333
11,176,0.60000000000000009
11,177,0.39999999999999997
11,178,0.46666666666666662
11,179,0.26666666666666666
11,180,0.26666666666666666
11,181,0.33333333333333331
11,182,0.33333333333333331
11,183,0.33333333333333331
11,184,0.066666666666666666
11,185,0.20000000000000004
11,186,0.13333333333333333
11,187,0.13333333333333333
11,188,0.13333333333333333
11,189,0.26666666666666666
11,190,0.33333333333333331
11,191,0.30000000000000004
12,0,0.59999999999999998
12,1,0.53333333333333333
12,2,0.39999999999999997
12,3,0.20000000000000004
12,4,0.26666666666666666
12,5,0.26666666666666666
12,6,0.53333333333333333
12,7,0.73333333333333339
12,8,0.93333333333333324
12,9,0.79999999999999993
12,10,0.80000000000000016
12,11,0.59999999999999998
12,12,0.73333333333333339
12,13,0.73333333333333339
12,14,0.79999999999999993
12,15,0.66666666666666663
12,16,0.40000000000000008
12,17,0.53333333333333333
12,18,0.60000000000000009
12,19,0.86666666666666659
12,20,1.4666666666666668
12,21,1.9333333333333333
12,22,1.6666666666666667
12,23,1.2666666666666666
12,24,0.79999999999999993
12,25,1.0666666666666667
12,26,1.2666666666666666
12,27,1.2666666666666668
12,28,1.4000000000000001
12,29,1.2666666666666668
12,30,1.2666666666666668
12,31,1.2
12,32,1.1333333333333333
12,33,1.1333333333333333
12,34,1
12,35,0.8666666666666667
12,36,1.2
12,37,1.2666666666666666
12,38,1.3333333333333333
12,39,0.8666666666666667
12,40,0.53333333333333333
12,41,0.26666666666666666
12,42,0.59999999999999998
12,43,0.66666666666666663
12,44,0.73333333333333339
12,45,0.53333333333333333
12,46,0.53333333333333333
12,47,0.53333333333333333
12,48,0.59999999999999998
12,49,0.73333333333333339
12,50,0.53333333333333333
12,51,0.26666666666666666
12,52,0.19999999999999998
12,53,0.53333333333333333
12,54,0.66666666666666663
12,55,0.59999999999999998
12,56,0.46666666666666662
12,57,0.39999999999999997
12,58,0.26666666666666666
12,59,0.066666666666666666
12,60,0.066666666666666666
12,61,0.13333333333333333
12,62,0.26666666666666666
12,63,0.33333333333333331
12,64,0.33333333333333331
12,65,0.20000000000000004
12,66,0.39999999999999997
12,67,0.33333333333333331
12,68,0.39999999999999997
12,69,0.13333333333333333
12,70,0.20000000000000004
12,71,0.26666666666666666
12,72,0.46666666666666673
12,73,0.66666666666666663
12,74,0.66666666666666663
12,75,0.46666666666666673
12,76,0.20000000000000004
12,77,0.13333333333333333
12,78,0.20000000000000004
12,79,0.26666666666666666
12,80,0.33333333333333331
12,81,0.46666666666666673
12,82,0.53333333333333333
12,83,0.40000000000000008
12,84,0.13333333333333333
12,85,0.066666666666666666
12,86,0.066666666666666666
12,87,0.20000000000000004
12,88,0.26666666666666666
12,89,0.40000000000000008
12,90,0.40000000000000008
12,91,0.40000000000000008
12,92,0.46666666666666662
12,93,0.33333333333333331
12,94,0.26666666666666666
12,95,0.26666666666666666
12,96,0.26666666666666666
12,97,0.26666666666666666
12,98,0.13333333333333333
12,99,0.33333333333333331
12,100,0.33333333333333331
12,101,0.33333333333333331
12,102,0.26666666666666666
12,103,0.33333333333333331
12,104,0.26666666666666666
12,105,0.20000000000000004
12,106,0.33333333333333331
12,107,0.39999999999999997
12,108,0.33333333333333331
12,109,0.20000000000000004
12,110,0.40000000000000008
12,111,0.40000000000000008
12,112,0.53333333333333333
12,113,0.40000000000000008
12,114,0.46666666666666673
12,115,0.26666666666666666
12,116,0.13333333333333333
12,117,0.066666666666666666
12,119,0.066666666666666666
12,120,0.13333333333333333
12,121,0.46666666666666662
12,122,0.66666666666666663
12,123,0.73333333333333339
12,124,0.53333333333333333
12,125,0.26666666666666666
12,126,0.40000000000000008
12,127,0.46666666666666662
12,128,0.59999999999999998
12,129,0.66666666666666663
12,130,0.86666666666666659
12,131,1.2666666666666668
12,132,1.2
12,133,1.4666666666666668
12,134,1.2
12,135,1.2666666666666666
12,136,1.0666666666666667
12,137,1.1333333333333333
12,138,1.1333333333333333
12,139,1
12,140,1.5333333333333332
12,141,1.8
12,142,1.7333333333333334
12,143,1.4666666666666668
12,144,1.3333333333333333
12,145,1.2666666666666668
12,146,0.79999999999999993
12,147,0.79999999999999993
12,148,0.86666666666666659
12,149,1.1333333333333335
12,150,1.1333333333333333
12,151,0.99999999999999989
12,152,1.3333333333333333
12,153,1.2666666666666666
12,154,1.2666666666666668
12,155,1.2
12,156,1.0666666666666667
12,157,1.5333333333333332
12,158,1.2
12,159,1.3333333333333333
12,160,0.8666666666666667
12,161,1.1333333333333335
12,162,0.93333333333333346
12,163,1.1333333333333333
12,164,1
12,165,1.1333333333333333
12,166,0.8666666666666667
12,167,0.53333333333333333
12,168,0.53333333333333333
12,169,0.79999999999999993
12,170,0.73333333333333339
12,171,0.73333333333333339
12,172,0.46666666666666662
12,173,0.73333333333333339
12,174,0.53333333333333333
12,175,0.53333333333333333
12,176,0.40000000000000008
12,177,0.46666666666666662
12,178,0.46666666666666662
12,179,0.40000000000000008
12,180,0.46666666666666673
12,181,0.46666666666666673
12,182,0.33333333333333331
12,183,0.20000000000000004
12,184,0.40000000000000008
12,185,0.8666666666666667
12,186,0.80000000000000016
12,187,0.66666666666666663
12,188,0.26666666666666666
12,189,0.33333333333333331
12,190,0.33333333333333331
12,191,0.40000000000000002
13,1,0.066666666666666666
13,2,0.13333333333333333
13,3,0.26666666666666666
13,4,0.26666666666666666
13,5,0.26666666666666666
13,6,0.20000000000000004
13,7,0.26666666666666666
13,8,0.40000000000000008
13,9,0.59999999999999998
13,10,0.46666666666666662
13,11,0.33333333333333331
13,12,0.26666666666666666
13,13,0.46666666666666662
13,14,0.86666666666666659
13,15,0.73333333333333339
13,16,0.79999999999999993
13,17,0.73333333333333339
13,18,1.0666666666666667
13,19,0.93333333333333324
13,20,0.8666666666666667
13,21,0.66666666666666663
13,22,0.73333333333333339
13,23,0.73333333333333339
13,24,0.80000000000000016
13,25,0.8666666666666667
13,26,0.80000000000000016
13,27,0.73333333333333339
13,28,0.59999999999999998
13,29,0.53333333333333333
13,30,0.73333333333333339
13,31,0.93333333333333324
13,32,0.93333333333333346
13,33,0.73333333333333339
13,34,0.79999999999999993
13,35,0.73333333333333328
13,36,0.73333333333333339
13,37,0.59999999999999998
13,38,0.93333333333333324
13,39,0.93333333333333346
13,40,1.1333333333333333
13,41,1.0666666666666667
13,42,1.1333333333333331
13,43,1
13,44,0.93333333333333324
13,45,0.8666666666666667
13,46,0.66666666666666663
13,47,0.39999999999999997
13,48,0.46666666666666673
13,49,0.39999999999999997
13,50,0.46666666666666662
13,51,0.20000000000000004
13,52,0.33333333333333331
13,53,0.19999999999999998
13,54,0.19999999999999998
13,55,0.13333333333333333
13,56,0.26666666666666666
13,57,0.26666666666666666
13,58,0.13333333333333333
13,59,0.066666666666666666
13,60,0.066666666666666666
13,61,0.13333333333333333
13,62,0.13333333333333333
13,63,0.20000000000000004
13,64,0.20000000000000004
13,65,0.13333333333333333
13,66,0.066666666666666666
13,67,0.066666666666666666
13,68,0.20000000000000004
13,69,0.40000000000000008
13,70,0.33333333333333331
13,71,0.26666666666666666
13,72,0.066666666666666666
13,73,0.13333333333333333
13,74,0.20000000000000004
13,75,0.33333333333333331
13,76,0.40000000000000008
13,77,0.46666666666666662
13,78,0.33333333333333331
13,79,0.39999999999999997
13,80,0.19999999999999998
13,81,0.39999999999999997
13,82,0.26666666666666666
13,83,0.26666666666666666
13,84,0.13333333333333333
13,85,0.066666666666666666
13,86,0.066666666666666666
13,91,0.13333333333333333
13,92,0.20000000000000004
13,93,0.20000000000000004
13,94,0.20000000000000004
13,95,0.20000000000000004
13,96,0.20000000000000004
13,97,0.20000000000000004
13,98,0.20000000000000004
13,99,0.26666666666666666
13,100,0.20000000000000004
13,101,0.13333333333333333
13,102,0.066666666666666666
13,104,0.066666666666666666
13,105,0.20000000000000004
13,106,0.26666666666666666
13,107,0.26666666666666666
13,108,0.26666666666666666
13,109,0.33333333333333331
13,110,0.33333333333333331
13,111,0.26666666666666666
13,112,0.26666666666666666
13,113,0.26666666666666666
13,114,0.26666666666666666
13,115,0.20000000000000004
13,116,0.33333333333333331
13,117,0.53333333333333333
13,118,0.59999999999999998
13,119,0.53333333333333333
13,120,0.33333333333333331
13,121,0.33333333333333331
13,122,0.33333333333333331
13,123,0.40000000000000008
13,124,0.46666666666666662
13,125,0.39999999999999997
13,126,0.33333333333333331
13,127,0.26666666666666666
13,128,0.33333333333333331
13,129,0.40000000000000008
13,130,0.33333333333333331
13,131,0.33333333333333331
13,132,0.40000000000000008
13,133,0.39999999999999997
13,134,0.53333333333333333
13,135,0.73333333333333339
13,136,1
13,137,1
13,138,1
13,139,1.1333333333333333
13,140,1.2
13,141,1.4000000000000001
13,142,1.2
13,143,0.93333333333333346
13,144,0.66666666666666663
13,145,0.66666666666666663
13,146,0.93333333333333324
13,147,1.1333333333333335
13,148,1.0666666666666667
13,149,1.2
13,150,1
13,151,1
13,152,0.93333333333333324
13,153,0.93333333333333324
13,154,0.93333333333333346
13,155,0.80000000000000016
13,156,0.79999999999999993
13,157,1
13,158,0.93333333333333346
13,159,0.79999999999999993
13,160,0.59999999999999998
13,161,0.46666666666666662
13,162,0.33333333333333331
13,163,0.20000000000000004
13,164,0.20000000000000004
13,165,0.33333333333333331
13,166,0.73333333333333339
13,167,0.93333333333333324
13,168,0.80000000000000016
13,169,0.53333333333333333
13,170,0.40000000000000008
13,171,0.39999999999999997
13,172,0.26666666666666666
13,173,0.33333333333333331
13,174,0.53333333333333333
13,175,0.59999999999999998
13,176,0.60000000000000009
13,177,0.33333333333333331
13,178,0.39999999999999997
13,179,0.26666666666666666
13,180,0.26666666666666666
13,181,0.26666666666666666
13,182,0.19999999999999998
13,183,0.26666666666666666
13,184,0.066666666666666666
13,185,0.20000000000000004
13,186,0.33333333333333331
13,187,0.39999999999999997
13,188,0.46666666666666662
13,189,0.33333333333333331
13,190,0.33333333333333331
13,191,0.20000000000000001
14,0,0.69999999999999996
14,1,0.66666666666666663
14,2,0.53333333333333333
14,3,0.33333333333333331
14,4,0.46666666666666662
14,5,0.39999999999999997
14,6,0.66666666666666663
14,7,0.79999999999999993
14,8,1
14,9,0.93333333333333346
14,10,0.86666666666666659
14,11,0.66666666666666663
14,12,0.66666666666666663
14,13,0.73333333333333339
14,14,0.8666666666666667
14,15,0.8666666666666667
14,16,0.46666666666666662
14,17,0.66666666666666663
14,18,0.79999999999999993
14,19,1.1333333333333335
14,20,1.4666666666666668
14,21,1.8
14,22,1.5999999999999999
14,23,1.3333333333333333
14,24,1
14,25,1.3333333333333333
14,26,1.4000000000000001
14,27,1.3333333333333333
14,28,1.2666666666666668
14,29,1.3333333333333333
14,30,1.4000000000000001
14,31,1.3333333333333333
14,32,1.4666666666666668
14,33,1.4000000000000001
14,34,1.4000000000000001
14,35,1.0666666666666667
14,36,1.4000000000000001
14,37,1.3333333333333333
14,38,1.3333333333333333
14,39,0.80000000000000016
14,40,0.53333333333333333
14,41,0.26666666666666666
14,42,0.59999999999999998
14,43,0.66666666666666663
14,44,0.73333333333333339
14,45,0.59999999999999998
14,46,0.66666666666666663
14,47,0.59999999999999998
14,48,0.66666666666666663
14,49,0.79999999999999993
14,50,0.73333333333333339
14,51,0.39999999999999997
14,52,0.26666666666666666
14,53,0.53333333333333333
14,54,0.66666666666666663
14,55,0.66666666666666663
14,56,0.53333333333333333
14,57,0.53333333333333333
14,58,0.33333333333333331
14,59,0.20000000000000004
14,60,0.13333333333333333
14,61,0.20000000000000004
14,62,0.26666666666666666
14,63,0.33333333333333331
14,64,0.26666666666666666
14,65,0.13333333333333333
14,66,0.19999999999999998
14,67,0.26666666666666666
14,68,0.33333333333333331
14,69,0.20000000000000004
14,70,0.20000000000000004
14,71,0.26666666666666666
14,72,0.46666666666666673
14,73,0.60000000000000009
14,74,0.66666666666666663
14,75,0.46666666666666662
14,76,0.33333333333333331
14,77,0.20000000000000004
14,78,0.33333333333333331
14,79,0.26666666666666666
14,80,0.33333333333333331
14,81,0.33333333333333331
14,82,0.53333333333333333
14,83,0.39999999999999997
14,84,0.26666666666666666
14,85,0.13333333333333333
14,86,0.13333333333333333
14,87,0.20000000000000004
14,88,0.26666666666666666
14,89,0.46666666666666662
14,90,0.53333333333333333
14,91,0.53333333333333333
14,92,0.73333333333333339
14,93,0.53333333333333333
14,94,0.46666666666666662
14,95,0.20000000000000004
14,96,0.20000000000000004
14,97,0.26666666666666666
14,98,0.20000000000000004
14,99,0.33333333333333331
14,100,0.26666666666666666
14,101,0.26666666666666666
14,102,0.26666666666666666
14,103,0.33333333333333331
14,104,0.26666666666666666
14,105,0.26666666666666666
14,106,0.33333333333333331
14,107,0.39999999999999997
14,108,0.26666666666666666
14,109,0.20000000000000004
14,110,0.46666666666666662
14,111,0.46666666666666662
14,112,0.66666666666666663
14,113,0.46666666666666662
14,114,0.53333333333333333
14,115,0.26666666666666666
14,116,0.13333333333333333
14,117,0.066666666666666666
14,119,0.13333333333333333
14,120,0.20000000000000004
14,121,0.53333333333333333
14,122,0.59999999999999998
14,123,0.73333333333333339
14,124,0.53333333333333333
14,125,0.33333333333333331
14,126,0.33333333333333331
14,127,0.66666666666666663
14,128,0.8666666666666667
14,129,1
14,130,0.93333333333333324
14,131,1.2
14,132,1.2
14,133,1.4666666666666668
14,134,1.2666666666666666
14,135,1.2666666666666666
14,136,1.1333333333333335
14,137,1.2666666666666666
14,138,1.3999999999999997
14,139,1.2
14,140,1.7333333333333332
14,141,1.8666666666666665
14,142,1.7999999999999998
14,143,1.2666666666666666
14,144,1.3333333333333333
14,145,1.3333333333333333
14,146,1.0666666666666667
14,147,1
14,148,1
14,149,1.4000000000000001
14,150,1.3333333333333333
14,151,1.3333333333333333
14,152,1.6666666666666667
14,153,1.7333333333333334
14,154,1.6666666666666667
14,155,1.4666666666666668
14,156,1.2666666666666666
14,157,1.6666666666666667
14,158,1.3333333333333333
14,159,1.4666666666666668
14,160,1
14,161,1.4666666666666668
14,162,1.1333333333333333
14,163,1.4000000000000001
14,164,1
14,165,1.3333333333333333
14,166,1.1333333333333333
14,167,1
14,168,0.79999999999999993
14,169,1
14,170,0.8666666666666667
14,171,0.93333333333333324
14,172,0.73333333333333339
14,173,1
14,174,0.73333333333333328
14,175,0.66666666666666663
14,176,0.46666666666666662
14,177,0.53333333333333333
14,178,0.46666666666666662
14,179,0.40000000000000008
14,180,0.46666666666666673
14,181,0.53333333333333333
14,182,0.53333333333333333
14,183,0.46666666666666662
14,184,0.59999999999999998
14,185,0.93333333333333324
14,186,0.8666666666666667
14,187,0.73333333333333328
14,188,0.40000000000000008
14,189,0.53333333333333333
14,190,0.53333333333333333
14,191,0.60000000000000009
15,2,0.066666666666666666
15,3,0.20000000000000004
15,4,0.26666666666666666
15,5,0.26666666666666666
15,6,0.26666666666666666
15,7,0.33333333333333331
15,8,0.46666666666666662
15,9,0.53333333333333333
15,10,0.39999999999999997
15,11,0.39999999999999997
15,12,0.46666666666666662
15,13,0.66666666666666663
15,14,0.93333333333333324
15,15,0.66666666666666663
15,16,0.86666666666666659
15,17,0.79999999999999993
15,18,1.3333333333333333
15,19,1
15,20,1
15,21,0.59999999999999998
15,22,0.73333333333333339
15,23,0.53333333333333333
15,24,0.73333333333333339
15,25,0.80000000000000016
15,26,0.8666666666666667
15,27,0.66666666666666663
15,28,0.53333333333333333
15,29,0.40000000000000008
15,30,0.73333333333333339
15,31,0.86666666666666659
15,32,1
15,33,0.80000000000000016
15,34,0.93333333333333324
15,35,0.79999999999999993
15,36,0.73333333333333339
15,37,0.59999999999999998
15,38,0.79999999999999993
15,39,1
15,40,1.3333333333333333
15,41,1.2666666666666666
15,42,1.1333333333333335
15,43,0.8666666666666667
15,44,0.8666666666666667
15,45,0.79999999999999993
15,46,0.59999999999999998
15,47,0.39999999999999997
15,48,0.40000000000000008
15,49,0.40000000000000008
15,50,0.46666666666666662
15,51,0.26666666666666666
15,52,0.26666666666666666
15,53,0.20000000000000004
15,54,0.20000000000000004
15,55,0.20000000000000004
15,56,0.33333333333333331
15,57,0.33333333333333331
15,58,0.19999999999999998
15,59,0.066666666666666666
15,60,0.066666666666666666
15,61,0.13333333333333333
15,62,0.13333333333333333
15,63,0.20000000000000004
15,64,0.20000000000000004
15,65,0.13333333333333333
15,66,0.13333333333333333
15,67,0.13333333333333333
15,68,0.20000000000000004
15,69,0.33333333333333331
15,70,0.26666666666666666
15,71,0.33333333333333331
15,72,0.13333333333333333
15,73,0.26666666666666666
15,74,0.26666666666666666
15,75,0.40000000000000008
15,76,0.40000000000000008
15,77,0.46666666666666662
15,78,0.39999999999999997
15,79,0.40000000000000008
15,80,0.20000000000000004
15,81,0.33333333333333331
15,82,0.26666666666666666
15,83,0.33333333333333331
15,84,0.26666666666666666
15,85,0.33333333333333331
15,86,0.26666666666666666
15,87,0.20000000000000004
15,88,0.066666666666666666
15,89,0.066666666666666666
15,91,0.13333333333333333
15,92,0.20000000000000004
15,93,0.20000000000000004
15,94,0.20000000000000004
15,95,0.20000000000000004
15,96,0.20000000000000004
15,97,0.20000000000000004
15,98,0.20000000000000004
15,99,0.33333333333333331
15,100,0.26666666666666666
15,101,0.20000000000000004
15,102,0.066666666666666666
15,104,0.066666666666666666
15,105,0.13333333333333333
15,106,0.26666666666666666
15,107,0.26666666666666666
15,108,0.40000000000000008
15,109,0.40000000000000008
15,110,0.46666666666666662
15,111,0.26666666666666666
15,112,0.26666666666666666
15,113,0.20000000000000004
15,114,0.26666666666666666
15,115,0.20000000000000004
15,116,0.26666666666666666
15,117,0.40000000000000008
15,118,0.46666666666666662
15,119,0.33333333333333331
15,120,0.26666666666666666
15,121,0.26666666666666666
15,122,0.40000000000000008
15,123,0.40000000000000008
15,124,0.53333333333333333
15,125,0.46666666666666673
15,126,0.39999999999999997
15,127,0.26666666666666666
15,128,0.33333333333333331
15,129,0.46666666666666662
15,130,0.39999999999999997
15,131,0.40000000000000008
15,132,0.40000000000000008
15,133,0.46666666666666662
15,134,0.46666666666666662
15,135,0.8666666666666667
15,136,1.0666666666666667
15,137,1.2666666666666666
15,138,1
15,139,1.0666666666666667
15,140,1.0666666666666667
15,141,1.3333333333333333
15,142,1.1333333333333333
15,143,0.8666666666666667
15,144,0.66666666666666663
15,145,0.73333333333333339
15,146,0.93333333333333324
15,147,1.1333333333333335
15,148,1.2
15,149,1.3333333333333333
15,150,1.0666666666666667
15,151,1.1333333333333335
15,152,1.1333333333333335
15,153,1.3333333333333333
15,154,1.2666666666666666
15,155,1.2
15,156,1
15,157,1.2
15,158,0.93333333333333346
15,159,0.79999999999999993
15,160,0.46666666666666662
15,161,0.46666666666666662
15,162,0.33333333333333331
15,163,0.20000000000000004
15,164,0.20000000000000004
15,165,0.33333333333333331
15,166,0.73333333333333339
15,167,0.79999999999999993
15,168,0.73333333333333328
15,169,0.40000000000000008
15,170,0.46666666666666662
15,171,0.39999999999999997
15,172,0.40000000000000008
15,173,0.40000000000000008
15,174,0.66666666666666663
15,175,0.66666666666666663
15,176,0.59999999999999998
15,177,0.26666666666666666
15,178,0.33333333333333331
15,179,0.26666666666666666
15,180,0.26666666666666666
15,181,0.26666666666666666
15,182,0.19999999999999998
15,183,0.26666666666666666
15,184,0.066666666666666666
15,185,0.20000000000000004
15,186,0.26666666666666666
15,187,0.33333333333333331
15,188,0.26666666666666666
15,189,0.20000000000000004
15,190,0.20000000000000004
15,191,0.20000000000000001
16,0,0.40000000000000002
16,1,0.33333333333333331
16,2,0.33333333333333331
16,3,0.13333333333333333
16,4,0.33333333333333331
16,5,0.59999999999999998
16,6,0.80000000000000016
16,7,0.8666666666666667
16,8,0.79999999999999993
16,9,0.59999999999999998
16,10,0.40000000000000008
16,11,0.40000000000000008
16,12,0.39999999999999997
16,13,0.46666666666666662
16,14,0.33333333333333331
16,15,0.40000000000000008
16,16,0.26666666666666666
16,17,0.66666666666666663
16,18,0.79999999999999993
16,19,0.8666666666666667
16,20,0.80000000000000016
16,21,0.73333333333333339
16,22,0.79999999999999993
16,23,0.59999999999999998
16,24,0.73333333333333339
16,25,0.80000000000000016
16,26,0.79999999999999993
16,27,0.66666666666666663
16,28,0.46666666666666662
16,29,0.66666666666666663
16,30,0.66666666666666663
16,31,0.86666666666666659
16,32,0.79999999999999993
16,33,0.66666666666666663
16,34,0.66666666666666663
16,35,0.93333333333333324
16,36,1.0666666666666667
16,37,0.79999999999999993
16,38,0.46666666666666662
16,39,0.26666666666666666
16,40,0.33333333333333331
16,41,0.13333333333333333
16,42,0.20000000000000004
16,43,0.20000000000000004
16,44,0.20000000000000004
16,45,0.13333333333333333
16,46,0.13333333333333333
16,47,0.13333333333333333
16,48,0.33333333333333331
16,49,0.33333333333333331
16,50,0.59999999999999998
16,51,0.39999999999999997
16,52,0.53333333333333333
16,53,0.33333333333333331
16,54,0.46666666666666662
16,55,0.33333333333333331
16,56,0.26666666666666666
16,57,0.13333333333333333
16,58,0.066666666666666666
16,59,0.066666666666666666
16,60,0.20000000000000004
16,61,0.33333333333333331
16,62,0.46666666666666662
16,63,0.46666666666666662
16,64,0.39999999999999997
16,65,0.20000000000000004
16,66,0.26666666666666666
16,67,0.33333333333333331
16,68,0.33333333333333331
16,69,0.20000000000000004
16,70,0.13333333333333333
16,71,0.20000000000000004
16,72,0.20000000000000004
16,73,0.20000000000000004
16,74,0.13333333333333333
16,75,0.13333333333333333
16,76,0.20000000000000004
16,77,0.20000000000000004
16,78,0.20000000000000004
16,79,0.066666666666666666
16,80,0.066666666666666666
16,81,0.13333333333333333
16,82,0.26666666666666666
16,83,0.26666666666666666
16,84,0.33333333333333331
16,85,0.33333333333333331
16,86,0.39999999999999997
16,87,0.20000000000000004
16,88,0.26666666666666666
16,89,0.26666666666666666
16,90,0.40000000000000008
16,91,0.20000000000000004
16,92,0.26666666666666666
16,93,0.13333333333333333
16,94,0.20000000000000004
16,95,0.20000000000000004
16,96,0.33333333333333331
16,97,0.26666666666666666
16,98,0.13333333333333333
16,101,0.26666666666666666
16,102,0.33333333333333331
16,103,0.39999999999999997
16,104,0.20000000000000004
16,105,0.20000000000000004
16,106,0.33333333333333331
16,107,0.33333333333333331
16,108,0.26666666666666666
16,109,0.20000000000000004
16,110,0.20000000000000004
16,111,0.26666666666666666
16,112,0.13333333333333333
16,113,0.13333333333333333
16,114,0.13333333333333333
16,115,0.33333333333333331
16,116,0.26666666666666666
16,117,0.26666666666666666
16,118,0.20000000000000004
16,119,0.33333333333333331
16,120,0.33333333333333331
16,121,0.26666666666666666
16,122,0.33333333333333331
16,123,0.26666666666666666
16,124,0.46666666666666662
16,125,0.40000000000000008
16,126,0.53333333333333333
16,127,0.46666666666666662
16,128,0.53333333333333333
16,129,0.46666666666666662
16,130,0.40000000000000008
16,131,0.40000000000000008
16,132,0.53333333333333333
16,133,0.93333333333333324
16,134,1
16,135,1.0000000000000002
16,136,0.53333333333333333
16,137,0.53333333333333333
16,138,0.59999999999999998
16,139,0.8666666666666667
16,140,0.8666666666666667
16,141,0.93333333333333324
16,142,0.73333333333333339
16,143,0.73333333333333339
16,144,0.53333333333333333
16,145,0.8666666666666667
16,146,0.59999999999999998
16,147,0.66666666666666663
16,148,0.46666666666666662
16,149,0.59999999999999998
16,150,0.8666666666666667
16,151,0.66666666666666663
16,152,0.79999999999999993
16,153,0.73333333333333339
16,154,0.79999999999999993
16,155,0.8666666666666667
16,156,0.66666666666666663
16,157,0.59999999999999998
16,158,0.59999999999999998
16,159,0.53333333333333333
16,160,0.73333333333333339
16,161,0.53333333333333333
16,162,0.66666666666666663
16,163,0.53333333333333333
16,164,0.46666666666666673
16,165,0.20000000000000004
16,166,0.20000000000000004
16,167,0.20000000000000004
16,168,0.53333333333333333
16,169,0.39999999999999997
16,170,0.39999999999999997
16,171,0.46666666666666662
16,172,0.53333333333333333
16,173,0.59999999999999998
16,174,0.53333333333333333
16,175,0.66666666666666663
16,176,0.59999999999999998
16,177,0.26666666666666666
16,178,0.13333333333333333
16,179,0.20000000000000004
16,180,0.20000000000000004
16,181,0.13333333333333333
16,182,0.066666666666666666
16,183,0.13333333333333333
16,184,0.26666666666666666
16,185,0.59999999999999998
16,186,0.66666666666666663
16,187,0.59999999999999998
16,188,0.26666666666666666
16,189,0.13333333333333333
16,190,0.066666666666666666
17,3,0.13333333333333333
17,4,0.20000000000000004
17,5,0.33333333333333331
17,6,0.20000000000000004
17,7,0.13333333333333333
17,8,0.19999999999999998
17,9,0.26666666666666666
17,10,0.40000000000000008
17,11,0.26666666666666666
17,12,0.20000000000000004
17,13,0.13333333333333333
17,14,0.33333333333333331
17,15,0.53333333333333333
17,16,0.53333333333333333
17,17,0.59999999999999998
17,18,0.46666666666666662
17,19,0.53333333333333333
17,20,0.26666666666666666
17,21,0.26666666666666666
17,22,0.26666666666666666
17,23,0.40000000000000008
17,24,0.59999999999999998
17,25,0.79999999999999993
17,26,0.66666666666666663
17,27,0.53333333333333333
17,28,0.26666666666666666
17,29,0.20000000000000004
17,30,0.46666666666666662
17,31,0.46666666666666662
17,32,0.59999999999999998
17,33,0.26666666666666666
17,34,0.33333333333333331
17,35,0.33333333333333331
17,36,0.40000000000000008
17,37,0.40000000000000008
17,38,0.46666666666666662
17,39,0.73333333333333339
17,40,0.66666666666666663
17,41,0.66666666666666663
17,42,0.40000000000000008
17,43,0.53333333333333333
17,44,0.46666666666666662
17,45,0.66666666666666663
17,46,0.59999999999999998
17,47,0.53333333333333333
17,48,0.20000000000000004
17,49,0.13333333333333333
17,50,0.26666666666666666
17,51,0.33333333333333331
17,52,0.26666666666666666
17,53,0.066666666666666666
17,55,0.066666666666666666
17,56,0.13333333333333333
17,57,0.20000000000000004
17,58,0.13333333333333333
17,59,0.066666666666666666
17,61,0.066666666666666666
17,62,0.20000000000000004
17,63,0.20000000000000004
17,64,0.13333333333333333
17,66,0.19999999999999998
17,67,0.33333333333333331
17,68,0.39999999999999997
17,69,0.33333333333333331
17,70,0.26666666666666666
17,71,0.40000000000000008
17,72,0.40000000000000008
17,73,0.33333333333333331
17,74,0.26666666666666666
17,75,0.13333333333333333
17,76,0.20000000000000004
17,77,0.33333333333333331
17,78,0.33333333333333331
17,79,0.33333333333333331
17,80,0.20000000000000004
17,81,0.20000000000000004
17,82,0.20000000000000004
17,83,0.13333333333333333
17,84,0.20000000000000004
17,85,0.20000000000000004
17,86,0.13333333333333333
17,87,0.13333333333333333
17,88,0.066666666666666666
17,89,0.13333333333333333
17,90,0.066666666666666666
17,91,0.20000000000000004
17,92,0.33333333333333331
17,93,0.33333333333333331
17,94,0.26666666666666666
17,95,0.13333333333333333
17,96,0.13333333333333333
17,97,0.13333333333333333
17,98,0.066666666666666666
17,99,0.066666666666666666
17,101,0.066666666666666666
17,102,0.066666666666666666
17,103,0.066666666666666666
17,106,0.13333333333333333
17,107,0.13333333333333333
17,108,0.20000000000000004
17,109,0.33333333333333331
17,110,0.53333333333333333
17,111,0.46666666666666662
17,112,0.33333333333333331
17,113,0.20000000000000004
17,114,0.26666666666666666
17,115,0.20000000000000004
17,116,0.20000000000000004
17,117,0.20000000000000004
17,118,0.20000000000000004
17,119,0.13333333333333333
17,120,0.066666666666666666
17,122,0.19999999999999998
17,123,0.26666666666666666
17,124,0.40000000000000008
17,125,0.33333333333333331
17,126,0.26666666666666666
17,127,0.13333333333333333
17,128,0.066666666666666666
17,129,0.26666666666666666
17,130,0.26666666666666666
17,131,0.33333333333333331
17,132,0.20000000000000004
17,133,0.26666666666666666
17,134,0.20000000000000004
17,135,0.33333333333333331
17,136,0.26666666666666666
17,137,0.26666666666666666
17,138,0.26666666666666666
17,139,0.40000000000000008
17,140,0.46666666666666662
17,141,0.53333333333333333
17,142,0.53333333333333333
17,143,0.60000000000000009
17,144,0.59999999999999998
17,145,0.66666666666666663
17,146,0.79999999999999993
17,147,0.59999999999999998
17,148,0.46666666666666662
17,149,0.33333333333333331
17,150,0.40000000000000008
17,151,0.59999999999999998
17,152,0.80000000000000016
17,153,0.79999999999999993
17,154,0.73333333333333339
17,155,0.46666666666666662
17,156,0.53333333333333333
17,157,0.46666666666666662
17,158,0.59999999999999998
17,159,0.53333333333333333
17,160,0.53333333333333333
17,161,0.40000000000000008
17,162,0.26666666666666666
17,163,0.26666666666666666
17,164,0.33333333333333331
17,165,0.53333333333333333
17,166,0.59999999999999998
17,167,0.53333333333333333
17,168,0.59999999999999998
17,169,0.73333333333333339
17,170,0.93333333333333324
17,171,0.79999999999999993
17,172,0.66666666666666663
17,173,0.33333333333333331
17,174,0.26666666666666666
17,175,0.20000000000000004
17,176,0.26666666666666666
17,177,0.26666666666666666
17,178,0.26666666666666666
17,179,0.33333333333333331
17,180,0.26666666666666666
17,181,0.46666666666666662
17,182,0.33333333333333331
17,183,0.53333333333333333
17,184,0.46666666666666662
17,185,0.53333333333333333
17,186,0.59999999999999998
17,187,0.46666666666666662
17,188,0.46666666666666673
17,189,0.33333333333333331
17,190,0.26666666666666666
17,191,0.30000000000000004
18,0,0.29999999999999999
18,1,0.26666666666666666
18,2,0.33333333333333331
18,3,0.20000000000000004
18,4,0.40000000000000008
18,5,0.59999999999999998
18,6,0.73333333333333339
18,7,0.66666666666666663
18,8,0.53333333333333333
18,9,0.39999999999999997
18,10,0.33333333333333331
18,11,0.40000000000000008
18,12,0.39999999999999997
18,13,0.33333333333333331
18,14,0.13333333333333333
18,15,0.20000000000000004
18,16,0.33333333333333331
18,17,0.66666666666666663
18,18,0.80000000000000016
18,19,0.66666666666666663
18,20,0.73333333333333339
18,21,0.59999999999999998
18,22,0.73333333333333339
18,23,0.46666666666666662
18,24,0.53333333333333333
18,25,0.46666666666666662
18,26,0.53333333333333333
18,27,0.46666666666666662
18,28,0.33333333333333331
18,29,0.46666666666666662
18,30,0.46666666666666662
18,31,0.73333333333333339
18,32,0.66666666666666663
18,33,0.59999999999999998
18,34,0.53333333333333333
18,35,0.46666666666666662
18,36,0.53333333333333333
18,37,0.33333333333333331
18,38,0.40000000000000008
18,39,0.26666666666666666
18,40,0.33333333333333331
18,41,0.13333333333333333
18,42,0.13333333333333333
18,43,0.13333333333333333
18,44,0.13333333333333333
18,45,0.13333333333333333
18,46,0.20000000000000004
18,47,0.13333333333333333
18,48,0.33333333333333331
18,49,0.26666666666666666
18,50,0.46666666666666662
18,51,0.26666666666666666
18,52,0.39999999999999997
18,53,0.33333333333333331
18,54,0.39999999999999997
18,55,0.26666666666666666
18,56,0.13333333333333333
18,57,0.066666666666666666
18,59,0.066666666666666666
18,60,0.13333333333333333
18,61,0.26666666666666666
18,62,0.33333333333333331
18,63,0.40000000000000008
18,64,0.33333333333333331
18,65,0.20000000000000004
18,66,0.13333333333333333
18,67,0.26666666666666666
18,68,0.26666666666666666
18,69,0.26666666666666666
18,70,0.066666666666666666
18,71,0.20000000000000004
18,72,0.13333333333333333
18,73,0.13333333333333333
18,74,0.066666666666666666
18,75,0.13333333333333333
18,76,0.26666666666666666
18,77,0.20000000000000004
18,78,0.20000000000000004
18,79,0.066666666666666666
18,80,0.066666666666666666
18,81,0.066666666666666666
18,82,0.13333333333333333
18,83,0.13333333333333333
18,84,0.26666666666666666
18,85,0.33333333333333331
18,86,0.39999999999999997
18,87,0.20000000000000004
18,88,0.26666666666666666
18,89,0.26666666666666666
18,90,0.33333333333333331
18,91,0.13333333333333333
18,92,0.13333333333333333
18,93,0.066666666666666666
18,94,0.13333333333333333
18,95,0.13333333333333333
18,96,0.26666666666666666
18,97,0.20000000000000004
18,98,0.13333333333333333
18,101,0.26666666666666666
18,102,0.40000000000000008
18,103,0.40000000000000008
18,104,0.26666666666666666
18,105,0.13333333333333333
18,106,0.33333333333333331
18,107,0.33333333333333331
18,108,0.33333333333333331
18,109,0.26666666666666666
18,110,0.13333333333333333
18,111,0.13333333333333333
18,114,0.066666666666666666
18,115,0.26666666666666666
18,116,0.26666666666666666
18,117,0.26666666666666666
18,118,0.13333333333333333
18,119,0.26666666666666666
18,120,0.26666666666666666
18,121,0.26666666666666666
18,122,0.20000000000000004
18,123,0.26666666666666666
18,124,0.33333333333333331
18,125,0.40000000000000008
18,126,0.33333333333333331
18,127,0.40000000000000008
18,128,0.46666666666666662
18,129,0.39999999999999997
18,130,0.39999999999999997
18,131,0.39999999999999997
18,132,0.53333333333333333
18,133,0.73333333333333339
18,134,0.8666666666666667
18,135,0.93333333333333346
18,136,0.59999999999999998
18,137,0.46666666666666662
18,138,0.46666666666666662
18,139,0.79999999999999993
18,140,0.79999999999999993
18,141,0.86666666666666659
18,142,0.53333333333333333
18,143,0.59999999999999998
18,144,0.39999999999999997
18,145,0.59999999999999998
18,146,0.33333333333333331
18,147,0.53333333333333333
18,148,0.46666666666666662
18,149,0.53333333333333333
18,150,0.66666666666666663
18,151,0.53333333333333333
18,152,0.66666666666666663
18,153,0.53333333333333333
18,154,0.59999999999999998
18,155,0.73333333333333339
18,156,0.66666666666666663
18,157,0.59999999999999998
18,158,0.46666666666666662
18,159,0.33333333333333331
18,160,0.46666666666666662
18,161,0.40000000000000008
18,162,0.46666666666666662
18,163,0.26666666666666666
18,164,0.20000000000000004
18,165,0.20000000000000004
18,166,0.33333333333333331
18,167,0.26666666666666666
18,168,0.33333333333333331
18,169,0.26666666666666666
18,170,0.40000000000000008
18,171,0.40000000000000008
18,172,0.39999999999999997
18,173,0.40000000000000008
18,174,0.46666666666666673
18,175,0.60000000000000009
18,176,0.46666666666666662
18,177,0.19999999999999998
18,179,0.19999999999999998
18,180,0.19999999999999998
18,181,0.19999999999999998
18,182,0.066666666666666666
18,183,0.13333333333333333
18,184,0.20000000000000004
18,185,0.46666666666666662
18,186,0.59999999999999998
18,187,0.59999999999999998
18,188,0.33333333333333331
18,189,0.13333333333333333
18,190,0.066666666666666666
19,3,0.13333333333333333
19,4,0.13333333333333333
19,5,0.26666666666666666
19,6,0.13333333333333333
19,7,0.13333333333333333
19,8,0.066666666666666666
19,9,0.13333333333333333
19,10,0.20000000000000004
19,11,0.20000000000000004
19,12,0.13333333333333333
19,13,0.13333333333333333
19,14,0.33333333333333331
19,15,0.39999999999999997
19,16,0.39999999999999997
19,17,0.26666666666666666
19,18,0.26666666666666666
19,19,0.26666666666666666
19,20,0.20000000000000004
19,21,0.20000000000000004
19,22,0.33333333333333331
19,23,0.26666666666666666
19,24,0.39999999999999997
19,25,0.33333333333333331
19,26,0.39999999999999997
19,27,0.33333333333333331
19,28,0.26666666666666666
19,29,0.20000000000000004
19,30,0.39999999999999997
19,31,0.39999999999999997
19,32,0.53333333333333333
19,33,0.20000000000000004
19,34,0.33333333333333331
19,35,0.19999999999999998
19,36,0.26666666666666666
19,37,0.13333333333333333
19,38,0.26666666666666666
19,39,0.46666666666666673
19,40,0.46666666666666673
19,41,0.46666666666666662
19,42,0.26666666666666666
19,43,0.33333333333333331
19,44,0.33333333333333331
19,45,0.46666666666666662
19,46,0.33333333333333331
19,47,0.26666666666666666
19,48,0.066666666666666666
19,49,0.13333333333333333
19,50,0.13333333333333333
19,51,0.13333333333333333
19,52,0.066666666666666666
19,55,0.066666666666666666
19,56,0.13333333333333333
19,57,0.20000000000000004
19,58,0.13333333333333333
19,59,0.066666666666666666
19,61,0.066666666666666666
19,62,0.066666666666666666
19,63,0.066666666666666666
19,66,0.13333333333333333
19,67,0.26666666666666666
19,68,0.33333333333333331
19,69,0.26666666666666666
19,70,0.20000000000000004
19,71,0.33333333333333331
19,72,0.33333333333333331
19,73,0.26666666666666666
19,74,0.20000000000000004
19,75,0.13333333333333333
19,76,0.20000000000000004
19,77,0.33333333333333331
19,78,0.33333333333333331
19,79,0.33333333333333331
19,80,0.20000000000000004
19,81,0.20000000000000004
19,82,0.20000000000000004
19,83,0.13333333333333333
19,84,0.40000000000000008
19,85,0.33333333333333331
19,86,0.26666666666666666
19,89,0.066666666666666666
19,90,0.066666666666666666
19,91,0.20000000000000004
19,92,0.26666666666666666
19,93,0.26666666666666666
19,94,0.20000000000000004
19,95,0.13333333333333333
19,96,0.13333333333333333
19,97,0.13333333333333333
19,98,0.066666666666666666
19,99,0.066666666666666666
19,101,0.066666666666666666
19,102,0.066666666666666666
19,103,0.066666666666666666
19,106,0.066666666666666666
19,107,0.066666666666666666
19,108,0.13333333333333333
19,109,0.26666666666666666
19,110,0.40000000000000008
19,111,0.33333333333333331
19,112,0.20000000000000004
19,113,0.13333333333333333
19,114,0.13333333333333333
19,115,0.13333333333333333
19,116,0.13333333333333333
19,117,0.13333333333333333
19,118,0.13333333333333333
19,119,0.066666666666666666
19,120,0.066666666666666666
19,122,0.26666666666666666
19,123,0.33333333333333331
19,124,0.39999999999999997
19,125,0.26666666666666666
19,126,0.20000000000000004
19,127,0.13333333333333333
19,128,0.066666666666666666
19,129,0.26666666666666666
19,130,0.26666666666666666
19,131,0.39999999999999997
19,132,0.19999999999999998
19,133,0.19999999999999998
19,135,0.19999999999999998
19,136,0.26666666666666666
19,137,0.26666666666666666
19,138,0.066666666666666666
19,139,0.13333333333333333
19,140,0.20000000000000004
19,141,0.40000000000000008
19,142,0.33333333333333331
19,143,0.53333333333333333
19,144,0.53333333333333333
19,145,0.66666666666666663
19,146,0.66666666666666663
19,147,0.53333333333333333
19,148,0.39999999999999997
19,149,0.33333333333333331
19,150,0.33333333333333331
19,151,0.59999999999999998
19,152,0.59999999999999998
19,153,0.73333333333333339
19,154,0.53333333333333333
19,155,0.33333333333333331
19,156,0.33333333333333331
19,157,0.26666666666666666
19,158,0.53333333333333333
19,159,0.46666666666666662
19,160,0.46666666666666673
19,161,0.20000000000000004
19,162,0.066666666666666666
19,163,0.19999999999999998
19,164,0.39999999999999997
19,165,0.53333333333333333
19,166,0.53333333333333333
19,167,0.39999999999999997
19,168,0.40000000000000008
19,169,0.53333333333333333
19,170,0.66666666666666663
19,171,0.66666666666666663
19,172,0.46666666666666662
19,173,0.26666666666666666
19,174,0.20000000000000004
19,175,0.26666666666666666
19,176,0.26666666666666666
19,177,0.26666666666666666
19,178,0.13333333333333333
19,179,0.26666666666666666
19,180,0.26666666666666666
19,181,0.40000000000000008
19,182,0.26666666666666666
19,183,0.39999999999999997
19,184,0.39999999999999997
19,185,0.53333333333333333
19,186,0.53333333333333333
19,187,0.33333333333333331
19,188,0.33333333333333331
19,189,0.20000000000000004
19,190,0.33333333333333331
19,191,0.30000000000000004
20,0,0.10000000000000001
20,1,0.066666666666666666
20,2,0.13333333333333333
20,3,0.066666666666666666
20,4,0.20000000000000004
20,5,0.26666666666666666
20,6,0.46666666666666662
20,7,0.53333333333333333
20,8,0.53333333333333333
20,9,0.33333333333333331
20,10,0.13333333333333333
20,11,0.066666666666666666
20,12,0.13333333333333333
20,13,0.20000000000000004
20,14,0.13333333333333333
20,15,0.20000000000000004
20,16,0.26666666666666666
20,17,0.40000000000000008
20,18,0.40000000000000008
20,19,0.26666666666666666
20,20,0.13333333333333333
20,21,0.13333333333333333
20,22,0.26666666666666666
20,23,0.40000000000000008
20,24,0.26666666666666666
20,25,0.20000000000000004
20,26,0.20000000000000004
20,27,0.26666666666666666
20,28,0.26666666666666666
20,29,0.13333333333333333
20,30,0.13333333333333333
20,31,0.20000000000000004
20,32,0.26666666666666666
20,33,0.20000000000000004
20,34,0.13333333333333333
20,35,0.13333333333333333
20,36,0.26666666666666666
20,37,0.20000000000000004
20,38,0.33333333333333331
20,39,0.19999999999999998
20,40,0.19999999999999998
20,42,0.066666666666666666
20,43,0.066666666666666666
20,44,0.066666666666666666
20,46,0.13333333333333333
20,47,0.13333333333333333
20,48,0.13333333333333333
20,49,0.13333333333333333
20,50,0.20000000000000004
20,51,0.33333333333333331
20,52,0.20000000000000004
20,53,0.13333333333333333
20,55,0.066666666666666666
20,56,0.066666666666666666
20,57,0.066666666666666666
20,59,0.066666666666666666
20,60,0.13333333333333333
20,61,0.13333333333333333
20,62,0.20000000000000004
20,63,0.13333333333333333
20,64,0.13333333333333333
20,74,0.066666666666666666
20,75,0.13333333333333333
20,76,0.13333333333333333
20,77,0.066666666666666666
20,78,0.066666666666666666
20,79,0.066666666666666666
20,80,0.066666666666666666
20,82,0.066666666666666666
20,83,0.066666666666666666
20,84,0.066666666666666666
20,85,0.13333333333333333
20,86,0.20000000000000004
20,87,0.26666666666666666
20,88,0.33333333333333331
20,89,0.26666666666666666
20,90,0.33333333333333331
20,91,0.13333333333333333
20,92,0.20000000000000004
20,93,0.066666666666666666
20,94,0.13333333333333333
20,95,0.20000000000000004
20,96,0.20000000000000004
20,97,0.13333333333333333
20,101,0.26666666666666666
20,102,0.26666666666666666
20,103,0.26666666666666666
20,104,0.066666666666666666
20,105,0.066666666666666666
20,106,0.13333333333333333
20,107,0.13333333333333333
20,108,0.13333333333333333
20,109,0.13333333333333333
20,110,0.066666666666666666
20,111,0.066666666666666666
20,115,0.066666666666666666
20,116,0.066666666666666666
20,117,0.13333333333333333
20,118,0.066666666666666666
20,119,0.13333333333333333
20,120,0.066666666666666666
20,121,0.066666666666666666
20,123,0.13333333333333333
20,124,0.13333333333333333
20,125,0.26666666666666666
20,126,0.13333333333333333
20,127,0.13333333333333333
20,128,0.066666666666666666
20,129,0.066666666666666666
20,130,0.066666666666666666
20,131,0.13333333333333333
20,132,0.13333333333333333
20,133,0.46666666666666662
20,134,0.46666666666666662
20,135,0.53333333333333333
20,136,0.26666666666666666
20,137,0.13333333333333333
20,138,0.13333333333333333
20,139,0.20000000000000004
20,140,0.33333333333333331
20,141,0.26666666666666666
20,142,0.26666666666666666
20,143,0.13333333333333333
20,144,0.20000000000000004
20,145,0.066666666666666666
20,146,0.13333333333333333
20,147,0.13333333333333333
20,148,0.33333333333333331
20,149,0.26666666666666666
20,150,0.33333333333333331
20,151,0.13333333333333333
20,152,0.13333333333333333
20,153,0.066666666666666666
20,154,0.20000000000000004
20,155,0.33333333333333331
20,156,0.40000000000000008
20,157,0.33333333333333331
20,158,0.33333333333333331
20,159,0.20000000000000004
20,160,0.26666666666666666
20,161,0.26666666666666666
20,162,0.26666666666666666
20,163,0.13333333333333333
20,165,0.13333333333333333
20,166,0.20000000000000004
20,167,0.20000000000000004
20,168,0.066666666666666666
20,170,0.066666666666666666
20,171,0.20000000000000004
20,172,0.20000000000000004
20,173,0.13333333333333333
20,175,0.19999999999999998
20,176,0.19999999999999998
20,177,0.19999999999999998
20,179,0.13333333333333333
20,180,0.13333333333333333
20,181,0.13333333333333333
20,183,0.066666666666666666
20,184,0.066666666666666666
20,185,0.20000000000000004
20,186,0.33333333333333331
20,187,0.33333333333333331
20,188,0.26666666666666666
20,189,0.066666666666666666
20,190,0.066666666666666666
21,0,0.10000000000000001
21,1,0.066666666666666666
21,2,0.066666666666666666
21,3,0.066666666666666666
21,4,0.066666666666666666
21,5,0.066666666666666666
21,8,0.066666666666666666
21,9,0.066666666666666666
21,10,0.066666666666666666
21,11,0.066666666666666666
21,12,0.066666666666666666
21,13,0.13333333333333333
21,14,0.33333333333333331
21,15,0.33333333333333331
21,16,0.33333333333333331
21,17,0.13333333333333333
21,18,0.20000000000000004
21,19,0.13333333333333333
21,20,0.066666666666666666
21,21,0.066666666666666666
21,22,0.13333333333333333
21,23,0.20000000000000004
21,24,0.13333333333333333
21,25,0.13333333333333333
21,26,0.066666666666666666
21,27,0.066666666666666666
21,30,0.066666666666666666
21,31,0.13333333333333333
21,32,0.20000000000000004
21,33,0.20000000000000004
21,34,0.26666666666666666
21,35,0.20000000000000004
21,36,0.26666666666666666
21,37,0.13333333333333333
21,38,0.33333333333333331
21,39,0.46666666666666662
21,40,0.59999999999999998
21,41,0.46666666666666673
21,42,0.26666666666666666
21,43,0.20000000000000004
21,44,0.26666666666666666
21,45,0.40000000000000008
21,46,0.33333333333333331
21,47,0.19999999999999998
21,50,0.066666666666666666
21,51,0.066666666666666666
21,52,0.066666666666666666
21,55,0.066666666666666666
21,56,0.066666666666666666
21,57,0.066666666666666666
21,61,0.066666666666666666
21,62,0.066666666666666666
21,63,0.066666666666666666
21,66,0.066666666666666666
21,67,0.066666666666666666
21,68,0.13333333333333333
21,69,0.13333333333333333
21,70,0.13333333333333333
21,71,0.26666666666666666
21,72,0.19999999999999998
21,73,0.19999999999999998
21,74,0.13333333333333333
21,75,0.13333333333333333
21,76,0.20000000000000004
21,77,0.13333333333333333
21,78,0.13333333333333333
21,79,0.066666666666666666
21,80,0.066666666666666666
21,81,0.13333333333333333
21,82,0.13333333333333333
21,83,0.13333333333333333
21,84,0.33333333333333331
21,85,0.33333333333333331
21,86,0.26666666666666666
21,89,0.066666666666666666
21,90,0.066666666666666666
21,91,0.20000000000000004
21,92,0.20000000000000004
21,93,0.20000000000000004
21,94,0.13333333333333333
21,95,0.066666666666666666
21,96,0.066666666666666666
21,97,0.066666666666666666
21,98,0.066666666666666666
21,99,0.066666666666666666
21,106,0.066666666666666666
21,107,0.066666666666666666
21,108,0.13333333333333333
21,109,0.13333333333333333
21,110,0.20000000000000004
21,111,0.13333333333333333
21,112,0.13333333333333333
21,113,0.13333333333333333
21,114,0.13333333333333333
21,115,0.066666666666666666
21,116,0.066666666666666666
21,117,0.13333333333333333
21,118,0.20000000000000004
21,119,0.13333333333333333
21,120,0.066666666666666666
21,122,0.13333333333333333
21,123,0.20000000000000004
21,124,0.20000000000000004
21,125,0.13333333333333333
21,126,0.066666666666666666
21,127,0.066666666666666666
21,128,0.066666666666666666
21,129,0.26666666666666666
21,130,0.26666666666666666
21,131,0.26666666666666666
21,132,0.066666666666666666
21,133,0.066666666666666666
21,135,0.13333333333333333
21,136,0.13333333333333333
21,137,0.13333333333333333
21,139,0.066666666666666666
21,140,0.066666666666666666
21,141,0.26666666666666666
21,142,0.19999999999999998
21,143,0.33333333333333331
21,144,0.20000000000000004
21,145,0.26666666666666666
21,146,0.20000000000000004
21,147,0.13333333333333333
21,148,0.066666666666666666
21,149,0.13333333333333333
21,150,0.13333333333333333
21,151,0.26666666666666666
21,152,0.26666666666666666
21,153,0.40000000000000008
21,154,0.26666666666666666
21,155,0.13333333333333333
21,156,0.066666666666666666
21,157,0.13333333333333333
21,158,0.13333333333333333
21,159,0.26666666666666666
21,160,0.26666666666666666
21,161,0.26666666666666666
21,162,0.13333333333333333
21,163,0.13333333333333333
21,164,0.13333333333333333
21,165,0.20000000000000004
21,166,0.26666666666666666
21,167,0.33333333333333331
21,168,0.20000000000000004
21,169,0.20000000000000004
21,170,0.26666666666666666
21,171,0.33333333333333331
21,172,0.33333333333333331
21,173,0.20000000000000004
21,174,0.20000000000000004
21,175,0.13333333333333333
21,176,0.13333333333333333
21,177,0.066666666666666666
21,179,0.13333333333333333
21,180,0.33333333333333331
21,181,0.39999999999999997
21,182,0.26666666666666666
21,183,0.20000000000000004
21,184,0.13333333333333333
21,185,0.13333333333333333
21,186,0.19999999999999998
21,187,0.19999999999999998
21,188,0.26666666666666666
21,189,0.13333333333333333
21,190,0.26666666666666666
21,191,0.30000000000000004
22,4,0.13333333333333333
22,5,0.13333333333333333
22,6,0.26666666666666666
22,7,0.26666666666666666
22,8,0.40000000000000008
22,9,0.26666666666666666
22,10,0.13333333333333333
22,12,0.066666666666666666
22,13,0.20000000000000004
22,14,0.26666666666666666
22,15,0.33333333333333331
22,16,0.40000000000000008
22,17,0.46666666666666662
22,18,0.46666666666666662
22,19,0.26666666666666666
22,20,0.13333333333333333
22,21,0.13333333333333333
22,22,0.26666666666666666
22,23,0.40000000000000008
22,24,0.33333333333333331
22,25,0.26666666666666666
22,26,0.20000000000000004
22,27,0.20000000000000004
22,28,0.20000000000000004
22,29,0.13333333333333333
22,30,0.13333333333333333
22,31,0.20000000000000004
22,32,0.20000000000000004
22,33,0.20000000000000004
22,34,0.066666666666666666
22,35,0.13333333333333333
22,36,0.26666666666666666
22,37,0.33333333333333331
22,38,0.40000000000000008
22,39,0.20000000000000004
22,40,0.13333333333333333
22,42,0.066666666666666666
22,43,0.066666666666666666
22,44,0.066666666666666666
22,45,0.13333333333333333
22,46,0.26666666666666666
22,47,0.26666666666666666
22,48,0.13333333333333333
22,49,0.066666666666666666
22,50,0.20000000000000004
22,51,0.26666666666666666
22,52,0.20000000000000004
22,53,0.066666666666666666
22,55,0.066666666666666666
22,56,0.066666666666666666
22,57,0.066666666666666666
22,59,0.13333333333333333
22,60,0.13333333333333333
22,61,0.13333333333333333
22,62,0.13333333333333333
22,63,0.13333333333333333
22,64,0.13333333333333333
22,68,0.066666666666666666
22,69,0.066666666666666666
22,70,0.066666666666666666
22,75,0.066666666666666666
22,76,0.066666666666666666
22,77,0.066666666666666666
22,78,0.066666666666666666
22,79,0.066666666666666666
22,80,0.066666666666666666
22,82,0.066666666666666666
22,83,0.066666666666666666
22,84,0.066666666666666666
22,85,0.066666666666666666
22,86,0.13333333333333333
22,87,0.20000000000000004
22,88,0.26666666666666666
22,89,0.20000000000000004
22,90,0.26666666666666666
22,91,0.13333333333333333
22,92,0.20000000000000004
22,93,0.066666666666666666
22,94,0.13333333333333333
22,95,0.20000000000000004
22,96,0.20000000000000004
22,97,0.13333333333333333
22,101,0.13333333333333333
22,102,0.13333333333333333
22,103,0.13333333333333333
22,104,0.066666666666666666
22,105,0.066666666666666666
22,106,0.066666666666666666
22,107,0.066666666666666666
22,108,0.066666666666666666
22,109,0.13333333333333333
22,110,0.066666666666666666
22,111,0.066666666666666666
22,115,0.066666666666666666
22,116,0.066666666666666666
22,117,0.13333333333333333
22,118,0.066666666666666666
22,119,0.13333333333333333
22,120,0.066666666666666666
22,121,0.066666666666666666
22,123,0.13333333333333333
22,124,0.20000000000000004
22,125,0.20000000000000004
22,126,0.066666666666666666
22,128,0.066666666666666666
22,129,0.13333333333333333
22,130,0.13333333333333333
22,131,0.26666666666666666
22,132,0.19999999999999998
22,133,0.53333333333333333
22,134,0.46666666666666662
22,135,0.53333333333333333
22,136,0.20000000000000004
22,137,0.066666666666666666
22,138,0.066666666666666666
22,139,0.13333333333333333
22,140,0.26666666666666666
22,141,0.20000000000000004
22,142,0.20000000000000004
22,143,0.066666666666666666
22,144,0.26666666666666666
22,145,0.26666666666666666
22,146,0.33333333333333331
22,147,0.13333333333333333
22,148,0.13333333333333333
22,149,0.13333333333333333
22,150,0.20000000000000004
22,151,0.13333333333333333
22,152,0.066666666666666666
22,154,0.066666666666666666
22,155,0.13333333333333333
22,156,0.20000000000000004
22,157,0.26666666666666666
22,158,0.40000000000000008
22,159,0.39999999999999997
22,160,0.33333333333333331
22,161,0.26666666666666666
22,162,0.20000000000000004
22,163,0.13333333333333333
22,165,0.13333333333333333
22,166,0.20000000000000004
22,167,0.20000000000000004
22,168,0.066666666666666666
22,170,0.066666666666666666
22,171,0.20000000000000004
22,172,0.20000000000000004
22,173,0.13333333333333333
22,175,0.066666666666666666
22,176,0.066666666666666666
22,177,0.066666666666666666
22,179,0.13333333333333333
22,180,0.13333333333333333
22,181,0.13333333333333333
22,183,0.066666666666666666
22,184,0.066666666666666666
22,185,0.13333333333333333
22,186,0.26666666666666666
22,187,0.26666666666666666
22,188,0.33333333333333331
22,189,0.13333333333333333
22,190,0.13333333333333333
23,0,0.10000000000000001
23,1,0.066666666666666666
23,2,0.13333333333333333
23,3,0.13333333333333333
23,4,0.13333333333333333
23,5,0.066666666666666666
23,8,0.066666666666666666
23,9,0.066666666666666666
23,10,0.066666666666666666
23,11,0.066666666666666666
23,12,0.066666666666666666
23,13,0.20000000000000004
23,14,0.13333333333333333
23,15,0.13333333333333333
23,16,0.066666666666666666
23,17,0.066666666666666666
23,18,0.13333333333333333
23,19,0.066666666666666666
23,20,0.066666666666666666
23,21,0.066666666666666666
23,22,0.066666666666666666
23,23,0.20000000000000004
23,24,0.13333333333333333
23,25,0.20000000000000004
23,26,0.066666666666666666
23,27,0.066666666666666666
23,33,0.066666666666666666
23,34,0.066666666666666666
23,35,0.13333333333333333
23,36,0.13333333333333333
23,37,0.13333333333333333
23,38,0.20000000000000004
23,39,0.26666666666666666
23,40,0.33333333333333331
23,41,0.20000000000000004
23,42,0.066666666666666666
23,43,0.13333333333333333
23,44,0.20000000000000004
23,45,0.40000000000000008
23,46,0.26666666666666666
23,47,0.19999999999999998
23,61,0.066666666666666666
23,62,0.066666666666666666
23,63,0.066666666666666666
23,71,0.066666666666666666
23,72,0.066666666666666666
23,73,0.13333333333333333
23,74,0.20000000000000004
23,75,0.20000000000000004
23,76,0.26666666666666666
23,77,0.13333333333333333
23,78,0.13333333333333333
23,80,0.066666666666666666
23,81,0.13333333333333333
23,82,0.13333333333333333
23,83,0.13333333333333333
23,84,0.33333333333333331
23,85,0.33333333333333331
23,86,0.26666666666666666
23,94,0.066666666666666666
23,95,0.066666666666666666
23,96,0.066666666666666666
23,97,0.066666666666666666
23,98,0.066666666666666666
23,99,0.066666666666666666
23,102,0.066666666666666666
23,103,0.066666666666666666
23,104,0.066666666666666666
23,114,0.066666666666666666
23,115,0.066666666666666666
23,116,0.066666666666666666
23,122,0.13333333333333333
23,123,0.20000000000000004
23,124,0.20000000000000004
23,125,0.066666666666666666
23,129,0.066666666666666666
23,130,0.066666666666666666
23,131,0.20000000000000004
23,132,0.20000000000000004
23,133,0.20000000000000004
23,134,0.066666666666666666
23,137,0.066666666666666666
23,138,0.13333333333333333
23,139,0.13333333333333333
23,140,0.13333333333333333
23,141,0.13333333333333333
23,142,0.13333333333333333
23,143,0.066666666666666666
23,146,0.066666666666666666
23,147,0.066666666666666666
23,148,0.13333333333333333
23,149,0.13333333333333333
23,150,0.13333333333333333
23,151,0.20000000000000004
23,152,0.13333333333333333
23,153,0.26666666666666666
23,154,0.13333333333333333
23,155,0.13333333333333333
23,156,0.066666666666666666
23,157,0.066666666666666666
23,158,0.066666666666666666
23,159,0.13333333333333333
23,160,0.20000000000000004
23,161,0.20000000000000004
23,162,0.13333333333333333
23,163,0.066666666666666666
23,164,0.066666666666666666
23,165,0.066666666666666666
23,166,0.13333333333333333
23,167,0.20000000000000004
23,168,0.13333333333333333
23,169,0.20000000000000004
23,170,0.20000000000000004
23,171,0.20000000000000004
23,172,0.13333333333333333
23,173,0.13333333333333333
23,174,0.13333333333333333
23,175,0.066666666666666666
23,179,0.066666666666666666
23,180,0.13333333333333333
23,181,0.26666666666666666
23,182,0.20000000000000004
23,183,0.13333333333333333
23,186,0.13333333333333333
23,187,0.13333333333333333
23,188,0.20000000000000004
23,189,0.20000000000000004
23,190,0.26666666666666666
23,191,0.30000000000000004
24,10,0.066666666666666666
24,11,0.066666666666666666
24,12,0.066666666666666666
24,18,0.13333333333333333
24,19,0.13333333333333333
24,20,0.20000000000000004
24,21,0.066666666666666666
24,22,0.066666666666666666
24,23,0.26666666666666666
24,24,0.26666666666666666
24,25,0.40000000000000008
24,26,0.13333333333333333
24,27,0.13333333333333333
24,28,0.066666666666666666
24,29,0.13333333333333333
24,30,0.20000000000000004
24,31,0.20000000000000004
24,32,0.13333333333333333
24,33,0.066666666666666666
24,34,0.066666666666666666
24,35,0.066666666666666666
24,36,0.066666666666666666
24,37,0.066666666666666666
24,38,0.13333333333333333
24,39,0.20000000000000004
24,40,0.20000000000000004
24,41,0.26666666666666666
24,42,0.20000000000000004
24,43,0.20000000000000004
24,44,0.066666666666666666
24,45,0.066666666666666666
24,52,0.066666666666666666
24,53,0.066666666666666666
24,54,0.066666666666666666
24,59,0.066666666666666666
24,60,0.066666666666666666
24,61,0.066666666666666666
24,78,0.066666666666666666
24,79,0.066666666666666666
24,80,0.066666666666666666
24,95,0.066666666666666666
24,96,0.066666666666666666
24,97,0.066666666666666666
24,105,0.066666666666666666
24,106,0.066666666666666666
24,107,0.066666666666666666
24,123,0.066666666666666666
24,124,0.066666666666666666
24,125,0.066666666666666666
24,134,0.066666666666666666
24,135,0.066666666666666666
24,136,0.066666666666666666
24,137,0.066666666666666666
24,138,0.066666666666666666
24,139,0.066666666666666666
24,146,0.066666666666666666
24,147,0.13333333333333333
24,148,0.20000000000000004
24,149,0.13333333333333333
24,150,0.13333333333333333
24,151,0.13333333333333333
24,152,0.20000000000000004
24,153,0.26666666666666666
24,154,0.20000000000000004
24,155,0.13333333333333333
24,156,0.066666666666666666
24,157,0.066666666666666666
24,158,0.066666666666666666
24,159,0.066666666666666666
24,160,0.13333333333333333
24,161,0.20000000000000004
24,162,0.13333333333333333
24,163,0.13333333333333333
24,164,0.13333333333333333
24,165,0.13333333333333333
24,166,0.066666666666666666
24,172,0.066666666666666666
24,173,0.066666666666666666
24,174,0.066666666666666666
24,177,0.066666666666666666
24,178,0.066666666666666666
24,179,0.066666666666666666
24,189,0.066666666666666666
24,190,0.066666666666666666
24,191,0.10000000000000001
25,9,0.066666666666666666
25,10,0.066666666666666666
25,11,0.066666666666666666
25,18,0.13333333333333333
25,19,0.13333333333333333
25,20,0.20000000000000004
25,21,0.066666666666666666
25,22,0.066666666666666666
25,23,0.13333333333333333
25,24,0.13333333333333333
25,25,0.26666666666666666
25,26,0.20000000000000004
25,27,0.20000000000000004
25,28,0.13333333333333333
25,29,0.13333333333333333
25,30,0.20000000000000004
25,31,0.26666666666666666
25,32,0.26666666666666666
25,33,0.20000000000000004
25,34,0.13333333333333333
25,35,0.066666666666666666
25,36,0.066666666666666666
25,37,0.066666666666666666
25,38,0.13333333333333333
25,39,0.20000000000000004
25,40,0.20000000000000004
25,41,0.20000000000000004
25,42,0.13333333333333333
25,43,0.066666666666666666
25,48,0.066666666666666666
25,49,0.066666666666666666
25,50,0.066666666666666666
25,59,0.066666666666666666
25,60,0.066666666666666666
25,61,0.066666666666666666
25,105,0.066666666666666666
25,106,0.066666666666666666
25,107,0.066666666666666666
25,134,0.066666666666666666
25,135,0.066666666666666666
25,136,0.066666666666666666
25,137,0.066666666666666666
25,138,0.066666666666666666
25,139,0.066666666666666666
25,141,0.066666666666666666
25,142,0.066666666666666666
25,143,0.066666666666666666
25,146,0.066666666666666666
25,147,0.13333333333333333
25,148,0.20000000000000004
25,149,0.20000000000000004
25,150,0.13333333333333333
25,151,0.13333333333333333
25,152,0.13333333333333333
25,153,0.26666666666666666
25,154,0.20000000000000004
25,155,0.13333333333333333
25,159,0.066666666666666666
25,160,0.13333333333333333
25,161,0.20000000000000004
25,162,0.13333333333333333
25,163,0.066666666666666666
25,164,0.066666666666666666
25,165,0.13333333333333333
25,166,0.13333333333333333
25,167,0.066666666666666666
25,172,0.066666666666666666
25,173,0.066666666666666666
25,174,0.066666666666666666
25,177,0.066666666666666666
25,178,0.066666666666666666
25,179,0.066666666666666666
25,189,0.066666666666666666
25,190,0.066666666666666666
25,191,0.10000000000000001
26,0,0.10000000000000001
26,1,0.066666666666666666
26,2,0.13333333333333333
26,3,0.066666666666666666
26,4,0.066666666666666666
26,8,0.066666666666666666
26,9,0.066666666666666666
26,10,0.13333333333333333
26,11,0.066666666666666666
26,12,0.066666666666666666
26,13,0.066666666666666666
26,14,0.20000000000000004
26,15,0.26666666666666666
26,16,0.40000000000000008
26,17,0.33333333333333331
26,18,0.33333333333333331
26,19,0.13333333333333333
26,20,0.13333333333333333
26,21,0.20000000000000004
26,22,0.26666666666666666
26,23,0.46666666666666673
26,24,0.53333333333333333
26,25,0.66666666666666663
26,26,0.53333333333333333
26,27,0.46666666666666662
26,28,0.33333333333333331
26,29,0.33333333333333331
26,30,0.26666666666666666
26,31,0.46666666666666673
26,32,0.46666666666666662
26,33,0.60000000000000009
26,34,0.46666666666666662
26,35,0.39999999999999997
26,36,0.26666666666666666
26,37,0.40000000000000008
26,38,0.39999999999999997
26,39,0.33333333333333331
26,40,0.20000000000000004
26,41,0.26666666666666666
26,42,0.26666666666666666
26,43,0.33333333333333331
26,44,0.26666666666666666
26,45,0.26666666666666666
26,46,0.066666666666666666
26,47,0.13333333333333333
26,48,0.20000000000000004
26,49,0.26666666666666666
26,50,0.20000000000000004
26,51,0.26666666666666666
26,52,0.20000000000000004
26,53,0.13333333333333333
26,57,0.13333333333333333
26,58,0.13333333333333333
26,59,0.13333333333333333
26,60,0.066666666666666666
26,61,0.13333333333333333
26,62,0.20000000000000004
26,63,0.20000000000000004
26,64,0.13333333333333333
26,65,0.066666666666666666
26,68,0.066666666666666666
26,69,0.066666666666666666
26,70,0.066666666666666666
26,91,0.066666666666666666
26,92,0.066666666666666666
26,93,0.066666666666666666
26,95,0.13333333333333333
26,96,0.13333333333333333
26,97,0.13333333333333333
26,104,0.066666666666666666
26,105,0.066666666666666666
26,106,0.066666666666666666
26,114,0.066666666666666666
26,115,0.066666666666666666
26,116,0.066666666666666666
26,119,0.13333333333333333
26,120,0.26666666666666666
26,121,0.33333333333333331
26,122,0.26666666666666666
26,123,0.13333333333333333
26,124,0.066666666666666666
26,126,0.066666666666666666
26,127,0.13333333333333333
26,128,0.13333333333333333
26,129,0.066666666666666666
26,132,0.13333333333333333
26,133,0.26666666666666666
26,134,0.33333333333333331
26,135,0.26666666666666666
26,136,0.13333333333333333
26,137,0.20000000000000004
26,138,0.20000000000000004
26,139,0.26666666666666666
26,140,0.26666666666666666
26,141,0.33333333333333331
26,142,0.26666666666666666
26,143,0.26666666666666666
26,144,0.26666666666666666
26,145,0.40000000000000008
26,146,0.33333333333333331
26,147,0.26666666666666666
26,148,0.33333333333333331
26,149,0.26666666666666666
26,150,0.19999999999999998
26,151,0.066666666666666666
26,152,0.26666666666666666
26,153,0.26666666666666666
26,154,0.39999999999999997
26,155,0.19999999999999998
26,156,0.26666666666666666
26,157,0.13333333333333333
26,158,0.26666666666666666
26,159,0.26666666666666666
26,160,0.26666666666666666
26,161,0.13333333333333333
26,162,0.066666666666666666
26,163,0.066666666666666666
26,164,0.33333333333333331
26,165,0.39999999999999997
26,166,0.53333333333333333
26,167,0.26666666666666666
26,168,0.19999999999999998
26,172,0.13333333333333333
26,173,0.13333333333333333
26,174,0.13333333333333333
26,177,0.066666666666666666
26,178,0.13333333333333333
26,179,0.13333333333333333
26,180,0.066666666666666666
27,0,0.30000000000000004
27,1,0.20000000000000004
27,2,0.20000000000000004
27,3,0.13333333333333333
27,4,0.20000000000000004
27,5,0.066666666666666666
27,6,0.066666666666666666
27,8,0.066666666666666666
27,9,0.13333333333333333
27,10,0.20000000000000004
27,11,0.13333333333333333
27,12,0.13333333333333333
27,13,0.13333333333333333
27,14,0.33333333333333331
27,15,0.33333333333333331
27,16,0.46666666666666662
27,17,0.33333333333333331
27,18,0.33333333333333331
27,19,0.13333333333333333
27,20,0.13333333333333333
27,21,0.26666666666666666
27,22,0.33333333333333331
27,23,0.53333333333333333
27,24,0.53333333333333333
27,25,0.73333333333333339
27,26,0.66666666666666663
27,27,0.59999999999999998
27,28,0.39999999999999997
27,29,0.46666666666666673
27,30,0.53333333333333333
27,31,0.66666666666666663
27,32,0.59999999999999998
27,33,0.66666666666666663
27,34,0.79999999999999993
27,35,0.73333333333333339
27,36,0.59999999999999998
27,37,0.53333333333333333
27,38,0.46666666666666673
27,39,0.39999999999999997
27,40,0.33333333333333331
27,41,0.40000000000000008
27,42,0.33333333333333331
27,43,0.33333333333333331
27,44,0.26666666666666666
27,45,0.40000000000000008
27,46,0.20000000000000004
27,47,0.33333333333333331
27,48,0.26666666666666666
27,49,0.33333333333333331
27,50,0.20000000000000004
27,51,0.33333333333333331
27,52,0.33333333333333331
27,53,0.26666666666666666
27,54,0.066666666666666666
27,57,0.13333333333333333
27,58,0.13333333333333333
27,59,0.13333333333333333
27,60,0.066666666666666666
27,61,0.20000000000000004
27,62,0.26666666666666666
27,63,0.26666666666666666
27,64,0.13333333333333333
27,65,0.066666666666666666
27,68,0.066666666666666666
27,69,0.066666666666666666
27,70,0.13333333333333333
27,71,0.13333333333333333
27,72,0.13333333333333333
27,73,0.20000000000000004
27,74,0.13333333333333333
27,75,0.13333333333333333
27,76,0.066666666666666666
27,77,0.066666666666666666
27,78,0.066666666666666666
27,82,0.066666666666666666
27,83,0.066666666666666666
27,84,0.066666666666666666
27,90,0.066666666666666666
27,91,0.13333333333333333
27,92,0.20000000000000004
27,93,0.20000000000000004
27,94,0.13333333333333333
27,95,0.26666666666666666
27,96,0.26666666666666666
27,97,0.26666666666666666
27,98,0.13333333333333333
27,99,0.066666666666666666
27,100,0.13333333333333333
27,101,0.066666666666666666
27,102,0.066666666666666666
27,103,0.13333333333333333
27,104,0.26666666666666666
27,105,0.33333333333333331
27,106,0.20000000000000004
27,107,0.066666666666666666
27,111,0.066666666666666666
27,112,0.066666666666666666
27,113,0.066666666666666666
27,114,0.13333333333333333
27,115,0.13333333333333333
27,116,0.13333333333333333
27,118,0.13333333333333333
27,119,0.26666666666666666
27,120,0.46666666666666662
27,121,0.39999999999999997
27,122,0.33333333333333331
27,123,0.13333333333333333
27,124,0.066666666666666666
27,126,0.066666666666666666
27,127,0.13333333333333333
27,128,0.20000000000000004
27,129,0.20000000000000004
27,130,0.13333333333333333
27,131,0.13333333333333333
27,132,0.13333333333333333
27,133,0.40000000000000008
27,134,0.33333333333333331
27,135,0.40000000000000008
27,136,0.26666666666666666
27,137,0.46666666666666662
27,138,0.46666666666666662
27,139,0.46666666666666662
27,140,0.40000000000000008
27,141,0.46666666666666662
27,142,0.39999999999999997
27,143,0.40000000000000008
27,144,0.40000000000000008
27,145,0.59999999999999998
27,146,0.66666666666666663
27,147,0.53333333333333333
27,148,0.46666666666666662
27,149,0.26666666666666666
27,150,0.19999999999999998
27,151,0.066666666666666666
27,152,0.26666666666666666
27,153,0.33333333333333331
27,154,0.46666666666666662
27,155,0.26666666666666666
27,156,0.33333333333333331
27,157,0.26666666666666666
27,158,0.46666666666666662
27,159,0.39999999999999997
27,160,0.33333333333333331
27,161,0.13333333333333333
27,162,0.066666666666666666
27,163,0.066666666666666666
27,164,0.33333333333333331
27,165,0.46666666666666662
27,166,0.60000000000000009
27,167,0.33333333333333331
27,168,0.19999999999999998
27,170,0.066666666666666666
27,171,0.066666666666666666
27,172,0.20000000000000004
27,173,0.13333333333333333
27,174,0.13333333333333333
27,175,0.13333333333333333
27,176,0.13333333333333333
27,177,0.13333333333333333
27,178,0.066666666666666666
27,179,0.066666666666666666
27,180,0.13333333333333333
27,181,0.066666666666666666
27,182,0.066666666666666666
27,186,0.066666666666666666
27,187,0.066666666666666666
27,188,0.13333333333333333
27,189,0.066666666666666666
27,190,0.066666666666666666
28,0,0.5
28,1,0.39999999999999997
28,2,0.33333333333333331
28,3,0.13333333333333333
28,4,0.066666666666666666
28,7,0.066666666666666666
28,8,0.13333333333333333
28,9,0.13333333333333333
28,10,0.13333333333333333
28,11,0.066666666666666666
28,12,0.066666666666666666
28,14,0.066666666666666666
28,15,0.13333333333333333
28,16,0.13333333333333333
28,17,0.20000000000000004
28,18,0.20000000000000004
28,19,0.40000000000000008
28,20,0.33333333333333331
28,21,0.26666666666666666
28,22,0.20000000000000004
28,23,0.26666666666666666
28,24,0.40000000000000008
28,25,0.53333333333333333
28,26,0.46666666666666673
28,27,0.39999999999999997
28,28,0.20000000000000004
28,29,0.40000000000000008
28,30,0.33333333333333331
28,31,0.33333333333333331
28,32,0.20000000000000004
28,33,0.26666666666666666
28,34,0.26666666666666666
28,35,0.20000000000000004
28,36,0.13333333333333333
28,37,0.33333333333333331
28,38,0.40000000000000008
28,39,0.60000000000000009
28,40,0.53333333333333333
28,41,0.46666666666666662
28,42,0.33333333333333331
28,43,0.26666666666666666
28,44,0.26666666666666666
28,45,0.26666666666666666
28,46,0.20000000000000004
28,47,0.13333333333333333
28,48,0.13333333333333333
28,49,0.066666666666666666
28,50,0.066666666666666666
28,53,0.066666666666666666
28,54,0.13333333333333333
28,55,0.20000000000000004
28,56,0.13333333333333333
28,57,0.066666666666666666
28,64,0.066666666666666666
28,65,0.13333333333333333
28,66,0.13333333333333333
28,67,0.066666666666666666
28,76,0.13333333333333333
28,77,0.13333333333333333
28,78,0.13333333333333333
28,79,0.066666666666666666
28,80,0.066666666666666666
28,81,0.066666666666666666
28,83,0.19999999999999998
28,84,0.33333333333333331
28,85,0.33333333333333331
28,86,0.13333333333333333
28,87,0.13333333333333333
28,88,0.13333333333333333
28,89,0.13333333333333333
28,92,0.066666666666666666
28,93,0.066666666666666666
28,94,0.066666666666666666
28,99,0.066666666666666666
28,100,0.066666666666666666
28,101,0.20000000000000004
28,102,0.13333333333333333
28,103,0.20000000000000004
28,104,0.066666666666666666
28,105,0.066666666666666666
28,106,0.066666666666666666
28,107,0.066666666666666666
28,108,0.066666666666666666
28,114,0.066666666666666666
28,115,0.13333333333333333
28,116,0.13333333333333333
28,117,0.066666666666666666
28,118,0.13333333333333333
28,119,0.20000000000000004
28,120,0.33333333333333331
28,121,0.26666666666666666
28,122,0.20000000000000004
28,123,0.13333333333333333
28,124,0.20000000000000004
28,125,0.20000000000000004
28,126,0.26666666666666666
28,127,0.20000000000000004
28,128,0.20000000000000004
28,129,0.20000000000000004
28,130,0.13333333333333333
28,131,0.20000000000000004
28,132,0.066666666666666666
28,133,0.13333333333333333
28,134,0.20000000000000004
28,135,0.20000000000000004
28,136,0.13333333333333333
28,137,0.066666666666666666
28,138,0.066666666666666666
28,139,0.13333333333333333
28,140,0.066666666666666666
28,141,0.066666666666666666
28,143,0.066666666666666666
28,144,0.066666666666666666
28,145,0.20000000000000004
28,146,0.13333333333333333
28,147,0.20000000000000004
28,148,0.066666666666666666
28,149,0.066666666666666666
28,151,0.066666666666666666
28,152,0.20000000000000004
28,153,0.26666666666666666
28,154,0.33333333333333331
28,155,0.20000000000000004
28,156,0.13333333333333333
28,161,0.066666666666666666
28,162,0.13333333333333333
28,163,0.20000000000000004
28,164,0.26666666666666666
28,165,0.20000000000000004
28,166,0.13333333333333333
28,167,0.066666666666666666
28,168,0.066666666666666666
28,169,0.13333333333333333
28,170,0.066666666666666666
28,171,0.066666666666666666
28,172,0.066666666666666666
28,173,0.066666666666666666
28,174,0.13333333333333333
28,175,0.20000000000000004
28,176,0.20000000000000004
28,177,0.13333333333333333
28,180,0.066666666666666666
28,181,0.13333333333333333
28,182,0.13333333333333333
28,183,0.066666666666666666
28,184,0.066666666666666666
28,185,0.13333333333333333
28,186,0.13333333333333333
28,187,0.13333333333333333
28,188,0.20000000000000004
28,189,0.26666666666666666
28,190,0.20000000000000004
28,191,0.10000000000000001
29,0,0.20000000000000001
29,1,0.20000000000000004
29,2,0.066666666666666666
29,3,0.066666666666666666
29,14,0.066666666666666666
29,15,0.13333333333333333
29,16,0.13333333333333333
29,17,0.066666666666666666
29,19,0.13333333333333333
29,20,0.13333333333333333
29,21,0.13333333333333333
29,22,0.066666666666666666
29,23,0.13333333333333333
29,24,0.26666666666666666
29,25,0.33333333333333331
29,26,0.33333333333333331
29,27,0.26666666666666666
29,28,0.20000000000000004
29,29,0.40000000000000008
29,30,0.33333333333333331
29,31,0.33333333333333331
29,32,0.20000000000000004
29,33,0.26666666666666666
29,34,0.26666666666666666
29,35,0.20000000000000004
29,36,0.13333333333333333
29,37,0.26666666666666666
29,38,0.26666666666666666
29,39,0.40000000000000008
29,40,0.33333333333333331
29,41,0.26666666666666666
29,42,0.13333333333333333
29,43,0.066666666666666666
29,44,0.066666666666666666
29,45,0.13333333333333333
29,46,0.066666666666666666
29,47,0.066666666666666666
29,76,0.066666666666666666
29,77,0.066666666666666666
29,78,0.066666666666666666
29,101,0.13333333333333333
29,102,0.13333333333333333
29,103,0.13333333333333333
29,118,0.066666666666666666
29,119,0.066666666666666666
29,120,0.066666666666666666
29,124,0.066666666666666666
29,125,0.13333333333333333
29,126,0.20000000000000004
29,127,0.13333333333333333
29,128,0.13333333333333333
29,129,0.066666666666666666
29,130,0.066666666666666666
29,134,0.13333333333333333
29,135,0.13333333333333333
29,136,0.13333333333333333
29,138,0.066666666666666666
29,139,0.066666666666666666
29,140,0.13333333333333333
29,141,0.066666666666666666
29,142,0.066666666666666666
29,143,0.066666666666666666
29,144,0.066666666666666666
29,145,0.20000000000000004
29,146,0.13333333333333333
29,147,0.13333333333333333
29,152,0.066666666666666666
29,153,0.13333333333333333
29,154,0.26666666666666666
29,155,0.20000000000000004
29,156,0.13333333333333333
29,163,0.066666666666666666
29,164,0.13333333333333333
29,165,0.13333333333333333
29,166,0.066666666666666666
29,172,0.066666666666666666
29,173,0.066666666666666666
29,174,0.13333333333333333
29,175,0.13333333333333333
29,176,0.13333333333333333
29,177,0.066666666666666666
29,180,0.066666666666666666
29,181,0.13333333333333333
29,182,0.13333333333333333
29,183,0.066666666666666666
29,185,0.066666666666666666
29,186,0.066666666666666666
29,187,0.066666666666666666
30,2,0.066666666666666666
30,3,0.066666666666666666
30,4,0.066666666666666666
30,12,0.066666666666666666
30,13,0.066666666666666666
30,14,0.13333333333333333
30,15,0.066666666666666666
30,16,0.13333333333333333
30,17,0.13333333333333333
30,18,0.13333333333333333
30,19,0.13333333333333333
30,20,0.066666666666666666
30,21,0.066666666666666666
30,22,0.13333333333333333
30,23,0.33333333333333331
30,24,0.46666666666666662
30,25,0.53333333333333333
30,26,0.53333333333333333
30,27,0.53333333333333333
30,28,0.39999999999999997
30,29,0.53333333333333333
30,30,0.53333333333333333
30,31,0.59999999999999998
30,32,0.46666666666666662
30,33,0.33333333333333331
30,34,0.39999999999999997
30,35,0.33333333333333331
30,36,0.46666666666666662
30,37,0.59999999999999998
30,38,0.46666666666666662
30,39,0.66666666666666663
30,40,0.59999999999999998
30,41,0.59999999999999998
30,42,0.26666666666666666
30,43,0.066666666666666666
30,44,0.066666666666666666
30,45,0.13333333333333333
30,46,0.066666666666666666
30,47,0.066666666666666666
30,88,0.066666666666666666
30,89,0.066666666666666666
30,90,0.13333333333333333
30,91,0.066666666666666666
30,92,0.066666666666666666
30,95,0.066666666666666666
30,96,0.066666666666666666
30,97,0.066666666666666666
30,110,0.13333333333333333
30,111,0.20000000000000004
30,112,0.20000000000000004
30,113,0.066666666666666666
30,122,0.066666666666666666
30,123,0.066666666666666666
30,124,0.066666666666666666
30,125,0.066666666666666666
30,126,0.20000000000000004
30,127,0.20000000000000004
30,128,0.13333333333333333
30,132,0.13333333333333333
30,133,0.13333333333333333
30,134,0.26666666666666666
30,135,0.13333333333333333
30,136,0.33333333333333331
30,137,0.33333333333333331
30,138,0.53333333333333333
30,139,0.39999999999999997
30,140,0.40000000000000008
30,141,0.40000000000000008
30,142,0.33333333333333331
30,143,0.26666666666666666
30,144,0.20000000000000004
30,145,0.40000000000000008
30,146,0.39999999999999997
30,147,0.26666666666666666
30,148,0.20000000000000004
30,149,0.13333333333333333
30,150,0.20000000000000004
30,151,0.066666666666666666
30,152,0.13333333333333333
30,153,0.26666666666666666
30,154,0.53333333333333333
30,155,0.46666666666666662
30,156,0.26666666666666666
30,157,0.13333333333333333
30,158,0.20000000000000004
30,159,0.20000000000000004
30,160,0.13333333333333333
30,161,0.13333333333333333
30,162,0.13333333333333333
30,163,0.13333333333333333
30,164,0.20000000000000004
30,165,0.20000000000000004
30,166,0.13333333333333333
30,167,0.13333333333333333
30,168,0.26666666666666666
30,169,0.26666666666666666
30,170,0.20000000000000004
30,171,0.13333333333333333
30,172,0.20000000000000004
30,173,0.13333333333333333
30,174,0.066666666666666666
30,190,0.066666666666666666
30,191,0.10000000000000001
31,7,0.066666666666666666
31,8,0.066666666666666666
31,9,0.066666666666666666
31,12,0.066666666666666666
31,13,0.066666666666666666
31,14,0.066666666666666666
31,15,0.13333333333333333
31,16,0.20000000000000004
31,17,0.26666666666666666
31,18,0.26666666666666666
31,19,0.33333333333333331
31,20,0.26666666666666666
31,21,0.26666666666666666
31,22,0.26666666666666666
31,23,0.46666666666666662
31,24,0.53333333333333333
31,25,0.59999999999999998
31,26,0.66666666666666663
31,27,0.59999999999999998
31,28,0.60000000000000009
31,29,0.53333333333333333
31,30,0.66666666666666663
31,31,0.66666666666666663
31,32,0.53333333333333333
31,33,0.33333333333333331
31,34,0.26666666666666666
31,35,0.33333333333333331
31,36,0.53333333333333333
31,37,0.73333333333333339
31,38,0.66666666666666663
31,39,0.66666666666666663
31,40,0.53333333333333333
31,41,0.46666666666666662
31,42,0.19999999999999998
31,43,0.066666666666666666
31,44,0.066666666666666666
31,45,0.13333333333333333
31,46,0.066666666666666666
31,47,0.13333333333333333
31,48,0.066666666666666666
31,49,0.066666666666666666
31,59,0.066666666666666666
31,60,0.066666666666666666
31,61,0.066666666666666666
31,65,0.066666666666666666
31,66,0.066666666666666666
31,67,0.066666666666666666
31,72,0.066666666666666666
31,73,0.13333333333333333
31,74,0.13333333333333333
31,75,0.066666666666666666
31,88,0.066666666666666666
31,89,0.066666666666666666
31,90,0.13333333333333333
31,91,0.066666666666666666
31,92,0.066666666666666666
31,95,0.066666666666666666
31,96,0.066666666666666666
31,97,0.066666666666666666
31,102,0.066666666666666666
31,103,0.066666666666666666
31,104,0.066666666666666666
31,109,0.066666666666666666
31,110,0.13333333333333333
31,111,0.20000000000000004
31,112,0.13333333333333333
31,113,0.066666666666666666
31,115,0.066666666666666666
31,116,0.066666666666666666
31,117,0.13333333333333333
31,118,0.066666666666666666
31,119,0.066666666666666666
31,122,0.066666666666666666
31,123,0.20000000000000004
31,124,0.26666666666666666
31,125,0.26666666666666666
31,126,0.20000000000000004
31,127,0.13333333333333333
31,128,0.066666666666666666
31,132,0.13333333333333333
31,133,0.13333333333333333
31,134,0.20000000000000004
31,135,0.066666666666666666
31,136,0.26666666666666666
31,137,0.39999999999999997
31,138,0.66666666666666663
31,139,0.53333333333333333
31,140,0.53333333333333333
31,141,0.46666666666666662
31,142,0.39999999999999997
31,143,0.33333333333333331
31,144,0.26666666666666666
31,145,0.53333333333333333
31,146,0.46666666666666673
31,147,0.33333333333333331
31,148,0.26666666666666666
31,149,0.19999999999999998
31,150,0.26666666666666666
31,151,0.066666666666666666
31,152,0.13333333333333333
31,153,0.46666666666666662
31,154,0.59999999999999998
31,155,0.66666666666666663
31,156,0.40000000000000008
31,157,0.40000000000000008
31,158,0.33333333333333331
31,159,0.20000000000000004
31,160,0.20000000000000004
31,161,0.13333333333333333
31,162,0.13333333333333333
31,163,0.13333333333333333
31,164,0.20000000000000004
31,165,0.20000000000000004
31,166,0.13333333333333333
31,167,0.26666666666666666
31,168,0.40000000000000008
31,169,0.33333333333333331
31,170,0.20000000000000004
31,171,0.13333333333333333
31,172,0.13333333333333333
31,173,0.066666666666666666
31,188,0.066666666666666666
31,189,0.066666666666666666
31,190,0.20000000000000004
31,191,0.20000000000000001
32,0,0.10000000000000001
32,1,0.13333333333333333
32,2,0.13333333333333333
32,3,0.066666666666666666
32,5,0.13333333333333333
32,6,0.13333333333333333
32,7,0.13333333333333333
32,8,0.066666666666666666
32,9,0.066666666666666666
32,10,0.13333333333333333
32,11,0.066666666666666666
32,12,0.20000000000000004
32,13,0.13333333333333333
32,14,0.26666666666666666
32,15,0.46666666666666662
32,16,0.66666666666666663
32,17,0.66666666666666663
32,18,0.59999999999999998
32,19,0.53333333333333333
32,20,0.53333333333333333
32,21,0.46666666666666662
32,22,0.39999999999999997
32,23,0.33333333333333331
32,24,0.33333333333333331
32,25,0.33333333333333331
32,26,0.33333333333333331
32,27,0.20000000000000004
32,28,0.20000000000000004
32,29,0.33333333333333331
32,30,0.40000000000000008
32,31,0.53333333333333333
32,32,0.39999999999999997
32,33,0.40000000000000008
32,34,0.20000000000000004
32,35,0.13333333333333333
32,36,0.19999999999999998
32,37,0.33333333333333331
32,38,0.33333333333333331
32,39,0.20000000000000004
32,40,0.33333333333333331
32,41,0.39999999999999997
32,42,0.46666666666666662
32,43,0.26666666666666666
32,44,0.40000000000000008
32,45,0.26666666666666666
32,46,0.39999999999999997
32,47,0.19999999999999998
32,48,0.26666666666666666
32,49,0.066666666666666666
32,50,0.13333333333333333
32,51,0.20000000000000004
32,52,0.20000000000000004
32,53,0.20000000000000004
32,54,0.13333333333333333
32,55,0.13333333333333333
32,56,0.13333333333333333
32,57,0.13333333333333333
32,58,0.13333333333333333
32,59,0.066666666666666666
32,61,0.13333333333333333
32,62,0.13333333333333333
32,63,0.20000000000000004
32,64,0.066666666666666666
32,65,0.066666666666666666
32,66,0.13333333333333333
32,67,0.20000000000000004
32,68,0.20000000000000004
32,69,0.066666666666666666
32,71,0.066666666666666666
32,72,0.066666666666666666
32,73,0.13333333333333333
32,74,0.13333333333333333
32,75,0.13333333333333333
32,76,0.066666666666666666
32,77,0.066666666666666666
32,78,0.13333333333333333
32,79,0.13333333333333333
32,80,0.13333333333333333
32,81,0.13333333333333333
32,82,0.13333333333333333
32,83,0.066666666666666666
32,84,0.19999999999999998
32,85,0.19999999999999998
32,86,0.19999999999999998
32,87,0.066666666666666666
32,88,0.066666666666666666
32,89,0.13333333333333333
32,90,0.066666666666666666
32,91,0.13333333333333333
32,92,0.066666666666666666
32,93,0.13333333333333333
32,94,0.13333333333333333
32,95,0.20000000000000004
32,96,0.20000000000000004
32,97,0.13333333333333333
32,98,0.13333333333333333
32,99,0.066666666666666666
32,100,0.066666666666666666
32,104,0.066666666666666666
32,105,0.20000000000000004
32,106,0.26666666666666666
32,107,0.20000000000000004
32,108,0.066666666666666666
32,109,0.066666666666666666
32,110,0.20000000000000004
32,111,0.26666666666666666
32,112,0.33333333333333331
32,113,0.20000000000000004
32,114,0.13333333333333333
32,119,0.13333333333333333
32,120,0.13333333333333333
32,121,0.13333333333333333
32,124,0.46666666666666662
32,125,0.59999999999999998
32,126,0.66666666666666663
32,127,0.40000000000000008
32,128,0.33333333333333331
32,129,0.33333333333333331
32,130,0.26666666666666666
32,131,0.26666666666666666
32,132,0.46666666666666673
32,133,0.46666666666666662
32,134,0.60000000000000009
32,135,0.33333333333333331
32,136,0.39999999999999997
32,137,0.26666666666666666
32,138,0.40000000000000008
32,139,0.40000000000000008
32,140,0.33333333333333331
32,141,0.19999999999999998
32,142,0.066666666666666666
32,143,0.066666666666666666
32,144,0.13333333333333333
32,145,0.13333333333333333
32,146,0.46666666666666662
32,147,0.59999999999999998
32,148,0.80000000000000016
32,149,0.53333333333333333
32,150,0.33333333333333331
32,151,0.13333333333333333
32,152,0.20000000000000004
32,153,0.40000000000000008
32,154,0.33333333333333331
32,155,0.19999999999999998
32,156,0.066666666666666666
32,157,0.26666666666666666
32,158,0.46666666666666662
32,159,0.66666666666666663
32,160,0.59999999999999998
32,161,0.40000000000000008
32,162,0.13333333333333333
32,163,0.26666666666666666
32,164,0.40000000000000008
32,165,0.53333333333333333
32,166,0.40000000000000008
32,167,0.40000000000000008
32,168,0.53333333333333333
32,169,0.46666666666666673
32,170,0.33333333333333331
32,171,0.13333333333333333
32,172,0.066666666666666666
32,173,0.13333333333333333
32,174,0.20000000000000004
32,175,0.26666666666666666
32,176,0.26666666666666666
32,177,0.26666666666666666
32,178,0.33333333333333331
32,179,0.26666666666666666
32,180,0.20000000000000004
32,181,0.13333333333333333
32,182,0.13333333333333333
32,183,0.13333333333333333
32,184,0.066666666666666666
32,185,0.066666666666666666
32,186,0.066666666666666666
32,187,0.13333333333333333
32,188,0.20000000000000004
32,189,0.13333333333333333
32,190,0.066666666666666666
33,1,0.066666666666666666
33,2,0.066666666666666666
33,3,0.066666666666666666
33,13,0.066666666666666666
33,14,0.066666666666666666
33,15,0.20000000000000004
33,16,0.13333333333333333
33,17,0.13333333333333333
33,18,0.066666666666666666
33,19,0.066666666666666666
33,20,0.13333333333333333
33,21,0.20000000000000004
33,22,0.20000000000000004
33,23,0.20000000000000004
33,24,0.20000000000000004
33,25,0.20000000000000004
33,26,0.20000000000000004
33,27,0.066666666666666666
33,28,0.13333333333333333
33,29,0.26666666666666666
33,30,0.33333333333333331
33,31,0.26666666666666666
33,32,0.13333333333333333
33,33,0.20000000000000004
33,34,0.20000000000000004
33,35,0.13333333333333333
33,36,0.066666666666666666
33,37,0.13333333333333333
33,38,0.13333333333333333
33,39,0.066666666666666666
33,40,0.13333333333333333
33,41,0.13333333333333333
33,42,0.20000000000000004
33,43,0.13333333333333333
33,44,0.20000000000000004
33,45,0.13333333333333333
33,46,0.13333333333333333
33,47,0.13333333333333333
33,48,0.13333333333333333
33,49,0.066666666666666666
33,54,0.066666666666666666
33,55,0.066666666666666666
33,56,0.066666666666666666
33,61,0.066666666666666666
33,62,0.13333333333333333
33,63,0.13333333333333333
33,64,0.066666666666666666
33,66,0.066666666666666666
33,67,0.066666666666666666
33,68,0.066666666666666666
33,71,0.066666666666666666
33,72,0.066666666666666666
33,73,0.066666666666666666
33,80,0.066666666666666666
33,81,0.13333333333333333
33,82,0.13333333333333333
33,83,0.066666666666666666
33,84,0.13333333333333333
33,85,0.13333333333333333
33,86,0.13333333333333333
33,96,0.066666666666666666
33,97,0.066666666666666666
33,98,0.066666666666666666
33,105,0.066666666666666666
33,106,0.066666666666666666
33,107,0.066666666666666666
33,110,0.13333333333333333
33,111,0.20000000000000004
33,112,0.20000000000000004
33,113,0.066666666666666666
33,119,0.13333333333333333
33,120,0.13333333333333333
33,121,0.13333333333333333
33,124,0.19999999999999998
33,125,0.19999999999999998
33,126,0.19999999999999998
33,127,0.066666666666666666
33,128,0.066666666666666666
33,129,0.066666666666666666
33,131,0.066666666666666666
33,132,0.26666666666666666
33,133,0.33333333333333331
33,134,0.33333333333333331
33,135,0.13333333333333333
33,136,0.13333333333333333
33,137,0.066666666666666666
33,138,0.066666666666666666
33,139,0.066666666666666666
33,140,0.066666666666666666
33,141,0.066666666666666666
33,142,0.066666666666666666
33,143,0.066666666666666666
33,144,0.066666666666666666
33,145,0.066666666666666666
33,146,0.26666666666666666
33,147,0.40000000000000008
33,148,0.33333333333333331
33,149,0.20000000000000004
33,150,0.066666666666666666
33,151,0.066666666666666666
33,153,0.13333333333333333
33,154,0.13333333333333333
33,155,0.13333333333333333
33,157,0.066666666666666666
33,158,0.20000000000000004
33,159,0.26666666666666666
33,160,0.40000000000000008
33,161,0.26666666666666666
33,162,0.19999999999999998
33,166,0.066666666666666666
33,167,0.13333333333333333
33,168,0.40000000000000008
33,169,0.33333333333333331
33,170,0.26666666666666666
33,173,0.066666666666666666
33,174,0.066666666666666666
33,175,0.066666666666666666
33,180,0.066666666666666666
33,181,0.066666666666666666
33,182,0.066666666666666666
33,183,0.066666666666666666
33,184,0.066666666666666666
33,185,0.066666666666666666
33,186,0.066666666666666666
33,187,0.066666666666666666
33,188,0.066666666666666666
34,15,0.066666666666666666
34,16,0.066666666666666666
34,17,0.13333333333333333
34,18,0.13333333333333333
34,19,0.20000000000000004
34,20,0.13333333333333333
34,21,0.066666666666666666
34,23,0.13333333333333333
34,24,0.20000000000000004
34,25,0.20000000000000004
34,26,0.066666666666666666
34,27,0.066666666666666666
34,28,0.13333333333333333
34,29,0.20000000000000004
34,30,0.20000000000000004
34,31,0.13333333333333333
34,32,0.066666666666666666
34,33,0.13333333333333333
34,34,0.13333333333333333
34,35,0.13333333333333333
34,36,0.066666666666666666
34,37,0.066666666666666666
34,38,0.066666666666666666
34,40,0.066666666666666666
34,41,0.066666666666666666
34,42,0.066666666666666666
34,47,0.066666666666666666
34,48,0.066666666666666666
34,49,0.066666666666666666
34,84,0.066666666666666666
34,85,0.066666666666666666
34,86,0.066666666666666666
34,88,0.066666666666666666
34,89,0.066666666666666666
34,90,0.066666666666666666
34,97,0.066666666666666666
34,98,0.066666666666666666
34,99,0.066666666666666666
34,111,0.066666666666666666
34,112,0.066666666666666666
34,113,0.066666666666666666
34,124,0.066666666666666666
34,125,0.066666666666666666
34,126,0.066666666666666666
34,132,0.066666666666666666
34,133,0.13333333333333333
34,134,0.13333333333333333
34,135,0.066666666666666666
34,142,0.066666666666666666
34,143,0.066666666666666666
34,144,0.066666666666666666
34,145,0.066666666666666666
34,146,0.13333333333333333
34,147,0.20000000000000004
34,148,0.13333333333333333
34,149,0.066666666666666666
34,153,0.066666666666666666
34,154,0.066666666666666666
34,155,0.066666666666666666
34,156,0.066666666666666666
34,157,0.066666666666666666
34,158,0.066666666666666666
34,160,0.066666666666666666
34,161,0.066666666666666666
34,162,0.066666666666666666
34,163,0.13333333333333333
34,164,0.13333333333333333
34,165,0.13333333333333333
34,188,0.066666666666666666
34,189,0.066666666666666666
34,190,0.066666666666666666
35,6,0.066666666666666666
35,7,0.066666666666666666
35,8,0.066666666666666666
35,17,0.066666666666666666
35,18,0.066666666666666666
35,19,0.13333333333333333
35,20,0.066666666666666666
35,21,0.066666666666666666
35,23,0.066666666666666666
35,24,0.13333333333333333
35,25,0.13333333333333333
35,26,0.066666666666666666
35,27,0.066666666666666666
35,28,0.13333333333333333
35,29,0.13333333333333333
35,30,0.13333333333333333
35,31,0.066666666666666666
35,32,0.066666666666666666
35,36,0.066666666666666666
35,37,0.066666666666666666
35,38,0.066666666666666666
35,40,0.066666666666666666
35,41,0.066666666666666666
35,42,0.066666666666666666
35,47,0.13333333333333333
35,48,0.13333333333333333
35,49,0.13333333333333333
35,56,0.066666666666666666
35,57,0.066666666666666666
35,58,0.066666666666666666
35,63,0.066666666666666666
35,64,0.066666666666666666
35,65,0.066666666666666666
35,71,0.066666666666666666
35,72,0.066666666666666666
35,73,0.066666666666666666
35,88,0.13333333333333333
35,89,0.13333333333333333
35,90,0.13333333333333333
35,97,0.066666666666666666
35,98,0.066666666666666666
35,99,0.066666666666666666
35,136,0.066666666666666666
35,137,0.13333333333333333
35,138,0.13333333333333333
35,139,0.066666666666666666
35,142,0.066666666666666666
35,143,0.066666666666666666
35,144,0.066666666666666666
35,158,0.066666666666666666
35,159,0.066666666666666666
35,160,0.13333333333333333
35,161,0.066666666666666666
35,162,0.066666666666666666
35,163,0.13333333333333333
35,164,0.13333333333333333
35,165,0.20000000000000004
35,166,0.066666666666666666
35,167,0.066666666666666666
35,174,0.066666666666666666
35,175,0.066666666666666666
35,176,0.066666666666666666
35,188,0.066666666666666666
35,189,0.066666666666666666
35,190,0.066666666666666666
36,7,0.13333333333333333
36,8,0.13333333333333333
36,9,0.13333333333333333
36,11,0.066666666666666666
36,12,0.066666666666666666
36,13,0.13333333333333333
36,14,0.13333333333333333
36,15,0.20000000000000004
36,16,0.13333333333333333
36,17,0.066666666666666666
36,21,0.066666666666666666
36,22,0.066666666666666666
36,23,0.066666666666666666
36,27,0.19999999999999998
36,28,0.46666666666666662
36,29,0.53333333333333333
36,30,0.39999999999999997
36,31,0.13333333333333333
36,32,0.20000000000000004
36,33,0.20000000000000004
36,34,0.20000000000000004
36,35,0.20000000000000004
36,36,0.13333333333333333
36,37,0.13333333333333333
36,40,0.066666666666666666
36,41,0.13333333333333333
36,42,0.20000000000000004
36,43,0.13333333333333333
36,44,0.066666666666666666
36,45,0.066666666666666666
36,46,0.066666666666666666
36,47,0.066666666666666666
36,48,0.066666666666666666
36,49,0.13333333333333333
36,50,0.13333333333333333
36,51,0.066666666666666666
36,52,0.066666666666666666
36,53,0.066666666666666666
36,54,0.066666666666666666
36,67,0.19999999999999998
36,68,0.19999999999999998
36,69,0.19999999999999998
36,98,0.066666666666666666
36,99,0.066666666666666666
36,100,0.066666666666666666
36,114,0.066666666666666666
36,115,0.066666666666666666
36,116,0.066666666666666666
36,129,0.066666666666666666
36,130,0.066666666666666666
36,131,0.066666666666666666
36,133,0.13333333333333333
36,134,0.13333333333333333
36,135,0.13333333333333333
36,140,0.066666666666666666
36,141,0.066666666666666666
36,142,0.26666666666666666
36,143,0.26666666666666666
36,144,0.40000000000000008
36,145,0.26666666666666666
36,146,0.20000000000000004
36,147,0.066666666666666666
36,148,0.066666666666666666
36,149,0.066666666666666666
36,150,0.20000000000000004
36,151,0.26666666666666666
36,152,0.26666666666666666
36,153,0.26666666666666666
36,154,0.20000000000000004
36,155,0.33333333333333331
36,156,0.20000000000000004
36,157,0.20000000000000004
36,158,0.13333333333333333
36,159,0.26666666666666666
36,160,0.26666666666666666
36,161,0.20000000000000004
36,162,0.13333333333333333
36,163,0.066666666666666666
36,164,0.066666666666666666
36,167,0.066666666666666666
36,168,0.13333333333333333
36,169,0.13333333333333333
36,170,0.13333333333333333
36,171,0.20000000000000004
36,172,0.20000000000000004
36,173,0.13333333333333333
36,175,0.066666666666666666
36,176,0.066666666666666666
36,177,0.066666666666666666
36,178,0.066666666666666666
36,179,0.066666666666666666
36,180,0.066666666666666666
37,2,0.066666666666666666
37,3,0.066666666666666666
37,4,0.066666666666666666
37,8,0.066666666666666666
37,9,0.066666666666666666
37,10,0.066666666666666666
37,12,0.066666666666666666
37,13,0.066666666666666666
37,14,0.066666666666666666
37,15,0.066666666666666666
37,16,0.066666666666666666
37,17,0.13333333333333333
37,18,0.066666666666666666
37,19,0.20000000000000004
37,20,0.13333333333333333
37,21,0.13333333333333333
37,26,0.066666666666666666
37,27,0.33333333333333331
37,28,0.73333333333333339
37,29,0.79999999999999993
37,30,0.59999999999999998
37,31,0.40000000000000008
37,32,0.40000000000000008
37,33,0.46666666666666662
37,34,0.33333333333333331
37,35,0.40000000000000008
37,36,0.33333333333333331
37,37,0.26666666666666666
37,38,0.066666666666666666
37,39,0.066666666666666666
37,40,0.13333333333333333
37,41,0.20000000000000004
37,42,0.13333333333333333
37,43,0.066666666666666666
37,47,0.066666666666666666
37,48,0.066666666666666666
37,49,0.066666666666666666
37,54,0.066666666666666666
37,55,0.066666666666666666
37,56,0.066666666666666666
37,79,0.066666666666666666
37,80,0.066666666666666666
37,81,0.066666666666666666
37,82,0.066666666666666666
37,83,0.066666666666666666
37,84,0.066666666666666666
37,85,0.066666666666666666
37,86,0.066666666666666666
37,87,0.066666666666666666
37,104,0.066666666666666666
37,105,0.066666666666666666
37,106,0.066666666666666666
37,110,0.066666666666666666
37,111,0.066666666666666666
37,112,0.066666666666666666
37,133,0.066666666666666666
37,134,0.13333333333333333
37,135,0.13333333333333333
37,136,0.066666666666666666
37,140,0.066666666666666666
37,141,0.066666666666666666
37,142,0.066666666666666666
37,144,0.066666666666666666
37,145,0.13333333333333333
37,146,0.20000000000000004
37,147,0.13333333333333333
37,148,0.13333333333333333
37,149,0.066666666666666666
37,150,0.13333333333333333
37,151,0.13333333333333333
37,152,0.13333333333333333
37,153,0.20000000000000004
37,154,0.26666666666666666
37,155,0.33333333333333331
37,156,0.26666666666666666
37,157,0.26666666666666666
37,158,0.20000000000000004
37,159,0.20000000000000004
37,160,0.066666666666666666
37,161,0.066666666666666666
37,168,0.066666666666666666
37,169,0.066666666666666666
37,170,0.066666666666666666
37,171,0.066666666666666666
37,172,0.066666666666666666
37,173,0.066666666666666666
38,0,0.10000000000000001
38,1,0.066666666666666666
38,2,0.066666666666666666
38,3,0.066666666666666666
38,4,0.066666666666666666
38,12,0.066666666666666666
38,13,0.066666666666666666
38,14,0.066666666666666666
38,15,0.13333333333333333
38,16,0.13333333333333333
38,17,0.20000000000000004
38,18,0.066666666666666666
38,19,0.20000000000000004
38,20,0.20000000000000004
38,21,0.20000000000000004
38,22,0.13333333333333333
38,23,0.066666666666666666
38,24,0.066666666666666666
38,27,0.13333333333333333
38,28,0.46666666666666662
38,29,0.59999999999999998
38,30,0.46666666666666662
38,31,0.13333333333333333
38,32,0.19999999999999998
38,33,0.19999999999999998
38,34,0.26666666666666666
38,35,0.20000000000000004
38,36,0.33333333333333331
38,37,0.26666666666666666
38,38,0.13333333333333333
38,39,0.13333333333333333
38,40,0.20000000000000004
38,41,0.20000000000000004
38,42,0.13333333333333333
38,43,0.13333333333333333
38,44,0.13333333333333333
38,45,0.066666666666666666
38,47,0.066666666666666666
38,48,0.066666666666666666
38,49,0.066666666666666666
38,50,0.066666666666666666
38,51,0.066666666666666666
38,52,0.066666666666666666
38,54,0.066666666666666666
38,55,0.066666666666666666
38,56,0.13333333333333333
38,57,0.066666666666666666
38,58,0.13333333333333333
38,59,0.066666666666666666
38,60,0.066666666666666666
38,63,0.066666666666666666
38,64,0.13333333333333333
38,65,0.20000000000000004
38,66,0.20000000000000004
38,67,0.26666666666666666
38,68,0.20000000000000004
38,69,0.13333333333333333
38,71,0.066666666666666666
38,72,0.13333333333333333
38,73,0.13333333333333333
38,74,0.066666666666666666
38,83,0.066666666666666666
38,84,0.066666666666666666
38,85,0.13333333333333333
38,86,0.066666666666666666
38,87,0.066666666666666666
38,91,0.066666666666666666
38,92,0.066666666666666666
38,93,0.066666666666666666
38,101,0.066666666666666666
38,102,0.20000000000000004
38,103,0.26666666666666666
38,104,0.20000000000000004
38,105,0.066666666666666666
38,113,0.066666666666666666
38,114,0.13333333333333333
38,115,0.13333333333333333
38,116,0.066666666666666666
38,128,0.066666666666666666
38,129,0.13333333333333333
38,130,0.13333333333333333
38,131,0.066666666666666666
38,132,0.066666666666666666
38,133,0.13333333333333333
38,134,0.20000000000000004
38,135,0.20000000000000004
38,136,0.13333333333333333
38,137,0.066666666666666666
38,140,0.066666666666666666
38,141,0.13333333333333333
38,142,0.20000000000000004
38,143,0.13333333333333333
38,144,0.13333333333333333
38,145,0.13333333333333333
38,146,0.20000000000000004
38,147,0.20000000000000004
38,148,0.20000000000000004
38,149,0.13333333333333333
38,150,0.13333333333333333
38,151,0.20000000000000004
38,152,0.26666666666666666
38,153,0.33333333333333331
38,154,0.33333333333333331
38,155,0.46666666666666662
38,156,0.46666666666666662
38,157,0.39999999999999997
38,158,0.26666666666666666
38,159,0.26666666666666666
38,160,0.26666666666666666
38,161,0.20000000000000004
38,162,0.13333333333333333
38,163,0.066666666666666666
38,164,0.066666666666666666
38,168,0.066666666666666666
38,169,0.066666666666666666
38,170,0.066666666666666666
38,175,0.13333333333333333
38,176,0.20000000000000004
38,177,0.20000000000000004
38,178,0.066666666666666666
38,184,0.066666666666666666
38,185,0.066666666666666666
38,186,0.066666666666666666
38,188,0.066666666666666666
38,189,0.066666666666666666
38,190,0.066666666666666666
39,0,0.30000000000000004
39,1,0.20000000000000004
39,2,0.13333333333333333
39,3,0.066666666666666666
39,4,0.066666666666666666
39,8,0.066666666666666666
39,9,0.066666666666666666
39,10,0.066666666666666666
39,12,0.066666666666666666
39,13,0.066666666666666666
39,14,0.066666666666666666
39,15,0.13333333333333333
39,16,0.13333333333333333
39,17,0.20000000000000004
39,18,0.13333333333333333
39,19,0.40000000000000008
39,20,0.46666666666666662
39,21,0.40000000000000008
39,22,0.20000000000000004
39,23,0.066666666666666666
39,24,0.13333333333333333
39,25,0.066666666666666666
39,26,0.066666666666666666
39,27,0.19999999999999998
39,28,0.59999999999999998
39,29,0.73333333333333328
39,30,0.66666666666666663
39,31,0.33333333333333331
39,32,0.40000000000000008
39,33,0.26666666666666666
39,34,0.26666666666666666
39,35,0.20000000000000004
39,36,0.40000000000000008
39,37,0.33333333333333331
39,38,0.19999999999999998
39,39,0.19999999999999998
39,40,0.26666666666666666
39,41,0.26666666666666666
39,42,0.20000000000000004
39,43,0.20000000000000004
39,44,0.20000000000000004
39,45,0.066666666666666666
39,48,0.066666666666666666
39,49,0.066666666666666666
39,50,0.20000000000000004
39,51,0.13333333333333333
39,52,0.20000000000000004
39,53,0.066666666666666666
39,54,0.13333333333333333
39,55,0.066666666666666666
39,56,0.13333333333333333
39,57,0.13333333333333333
39,58,0.33333333333333331
39,59,0.33333333333333331
39,60,0.26666666666666666
39,61,0.066666666666666666
39,62,0.13333333333333333
39,63,0.26666666666666666
39,64,0.33333333333333331
39,65,0.33333333333333331
39,66,0.33333333333333331
39,67,0.40000000000000008
39,68,0.33333333333333331
39,69,0.20000000000000004
39,70,0.066666666666666666
39,71,0.19999999999999998
39,72,0.33333333333333331
39,73,0.33333333333333331
39,74,0.20000000000000004
39,75,0.066666666666666666
39,76,0.066666666666666666
39,78,0.066666666666666666
39,79,0.066666666666666666
39,80,0.066666666666666666
39,83,0.066666666666666666
39,84,0.13333333333333333
39,85,0.20000000000000004
39,86,0.13333333333333333
39,87,0.066666666666666666
39,92,0.13333333333333333
39,93,0.13333333333333333
39,94,0.33333333333333331
39,95,0.26666666666666666
39,96,0.33333333333333331
39,97,0.26666666666666666
39,98,0.20000000000000004
39,99,0.13333333333333333
39,101,0.066666666666666666
39,102,0.33333333333333331
39,103,0.46666666666666662
39,104,0.40000000000000008
39,105,0.13333333333333333
39,113,0.066666666666666666
39,114,0.26666666666666666
39,115,0.33333333333333331
39,116,0.26666666666666666
39,117,0.066666666666666666
39,121,0.13333333333333333
39,122,0.13333333333333333
39,123,0.20000000000000004
39,124,0.066666666666666666
39,125,0.066666666666666666
39,128,0.066666666666666666
39,129,0.13333333333333333
39,130,0.26666666666666666
39,131,0.26666666666666666
39,132,0.26666666666666666
39,133,0.20000000000000004
39,134,0.20000000000000004
39,135,0.20000000000000004
39,136,0.13333333333333333
39,137,0.066666666666666666
39,140,0.066666666666666666
39,141,0.13333333333333333
39,142,0.20000000000000004
39,143,0.13333333333333333
39,144,0.13333333333333333
39,145,0.13333333333333333
39,146,0.20000000000000004
39,147,0.20000000000000004
39,148,0.20000000000000004
39,149,0.13333333333333333
39,150,0.20000000000000004
39,151,0.26666666666666666
39,152,0.33333333333333331
39,153,0.40000000000000008
39,154,0.40000000000000008
39,155,0.46666666666666662
39,156,0.46666666666666662
39,157,0.46666666666666662
39,158,0.39999999999999997
39,159,0.33333333333333331
39,160,0.26666666666666666
39,161,0.26666666666666666
39,162,0.20000000000000004
39,163,0.13333333333333333
39,164,0.066666666666666666
39,168,0.066666666666666666
39,169,0.066666666666666666
39,170,0.066666666666666666
39,172,0.066666666666666666
39,173,0.066666666666666666
39,174,0.066666666666666666
39,175,0.066666666666666666
39,176,0.26666666666666666
39,177,0.26666666666666666
39,178,0.19999999999999998
39,182,0.066666666666666666
39,183,0.066666666666666666
39,184,0.20000000000000004
39,185,0.13333333333333333
39,186,0.13333333333333333
39,187,0.066666666666666666
39,188,0.13333333333333333
39,189,0.33333333333333331
39,190,0.26666666666666666
39,191,0.29999999999999999
40,1,0.13333333333333333
40,2,0.20000000000000004
40,3,0.20000000000000004
40,4,0.13333333333333333
40,5,0.20000000000000004
40,6,0.26666666666666666
40,7,0.26666666666666666
40,8,0.20000000000000004
40,9,0.13333333333333333
40,10,0.066666666666666666
40,11,0.13333333333333333
40,12,0.26666666666666666
40,13,0.26666666666666666
40,14,0.33333333333333331
40,15,0.39999999999999997
40,16,0.39999999999999997
40,17,0.33333333333333331
40,18,0.26666666666666666
40,19,0.53333333333333333
40,20,0.53333333333333333
40,21,0.46666666666666673
40,22,0.33333333333333331
40,23,0.26666666666666666
40,24,0.46666666666666673
40,25,0.66666666666666663
40,26,0.66666666666666663
40,27,0.66666666666666663
40,28,0.59999999999999998
40,29,0.73333333333333339
40,30,0.79999999999999993
40,31,0.8666666666666667
40,32,1.0666666666666667
40,33,0.8666666666666667
40,34,0.66666666666666663
40,35,0.46666666666666662
40,36,0.73333333333333339
40,37,0.86666666666666659
40,38,0.79999999999999993
40,39,0.60000000000000009
40,40,0.39999999999999997
40,41,0.40000000000000008
40,42,0.26666666666666666
40,43,0.33333333333333331
40,44,0.26666666666666666
40,45,0.20000000000000004
40,46,0.13333333333333333
40,47,0.066666666666666666
40,48,0.13333333333333333
40,49,0.13333333333333333
40,50,0.20000000000000004
40,51,0.13333333333333333
40,52,0.20000000000000004
40,53,0.26666666666666666
40,54,0.33333333333333331
40,55,0.33333333333333331
40,56,0.26666666666666666
40,57,0.20000000000000004
40,58,0.13333333333333333
40,59,0.13333333333333333
40,60,0.13333333333333333
40,61,0.066666666666666666
40,62,0.13333333333333333
40,63,0.13333333333333333
40,64,0.13333333333333333
40,66,0.066666666666666666
40,67,0.066666666666666666
40,68,0.13333333333333333
40,69,0.066666666666666666
40,70,0.066666666666666666
40,71,0.19999999999999998
40,72,0.19999999999999998
40,73,0.19999999999999998
40,78,0.066666666666666666
40,79,0.26666666666666666
40,80,0.26666666666666666
40,81,0.19999999999999998
40,83,0.066666666666666666
40,84,0.13333333333333333
40,85,0.13333333333333333
40,86,0.066666666666666666
40,87,0.066666666666666666
40,88,0.066666666666666666
40,89,0.13333333333333333
40,90,0.066666666666666666
40,91,0.066666666666666666
40,92,0.066666666666666666
40,93,0.066666666666666666
40,94,0.13333333333333333
40,95,0.066666666666666666
40,96,0.066666666666666666
40,97,0.066666666666666666
40,98,0.066666666666666666
40,99,0.066666666666666666
40,100,0.066666666666666666
40,101,0.066666666666666666
40,102,0.26666666666666666
40,103,0.19999999999999998
40,104,0.19999999999999998
40,107,0.066666666666666666
40,108,0.066666666666666666
40,109,0.20000000000000004
40,110,0.13333333333333333
40,111,0.13333333333333333
40,122,0.066666666666666666
40,123,0.066666666666666666
40,124,0.066666666666666666
40,126,0.066666666666666666
40,127,0.13333333333333333
40,128,0.20000000000000004
40,129,0.20000000000000004
40,130,0.26666666666666666
40,131,0.33333333333333331
40,132,0.33333333333333331
40,133,0.26666666666666666
40,134,0.20000000000000004
40,135,0.33333333333333331
40,136,0.26666666666666666
40,137,0.39999999999999997
40,138,0.26666666666666666
40,139,0.40000000000000008
40,140,0.26666666666666666
40,141,0.40000000000000008
40,142,0.40000000000000008
40,143,0.39999999999999997
40,144,0.40000000000000008
40,145,0.40000000000000008
40,146,0.39999999999999997
40,147,0.33333333333333331
40,148,0.46666666666666673
40,149,0.46666666666666673
40,150,0.66666666666666663
40,151,0.59999999999999998
40,152,0.66666666666666663
40,153,0.66666666666666663
40,154,0.53333333333333333
40,155,0.53333333333333333
40,156,0.53333333333333333
40,157,0.59999999999999998
40,158,0.46666666666666662
40,159,0.20000000000000004
40,160,0.20000000000000004
40,161,0.20000000000000004
40,162,0.20000000000000004
40,163,0.20000000000000004
40,164,0.20000000000000004
40,165,0.13333333333333333
40,166,0.066666666666666666
40,167,0.066666666666666666
40,168,0.20000000000000004
40,169,0.13333333333333333
40,170,0.13333333333333333
40,171,0.13333333333333333
40,172,0.26666666666666666
40,173,0.26666666666666666
40,174,0.20000000000000004
40,175,0.13333333333333333
40,176,0.26666666666666666
40,177,0.20000000000000004
40,178,0.20000000000000004
40,179,0.066666666666666666
40,180,0.066666666666666666
40,184,0.066666666666666666
40,185,0.066666666666666666
40,186,0.066666666666666666
40,187,0.13333333333333333
40,188,0.13333333333333333
40,189,0.13333333333333333
41,1,0.066666666666666666
41,2,0.13333333333333333
41,3,0.13333333333333333
41,4,0.066666666666666666
41,7,0.066666666666666666
41,8,0.13333333333333333
41,9,0.13333333333333333
41,10,0.066666666666666666
41,14,0.066666666666666666
41,15,0.26666666666666666
41,16,0.26666666666666666
41,17,0.26666666666666666
41,18,0.13333333333333333
41,19,0.20000000000000004
41,20,0.26666666666666666
41,21,0.20000000000000004
41,22,0.20000000000000004
41,23,0.20000000000000004
41,24,0.20000000000000004
41,25,0.13333333333333333
41,26,0.066666666666666666
41,27,0.46666666666666662
41,28,0.79999999999999993
41,29,0.93333333333333346
41,30,0.80000000000000016
41,31,0.66666666666666663
41,32,0.79999999999999993
41,33,0.66666666666666663
41,34,0.66666666666666663
41,35,0.39999999999999997
41,36,0.46666666666666662
41,37,0.40000000000000008
41,38,0.39999999999999997
41,39,0.26666666666666666
41,40,0.20000000000000004
41,41,0.13333333333333333
41,42,0.20000000000000004
41,43,0.26666666666666666
41,44,0.26666666666666666
41,45,0.13333333333333333
41,47,0.066666666666666666
41,48,0.066666666666666666
41,49,0.066666666666666666
41,50,0.066666666666666666
41,51,0.066666666666666666
41,52,0.066666666666666666
41,53,0.066666666666666666
41,54,0.066666666666666666
41,55,0.066666666666666666
41,56,0.13333333333333333
41,57,0.20000000000000004
41,58,0.26666666666666666
41,59,0.13333333333333333
41,60,0.066666666666666666
41,62,0.066666666666666666
41,63,0.066666666666666666
41,64,0.066666666666666666
41,71,0.13333333333333333
41,72,0.13333333333333333
41,73,0.13333333333333333
41,75,0.066666666666666666
41,76,0.066666666666666666
41,77,0.066666666666666666
41,78,0.066666666666666666
41,79,0.13333333333333333
41,80,0.13333333333333333
41,81,0.066666666666666666
41,87,0.066666666666666666
41,88,0.066666666666666666
41,89,0.066666666666666666
41,92,0.13333333333333333
41,93,0.13333333333333333
41,94,0.13333333333333333
41,102,0.13333333333333333
41,103,0.13333333333333333
41,104,0.13333333333333333
41,123,0.066666666666666666
41,124,0.066666666666666666
41,125,0.13333333333333333
41,126,0.066666666666666666
41,127,0.066666666666666666
41,129,0.066666666666666666
41,130,0.13333333333333333
41,131,0.20000000000000004
41,132,0.13333333333333333
41,133,0.066666666666666666
41,136,0.066666666666666666
41,137,0.13333333333333333
41,138,0.13333333333333333
41,139,0.13333333333333333
41,140,0.13333333333333333
41,141,0.33333333333333331
41,142,0.33333333333333331
41,143,0.33333333333333331
41,144,0.26666666666666666
41,145,0.33333333333333331
41,146,0.40000000000000008
41,147,0.33333333333333331
41,148,0.40000000000000008
41,149,0.26666666666666666
41,150,0.26666666666666666
41,151,0.20000000000000004
41,152,0.26666666666666666
41,153,0.40000000000000008
41,154,0.33333333333333331
41,155,0.40000000000000008
41,156,0.33333333333333331
41,157,0.26666666666666666
41,158,0.20000000000000004
41,159,0.066666666666666666
41,160,0.20000000000000004
41,161,0.13333333333333333
41,162,0.26666666666666666
41,163,0.20000000000000004
41,164,0.20000000000000004
41,165,0.066666666666666666
41,168,0.19999999999999998
41,169,0.26666666666666666
41,170,0.26666666666666666
41,171,0.13333333333333333
41,172,0.066666666666666666
41,173,0.066666666666666666
41,179,0.066666666666666666
41,180,0.066666666666666666
41,181,0.066666666666666666
41,187,0.066666666666666666
41,188,0.066666666666666666
41,189,0.066666666666666666
42,2,0.066666666666666666
42,3,0.066666666666666666
42,4,0.13333333333333333
42,5,0.066666666666666666
42,6,0.066666666666666666
42,8,0.066666666666666666
42,9,0.066666666666666666
42,10,0.066666666666666666
42,14,0.19999999999999998
42,15,0.46666666666666662
42,16,0.59999999999999998
42,17,0.53333333333333333
42,18,0.33333333333333331
42,19,0.46666666666666673
42,20,0.53333333333333333
42,21,0.53333333333333333
42,22,0.40000000000000008
42,23,0.33333333333333331
42,24,0.33333333333333331
42,25,0.26666666666666666
42,26,0.40000000000000008
42,27,0.66666666666666663
42,28,0.93333333333333324
42,29,0.8666666666666667
42,30,0.73333333333333339
42,31,0.79999999999999993
42,32,0.79999999999999993
42,33,0.79999999999999993
42,34,0.53333333333333333
42,35,0.46666666666666662
42,36,0.46666666666666662
42,37,0.66666666666666663
42,38,0.59999999999999998
42,39,0.46666666666666662
42,40,0.20000000000000004
42,41,0.13333333333333333
42,42,0.20000000000000004
42,43,0.26666666666666666
42,44,0.26666666666666666
42,45,0.13333333333333333
42,47,0.13333333333333333
42,48,0.20000000000000004
42,49,0.26666666666666666
42,50,0.20000000000000004
42,51,0.13333333333333333
42,52,0.13333333333333333
42,53,0.066666666666666666
42,54,0.066666666666666666
42,56,0.13333333333333333
42,57,0.20000000000000004
42,58,0.26666666666666666
42,59,0.13333333333333333
42,60,0.066666666666666666
42,62,0.066666666666666666
42,63,0.066666666666666666
42,64,0.066666666666666666
42,71,0.066666666666666666
42,72,0.066666666666666666
42,73,0.066666666666666666
42,75,0.066666666666666666
42,76,0.066666666666666666
42,77,0.066666666666666666
42,87,0.066666666666666666
42,88,0.066666666666666666
42,89,0.066666666666666666
42,92,0.13333333333333333
42,93,0.13333333333333333
42,94,0.13333333333333333
42,96,0.066666666666666666
42,97,0.066666666666666666
42,98,0.13333333333333333
42,99,0.066666666666666666
42,100,0.13333333333333333
42,101,0.066666666666666666
42,102,0.13333333333333333
42,103,0.066666666666666666
42,104,0.066666666666666666
42,107,0.066666666666666666
42,108,0.066666666666666666
42,109,0.066666666666666666
42,112,0.066666666666666666
42,113,0.066666666666666666
42,114,0.066666666666666666
42,122,0.066666666666666666
42,123,0.13333333333333333
42,124,0.20000000000000004
42,125,0.20000000000000004
42,126,0.13333333333333333
42,127,0.066666666666666666
42,129,0.066666666666666666
42,130,0.13333333333333333
42,131,0.26666666666666666
42,132,0.20000000000000004
42,133,0.20000000000000004
42,134,0.066666666666666666
42,135,0.066666666666666666
42,136,0.13333333333333333
42,137,0.20000000000000004
42,138,0.20000000000000004
42,139,0.13333333333333333
42,140,0.33333333333333331
42,141,0.59999999999999998
42,142,0.59999999999999998
42,143,0.39999999999999997
42,144,0.26666666666666666
42,145,0.26666666666666666
42,146,0.26666666666666666
42,147,0.26666666666666666
42,148,0.33333333333333331
42,149,0.46666666666666662
42,150,0.46666666666666662
42,151,0.39999999999999997
42,152,0.33333333333333331
42,153,0.40000000000000008
42,154,0.39999999999999997
42,155,0.33333333333333331
42,156,0.33333333333333331
42,157,0.26666666666666666
42,158,0.39999999999999997
42,159,0.26666666666666666
42,160,0.33333333333333331
42,161,0.13333333333333333
42,162,0.20000000000000004
42,163,0.20000000000000004
42,164,0.20000000000000004
42,165,0.066666666666666666
42,166,0.066666666666666666
42,167,0.13333333333333333
42,168,0.40000000000000008
42,169,0.53333333333333333
42,170,0.46666666666666662
42,171,0.26666666666666666
42,172,0.066666666666666666
42,173,0.066666666666666666
42,174,0.066666666666666666
42,175,0.066666666666666666
42,176,0.066666666666666666
42,178,0.066666666666666666
42,179,0.066666666666666666
42,180,0.066666666666666666
42,181,0.066666666666666666
42,182,0.066666666666666666
42,183,0.066666666666666666
43,1,0.066666666666666666
43,2,0.066666666666666666
43,3,0.066666666666666666
43,4,0.066666666666666666
43,5,0.066666666666666666
43,6,0.13333333333333333
43,7,0.066666666666666666
43,8,0.13333333333333333
43,9,0.13333333333333333
43,10,0.20000000000000004
43,11,0.13333333333333333
43,12,0.066666666666666666
43,14,0.33333333333333331
43,15,0.53333333333333333
43,16,0.59999999999999998
43,17,0.40000000000000008
43,18,0.26666666666666666
43,19,0.46666666666666673
43,20,0.73333333333333339
43,21,0.8666666666666667
43,22,0.73333333333333328
43,23,0.73333333333333339
43,24,0.73333333333333339
43,25,0.79999999999999993
43,26,0.79999999999999993
43,27,1
43,28,1.2
43,29,1.0666666666666667
43,30,1
43,31,1
43,32,0.93333333333333346
43,33,0.86666666666666659
43,34,0.73333333333333339
43,35,0.73333333333333339
43,36,0.59999999999999998
43,37,0.59999999999999998
43,38,0.60000000000000009
43,39,0.53333333333333333
43,40,0.26666666666666666
43,41,0.066666666666666666
43,42,0.13333333333333333
43,43,0.20000000000000004
43,44,0.20000000000000004
43,45,0.13333333333333333
43,46,0.066666666666666666
43,47,0.20000000000000004
43,48,0.20000000000000004
43,49,0.26666666666666666
43,50,0.26666666666666666
43,51,0.20000000000000004
43,52,0.20000000000000004
43,53,0.066666666666666666
43,54,0.066666666666666666
43,56,0.13333333333333333
43,57,0.20000000000000004
43,58,0.26666666666666666
43,59,0.13333333333333333
43,60,0.066666666666666666
43,62,0.066666666666666666
43,63,0.066666666666666666
43,64,0.13333333333333333
43,65,0.066666666666666666
43,66,0.066666666666666666
43,68,0.066666666666666666
43,69,0.13333333333333333
43,70,0.13333333333333333
43,71,0.066666666666666666
43,75,0.066666666666666666
43,76,0.066666666666666666
43,77,0.066666666666666666
43,81,0.066666666666666666
43,82,0.066666666666666666
43,83,0.066666666666666666
43,87,0.066666666666666666
43,88,0.066666666666666666
43,89,0.066666666666666666
43,91,0.066666666666666666
43,92,0.13333333333333333
43,93,0.13333333333333333
43,94,0.13333333333333333
43,95,0.066666666666666666
43,96,0.13333333333333333
43,97,0.066666666666666666
43,98,0.13333333333333333
43,99,0.066666666666666666
43,100,0.13333333333333333
43,101,0.066666666666666666
43,102,0.13333333333333333
43,103,0.066666666666666666
43,104,0.066666666666666666
43,107,0.066666666666666666
43,108,0.066666666666666666
43,109,0.066666666666666666
43,112,0.066666666666666666
43,113,0.066666666666666666
43,114,0.066666666666666666
43,117,0.066666666666666666
43,118,0.066666666666666666
43,119,0.066666666666666666
43,120,0.066666666666666666
43,121,0.066666666666666666
43,122,0.13333333333333333
43,123,0.13333333333333333
43,124,0.20000000000000004
43,125,0.26666666666666666
43,126,0.20000000000000004
43,127,0.13333333333333333
43,128,0.066666666666666666
43,129,0.13333333333333333
43,130,0.20000000000000004
43,131,0.40000000000000008
43,132,0.33333333333333331
43,133,0.33333333333333331
43,134,0.13333333333333333
43,135,0.26666666666666666
43,136,0.40000000000000008
43,137,0.39999999999999997
43,138,0.33333333333333331
43,139,0.20000000000000004
43,140,0.33333333333333331
43,141,0.59999999999999998
43,142,0.66666666666666663
43,143,0.53333333333333333
43,144,0.33333333333333331
43,145,0.40000000000000008
43,146,0.39999999999999997
43,147,0.46666666666666662
43,148,0.40000000000000008
43,149,0.53333333333333333
43,150,0.59999999999999998
43,151,0.59999999999999998
43,152,0.60000000000000009
43,153,0.59999999999999998
43,154,0.66666666666666663
43,155,0.53333333333333333
43,156,0.33333333333333331
43,157,0.13333333333333333
43,158,0.33333333333333331
43,159,0.46666666666666662
43,160,0.53333333333333333
43,161,0.40000000000000008
43,162,0.33333333333333331
43,163,0.26666666666666666
43,164,0.20000000000000004
43,165,0.066666666666666666
43,166,0.20000000000000004
43,167,0.20000000000000004
43,168,0.46666666666666673
43,169,0.53333333333333333
43,170,0.46666666666666662
43,171,0.33333333333333331
43,172,0.20000000000000004
43,173,0.20000000000000004
43,174,0.13333333333333333
43,175,0.13333333333333333
43,176,0.13333333333333333
43,177,0.13333333333333333
43,178,0.39999999999999997
43,179,0.39999999999999997
43,180,0.33333333333333331
43,181,0.066666666666666666
43,182,0.066666666666666666
43,183,0.066666666666666666
43,190,0.066666666666666666
43,191,0.10000000000000001
44,1,0.066666666666666666
44,2,0.13333333333333333
44,3,0.13333333333333333
44,4,0.066666666666666666
44,6,0.19999999999999998
44,7,0.19999999999999998
44,8,0.33333333333333331
44,9,0.13333333333333333
44,10,0.20000000000000004
44,11,0.26666666666666666
44,12,0.26666666666666666
44,13,0.33333333333333331
44,14,0.20000000000000004
44,15,0.40000000000000008
44,16,0.33333333333333331
44,17,0.40000000000000008
44,18,0.40000000000000008
44,19,0.53333333333333333
44,20,0.59999999999999998
44,21,0.46666666666666662
44,22,0.26666666666666666
44,23,0.46666666666666662
44,24,0.46666666666666662
44,25,0.53333333333333333
44,26,0.13333333333333333
44,27,0.33333333333333331
44,28,0.46666666666666662
44,29,0.46666666666666662
44,30,0.33333333333333331
44,31,0.26666666666666666
44,32,0.40000000000000008
44,33,0.46666666666666662
44,34,0.66666666666666663
44,35,0.73333333333333339
44,36,0.73333333333333339
44,37,0.46666666666666662
44,38,0.53333333333333333
44,39,0.46666666666666662
44,40,0.66666666666666663
44,41,0.53333333333333333
44,42,0.60000000000000009
44,43,0.53333333333333333
44,44,0.46666666666666662
44,45,0.40000000000000008
44,46,0.20000000000000004
44,47,0.26666666666666666
44,48,0.33333333333333331
44,49,0.33333333333333331
44,50,0.26666666666666666
44,51,0.13333333333333333
44,52,0.13333333333333333
44,53,0.20000000000000004
44,54,0.20000000000000004
44,55,0.33333333333333331
44,56,0.26666666666666666
44,57,0.26666666666666666
44,58,0.13333333333333333
44,59,0.13333333333333333
44,60,0.066666666666666666
44,61,0.066666666666666666
44,68,0.066666666666666666
44,69,0.066666666666666666
44,70,0.066666666666666666
44,71,0.066666666666666666
44,72,0.066666666666666666
44,73,0.066666666666666666
44,74,0.066666666666666666
44,75,0.13333333333333333
44,76,0.13333333333333333
44,77,0.066666666666666666
44,80,0.066666666666666666
44,81,0.066666666666666666
44,82,0.13333333333333333
44,83,0.20000000000000004
44,84,0.33333333333333331
44,85,0.26666666666666666
44,86,0.13333333333333333
44,87,0.066666666666666666
44,88,0.066666666666666666
44,89,0.066666666666666666
44,91,0.066666666666666666
44,92,0.13333333333333333
44,93,0.20000000000000004
44,94,0.13333333333333333
44,95,0.066666666666666666
44,97,0.066666666666666666
44,98,0.13333333333333333
44,99,0.13333333333333333
44,100,0.20000000000000004
44,101,0.20000000000000004
44,102,0.26666666666666666
44,103,0.13333333333333333
44,104,0.066666666666666666
44,108,0.066666666666666666
44,109,0.066666666666666666
44,110,0.20000000000000004
44,111,0.13333333333333333
44,112,0.13333333333333333
44,116,0.066666666666666666
44,117,0.066666666666666666
44,118,0.066666666666666666
44,120,0.066666666666666666
44,121,0.066666666666666666
44,122,0.066666666666666666
44,123,0.066666666666666666
44,124,0.13333333333333333
44,125,0.13333333333333333
44,126,0.13333333333333333
44,127,0.066666666666666666
44,128,0.066666666666666666
44,129,0.13333333333333333
44,130,0.20000000000000004
44,131,0.26666666666666666
44,132,0.20000000000000004
44,133,0.20000000000000004
44,134,0.13333333333333333
44,135,0.066666666666666666
44,136,0.13333333333333333
44,137,0.13333333333333333
44,138,0.20000000000000004
44,139,0.20000000000000004
44,140,0.40000000000000008
44,141,0.66666666666666663
44,142,0.59999999999999998
44,143,0.39999999999999997
44,144,0.20000000000000004
44,145,0.33333333333333331
44,146,0.53333333333333333
44,147,0.53333333333333333
44,148,0.46666666666666662
44,149,0.33333333333333331
44,150,0.53333333333333333
44,151,0.79999999999999993
44,152,1.0666666666666667
44,153,0.8666666666666667
44,154,0.59999999999999998
44,155,0.33333333333333331
44,156,0.26666666666666666
44,157,0.20000000000000004
44,158,0.26666666666666666
44,159,0.20000000000000004
44,160,0.20000000000000004
44,161,0.13333333333333333
44,162,0.26666666666666666
44,163,0.46666666666666673
44,164,0.40000000000000008
44,165,0.26666666666666666
44,168,0.13333333333333333
44,169,0.33333333333333331
44,170,0.39999999999999997
44,171,0.59999999999999998
44,172,0.59999999999999998
44,173,0.59999999999999998
44,174,0.33333333333333331
44,175,0.33333333333333331
44,176,0.33333333333333331
44,177,0.26666666666666666
44,178,0.20000000000000004
44,179,0.26666666666666666
44,180,0.26666666666666666
44,181,0.20000000000000004
44,182,0.13333333333333333
44,183,0.13333333333333333
44,184,0.33333333333333331
44,185,0.33333333333333331
44,186,0.33333333333333331
44,187,0.13333333333333333
44,188,0.13333333333333333
44,189,0.20000000000000004
44,190,0.20000000000000004
44,191,0.20000000000000001
45,1,0.066666666666666666
45,2,0.066666666666666666
45,3,0.066666666666666666
45,4,0.066666666666666666
45,5,0.066666666666666666
45,6,0.13333333333333333
45,7,0.066666666666666666
45,8,0.13333333333333333
45,9,0.066666666666666666
45,10,0.066666666666666666
45,14,0.066666666666666666
45,15,0.26666666666666666
45,16,0.26666666666666666
45,17,0.26666666666666666
45,18,0.20000000000000004
45,19,0.26666666666666666
45,20,0.26666666666666666
45,21,0.20000000000000004
45,22,0.13333333333333333
45,23,0.26666666666666666
45,24,0.26666666666666666
45,25,0.26666666666666666
45,26,0.066666666666666666
45,27,0.19999999999999998
45,28,0.33333333333333331
45,29,0.33333333333333331
45,30,0.26666666666666666
45,31,0.26666666666666666
45,32,0.33333333333333331
45,33,0.20000000000000004
45,34,0.20000000000000004
45,35,0.20000000000000004
45,36,0.40000000000000008
45,37,0.33333333333333331
45,38,0.33333333333333331
45,39,0.13333333333333333
45,40,0.20000000000000004
45,41,0.13333333333333333
45,42,0.20000000000000004
45,43,0.13333333333333333
45,44,0.13333333333333333
45,45,0.066666666666666666
45,47,0.066666666666666666
45,48,0.13333333333333333
45,49,0.13333333333333333
45,50,0.13333333333333333
45,51,0.066666666666666666
45,52,0.066666666666666666
45,87,0.066666666666666666
45,88,0.066666666666666666
45,89,0.066666666666666666
45,91,0.066666666666666666
45,92,0.066666666666666666
45,93,0.066666666666666666
45,97,0.066666666666666666
45,98,0.066666666666666666
45,99,0.066666666666666666
45,120,0.066666666666666666
45,121,0.066666666666666666
45,122,0.13333333333333333
45,123,0.13333333333333333
45,124,0.13333333333333333
45,125,0.066666666666666666
45,138,0.066666666666666666
45,139,0.066666666666666666
45,140,0.13333333333333333
45,141,0.26666666666666666
45,142,0.26666666666666666
45,143,0.19999999999999998
45,145,0.13333333333333333
45,146,0.13333333333333333
45,147,0.20000000000000004
45,148,0.13333333333333333
45,149,0.13333333333333333
45,150,0.13333333333333333
45,151,0.26666666666666666
45,152,0.40000000000000008
45,153,0.33333333333333331
45,154,0.20000000000000004
45,155,0.066666666666666666
45,156,0.13333333333333333
45,157,0.066666666666666666
45,158,0.13333333333333333
45,159,0.13333333333333333
45,160,0.13333333333333333
45,161,0.066666666666666666
45,162,0.066666666666666666
45,163,0.20000000000000004
45,164,0.20000000000000004
45,165,0.13333333333333333
45,168,0.066666666666666666
45,169,0.20000000000000004
45,170,0.26666666666666666
45,171,0.26666666666666666
45,172,0.13333333333333333
45,173,0.066666666666666666
45,174,0.066666666666666666
45,175,0.13333333333333333
45,176,0.13333333333333333
45,177,0.066666666666666666
45,178,0.066666666666666666
45,179,0.066666666666666666
45,180,0.066666666666666666
46,1,0.066666666666666666
46,2,0.066666666666666666
46,3,0.066666666666666666
46,6,0.066666666666666666
46,7,0.066666666666666666
46,8,0.066666666666666666
46,17,0.066666666666666666
46,18,0.13333333333333333
46,19,0.20000000000000004
46,20,0.13333333333333333
46,21,0.20000000000000004
46,22,0.13333333333333333
46,23,0.33333333333333331
46,24,0.26666666666666666
46,25,0.33333333333333331
46,26,0.13333333333333333
46,27,0.20000000000000004
46,28,0.13333333333333333
46,29,0.13333333333333333
46,30,0.066666666666666666
46,31,0.20000000000000004
46,32,0.26666666666666666
46,33,0.20000000000000004
46,34,0.13333333333333333
46,35,0.066666666666666666
46,36,0.20000000000000004
46,37,0.13333333333333333
46,38,0.20000000000000004
46,39,0.066666666666666666
46,40,0.13333333333333333
46,41,0.066666666666666666
46,42,0.13333333333333333
46,43,0.13333333333333333
46,44,0.13333333333333333
46,45,0.066666666666666666
46,48,0.066666666666666666
46,49,0.066666666666666666
46,50,0.066666666666666666
46,81,0.066666666666666666
46,82,0.13333333333333333
46,83,0.13333333333333333
46,84,0.066666666666666666
46,91,0.066666666666666666
46,92,0.066666666666666666
46,93,0.066666666666666666
46,97,0.066666666666666666
46,98,0.066666666666666666
46,99,0.066666666666666666
46,120,0.066666666666666666
46,121,0.066666666666666666
46,122,0.13333333333333333
46,123,0.13333333333333333
46,124,0.13333333333333333
46,125,0.066666666666666666
46,128,0.066666666666666666
46,129,0.066666666666666666
46,130,0.066666666666666666
46,134,0.066666666666666666
46,135,0.066666666666666666
46,136,0.066666666666666666
46,138,0.066666666666666666
46,139,0.066666666666666666
46,140,0.13333333333333333
46,141,0.20000000000000004
46,142,0.20000000000000004
46,143,0.13333333333333333
46,145,0.066666666666666666
46,146,0.066666666666666666
46,147,0.13333333333333333
46,148,0.066666666666666666
46,149,0.066666666666666666
46,150,0.066666666666666666
46,151,0.26666666666666666
46,152,0.40000000000000008
46,153,0.33333333333333331
46,154,0.26666666666666666
46,155,0.13333333333333333
46,156,0.13333333333333333
46,162,0.066666666666666666
46,163,0.066666666666666666
46,164,0.066666666666666666
46,168,0.066666666666666666
46,169,0.066666666666666666
46,170,0.066666666666666666
47,0,0.10000000000000001
47,1,0.066666666666666666
47,2,0.066666666666666666
47,15,0.066666666666666666
47,16,0.066666666666666666
47,17,0.066666666666666666
47,21,0.066666666666666666
47,22,0.066666666666666666
47,23,0.20000000000000004
47,24,0.20000000000000004
47,25,0.26666666666666666
47,26,0.20000000000000004
47,27,0.20000000000000004
47,28,0.13333333333333333
47,29,0.066666666666666666
47,30,0.066666666666666666
47,31,0.20000000000000004
47,32,0.26666666666666666
47,33,0.20000000000000004
47,34,0.13333333333333333
47,35,0.066666666666666666
47,36,0.066666666666666666
47,38,0.066666666666666666
47,39,0.066666666666666666
47,40,0.13333333333333333
47,41,0.066666666666666666
47,42,0.20000000000000004
47,43,0.20000000000000004
47,44,0.20000000000000004
47,45,0.066666666666666666
47,65,0.066666666666666666
47,66,0.066666666666666666
47,67,0.066666666666666666
47,81,0.066666666666666666
47,82,0.13333333333333333
47,83,0.13333333333333333
47,84,0.066666666666666666
47,90,0.066666666666666666
47,91,0.066666666666666666
47,92,0.13333333333333333
47,93,0.066666666666666666
47,94,0.066666666666666666
47,113,0.066666666666666666
47,114,0.066666666666666666
47,115,0.066666666666666666
47,125,0.066666666666666666
47,126,0.066666666666666666
47,127,0.13333333333333333
47,128,0.13333333333333333
47,129,0.13333333333333333
47,130,0.066666666666666666
47,132,0.066666666666666666
47,133,0.066666666666666666
47,134,0.13333333333333333
47,135,0.066666666666666666
47,136,0.066666666666666666
47,141,0.19999999999999998
47,142,0.19999999999999998
47,143,0.19999999999999998
47,148,0.066666666666666666
47,149,0.066666666666666666
47,150,0.13333333333333333
47,151,0.26666666666666666
47,152,0.33333333333333331
47,153,0.26666666666666666
47,154,0.33333333333333331
47,155,0.26666666666666666
47,156,0.33333333333333331
47,157,0.066666666666666666
47,158,0.066666666666666666
47,163,0.066666666666666666
47,164,0.066666666666666666
47,165,0.066666666666666666
47,173,0.066666666666666666
47,174,0.066666666666666666
47,175,0.066666666666666666
47,188,0.066666666666666666
47,189,0.066666666666666666
47,190,0.066666666666666666
48,27,0.066666666666666666
48,28,0.066666666666666666
48,29,0.066666666666666666
48,32,0.066666666666666666
48,33,0.066666666666666666
48,34,0.066666666666666666
48,40,0.066666666666666666
48,41,0.066666666666666666
48,42,0.066666666666666666
48,70,0.066666666666666666
48,71,0.066666666666666666
48,72,0.066666666666666666
48,77,0.066666666666666666
48,78,0.066666666666666666
48,79,0.066666666666666666
48,82,0.066666666666666666
48,83,0.066666666666666666
48,84,0.066666666666666666
48,89,0.066666666666666666
48,90,0.066666666666666666
48,91,0.066666666666666666
48,94,0.066666666666666666
48,95,0.066666666666666666
48,96,0.066666666666666666
48,111,0.066666666666666666
48,112,0.066666666666666666
48,113,0.066666666666666666
48,142,0.066666666666666666
48,143,0.066666666666666666
48,144,0.066666666666666666
48,154,0.066666666666666666
48,155,0.066666666666666666
48,156,0.13333333333333333
48,157,0.066666666666666666
48,158,0.066666666666666666
48,160,0.066666666666666666
48,161,0.13333333333333333
48,162,0.13333333333333333
48,163,0.066666666666666666
48,165,0.066666666666666666
48,166,0.066666666666666666
48,167,0.066666666666666666
48,180,0.066666666666666666
48,181,0.066666666666666666
48,182,0.066666666666666666
49,3,0.066666666666666666
49,4,0.066666666666666666
49,5,0.066666666666666666
49,8,0.066666666666666666
49,9,0.066666666666666666
49,10,0.13333333333333333
49,11,0.066666666666666666
49,12,0.066666666666666666
49,20,0.066666666666666666
49,21,0.13333333333333333
49,22,0.13333333333333333
49,23,0.066666666666666666
49,24,0.066666666666666666
49,25,0.066666666666666666
49,26,0.066666666666666666
49,28,0.066666666666666666
49,29,0.13333333333333333
49,30,0.13333333333333333
49,31,0.13333333333333333
49,32,0.13333333333333333
49,33,0.20000000000000004
49,34,0.13333333333333333
49,35,0.066666666666666666
49,40,0.066666666666666666
49,41,0.066666666666666666
49,42,0.066666666666666666
49,76,0.066666666666666666
49,77,0.066666666666666666
49,78,0.066666666666666666
49,82,0.066666666666666666
49,83,0.066666666666666666
49,84,0.066666666666666666
49,89,0.066666666666666666
49,90,0.066666666666666666
49,91,0.066666666666666666
49,131,0.066666666666666666
49,132,0.066666666666666666
49,133,0.066666666666666666
49,142,0.066666666666666666
49,143,0.066666666666666666
49,144,0.066666666666666666
49,145,0.066666666666666666
49,146,0.066666666666666666
49,147,0.066666666666666666
49,151,0.066666666666666666
49,152,0.13333333333333333
49,153,0.13333333333333333
49,154,0.13333333333333333
49,155,0.13333333333333333
49,156,0.20000000000000004
49,157,0.13333333333333333
49,158,0.066666666666666666
49,160,0.066666666666666666
49,161,0.13333333333333333
49,162,0.13333333333333333
49,163,0.066666666666666666
49,165,0.066666666666666666
49,166,0.066666666666666666
49,167,0.066666666666666666
50,3,0.066666666666666666
50,4,0.066666666666666666
50,5,0.066666666666666666
50,8,0.13333333333333333
50,9,0.13333333333333333
50,10,0.20000000000000004
50,11,0.066666666666666666
50,12,0.066666666666666666
50,20,0.066666666666666666
50,21,0.13333333333333333
50,22,0.20000000000000004
50,23,0.20000000000000004
50,24,0.26666666666666666
50,25,0.26666666666666666
50,26,0.20000000000000004
50,27,0.13333333333333333
50,28,0.13333333333333333
50,29,0.40000000000000008
50,30,0.39999999999999997
50,31,0.33333333333333331
50,32,0.13333333333333333
50,33,0.26666666666666666
50,34,0.26666666666666666
50,35,0.19999999999999998
50,38,0.066666666666666666
50,39,0.066666666666666666
50,40,0.066666666666666666
50,68,0.066666666666666666
50,69,0.066666666666666666
50,70,0.066666666666666666
50,76,0.066666666666666666
50,77,0.066666666666666666
50,78,0.066666666666666666
50,79,0.066666666666666666
50,80,0.066666666666666666
50,81,0.066666666666666666
50,124,0.066666666666666666
50,125,0.066666666666666666
50,126,0.066666666666666666
50,131,0.066666666666666666
50,132,0.066666666666666666
50,133,0.066666666666666666
50,138,0.066666666666666666
50,139,0.066666666666666666
50,140,0.066666666666666666
50,144,0.066666666666666666
50,145,0.13333333333333333
50,146,0.13333333333333333
50,147,0.066666666666666666
50,152,0.13333333333333333
50,153,0.13333333333333333
50,154,0.20000000000000004
50,155,0.13333333333333333
50,156,0.20000000000000004
50,157,0.13333333333333333
50,158,0.066666666666666666
50,159,0.066666666666666666
50,160,0.13333333333333333
50,161,0.20000000000000004
50,162,0.20000000000000004
50,163,0.13333333333333333
50,164,0.066666666666666666
50,165,0.066666666666666666
50,166,0.066666666666666666
50,167,0.066666666666666666
50,187,0.066666666666666666
50,188,0.066666666666666666
50,189,0.066666666666666666
51,3,0.066666666666666666
51,4,0.13333333333333333
51,5,0.13333333333333333
51,6,0.33333333333333331
51,7,0.33333333333333331
51,8,0.46666666666666662
51,9,0.20000000000000004
51,10,0.20000000000000004
51,11,0.066666666666666666
51,12,0.066666666666666666
51,16,0.066666666666666666
51,17,0.066666666666666666
51,18,0.066666666666666666
51,19,0.066666666666666666
51,20,0.066666666666666666
51,21,0.13333333333333333
51,22,0.13333333333333333
51,23,0.20000000000000004
51,24,0.46666666666666662
51,25,0.66666666666666663
51,26,0.66666666666666663
51,27,0.39999999999999997
51,28,0.20000000000000004
51,29,0.33333333333333331
51,30,0.46666666666666662
51,31,0.59999999999999998
51,32,0.53333333333333333
51,33,0.53333333333333333
51,34,0.46666666666666662
51,35,0.33333333333333331
51,36,0.20000000000000004
51,37,0.066666666666666666
51,38,0.13333333333333333
51,39,0.066666666666666666
51,40,0.20000000000000004
51,41,0.13333333333333333
51,42,0.20000000000000004
51,43,0.066666666666666666
51,44,0.066666666666666666
51,45,0.066666666666666666
51,46,0.066666666666666666
51,47,0.13333333333333333
51,48,0.066666666666666666
51,49,0.066666666666666666
51,51,0.066666666666666666
51,52,0.26666666666666666
51,53,0.26666666666666666
51,54,0.26666666666666666
51,55,0.13333333333333333
51,56,0.20000000000000004
51,57,0.26666666666666666
51,58,0.20000000000000004
51,59,0.13333333333333333
51,63,0.13333333333333333
51,64,0.13333333333333333
51,65,0.13333333333333333
51,68,0.066666666666666666
51,69,0.066666666666666666
51,70,0.066666666666666666
51,76,0.066666666666666666
51,77,0.066666666666666666
51,78,0.066666666666666666
51,79,0.066666666666666666
51,80,0.13333333333333333
51,81,0.13333333333333333
51,82,0.066666666666666666
51,85,0.13333333333333333
51,86,0.13333333333333333
51,87,0.13333333333333333
51,90,0.066666666666666666
51,91,0.13333333333333333
51,92,0.20000000000000004
51,93,0.13333333333333333
51,94,0.066666666666666666
51,96,0.066666666666666666
51,97,0.066666666666666666
51,98,0.066666666666666666
51,99,0.066666666666666666
51,100,0.13333333333333333
51,101,0.13333333333333333
51,102,0.066666666666666666
51,104,0.066666666666666666
51,105,0.066666666666666666
51,106,0.066666666666666666
51,107,0.066666666666666666
51,108,0.066666666666666666
51,109,0.20000000000000004
51,110,0.26666666666666666
51,111,0.26666666666666666
51,112,0.13333333333333333
51,114,0.066666666666666666
51,115,0.13333333333333333
51,116,0.13333333333333333
51,117,0.066666666666666666
51,118,0.066666666666666666
51,119,0.066666666666666666
51,120,0.066666666666666666
51,121,0.19999999999999998
51,122,0.26666666666666666
51,123,0.26666666666666666
51,124,0.13333333333333333
51,125,0.066666666666666666
51,126,0.066666666666666666
51,131,0.066666666666666666
51,132,0.066666666666666666
51,133,0.066666666666666666
51,136,0.066666666666666666
51,137,0.20000000000000004
51,138,0.26666666666666666
51,139,0.26666666666666666
51,140,0.20000000000000004
51,141,0.13333333333333333
51,142,0.066666666666666666
51,144,0.13333333333333333
51,145,0.20000000000000004
51,146,0.20000000000000004
51,147,0.066666666666666666
51,149,0.066666666666666666
51,150,0.26666666666666666
51,151,0.26666666666666666
51,152,0.33333333333333331
51,153,0.13333333333333333
51,154,0.26666666666666666
51,155,0.20000000000000004
51,156,0.20000000000000004
51,157,0.066666666666666666
51,162,0.066666666666666666
51,163,0.066666666666666666
51,164,0.066666666666666666
51,165,0.066666666666666666
51,166,0.066666666666666666
51,167,0.066666666666666666
51,171,0.066666666666666666
51,172,0.13333333333333333
51,173,0.20000000000000004
51,174,0.13333333333333333
51,175,0.066666666666666666
51,176,0.066666666666666666
51,177,0.066666666666666666
51,178,0.13333333333333333
51,179,0.066666666666666666
51,180,0.066666666666666666
51,181,0.066666666666666666
51,182,0.066666666666666666
51,183,0.26666666666666666
51,184,0.26666666666666666
51,185,0.26666666666666666
51,186,0.066666666666666666
52,8,0.066666666666666666
52,9,0.066666666666666666
52,10,0.066666666666666666
52,15,0.066666666666666666
52,16,0.066666666666666666
52,17,0.066666666666666666
52,18,0.066666666666666666
52,19,0.13333333333333333
52,20,0.13333333333333333
52,21,0.13333333333333333
52,22,0.13333333333333333
52,23,0.13333333333333333
52,24,0.066666666666666666
52,25,0.066666666666666666
52,26,0.13333333333333333
52,27,0.33333333333333331
52,28,0.46666666666666662
52,29,0.46666666666666662
52,30,0.26666666666666666
52,31,0.20000000000000004
52,32,0.13333333333333333
52,33,0.20000000000000004
52,34,0.13333333333333333
52,35,0.20000000000000004
52,36,0.20000000000000004
52,37,0.26666666666666666
52,38,0.26666666666666666
52,39,0.26666666666666666
52,40,0.20000000000000004
52,41,0.13333333333333333
52,42,0.13333333333333333
52,43,0.066666666666666666
52,44,0.066666666666666666
52,50,0.066666666666666666
52,51,0.066666666666666666
52,52,0.066666666666666666
52,54,0.066666666666666666
52,55,0.066666666666666666
52,56,0.066666666666666666
52,61,0.066666666666666666
52,62,0.066666666666666666
52,63,0.066666666666666666
52,89,0.066666666666666666
52,90,0.066666666666666666
52,91,0.066666666666666666
52,104,0.066666666666666666
52,105,0.13333333333333333
52,106,0.13333333333333333
52,107,0.066666666666666666
52,111,0.066666666666666666
52,112,0.066666666666666666
52,113,0.066666666666666666
52,131,0.066666666666666666
52,132,0.13333333333333333
52,133,0.13333333333333333
52,134,0.066666666666666666
52,136,0.066666666666666666
52,137,0.066666666666666666
52,138,0.26666666666666666
52,139,0.19999999999999998
52,140,0.19999999999999998
52,141,0.066666666666666666
52,142,0.13333333333333333
52,143,0.13333333333333333
52,144,0.13333333333333333
52,145,0.066666666666666666
52,146,0.066666666666666666
52,147,0.066666666666666666
52,148,0.066666666666666666
52,149,0.066666666666666666
52,150,0.19999999999999998
52,151,0.26666666666666666
52,152,0.33333333333333331
52,153,0.13333333333333333
52,154,0.20000000000000004
52,155,0.20000000000000004
52,156,0.20000000000000004
52,157,0.13333333333333333
52,158,0.066666666666666666
52,159,0.13333333333333333
52,160,0.13333333333333333
52,161,0.13333333333333333
52,162,0.066666666666666666
52,166,0.066666666666666666
52,167,0.066666666666666666
52,168,0.066666666666666666
52,178,0.066666666666666666
52,179,0.066666666666666666
52,180,0.066666666666666666
52,181,0.066666666666666666
52,182,0.066666666666666666
52,183,0.066666666666666666
53,8,0.13333333333333333
53,9,0.13333333333333333
53,10,0.13333333333333333
53,15,0.066666666666666666
53,16,0.066666666666666666
53,17,0.066666666666666666
53,19,0.13333333333333333
53,20,0.20000000000000004
53,21,0.33333333333333331
53,22,0.33333333333333331
53,23,0.26666666666666666
53,24,0.13333333333333333
53,25,0.066666666666666666
53,26,0.13333333333333333
53,27,0.33333333333333331
53,28,0.53333333333333333
53,29,0.59999999999999998
53,30,0.46666666666666673
53,31,0.40000000000000008
53,32,0.26666666666666666
53,33,0.33333333333333331
53,34,0.20000000000000004
53,35,0.26666666666666666
53,36,0.20000000000000004
53,37,0.26666666666666666
53,38,0.26666666666666666
53,39,0.26666666666666666
53,40,0.20000000000000004
53,41,0.13333333333333333
53,42,0.13333333333333333
53,43,0.066666666666666666
53,44,0.066666666666666666
53,89,0.066666666666666666
53,90,0.066666666666666666
53,91,0.066666666666666666
53,104,0.066666666666666666
53,105,0.13333333333333333
53,106,0.20000000000000004
53,107,0.13333333333333333
53,108,0.066666666666666666
53,111,0.066666666666666666
53,112,0.066666666666666666
53,113,0.066666666666666666
53,130,0.066666666666666666
53,131,0.13333333333333333
53,132,0.13333333333333333
53,133,0.066666666666666666
53,136,0.066666666666666666
53,137,0.066666666666666666
53,138,0.26666666666666666
53,139,0.19999999999999998
53,140,0.19999999999999998
53,141,0.066666666666666666
53,142,0.13333333333333333
53,143,0.20000000000000004
53,144,0.20000000000000004
53,145,0.13333333333333333
53,146,0.13333333333333333
53,147,0.26666666666666666
53,148,0.40000000000000008
53,149,0.33333333333333331
53,150,0.33333333333333331
53,151,0.26666666666666666
53,152,0.33333333333333331
53,153,0.26666666666666666
53,154,0.26666666666666666
53,155,0.26666666666666666
53,156,0.20000000000000004
53,157,0.13333333333333333
53,158,0.066666666666666666
53,161,0.13333333333333333
53,162,0.13333333333333333
53,163,0.13333333333333333
53,166,0.066666666666666666
53,167,0.13333333333333333
53,168,0.13333333333333333
53,169,0.066666666666666666
53,178,0.066666666666666666
53,179,0.066666666666666666
53,180,0.066666666666666666
53,181,0.066666666666666666
53,182,0.066666666666666666
53,183,0.066666666666666666
54,8,0.066666666666666666
54,9,0.066666666666666666
54,10,0.066666666666666666
54,15,0.066666666666666666
54,16,0.066666666666666666
54,17,0.066666666666666666
54,19,0.066666666666666666
54,20,0.13333333333333333
54,21,0.33333333333333331
54,22,0.40000000000000008
54,23,0.33333333333333331
54,24,0.13333333333333333
54,25,0.13333333333333333
54,26,0.26666666666666666
54,27,0.40000000000000008
54,28,0.53333333333333333
54,29,0.60000000000000009
54,30,0.53333333333333333
54,31,0.53333333333333333
54,32,0.33333333333333331
54,33,0.33333333333333331
54,34,0.20000000000000004
54,35,0.46666666666666673
54,36,0.53333333333333333
54,37,0.66666666666666663
54,38,0.46666666666666673
54,39,0.39999999999999997
54,40,0.20000000000000004
54,41,0.13333333333333333
54,42,0.13333333333333333
54,43,0.066666666666666666
54,44,0.066666666666666666
54,49,0.066666666666666666
54,50,0.066666666666666666
54,51,0.066666666666666666
54,77,0.066666666666666666
54,78,0.066666666666666666
54,79,0.066666666666666666
54,106,0.066666666666666666
54,107,0.066666666666666666
54,108,0.066666666666666666
54,125,0.066666666666666666
54,126,0.066666666666666666
54,127,0.066666666666666666
54,130,0.066666666666666666
54,131,0.13333333333333333
54,132,0.13333333333333333
54,133,0.066666666666666666
54,138,0.066666666666666666
54,139,0.066666666666666666
54,140,0.066666666666666666
54,142,0.066666666666666666
54,143,0.13333333333333333
54,144,0.20000000000000004
54,145,0.13333333333333333
54,146,0.13333333333333333
54,147,0.33333333333333331
54,148,0.46666666666666662
54,149,0.40000000000000008
54,150,0.26666666666666666
54,151,0.20000000000000004
54,152,0.46666666666666673
54,153,0.39999999999999997
54,154,0.39999999999999997
54,155,0.20000000000000004
54,156,0.20000000000000004
54,157,0.13333333333333333
54,158,0.066666666666666666
54,161,0.13333333333333333
54,162,0.13333333333333333
54,163,0.13333333333333333
54,167,0.066666666666666666
54,168,0.066666666666666666
54,169,0.13333333333333333
54,170,0.066666666666666666
54,171,0.066666666666666666
54,179,0.066666666666666666
54,180,0.066666666666666666
54,181,0.066666666666666666
55,8,0.066666666666666666
55,9,0.066666666666666666
55,10,0.066666666666666666
55,14,0.066666666666666666
55,15,0.13333333333333333
55,16,0.13333333333333333
55,17,0.066666666666666666
55,18,0.13333333333333333
55,19,0.13333333333333333
55,20,0.26666666666666666
55,21,0.20000000000000004
55,22,0.33333333333333331
55,23,0.20000000000000004
55,24,0.13333333333333333
55,25,0.13333333333333333
55,26,0.13333333333333333
55,27,0.26666666666666666
55,28,0.40000000000000008
55,29,0.40000000000000008
55,30,0.33333333333333331
55,31,0.33333333333333331
55,32,0.33333333333333331
55,33,0.26666666666666666
55,34,0.066666666666666666
55,35,0.13333333333333333
55,36,0.26666666666666666
55,37,0.33333333333333331
55,38,0.40000000000000008
55,39,0.40000000000000008
55,40,0.33333333333333331
55,41,0.20000000000000004
55,42,0.13333333333333333
55,43,0.066666666666666666
55,44,0.20000000000000004
55,45,0.13333333333333333
55,46,0.13333333333333333
55,48,0.066666666666666666
55,49,0.066666666666666666
55,50,0.066666666666666666
55,54,0.066666666666666666
55,55,0.066666666666666666
55,56,0.066666666666666666
55,70,0.066666666666666666
55,71,0.066666666666666666
55,72,0.066666666666666666
55,73,0.066666666666666666
55,74,0.066666666666666666
55,75,0.066666666666666666
55,89,0.13333333333333333
55,90,0.13333333333333333
55,91,0.13333333333333333
55,92,0.13333333333333333
55,93,0.13333333333333333
55,94,0.13333333333333333
55,102,0.066666666666666666
55,103,0.066666666666666666
55,104,0.13333333333333333
55,105,0.066666666666666666
55,106,0.13333333333333333
55,107,0.066666666666666666
55,108,0.066666666666666666
55,109,0.13333333333333333
55,110,0.13333333333333333
55,111,0.13333333333333333
55,115,0.066666666666666666
55,116,0.066666666666666666
55,117,0.066666666666666666
55,119,0.066666666666666666
55,120,0.066666666666666666
55,121,0.066666666666666666
55,125,0.066666666666666666
55,126,0.066666666666666666
55,127,0.066666666666666666
55,130,0.13333333333333333
55,131,0.20000000000000004
55,132,0.20000000000000004
55,133,0.066666666666666666
55,138,0.13333333333333333
55,139,0.13333333333333333
55,140,0.13333333333333333
55,142,0.13333333333333333
55,143,0.20000000000000004
55,144,0.20000000000000004
55,145,0.066666666666666666
55,147,0.066666666666666666
55,148,0.13333333333333333
55,149,0.13333333333333333
55,150,0.13333333333333333
55,151,0.066666666666666666
55,152,0.20000000000000004
55,153,0.20000000000000004
55,154,0.33333333333333331
55,155,0.20000000000000004
55,156,0.20000000000000004
55,157,0.066666666666666666
55,158,0.066666666666666666
55,160,0.066666666666666666
55,161,0.20000000000000004
55,162,0.26666666666666666
55,163,0.26666666666666666
55,164,0.13333333333333333
55,165,0.066666666666666666
55,167,0.066666666666666666
55,168,0.066666666666666666
55,169,0.066666666666666666
55,172,0.066666666666666666
55,173,0.066666666666666666
55,174,0.066666666666666666
55,176,0.066666666666666666
55,177,0.066666666666666666
55,178,0.066666666666666666
55,179,0.066666666666666666
55,180,0.066666666666666666
55,181,0.20000000000000004
55,182,0.13333333333333333
55,183,0.13333333333333333
55,184,0.066666666666666666
55,185,0.066666666666666666
55,186,0.066666666666666666
56,8,0.066666666666666666
56,9,0.066666666666666666
56,10,0.066666666666666666
56,17,0.066666666666666666
56,18,0.13333333333333333
56,19,0.20000000000000004
56,20,0.26666666666666666
56,21,0.33333333333333331
56,22,0.33333333333333331
56,23,0.20000000000000004
56,24,0.13333333333333333
56,25,0.20000000000000004
56,26,0.26666666666666666
56,27,0.40000000000000008
56,28,0.33333333333333331
56,29,0.26666666666666666
56,30,0.20000000000000004
56,31,0.40000000000000008
56,32,0.46666666666666673
56,33,0.39999999999999997
56,34,0.20000000000000004
56,35,0.13333333333333333
56,36,0.26666666666666666
56,37,0.33333333333333331
56,38,0.33333333333333331
56,39,0.20000000000000004
56,40,0.20000000000000004
56,41,0.20000000000000004
56,42,0.20000000000000004
56,43,0.066666666666666666
56,44,0.066666666666666666
56,47,0.066666666666666666
56,48,0.066666666666666666
56,49,0.066666666666666666
56,55,0.13333333333333333
56,56,0.20000000000000004
56,57,0.20000000000000004
56,58,0.066666666666666666
56,61,0.066666666666666666
56,62,0.066666666666666666
56,63,0.066666666666666666
56,71,0.066666666666666666
56,72,0.066666666666666666
56,73,0.066666666666666666
56,82,0.066666666666666666
56,83,0.066666666666666666
56,84,0.066666666666666666
56,85,0.066666666666666666
56,86,0.066666666666666666
56,87,0.13333333333333333
56,88,0.066666666666666666
56,89,0.066666666666666666
56,114,0.13333333333333333
56,115,0.13333333333333333
56,116,0.13333333333333333
56,132,0.066666666666666666
56,133,0.066666666666666666
56,134,0.066666666666666666
56,136,0.13333333333333333
56,137,0.13333333333333333
56,138,0.20000000000000004
56,139,0.20000000000000004
56,140,0.26666666666666666
56,141,0.26666666666666666
56,142,0.13333333333333333
56,143,0.13333333333333333
56,144,0.066666666666666666
56,145,0.066666666666666666
56,150,0.13333333333333333
56,151,0.20000000000000004
56,152,0.26666666666666666
56,153,0.26666666666666666
56,154,0.46666666666666673
56,155,0.40000000000000008
56,156,0.33333333333333331
56,157,0.13333333333333333
56,158,0.13333333333333333
56,159,0.066666666666666666
56,161,0.066666666666666666
56,162,0.066666666666666666
56,163,0.066666666666666666
56,166,0.066666666666666666
56,167,0.13333333333333333
56,168,0.13333333333333333
56,169,0.066666666666666666
57,8,0.066666666666666666
57,9,0.066666666666666666
57,10,0.066666666666666666
57,14,0.066666666666666666
57,15,0.066666666666666666
57,16,0.066666666666666666
57,18,0.066666666666666666
57,19,0.13333333333333333
57,20,0.20000000000000004
57,21,0.13333333333333333
57,22,0.13333333333333333
57,23,0.066666666666666666
57,24,0.20000000000000004
57,25,0.20000000000000004
57,26,0.26666666666666666
57,27,0.33333333333333331
57,28,0.33333333333333331
57,29,0.26666666666666666
57,30,0.26666666666666666
57,31,0.46666666666666662
57,32,0.53333333333333333
57,33,0.39999999999999997
57,34,0.20000000000000004
57,35,0.13333333333333333
57,36,0.20000000000000004
57,37,0.26666666666666666
57,38,0.26666666666666666
57,39,0.20000000000000004
57,40,0.20000000000000004
57,41,0.20000000000000004
57,42,0.13333333333333333
57,47,0.066666666666666666
57,48,0.066666666666666666
57,49,0.066666666666666666
57,55,0.066666666666666666
57,56,0.13333333333333333
57,57,0.13333333333333333
57,58,0.066666666666666666
57,114,0.066666666666666666
57,115,0.066666666666666666
57,116,0.066666666666666666
57,136,0.066666666666666666
57,137,0.066666666666666666
57,138,0.066666666666666666
57,139,0.066666666666666666
57,140,0.066666666666666666
57,141,0.13333333333333333
57,142,0.066666666666666666
57,143,0.13333333333333333
57,144,0.066666666666666666
57,145,0.066666666666666666
57,146,0.066666666666666666
57,147,0.066666666666666666
57,148,0.066666666666666666
57,150,0.066666666666666666
57,151,0.066666666666666666
57,152,0.066666666666666666
57,153,0.066666666666666666
57,154,0.33333333333333331
57,155,0.33333333333333331
57,156,0.40000000000000008
57,157,0.20000000000000004
57,158,0.20000000000000004
57,159,0.066666666666666666
57,161,0.066666666666666666
57,162,0.066666666666666666
57,163,0.066666666666666666
57,166,0.066666666666666666
57,167,0.13333333333333333
57,168,0.13333333333333333
57,169,0.066666666666666666
58,14,0.066666666666666666
58,15,0.066666666666666666
58,16,0.066666666666666666
58,19,0.066666666666666666
58,20,0.13333333333333333
58,21,0.13333333333333333
58,22,0.066666666666666666
58,24,0.066666666666666666
58,25,0.13333333333333333
58,26,0.13333333333333333
58,27,0.20000000000000004
58,28,0.20000000000000004
58,29,0.20000000000000004
58,30,0.13333333333333333
58,31,0.20000000000000004
58,32,0.20000000000000004
58,33,0.13333333333333333
58,34,0.066666666666666666
58,35,0.13333333333333333
58,36,0.20000000000000004
58,37,0.13333333333333333
58,38,0.13333333333333333
58,39,0.066666666666666666
58,40,0.066666666666666666
58,41,0.066666666666666666
58,42,0.066666666666666666
58,43,0.066666666666666666
58,60,0.066666666666666666
58,61,0.13333333333333333
58,62,0.13333333333333333
58,63,0.066666666666666666
58,72,0.066666666666666666
58,73,0.066666666666666666
58,74,0.066666666666666666
58,129,0.066666666666666666
58,130,0.066666666666666666
58,131,0.066666666666666666
58,138,0.066666666666666666
58,139,0.066666666666666666
58,140,0.066666666666666666
58,142,0.066666666666666666
58,143,0.066666666666666666
58,144,0.066666666666666666
58,146,0.066666666666666666
58,147,0.066666666666666666
58,148,0.066666666666666666
58,153,0.066666666666666666
58,154,0.13333333333333333
58,155,0.20000000000000004
58,156,0.20000000000000004
58,157,0.13333333333333333
58,158,0.066666666666666666
58,181,0.066666666666666666
58,182,0.066666666666666666
58,183,0.066666666666666666
59,8,0.066666666666666666
59,9,0.066666666666666666
59,10,0.066666666666666666
59,14,0.066666666666666666
59,15,0.066666666666666666
59,16,0.066666666666666666
59,19,0.066666666666666666
59,20,0.066666666666666666
59,21,0.066666666666666666
59,24,0.13333333333333333
59,25,0.13333333333333333
59,26,0.13333333333333333
59,27,0.19999999999999998
59,28,0.19999999999999998
59,29,0.19999999999999998
59,30,0.13333333333333333
59,31,0.20000000000000004
59,32,0.20000000000000004
59,33,0.066666666666666666
59,51,0.066666666666666666
59,52,0.066666666666666666
59,53,0.066666666666666666
59,61,0.066666666666666666
59,62,0.066666666666666666
59,63,0.066666666666666666
59,86,0.066666666666666666
59,87,0.066666666666666666
59,88,0.066666666666666666
59,115,0.066666666666666666
59,116,0.066666666666666666
59,117,0.066666666666666666
59,146,0.066666666666666666
59,147,0.066666666666666666
59,148,0.066666666666666666
59,156,0.066666666666666666
59,157,0.066666666666666666
59,158,0.066666666666666666
59,177,0.066666666666666666
59,178,0.066666666666666666
59,179,0.066666666666666666
60,0,0.20000000000000001
60,1,0.33333333333333331
60,2,0.39999999999999997
60,3,0.26666666666666666
60,4,0.26666666666666666
60,5,0.46666666666666662
60,6,0.53333333333333333
60,7,0.53333333333333333
60,8,0.26666666666666666
60,9,0.26666666666666666
60,10,0.066666666666666666
60,11,0.26666666666666666
60,12,0.46666666666666662
60,13,0.59999999999999998
60,14,0.93333333333333346
60,15,0.93333333333333324
60,16,1.0666666666666667
60,17,0.66666666666666663
60,18,0.53333333333333333
60,19,0.46666666666666662
60,20,0.66666666666666663
60,21,0.66666666666666663
60,22,0.66666666666666663
60,23,0.59999999999999998
60,24,0.79999999999999993
60,25,0.8666666666666667
60,26,0.73333333333333339
60,27,0.40000000000000008
60,28,0.20000000000000004
60,29,0.066666666666666666
60,30,0.13333333333333333
60,31,0.13333333333333333
60,32,0.13333333333333333
60,33,0.13333333333333333
60,34,0.26666666666666666
60,35,0.66666666666666663
60,36,0.73333333333333328
60,37,0.66666666666666663
60,38,0.33333333333333331
60,39,0.33333333333333331
60,40,0.46666666666666673
60,41,0.46666666666666673
60,42,0.39999999999999997
60,43,0.26666666666666666
60,44,0.20000000000000004
60,45,0.26666666666666666
60,46,0.33333333333333331
60,47,0.33333333333333331
60,48,0.33333333333333331
60,49,0.53333333333333333
60,50,0.59999999999999998
60,51,0.53333333333333333
60,52,0.13333333333333333
60,53,0.39999999999999997
60,54,0.46666666666666662
60,55,0.59999999999999998
60,56,0.40000000000000008
60,57,0.53333333333333333
60,58,0.46666666666666673
60,59,0.39999999999999997
60,60,0.13333333333333333
60,61,0.13333333333333333
60,62,0.26666666666666666
60,63,0.33333333333333331
60,64,0.33333333333333331
60,65,0.26666666666666666
60,66,0.33333333333333331
60,67,0.40000000000000008
60,68,0.40000000000000008
60,69,0.33333333333333331
60,70,0.46666666666666673
60,71,0.39999999999999997
60,72,0.33333333333333331
60,73,0.13333333333333333
60,74,0.13333333333333333
60,75,0.20000000000000004
60,76,0.20000000000000004
60,77,0.33333333333333331
60,78,0.40000000000000008
60,79,0.46666666666666662
60,80,0.26666666666666666
60,81,0.13333333333333333
60,82,0.066666666666666666
60,83,0.066666666666666666
60,84,0.13333333333333333
60,85,0.13333333333333333
60,86,0.26666666666666666
60,87,0.40000000000000008
60,88,0.33333333333333331
60,89,0.19999999999999998
60,90,0.066666666666666666
60,91,0.13333333333333333
60,92,0.26666666666666666
60,93,0.20000000000000004
60,94,0.26666666666666666
60,95,0.13333333333333333
60,96,0.26666666666666666
60,97,0.33333333333333331
60,98,0.46666666666666662
60,99,0.66666666666666663
60,100,0.59999999999999998
60,101,0.46666666666666662
60,102,0.13333333333333333
60,103,0.066666666666666666
60,104,0.13333333333333333
60,105,0.13333333333333333
60,106,0.13333333333333333
60,107,0.066666666666666666
60,108,0.13333333333333333
60,109,0.13333333333333333
60,110,0.40000000000000008
60,111,0.59999999999999998
60,112,0.73333333333333339
60,113,0.53333333333333333
60,114,0.33333333333333331
60,115,0.13333333333333333
60,116,0.26666666666666666
60,117,0.46666666666666662
60,118,0.46666666666666662
60,119,0.40000000000000008
60,120,0.13333333333333333
60,121,0.13333333333333333
60,122,0.066666666666666666
60,123,0.066666666666666666
60,124,0.20000000000000004
60,125,0.26666666666666666
60,126,0.33333333333333331
60,127,0.26666666666666666
60,128,0.20000000000000004
60,129,0.40000000000000008
60,130,0.39999999999999997
60,131,0.66666666666666663
60,132,0.59999999999999998
60,133,0.73333333333333339
60,134,0.53333333333333333
60,135,0.66666666666666663
60,136,0.46666666666666662
60,137,0.33333333333333331
60,138,0.066666666666666666
60,139,0.20000000000000004
60,140,0.40000000000000008
60,141,0.59999999999999998
60,142,0.66666666666666663
60,143,0.66666666666666663
60,144,0.79999999999999993
60,145,0.66666666666666663
60,146,0.46666666666666662
60,147,0.066666666666666666
60,148,0.19999999999999998
60,149,0.19999999999999998
60,150,0.26666666666666666
60,151,0.20000000000000004
60,152,0.46666666666666673
60,153,0.73333333333333339
60,154,0.66666666666666663
60,155,0.59999999999999998
60,156,0.53333333333333333
60,157,0.66666666666666663
60,158,0.59999999999999998
60,159,0.59999999999999998
60,160,0.40000000000000008
60,161,0.26666666666666666
60,162,0.26666666666666666
60,163,0.46666666666666662
60,164,0.66666666666666663
60,165,0.53333333333333333
60,166,0.39999999999999997
60,167,0.46666666666666673
60,168,0.73333333333333339
60,169,0.93333333333333324
60,170,0.66666666666666663
60,171,0.33333333333333331
60,172,0.066666666666666666
60,173,0.13333333333333333
60,174,0.20000000000000004
60,175,0.33333333333333331
60,176,0.59999999999999998
60,177,0.66666666666666663
60,178,0.93333333333333324
60,179,0.66666666666666663
60,180,0.73333333333333339
60,181,0.33333333333333331
60,182,0.26666666666666666
60,183,0.066666666666666666
60,184,0.26666666666666666
60,185,0.53333333333333333
60,186,0.46666666666666662
60,187,0.26666666666666666
60,188,0.066666666666666666
60,189,0.33333333333333331
60,190,0.53333333333333333
60,191,0.69999999999999996
61,0,0.40000000000000002
61,1,0.26666666666666666
61,2,0.53333333333333333
61,3,0.33333333333333331
61,4,0.39999999999999997
61,5,0.26666666666666666
61,6,0.40000000000000008
61,7,0.39999999999999997
61,8,0.33333333333333331
61,9,0.20000000000000004
61,10,0.20000000000000004
61,11,0.33333333333333331
61,12,0.46666666666666662
61,13,0.66666666666666663
61,14,0.59999999999999998
61,15,0.46666666666666673
61,16,0.53333333333333333
61,17,0.66666666666666663
61,18,0.79999999999999993
61,19,0.59999999999999998
61,20,0.46666666666666662
61,21,0.33333333333333331
61,22,0.59999999999999998
61,23,0.53333333333333333
61,24,0.79999999999999993
61,25,0.79999999999999993
61,26,0.80000000000000016
61,27,0.53333333333333333
61,28,0.20000000000000004
61,29,0.20000000000000004
61,30,0.13333333333333333
61,31,0.20000000000000004
61,32,0.26666666666666666
61,33,0.33333333333333331
61,34,0.46666666666666673
61,35,0.53333333333333333
61,36,0.59999999999999998
61,37,0.79999999999999993
61,38,0.59999999999999998
61,39,0.59999999999999998
61,40,0.13333333333333333
61,41,0.20000000000000004
61,42,0.39999999999999997
61,43,0.46666666666666662
61,44,0.46666666666666662
61,45,0.33333333333333331
61,46,0.33333333333333331
61,47,0.26666666666666666
61,48,0.20000000000000004
61,49,0.46666666666666662
61,50,0.59999999999999998
61,51,0.66666666666666663
61,52,0.46666666666666662
61,53,0.39999999999999997
61,54,0.20000000000000004
61,55,0.066666666666666666
61,56,0.19999999999999998
61,57,0.19999999999999998
61,58,0.19999999999999998
61,60,0.066666666666666666
61,61,0.13333333333333333
61,62,0.20000000000000004
61,63,0.20000000000000004
61,64,0.20000000000000004
61,65,0.26666666666666666
61,66,0.26666666666666666
61,67,0.26666666666666666
61,68,0.13333333333333333
61,69,0.13333333333333333
61,70,0.066666666666666666
61,71,0.066666666666666666
61,72,0.066666666666666666
61,73,0.066666666666666666
61,74,0.26666666666666666
61,75,0.26666666666666666
61,76,0.26666666666666666
61,77,0.26666666666666666
61,78,0.33333333333333331
61,79,0.46666666666666662
61,80,0.33333333333333331
61,81,0.26666666666666666
61,82,0.13333333333333333
61,83,0.26666666666666666
61,84,0.33333333333333331
61,85,0.53333333333333333
61,86,0.39999999999999997
61,87,0.33333333333333331
61,88,0.26666666666666666
61,89,0.20000000000000004
61,90,0.40000000000000008
61,91,0.40000000000000008
61,92,0.66666666666666663
61,93,0.60000000000000009
61,94,0.73333333333333339
61,95,0.66666666666666663
61,96,0.66666666666666663
61,97,0.46666666666666662
61,98,0.26666666666666666
61,99,0.33333333333333331
61,100,0.33333333333333331
61,101,0.39999999999999997
61,102,0.26666666666666666
61,103,0.33333333333333331
61,104,0.53333333333333333
61,105,0.40000000000000008
61,106,0.26666666666666666
61,107,0.19999999999999998
61,108,0.19999999999999998
61,109,0.33333333333333331
61,110,0.20000000000000004
61,111,0.26666666666666666
61,112,0.20000000000000004
61,113,0.20000000000000004
61,114,0.13333333333333333
61,115,0.20000000000000004
61,116,0.26666666666666666
61,117,0.40000000000000008
61,118,0.46666666666666662
61,119,0.33333333333333331
61,120,0.33333333333333331
61,121,0.26666666666666666
61,122,0.40000000000000008
61,123,0.33333333333333331
61,124,0.40000000000000008
61,125,0.33333333333333331
61,126,0.33333333333333331
61,127,0.20000000000000004
61,128,0.20000000000000004
61,129,0.26666666666666666
61,130,0.33333333333333331
61,131,0.46666666666666662
61,132,0.53333333333333333
61,133,0.53333333333333333
61,134,0.46666666666666662
61,135,0.46666666666666662
61,136,0.59999999999999998
61,137,0.59999999999999998
61,138,0.60000000000000009
61,139,0.53333333333333333
61,140,0.73333333333333339
61,141,0.8666666666666667
61,142,0.79999999999999993
61,143,0.53333333333333333
61,144,0.40000000000000008
61,145,0.46666666666666662
61,146,0.66666666666666663
61,147,0.59999999999999998
61,148,0.60000000000000009
61,149,0.66666666666666663
61,150,0.73333333333333339
61,151,0.80000000000000016
61,152,0.66666666666666663
61,153,0.53333333333333333
61,154,0.33333333333333331
61,155,0.13333333333333333
61,156,0.13333333333333333
61,157,0.26666666666666666
61,158,0.53333333333333333
61,159,0.59999999999999998
61,160,0.53333333333333333
61,161,0.33333333333333331
61,162,0.26666666666666666
61,163,0.26666666666666666
61,164,0.40000000000000008
61,165,0.33333333333333331
61,166,0.26666666666666666
61,167,0.26666666666666666
61,168,0.40000000000000008
61,169,0.46666666666666662
61,170,0.46666666666666662
61,171,0.39999999999999997
61,172,0.40000000000000008
61,173,0.20000000000000004
61,174,0.33333333333333331
61,175,0.26666666666666666
61,176,0.53333333333333333
61,177,0.39999999999999997
61,178,0.39999999999999997
61,179,0.20000000000000004
61,180,0.13333333333333333
61,181,0.066666666666666666
61,182,0.066666666666666666
61,183,0.20000000000000004
61,184,0.20000000000000004
61,185,0.13333333333333333
61,186,0.066666666666666666
61,187,0.066666666666666666
61,188,0.26666666666666666
61,189,0.33333333333333331
61,190,0.33333333333333331
61,191,0.20000000000000001
62,0,0.40000000000000002
62,1,0.40000000000000008
62,2,0.53333333333333333
62,3,0.33333333333333331
62,4,0.46666666666666662
62,5,0.59999999999999998
62,6,0.79999999999999993
62,7,0.80000000000000016
62,8,0.53333333333333333
62,9,0.46666666666666662
62,10,0.40000000000000008
62,11,0.53333333333333333
62,12,0.86666666666666659
62,13,1.1333333333333333
62,14,1.5333333333333332
62,15,1.3333333333333333
62,16,1.4666666666666668
62,17,0.93333333333333346
62,18,0.8666666666666667
62,19,0.59999999999999998
62,20,1.2
62,21,1.1333333333333333
62,22,0.93333333333333324
62,23,0.73333333333333339
62,24,1.2
62,25,1.4666666666666668
62,26,1.4000000000000001
62,27,0.93333333333333324
62,28,0.73333333333333339
62,29,0.39999999999999997
62,30,0.40000000000000008
62,31,0.40000000000000008
62,32,0.59999999999999998
62,33,0.86666666666666659
62,34,0.93333333333333324
62,35,0.8666666666666667
62,36,0.93333333333333324
62,37,1.0666666666666667
62,38,1.1333333333333331
62,39,0.8666666666666667
62,40,0.86666666666666659
62,41,0.79999999999999993
62,42,0.66666666666666663
62,43,0.40000000000000008
62,44,0.46666666666666673
62,45,0.66666666666666663
62,46,0.93333333333333324
62,47,0.73333333333333339
62,48,0.73333333333333339
62,49,0.93333333333333324
62,50,1.0666666666666667
62,51,0.93333333333333324
62,52,0.46666666666666662
62,53,0.66666666666666663
62,54,0.66666666666666663
62,55,0.73333333333333339
62,56,0.39999999999999997
62,57,0.59999999999999998
62,58,0.53333333333333333
62,59,0.46666666666666662
62,60,0.20000000000000004
62,61,0.20000000000000004
62,62,0.46666666666666673
62,63,0.46666666666666673
62,64,0.39999999999999997
62,65,0.33333333333333331
62,66,0.40000000000000008
62,67,0.59999999999999998
62,68,0.60000000000000009
62,69,0.59999999999999998
62,70,0.59999999999999998
62,71,0.53333333333333333
62,72,0.53333333333333333
62,73,0.33333333333333331
62,74,0.26666666666666666
62,75,0.26666666666666666
62,76,0.33333333333333331
62,77,0.53333333333333333
62,78,0.46666666666666673
62,79,0.39999999999999997
62,80,0.26666666666666666
62,81,0.20000000000000004
62,82,0.20000000000000004
62,83,0.20000000000000004
62,84,0.46666666666666673
62,85,0.53333333333333333
62,86,0.60000000000000009
62,87,0.53333333333333333
62,88,0.53333333333333333
62,89,0.33333333333333331
62,90,0.20000000000000004
62,91,0.20000000000000004
62,92,0.40000000000000008
62,93,0.46666666666666662
62,94,0.46666666666666662
62,95,0.33333333333333331
62,96,0.59999999999999998
62,97,0.66666666666666663
62,98,0.73333333333333328
62,99,0.66666666666666663
62,100,0.66666666666666663
62,101,0.53333333333333333
62,102,0.19999999999999998
62,103,0.13333333333333333
62,104,0.20000000000000004
62,105,0.26666666666666666
62,106,0.33333333333333331
62,107,0.33333333333333331
62,108,0.33333333333333331
62,109,0.26666666666666666
62,110,0.53333333333333333
62,111,0.73333333333333339
62,112,0.93333333333333324
62,113,0.73333333333333339
62,114,0.66666666666666663
62,115,0.39999999999999997
62,116,0.53333333333333333
62,117,0.59999999999999998
62,118,0.53333333333333333
62,119,0.40000000000000008
62,120,0.20000000000000004
62,121,0.40000000000000008
62,122,0.40000000000000008
62,123,0.66666666666666663
62,124,0.73333333333333339
62,125,0.93333333333333324
62,126,0.79999999999999993
62,127,0.59999999999999998
62,128,0.53333333333333333
62,129,0.73333333333333339
62,130,0.8666666666666667
62,131,1.2666666666666666
62,132,1
62,133,1.1333333333333333
62,134,0.73333333333333339
62,135,0.8666666666666667
62,136,0.73333333333333339
62,137,0.59999999999999998
62,138,0.59999999999999998
62,139,0.73333333333333339
62,140,1
62,141,1
62,142,1.1333333333333333
62,143,0.93333333333333346
62,144,1.2
62,145,1.1333333333333335
62,146,0.93333333333333324
62,147,0.53333333333333333
62,148,0.33333333333333331
62,149,0.53333333333333333
62,150,0.66666666666666663
62,151,0.73333333333333339
62,152,1
62,153,1.2
62,154,1.2
62,155,1.1333333333333335
62,156,0.93333333333333324
62,157,1.0666666666666667
62,158,0.8666666666666667
62,159,0.86666666666666659
62,160,0.66666666666666663
62,161,0.59999999999999998
62,162,0.66666666666666663
62,163,0.73333333333333339
62,164,0.8666666666666667
62,165,0.80000000000000016
62,166,0.66666666666666663
62,167,0.66666666666666663
62,168,0.73333333333333339
62,169,1
62,170,0.80000000000000016
62,171,0.66666666666666663
62,172,0.26666666666666666
62,173,0.46666666666666662
62,174,0.40000000000000008
62,175,0.53333333333333333
62,176,0.73333333333333339
62,177,0.93333333333333324
62,178,1.1333333333333333
62,179,0.8666666666666667
62,180,0.80000000000000016
62,181,0.46666666666666662
62,182,0.33333333333333331
62,183,0.20000000000000004
62,184,0.46666666666666673
62,185,0.80000000000000016
62,186,0.79999999999999993
62,187,0.59999999999999998
62,188,0.26666666666666666
62,189,0.46666666666666662
62,190,0.73333333333333339
62,191,1
63,0,0.5
63,1,0.46666666666666662
63,2,0.73333333333333339
63,3,0.53333333333333333
63,4,0.60000000000000009
63,5,0.46666666666666662
63,6,0.73333333333333339
63,7,0.73333333333333339
63,8,1
63,9,0.79999999999999993
63,10,0.73333333333333328
63,11,0.66666666666666663
63,12,0.86666666666666659
63,13,1.4666666666666668
63,14,1.4666666666666668
63,15,1.2666666666666668
63,16,0.93333333333333324
63,17,0.86666666666666659
63,18,1.0666666666666667
63,19,0.8666666666666667
63,20,0.73333333333333328
63,21,0.39999999999999997
63,22,0.66666666666666663
63,23,0.79999999999999993
63,24,1
63,25,1
63,26,0.8666666666666667
63,27,0.73333333333333328
63,28,0.33333333333333331
63,29,0.40000000000000008
63,30,0.26666666666666666
63,31,0.33333333333333331
63,32,0.33333333333333331
63,33,0.73333333333333339
63,34,1
63,35,1.0666666666666667
63,36,0.93333333333333324
63,37,1.2666666666666668
63,38,1.0666666666666667
63,39,1.0666666666666667
63,40,0.46666666666666662
63,41,0.53333333333333333
63,42,0.66666666666666663
63,43,0.73333333333333339
63,44,0.86666666666666659
63,45,0.79999999999999993
63,46,0.73333333333333339
63,47,0.59999999999999998
63,48,0.46666666666666662
63,49,0.73333333333333339
63,50,0.86666666666666659
63,51,0.8666666666666667
63,52,0.73333333333333339
63,53,0.59999999999999998
63,54,0.46666666666666673
63,55,0.33333333333333331
63,56,0.40000000000000008
63,57,0.39999999999999997
63,58,0.26666666666666666
63,59,0.066666666666666666
63,60,0.13333333333333333
63,61,0.20000000000000004
63,62,0.33333333333333331
63,63,0.33333333333333331
63,64,0.40000000000000008
63,65,0.53333333333333333
63,66,0.60000000000000009
63,67,0.66666666666666663
63,68,0.39999999999999997
63,69,0.26666666666666666
63,70,0.066666666666666666
63,71,0.066666666666666666
63,72,0.19999999999999998
63,73,0.46666666666666662
63,74,0.66666666666666663
63,75,0.53333333333333333
63,76,0.33333333333333331
63,77,0.40000000000000008
63,78,0.46666666666666662
63,79,0.66666666666666663
63,80,0.66666666666666663
63,81,0.73333333333333339
63,82,0.59999999999999998
63,83,0.73333333333333339
63,84,0.66666666666666663
63,85,0.80000000000000016
63,86,0.53333333333333333
63,87,0.60000000000000009
63,88,0.53333333333333333
63,89,0.39999999999999997
63,90,0.46666666666666662
63,91,0.40000000000000008
63,92,0.66666666666666663
63,93,0.66666666666666663
63,94,1
63,95,1.0666666666666667
63,96,0.93333333333333324
63,97,0.73333333333333339
63,98,0.60000000000000009
63,99,0.73333333333333339
63,100,0.66666666666666663
63,101,0.66666666666666663
63,102,0.59999999999999998
63,103,0.59999999999999998
63,104,0.73333333333333339
63,105,0.59999999999999998
63,106,0.59999999999999998
63,107,0.59999999999999998
63,108,0.53333333333333333
63,109,0.66666666666666663
63,110,0.53333333333333333
63,111,0.66666666666666663
63,112,0.39999999999999997
63,113,0.33333333333333331
63,114,0.26666666666666666
63,115,0.26666666666666666
63,116,0.33333333333333331
63,117,0.46666666666666662
63,118,0.59999999999999998
63,119,0.46666666666666662
63,120,0.46666666666666662
63,121,0.53333333333333333
63,122,0.73333333333333339
63,123,0.66666666666666663
63,124,0.53333333333333333
63,125,0.33333333333333331
63,126,0.46666666666666673
63,127,0.46666666666666662
63,128,0.60000000000000009
63,129,0.93333333333333324
63,130,1.1333333333333333
63,131,1.3999999999999997
63,132,1.3333333333333333
63,133,1.3333333333333333
63,134,1.2666666666666666
63,135,1.1333333333333335
63,136,1.2
63,137,1.1333333333333333
63,138,1.1333333333333335
63,139,1
63,140,1.0666666666666667
63,141,1.0666666666666667
63,142,1
63,143,0.73333333333333328
63,144,0.93333333333333324
63,145,1.0666666666666667
63,146,1.5999999999999999
63,147,1.2
63,148,1.0666666666666667
63,149,0.73333333333333339
63,150,0.66666666666666663
63,151,1.2666666666666666
63,152,1.3333333333333333
63,153,1.5999999999999999
63,154,1.0666666666666667
63,155,0.8666666666666667
63,156,0.73333333333333339
63,157,0.79999999999999993
63,158,1.0666666666666667
63,159,0.93333333333333324
63,160,0.86666666666666659
63,161,0.53333333333333333
63,162,0.60000000000000009
63,163,0.46666666666666662
63,164,0.73333333333333339
63,165,0.66666666666666663
63,166,0.66666666666666663
63,167,0.59999999999999998
63,168,0.93333333333333324
63,169,0.93333333333333324
63,170,1
63,171,0.59999999999999998
63,172,0.59999999999999998
63,173,0.33333333333333331
63,174,0.46666666666666662
63,175,0.46666666666666662
63,176,0.79999999999999993
63,177,0.79999999999999993
63,178,0.8666666666666667
63,179,0.53333333333333333
63,180,0.46666666666666662
63,181,0.26666666666666666
63,182,0.20000000000000004
63,183,0.066666666666666666
63,184,0.13333333333333333
63,185,0.066666666666666666
63,186,0.26666666666666666
63,187,0.26666666666666666
63,188,0.40000000000000008
63,189,0.33333333333333331
63,190,0.26666666666666666
63,191,0.20000000000000001
64,0,0.30000000000000004
64,1,0.46666666666666673
64,2,0.60000000000000009
64,3,0.46666666666666662
64,4,0.59999999999999998
64,5,1
64,6,1.4000000000000001
64,7,1.4666666666666668
64,8,1.1333333333333331
64,9,1.0666666666666667
64,10,1.1333333333333335
64,11,1.2666666666666666
64,12,1.6666666666666667
64,13,1.5333333333333334
64,14,1.9333333333333336
64,15,1.6666666666666667
64,16,1.9333333333333333
64,17,1.5333333333333332
64,18,1.5333333333333332
64,19,1.5333333333333332
64,20,1.8
64,21,1.5333333333333332
64,22,1.4666666666666668
64,23,1.8
64,24,2.7333333333333329
64,25,2.8666666666666671
64,26,2.7999999999999994
64,27,2.1333333333333333
64,28,2.3999999999999999
64,29,1.7333333333333334
64,30,1.5999999999999999
64,31,1.4000000000000001
64,32,1.8
64,33,2.4666666666666668
64,34,2.5333333333333332
64,35,2.4666666666666663
64,36,2.4666666666666668
64,37,2.2666666666666666
64,38,2.2666666666666666
64,39,1.5333333333333332
64,40,1.5333333333333332
64,41,1.2
64,42,1.2
64,43,0.8666666666666667
64,44,1.1333333333333335
64,45,1.4000000000000001
64,46,1.6666666666666667
64,47,1.5333333333333334
64,48,1.5999999999999999
64,49,1.7333333333333334
64,50,1.5333333333333332
64,51,1.3333333333333333
64,52,0.73333333333333328
64,53,0.93333333333333324
64,54,0.80000000000000016
64,55,0.93333333333333324
64,56,0.59999999999999998
64,57,0.73333333333333339
64,58,0.59999999999999998
64,59,0.66666666666666663
64,60,0.40000000000000008
64,61,0.73333333333333339
64,62,0.93333333333333324
64,63,0.8666666666666667
64,64,0.46666666666666662
64,65,0.33333333333333331
64,66,0.26666666666666666
64,67,0.59999999999999998
64,68,0.59999999999999998
64,69,0.79999999999999993
64,70,0.66666666666666663
64,71,0.59999999999999998
64,72,0.73333333333333339
64,73,0.66666666666666663
64,74,0.66666666666666663
64,75,0.53333333333333333
64,76,0.53333333333333333
64,77,0.73333333333333339
64,78,0.59999999999999998
64,79,0.46666666666666662
64,80,0.26666666666666666
64,81,0.33333333333333331
64,82,0.40000000000000008
64,83,0.53333333333333333
64,84,0.73333333333333339
64,85,0.79999999999999993
64,86,0.8666666666666667
64,87,0.8666666666666667
64,88,0.8666666666666667
64,89,0.53333333333333333
64,90,0.33333333333333331
64,91,0.20000000000000004
64,92,0.59999999999999998
64,93,0.66666666666666663
64,94,0.73333333333333328
64,95,0.39999999999999997
64,96,0.59999999999999998
64,97,0.73333333333333339
64,98,0.8666666666666667
64,99,0.79999999999999993
64,100,0.73333333333333339
64,101,0.59999999999999998
64,102,0.40000000000000008
64,103,0.33333333333333331
64,104,0.33333333333333331
64,105,0.33333333333333331
64,106,0.46666666666666673
64,107,0.46666666666666673
64,108,0.39999999999999997
64,109,0.26666666666666666
64,110,0.46666666666666673
64,111,0.73333333333333339
64,112,0.93333333333333324
64,113,0.93333333333333324
64,114,0.73333333333333339
64,115,0.53333333333333333
64,116,0.73333333333333339
64,117,1.1333333333333333
64,118,1
64,119,0.73333333333333339
64,120,0.33333333333333331
64,121,0.53333333333333333
64,122,0.59999999999999998
64,123,0.86666666666666659
64,124,1.0666666666666667
64,125,1.2666666666666666
64,126,1.1333333333333331
64,127,0.8666666666666667
64,128,0.80000000000000016
64,129,1.2
64,130,1.3333333333333333
64,131,1.5999999999999999
64,132,1.3333333333333333
64,133,1.4666666666666668
64,134,1.4000000000000001
64,135,1.5333333333333332
64,136,1.4000000000000001
64,137,1.2666666666666668
64,138,1.1333333333333335
64,139,1.2666666666666666
64,140,1.4000000000000001
64,141,1.7333333333333334
64,142,2.1333333333333333
64,143,2
64,144,2.0666666666666664
64,145,1.8
64,146,1.6666666666666667
64,147,1.3333333333333333
64,148,1.2666666666666666
64,149,2.1333333333333333
64,150,2.0666666666666669
64,151,2.3333333333333335
64,152,2
64,153,2.4666666666666668
64,154,2.0666666666666669
64,155,1.9333333333333336
64,156,1.4000000000000001
64,157,1.5333333333333332
64,158,1.3333333333333333
64,159,1.5999999999999999
64,160,1.4666666666666668
64,161,1.2666666666666666
64,162,1.2
64,163,1.2
64,164,1.3333333333333333
64,165,1
64,166,1.2666666666666666
64,167,1.0666666666666667
64,168,1.2666666666666666
64,169,1.3333333333333333
64,170,1.1333333333333335
64,171,1.3333333333333333
64,172,0.8666666666666667
64,173,1.1333333333333333
64,174,0.80000000000000016
64,175,0.79999999999999993
64,176,1.1333333333333333
64,177,1.2
64,178,1.2666666666666666
64,179,0.93333333333333324
64,180,0.8666666666666667
64,181,0.73333333333333339
64,182,0.53333333333333333
64,183,0.46666666666666662
64,184,0.66666666666666663
64,185,1
64,186,0.93333333333333324
64,187,0.93333333333333324
64,188,0.53333333333333333
64,189,0.59999999999999998
64,190,0.66666666666666663
64,191,0.89999999999999991
65,0,0.59999999999999998
65,1,0.59999999999999998
65,2,0.93333333333333324
65,3,0.73333333333333339
65,4,0.80000000000000016
65,5,0.73333333333333339
65,6,1
65,7,1
65,8,1.3333333333333333
65,9,1.0666666666666667
65,10,0.93333333333333324
65,11,0.66666666666666663
65,12,0.93333333333333324
65,13,1.6666666666666667
65,14,1.7333333333333334
65,15,1.5999999999999999
65,16,1.2
65,17,1.2666666666666666
65,18,1.4666666666666668
65,19,1.2
65,20,1.0666666666666667
65,21,0.80000000000000016
65,22,1.1333333333333335
65,23,1.3333333333333333
65,24,1.6000000000000003
65,25,1.6000000000000003
65,26,1.2
65,27,0.8666666666666667
65,28,0.53333333333333333
65,29,0.73333333333333339
65,30,0.53333333333333333
65,31,0.73333333333333339
65,32,0.66666666666666663
65,33,1.2
65,34,1.2666666666666668
65,35,1.2666666666666666
65,36,1.2666666666666668
65,37,1.4666666666666668
65,38,1.4666666666666668
65,39,1.2666666666666666
65,40,0.93333333333333324
65,41,0.8666666666666667
65,42,1.0666666666666667
65,43,1.2
65,44,1.3333333333333333
65,45,1.0666666666666667
65,46,0.8666666666666667
65,47,0.66666666666666663
65,48,0.66666666666666663
65,49,0.8666666666666667
65,50,1
65,51,0.93333333333333346
65,52,1
65,53,0.93333333333333346
65,54,0.8666666666666667
65,55,0.46666666666666662
65,56,0.46666666666666662
65,57,0.46666666666666662
65,58,0.39999999999999997
65,59,0.20000000000000004
65,60,0.39999999999999997
65,61,0.39999999999999997
65,62,0.59999999999999998
65,63,0.53333333333333333
65,64,0.66666666666666663
65,65,0.73333333333333339
65,66,0.66666666666666663
65,67,0.66666666666666663
65,68,0.53333333333333333
65,69,0.46666666666666662
65,70,0.40000000000000008
65,71,0.33333333333333331
65,72,0.46666666666666673
65,73,0.59999999999999998
65,74,0.73333333333333339
65,75,0.46666666666666662
65,76,0.33333333333333331
65,77,0.46666666666666662
65,78,0.59999999999999998
65,79,0.73333333333333339
65,80,0.73333333333333339
65,81,0.79999999999999993
65,82,0.66666666666666663
65,83,0.66666666666666663
65,84,0.53333333333333333
65,85,0.66666666666666663
65,86,0.46666666666666662
65,87,0.60000000000000009
65,88,0.59999999999999998
65,89,0.46666666666666662
65,90,0.53333333333333333
65,91,0.46666666666666662
65,92,0.73333333333333339
65,93,0.79999999999999993
65,94,1.0666666666666667
65,95,1.2666666666666666
65,96,1.1333333333333333
65,97,1.1333333333333333
65,98,0.8666666666666667
65,99,0.8666666666666667
65,100,0.59999999999999998
65,101,0.59999999999999998
65,102,0.73333333333333339
65,103,0.73333333333333339
65,104,0.93333333333333324
65,105,0.73333333333333328
65,106,0.80000000000000016
65,107,0.73333333333333339
65,108,0.66666666666666663
65,109,0.73333333333333339
65,110,0.66666666666666663
65,111,0.73333333333333339
65,112,0.60000000000000009
65,113,0.39999999999999997
65,114,0.33333333333333331
65,115,0.20000000000000004
65,116,0.40000000000000008
65,117,0.59999999999999998
65,118,0.8666666666666667
65,119,0.73333333333333339
65,120,0.73333333333333339
65,121,0.73333333333333339
65,122,0.8666666666666667
65,123,0.73333333333333339
65,124,0.53333333333333333
65,125,0.46666666666666662
65,126,0.73333333333333339
65,127,0.66666666666666663
65,128,0.93333333333333324
65,129,1.0666666666666667
65,130,1.3333333333333333
65,131,1.5333333333333332
65,132,1.5999999999999999
65,133,1.6666666666666667
65,134,1.5333333333333332
65,135,1.3333333333333333
65,136,1.3999999999999997
65,137,1.2666666666666666
65,138,1.3333333333333333
65,139,1.3333333333333333
65,140,1.5333333333333332
65,141,1.6000000000000003
65,142,1.3333333333333333
65,143,1.0666666666666667
65,144,1.1333333333333335
65,145,1.2
65,146,1.6000000000000003
65,147,1.2666666666666666
65,148,1.3333333333333333
65,149,0.93333333333333324
65,150,1.0666666666666667
65,151,1.6666666666666667
65,152,1.6666666666666667
65,153,2.0666666666666664
65,154,1.5999999999999999
65,155,1.6666666666666667
65,156,1.2
65,157,1.1333333333333335
65,158,1.3333333333333333
65,159,1.2666666666666666
65,160,1.0666666666666667
65,161,0.66666666666666663
65,162,0.73333333333333339
65,163,0.73333333333333339
65,164,1
65,165,0.93333333333333324
65,166,1
65,167,0.93333333333333324
65,168,1.2666666666666666
65,169,1.2666666666666666
65,170,1.2666666666666666
65,171,0.79999999999999993
65,172,0.73333333333333339
65,173,0.53333333333333333
65,174,0.59999999999999998
65,175,0.59999999999999998
65,176,0.79999999999999993
65,177,0.86666666666666659
65,178,0.93333333333333324
65,179,0.80000000000000016
65,180,0.66666666666666663
65,181,0.40000000000000008
65,182,0.33333333333333331
65,183,0.39999999999999997
65,184,0.46666666666666662
65,185,0.26666666666666666
65,186,0.26666666666666666
65,187,0.26666666666666666
65,188,0.33333333333333331
65,189,0.26666666666666666
65,190,0.20000000000000004
65,191,0.20000000000000001
66,0,0.40000000000000002
66,1,0.59999999999999998
66,2,0.73333333333333339
66,3,0.59999999999999998
66,4,0.59999999999999998
66,5,1.1333333333333335
66,6,1.4000000000000001
66,7,1.6000000000000003
66,8,1.2
66,9,1.2
66,10,1.2666666666666666
66,11,1.4666666666666668
66,12,1.8666666666666669
66,13,1.6666666666666667
66,14,1.9333333333333336
66,15,1.5999999999999999
66,16,1.8666666666666665
66,17,1.4666666666666668
66,18,1.6000000000000003
66,19,1.6666666666666667
66,20,1.9333333333333336
66,21,1.6666666666666667
66,22,1.4666666666666668
66,23,2
66,24,2.9333333333333336
66,25,3.1333333333333333
66,26,3.2000000000000006
66,27,2.6000000000000001
66,28,3
66,29,1.9333333333333333
66,30,1.7333333333333334
66,31,1.2666666666666666
66,32,2
66,33,2.5333333333333332
66,34,2.7333333333333329
66,35,2.2666666666666671
66,36,2.2666666666666666
66,37,2.1333333333333333
66,38,2.3999999999999999
66,39,1.9333333333333336
66,40,1.9333333333333336
66,41,1.6666666666666667
66,42,1.5333333333333332
66,43,1.2666666666666666
66,44,1.2666666666666666
66,45,1.7333333333333332
66,46,1.9333333333333333
66,47,1.8666666666666669
66,48,1.6000000000000003
66,49,1.6666666666666667
66,50,1.4666666666666668
66,51,1.4000000000000001
66,52,0.93333333333333324
66,53,1.2666666666666668
66,54,1.0000000000000002
66,55,1
66,56,0.53333333333333333
66,57,0.73333333333333339
66,58,0.59999999999999998
66,59,0.66666666666666663
66,60,0.40000000000000008
66,61,0.66666666666666663
66,62,0.8666666666666667
66,63,0.8666666666666667
66,64,0.53333333333333333
66,65,0.40000000000000008
66,66,0.26666666666666666
66,67,0.59999999999999998
66,68,0.59999999999999998
66,69,0.79999999999999993
66,70,0.66666666666666663
66,71,0.53333333333333333
66,72,0.66666666666666663
66,73,0.59999999999999998
66,74,0.59999999999999998
66,75,0.40000000000000008
66,76,0.46666666666666673
66,77,0.73333333333333339
66,78,0.66666666666666663
66,79,0.53333333333333333
66,80,0.33333333333333331
66,81,0.46666666666666662
66,82,0.46666666666666662
66,83,0.59999999999999998
66,84,0.80000000000000016
66,85,0.93333333333333324
66,86,1
66,87,1.0666666666666667
66,88,1.0666666666666667
66,89,0.73333333333333339
66,90,0.40000000000000008
66,91,0.20000000000000004
66,92,0.59999999999999998
66,93,0.66666666666666663
66,94,0.79999999999999993
66,95,0.53333333333333333
66,96,0.73333333333333339
66,97,0.73333333333333339
66,98,0.86666666666666659
66,99,0.79999999999999993
66,100,0.79999999999999993
66,101,0.66666666666666663
66,102,0.46666666666666662
66,103,0.40000000000000008
66,104,0.33333333333333331
66,105,0.40000000000000008
66,106,0.59999999999999998
66,107,0.66666666666666663
66,108,0.53333333333333333
66,109,0.33333333333333331
66,110,0.53333333333333333
66,111,0.86666666666666659
66,112,1.2
66,113,1.0666666666666667
66,114,0.8666666666666667
66,115,0.59999999999999998
66,116,0.73333333333333339
66,117,1.2
66,118,1
66,119,0.93333333333333324
66,120,0.40000000000000008
66,121,0.60000000000000009
66,122,0.66666666666666663
66,123,0.93333333333333324
66,124,1.0666666666666667
66,125,1.2
66,126,1.2666666666666666
66,127,1.1333333333333333
66,128,1.0666666666666667
66,129,1.3333333333333333
66,130,1.3333333333333333
66,131,1.7333333333333334
66,132,1.4000000000000001
66,133,1.7333333333333332
66,134,1.5999999999999999
66,135,1.8
66,136,1.8
66,137,1.6666666666666667
66,138,1.5333333333333332
66,139,1.5999999999999999
66,140,1.6666666666666667
66,141,2.0666666666666669
66,142,2.3333333333333335
66,143,2.2666666666666671
66,144,2.4666666666666668
66,145,2.2666666666666671
66,146,2.1999999999999997
66,147,1.9333333333333333
66,148,1.9333333333333333
66,149,2.8000000000000003
66,150,2.7333333333333329
66,151,2.8666666666666667
66,152,2.5333333333333332
66,153,2.6666666666666665
66,154,2.2666666666666666
66,155,1.8666666666666665
66,156,1.4000000000000001
66,157,1.7333333333333334
66,158,1.7333333333333334
66,159,2
66,160,1.6666666666666667
66,161,1.5333333333333332
66,162,1.5999999999999999
66,163,1.5999999999999999
66,164,1.7333333333333334
66,165,1.2
66,166,1.4000000000000001
66,167,1.0666666666666667
66,168,1.2666666666666666
66,169,1.3333333333333333
66,170,1.2666666666666668
66,171,1.5333333333333332
66,172,1.2
66,173,1.4666666666666668
66,174,1
66,175,0.93333333333333324
66,176,1.2
66,177,1.4666666666666668
66,178,1.4666666666666668
66,179,1.0666666666666667
66,180,0.8666666666666667
66,181,0.79999999999999993
66,182,0.59999999999999998
66,183,0.46666666666666662
66,184,0.66666666666666663
66,185,1.0666666666666667
66,186,1.1333333333333333
66,187,1.2666666666666668
66,188,0.80000000000000016
66,189,0.73333333333333339
66,190,0.73333333333333339
66,191,1
67,0,0.59999999999999998
67,1,0.59999999999999998
67,2,1.0666666666666667
67,3,0.8666666666666667
67,4,1.0666666666666667
67,5,0.86666666666666659
67,6,1.2
67,7,0.93333333333333346
67,8,1.4666666666666668
67,9,1.2
67,10,1.2666666666666668
67,11,0.86666666666666659
67,12,1.3999999999999997
67,13,2.1999999999999997
67,14,2.2666666666666671
67,15,1.9333333333333336
67,16,1.3333333333333333
67,17,1.5333333333333332
67,18,1.4666666666666668
67,19,1.6000000000000003
67,20,1.3999999999999997
67,21,1.3333333333333333
67,22,1.4000000000000001
67,23,1.5333333333333332
67,24,1.8666666666666665
67,25,1.8
67,26,1.5999999999999999
67,27,1.2666666666666666
67,28,1.0666666666666667
67,29,1.2
67,30,1
67,31,1.1333333333333333
67,32,0.86666666666666659
67,33,1.3333333333333333
67,34,1.3333333333333333
67,35,1.4000000000000001
67,36,1.4666666666666668
67,37,1.6666666666666667
67,38,1.8666666666666665
67,39,1.7333333333333334
67,40,1.5333333333333332
67,41,1.2
67,42,1.2666666666666666
67,43,1.2
67,44,1.3333333333333333
67,45,1
67,46,0.79999999999999993
67,47,0.66666666666666663
67,48,0.66666666666666663
67,49,0.93333333333333324
67,50,1.1333333333333335
67,51,1.0666666666666667
67,52,1.2
67,53,1.0666666666666667
67,54,1
67,55,0.60000000000000009
67,56,0.53333333333333333
67,57,0.53333333333333333
67,58,0.39999999999999997
67,59,0.20000000000000004
67,60,0.39999999999999997
67,61,0.59999999999999998
67,62,0.8666666666666667
67,63,0.73333333333333339
67,64,0.66666666666666663
67,65,0.73333333333333339
67,66,0.8666666666666667
67,67,0.93333333333333324
67,68,0.73333333333333339
67,69,0.60000000000000009
67,70,0.39999999999999997
67,71,0.40000000000000008
67,72,0.53333333333333333
67,73,0.66666666666666663
67,74,0.73333333333333339
67,75,0.39999999999999997
67,76,0.39999999999999997
67,77,0.59999999999999998
67,78,0.73333333333333328
67,79,0.80000000000000016
67,80,0.66666666666666663
67,81,0.73333333333333339
67,82,0.73333333333333339
67,83,0.79999999999999993
67,84,0.66666666666666663
67,85,0.73333333333333339
67,86,0.59999999999999998
67,87,0.73333333333333339
67,88,0.73333333333333339
67,89,0.59999999999999998
67,90,0.66666666666666663
67,91,0.53333333333333333
67,92,0.73333333333333339
67,93,0.79999999999999993
67,94,1.1333333333333335
67,95,1.3333333333333333
67,96,1.1333333333333333
67,97,1
67,98,0.73333333333333339
67,99,0.86666666666666659
67,100,0.73333333333333339
67,101,0.73333333333333339
67,102,0.79999999999999993
67,103,0.80000000000000016
67,104,1
67,105,0.79999999999999993
67,106,0.80000000000000016
67,107,0.73333333333333339
67,108,0.66666666666666663
67,109,0.66666666666666663
67,110,0.59999999999999998
67,111,0.73333333333333339
67,112,0.66666666666666663
67,113,0.46666666666666662
67,114,0.33333333333333331
67,115,0.13333333333333333
67,116,0.33333333333333331
67,117,0.59999999999999998
67,118,0.93333333333333324
67,119,0.79999999999999993
67,120,0.73333333333333339
67,121,0.80000000000000016
67,122,0.93333333333333324
67,123,0.79999999999999993
67,124,0.60000000000000009
67,125,0.53333333333333333
67,126,1
67,127,1.1333333333333333
67,128,1.3999999999999997
67,129,1.3333333333333333
67,130,1.3333333333333333
67,131,1.6666666666666667
67,132,1.7333333333333334
67,133,1.9333333333333336
67,134,1.6666666666666667
67,135,1.6000000000000003
67,136,1.6000000000000003
67,137,1.6000000000000003
67,138,1.4666666666666668
67,139,1.4666666666666668
67,140,1.5333333333333332
67,141,1.8
67,142,1.5333333333333332
67,143,1.2
67,144,1.2
67,145,1.1333333333333333
67,146,1.6000000000000003
67,147,1.2666666666666668
67,148,1.6000000000000003
67,149,1.2666666666666666
67,150,1.3999999999999997
67,151,1.9333333333333333
67,152,2.0666666666666664
67,153,2.6000000000000001
67,154,2
67,155,1.9333333333333336
67,156,1.5333333333333332
67,157,1.4000000000000001
67,158,1.7333333333333332
67,159,1.6666666666666667
67,160,1.6666666666666667
67,161,1.0666666666666667
67,162,1
67,163,1.0666666666666667
67,164,1.4666666666666666
67,165,1.5333333333333332
67,166,1.5333333333333334
67,167,1.3999999999999997
67,168,1.7333333333333332
67,169,1.7333333333333334
67,170,1.6666666666666667
67,171,1
67,172,0.79999999999999993
67,173,0.59999999999999998
67,174,0.73333333333333339
67,175,0.8666666666666667
67,176,1
67,177,1
67,178,1.2
67,179,1.2666666666666666
67,180,1.1333333333333333
67,181,0.66666666666666663
67,182,0.46666666666666662
67,183,0.46666666666666662
67,184,0.46666666666666662
67,185,0.33333333333333331
67,186,0.33333333333333331
67,187,0.33333333333333331
67,188,0.33333333333333331
67,189,0.26666666666666666
67,190,0.20000000000000004
67,191,0.20000000000000001
68,0,0.40000000000000002
68,1,0.8666666666666667
68,2,1.3333333333333333
68,3,1.3333333333333333
68,4,1.0666666666666667
68,5,1.4000000000000001
68,6,1.3333333333333333
68,7,1.2666666666666666
68,8,0.86666666666666659
68,9,1.3333333333333333
68,10,1.4666666666666668
68,11,1.8666666666666665
68,12,1.9333333333333333
68,13,1.8666666666666665
68,14,1.4666666666666668
68,15,1.4000000000000001
68,16,1.5333333333333332
68,17,1.8666666666666665
68,18,2.3333333333333335
68,19,3.0666666666666664
68,20,3.2666666666666671
68,21,3.0666666666666664
68,22,2.7999999999999994
68,23,2.7333333333333329
68,24,2.1333333333333333
68,25,1.8
68,26,1.5999999999999999
68,27,1.5333333333333332
68,28,1.2666666666666666
68,29,1.1333333333333335
68,30,1.4000000000000001
68,31,1.6666666666666667
68,32,1.7333333333333334
68,33,1.9333333333333336
68,34,1.8666666666666665
68,35,1.3333333333333333
68,36,1.5333333333333332
68,37,1.5999999999999999
68,38,2.0666666666666664
68,39,1.6666666666666667
68,40,1.9333333333333336
68,41,2
68,42,1.5333333333333334
68,43,0.8666666666666667
68,44,0.66666666666666663
68,45,1.4666666666666668
68,46,2.2666666666666666
68,47,2
68,48,1.5999999999999999
68,49,1.2
68,50,1.7333333333333334
68,51,1.7333333333333332
68,52,1.7333333333333334
68,53,1.4000000000000001
68,54,1.1333333333333333
68,55,0.93333333333333324
68,56,0.73333333333333328
68,57,0.8666666666666667
68,58,0.79999999999999993
68,59,1.2666666666666666
68,60,1.3333333333333333
68,61,1.7333333333333334
68,62,1.6000000000000003
68,63,2
68,64,2
68,65,1.7333333333333332
68,66,0.93333333333333346
68,67,0.46666666666666662
68,68,0.46666666666666662
68,69,0.79999999999999993
68,70,0.8666666666666667
68,71,1.0666666666666667
68,72,1.4000000000000001
68,73,1.4666666666666668
68,74,1.2
68,75,0.66666666666666663
68,76,0.53333333333333333
68,77,0.66666666666666663
68,78,0.53333333333333333
68,79,0.46666666666666662
68,80,0.59999999999999998
68,81,1
68,82,1.2
68,83,1.2666666666666666
68,84,1.3999999999999997
68,85,1.5333333333333332
68,86,1.4000000000000001
68,87,1.2
68,88,1.2
68,89,0.93333333333333346
68,90,0.73333333333333339
68,91,0.26666666666666666
68,92,0.46666666666666673
68,93,0.73333333333333339
68,94,0.73333333333333339
68,95,0.66666666666666663
68,96,1
68,97,1.5333333333333334
68,98,1.6666666666666667
68,99,1.0666666666666667
68,100,0.79999999999999993
68,101,0.73333333333333339
68,102,1
68,103,0.8666666666666667
68,104,0.73333333333333328
68,105,0.53333333333333333
68,106,0.53333333333333333
68,107,0.53333333333333333
68,108,0.46666666666666662
68,109,0.33333333333333331
68,110,0.33333333333333331
68,111,0.53333333333333333
68,112,0.79999999999999993
68,113,1
68,114,0.93333333333333324
68,115,0.8666666666666667
68,116,1.0666666666666667
68,117,1.4000000000000001
68,118,1.4000000000000001
68,119,1.1333333333333335
68,120,0.66666666666666663
68,121,0.66666666666666663
68,122,1
68,123,1.3333333333333333
68,124,2.0666666666666669
68,125,2.4666666666666668
68,126,2.6000000000000001
68,127,2.3999999999999999
68,128,1.9333333333333336
68,129,2.6666666666666665
68,130,2.7999999999999994
68,131,3
68,132,2.2666666666666666
68,133,1.7333333333333334
68,134,1.5333333333333332
68,135,1.3999999999999997
68,136,1.5999999999999999
68,137,1.3333333333333333
68,138,1.5333333333333332
68,139,1.8
68,140,2.3999999999999999
68,141,2.5333333333333332
68,142,2.3999999999999999
68,143,1.8666666666666665
68,144,1.7333333333333334
68,145,1.5999999999999999
68,146,1.6666666666666667
68,147,1.5999999999999999
68,148,1.6666666666666667
68,149,2.3999999999999999
68,150,2.4666666666666668
68,151,2.6000000000000001
68,152,2.2000000000000002
68,153,2
68,154,1.5999999999999999
68,155,1.7999999999999998
68,156,2.4666666666666668
68,157,2.7999999999999994
68,158,2.3999999999999999
68,159,2.1999999999999997
68,160,2
68,161,1.8
68,162,1.5333333333333332
68,163,1.2666666666666666
68,164,1.4666666666666668
68,165,1.2000000000000002
68,166,1.2666666666666666
68,167,1.0666666666666667
68,168,1.2
68,169,1.7333333333333334
68,170,1.8
68,171,1.8
68,172,1.2
68,173,1.3333333333333333
68,174,1.1333333333333335
68,175,1.0666666666666667
68,176,1.1333333333333335
68,177,1.4000000000000001
68,178,2
68,179,1.8666666666666665
68,180,1.5333333333333332
68,181,0.80000000000000016
68,182,0.46666666666666662
68,183,0.20000000000000004
68,184,0.73333333333333339
68,185,0.79999999999999993
68,186,1.1333333333333333
68,187,0.93333333333333324
68,188,1
68,189,1.0666666666666667
68,190,1.2
68,191,1.3999999999999999
69,0,1.3
69,1,1.4666666666666668
69,2,1.6666666666666667
69,3,1.2
69,4,0.73333333333333328
69,5,0.53333333333333333
69,6,0.66666666666666663
69,7,1
69,8,1.3333333333333333
69,9,1.2666666666666666
69,10,1.0666666666666667
69,11,0.80000000000000016
69,12,1.2666666666666668
69,13,2.0666666666666669
69,14,2.7333333333333329
69,15,2.8000000000000003
69,16,2.333333333333333
69,17,2.2666666666666671
69,18,2.0666666666666669
69,19,2.6000000000000001
69,20,2.0666666666666669
69,21,2
69,22,1.6666666666666667
69,23,2.1333333333333333
69,24,2.9333333333333336
69,25,3
69,26,2.6666666666666665
69,27,2
69,28,1.6666666666666667
69,29,2.1333333333333333
69,30,2.0666666666666669
69,31,2.3999999999999999
69,32,2.3333333333333335
69,33,2.7333333333333329
69,34,2.6666666666666665
69,35,2.6666666666666665
69,36,2.8000000000000003
69,37,2.9333333333333336
69,38,2.4666666666666663
69,39,2.0666666666666669
69,40,1.5333333333333334
69,41,1.8666666666666669
69,42,2.3999999999999999
69,43,3.1999999999999997
69,44,3
69,45,2.4666666666666668
69,46,1.8666666666666669
69,47,1.7333333333333334
69,48,1.1333333333333333
69,49,1.1333333333333335
69,50,1.3333333333333333
69,51,1.4666666666666668
69,52,1.3333333333333333
69,53,1.0666666666666667
69,54,1.0666666666666667
69,55,0.93333333333333324
69,56,0.8666666666666667
69,57,1.2666666666666666
69,58,1
69,59,1
69,60,0.93333333333333324
69,61,1.2
69,62,1.2666666666666666
69,63,1
69,64,0.79999999999999993
69,65,0.93333333333333324
69,66,1.1333333333333333
69,67,1.7333333333333334
69,68,1.4666666666666668
69,69,1.0666666666666667
69,70,0.46666666666666662
69,71,0.66666666666666663
69,72,1.0666666666666667
69,73,1.3333333333333333
69,74,1.2666666666666666
69,75,0.80000000000000016
69,76,0.66666666666666663
69,77,0.53333333333333333
69,78,0.59999999999999998
69,79,0.59999999999999998
69,80,0.73333333333333339
69,81,0.93333333333333324
69,82,0.79999999999999993
69,83,0.53333333333333333
69,84,0.66666666666666663
69,85,1.2666666666666666
69,86,1.4666666666666668
69,87,1.2666666666666666
69,88,0.80000000000000016
69,89,0.66666666666666663
69,90,0.93333333333333346
69,91,1.1333333333333333
69,92,1.3333333333333333
69,93,1.3333333333333333
69,94,1.3333333333333333
69,95,1.8
69,96,1.5999999999999999
69,97,1.5999999999999999
69,98,1.3333333333333333
69,99,1.3333333333333333
69,100,1.0666666666666667
69,101,0.80000000000000016
69,102,0.86666666666666659
69,103,1
69,104,1.1333333333333335
69,105,0.93333333333333346
69,106,0.93333333333333324
69,107,0.80000000000000016
69,108,0.79999999999999993
69,109,0.93333333333333324
69,110,1.4000000000000001
69,111,1.5333333333333332
69,112,1.4000000000000001
69,113,0.73333333333333339
69,114,0.59999999999999998
69,115,0.40000000000000008
69,116,0.66666666666666663
69,117,0.79999999999999993
69,118,1
69,119,0.93333333333333324
69,120,1
69,121,0.93333333333333324
69,122,1
69,123,1
69,124,1.0666666666666667
69,125,1.1333333333333335
69,126,1.6666666666666667
69,127,2.2666666666666666
69,128,2.2666666666666666
69,129,1.8666666666666665
69,130,1.3333333333333333
69,131,2.2666666666666666
69,132,2.5333333333333332
69,133,3
69,134,2.4666666666666668
69,135,2.4666666666666668
69,136,2.3333333333333335
69,137,2.4666666666666663
69,138,2.3333333333333335
69,139,2.0666666666666664
69,140,1.9333333333333333
69,141,2
69,142,2
69,143,1.9333333333333336
69,144,1.9333333333333336
69,145,2.1333333333333333
69,146,2.3999999999999999
69,147,2.6666666666666665
69,148,2.7333333333333329
69,149,2.3999999999999999
69,150,2.0666666666666669
69,151,2.5333333333333332
69,152,2.6000000000000001
69,153,3.2666666666666671
69,154,2.6000000000000001
69,155,2.6000000000000001
69,156,2.1999999999999997
69,157,2.5333333333333332
69,158,2.4666666666666668
69,159,2.3999999999999999
69,160,2.1333333333333333
69,161,2
69,162,1.7333333333333334
69,163,1.4666666666666668
69,164,1.5999999999999999
69,165,1.7333333333333334
69,166,1.7333333333333334
69,167,1.6000000000000003
69,168,1.7333333333333334
69,169,2
69,170,1.9333333333333336
69,171,1.3333333333333333
69,172,1.2
69,173,0.93333333333333346
69,174,0.79999999999999993
69,175,1.0666666666666667
69,176,1.2666666666666666
69,177,1.6666666666666667
69,178,1.5333333333333332
69,179,1.4666666666666668
69,180,1.2666666666666666
69,181,1.2
69,182,1
69,183,1
69,184,0.53333333333333333
69,185,0.59999999999999998
69,186,0.40000000000000008
69,187,0.53333333333333333
69,188,0.8666666666666667
69,189,1.0666666666666667
69,190,0.93333333333333346
69,191,0.59999999999999998
70,0,0.5
70,1,0.8666666666666667
70,2,1.0666666666666667
70,3,1.1333333333333335
70,4,0.93333333333333324
70,5,1.3333333333333333
70,6,1.2666666666666666
70,7,1.2
70,8,0.8666666666666667
70,9,1.4000000000000001
70,10,1.5999999999999999
70,11,2.0666666666666664
70,12,2
70,13,1.8666666666666665
70,14,1.4000000000000001
70,15,1.2666666666666666
70,16,1.4666666666666668
70,17,1.7333333333333334
70,18,2.3999999999999999
70,19,3.0666666666666664
70,20,3.3999999999999999
70,21,3
70,22,2.7333333333333329
70,23,2.7333333333333329
70,24,2.3999999999999999
70,25,2.2000000000000002
70,26,2.1333333333333333
70,27,2.0666666666666669
70,28,1.6666666666666667
70,29,1.4000000000000001
70,30,1.4666666666666668
70,31,1.8
70,32,1.9333333333333336
70,33,2.3999999999999999
70,34,2.3999999999999999
70,35,1.7333333333333334
70,36,1.8
70,37,1.7333333333333334
70,38,2.1999999999999997
70,39,1.6666666666666667
70,40,1.9333333333333336
70,41,2.0666666666666669
70,42,1.5999999999999999
70,43,1.1333333333333335
70,44,1
70,45,1.7333333333333332
70,46,2.2666666666666666
70,47,1.9999999999999998
70,48,1.6666666666666667
70,49,1.3333333333333333
70,50,1.7333333333333334
70,51,1.7333333333333332
70,52,1.6666666666666667
70,53,1.4000000000000001
70,54,1.1333333333333333
70,55,1.0666666666666667
70,56,0.8666666666666667
70,57,1.1333333333333333
70,58,1.0666666666666667
70,59,1.4666666666666666
70,60,1.4666666666666668
70,61,1.8
70,62,1.5999999999999999
70,63,1.8
70,64,1.8
70,65,1.6666666666666667
70,66,1.0666666666666667
70,67,0.53333333333333333
70,68,0.59999999999999998
70,69,0.80000000000000016
70,70,1.0666666666666667
70,71,1.2666666666666668
70,72,1.5333333333333332
70,73,1.4666666666666668
70,74,1.1333333333333333
70,75,0.73333333333333328
70,76,0.59999999999999998
70,77,0.60000000000000009
70,78,0.46666666666666662
70,79,0.46666666666666662
70,80,0.8666666666666667
70,81,1.4000000000000001
70,82,1.4000000000000001
70,83,1.2666666666666668
70,84,1.3333333333333333
70,85,1.6666666666666667
70,86,1.5333333333333332
70,87,1.2666666666666666
70,88,1.1333333333333333
70,89,0.93333333333333324
70,90,0.66666666666666663
70,91,0.33333333333333331
70,92,0.46666666666666673
70,93,0.8666666666666667
70,94,0.93333333333333346
70,95,0.8666666666666667
70,96,1.1333333333333335
70,97,1.6000000000000003
70,98,1.6666666666666667
70,99,1.0666666666666667
70,100,0.73333333333333339
70,101,0.66666666666666663
70,102,1
70,103,0.93333333333333324
70,104,0.8666666666666667
70,105,0.53333333333333333
70,106,0.40000000000000008
70,107,0.40000000000000008
70,108,0.40000000000000008
70,109,0.33333333333333331
70,110,0.46666666666666673
70,111,0.73333333333333339
70,112,0.93333333333333324
70,113,1.1333333333333333
70,114,1
70,115,0.8666666666666667
70,116,0.93333333333333346
70,117,1.1333333333333333
70,118,1.4000000000000001
70,119,1.2
70,120,1
70,121,0.8666666666666667
70,122,1.1333333333333335
70,123,1.4000000000000001
70,124,2.1333333333333333
70,125,2.5333333333333332
70,126,2.6000000000000001
70,127,2.3999999999999999
70,128,1.8666666666666665
70,129,2.5333333333333332
70,130,2.5999999999999996
70,131,2.7333333333333338
70,132,2
70,133,1.4666666666666668
70,134,1.6000000000000003
70,135,1.4666666666666668
70,136,1.8
70,137,1.4666666666666668
70,138,1.6666666666666667
70,139,1.8666666666666665
70,140,2.3999999999999999
70,141,2.7333333333333329
70,142,2.4666666666666663
70,143,1.7999999999999998
70,144,1.6666666666666667
70,145,1.8
70,146,2
70,147,1.8
70,148,1.8
70,149,2.4666666666666668
70,150,2.6666666666666665
70,151,2.6000000000000001
70,152,2.2000000000000002
70,153,2
70,154,1.7333333333333334
70,155,1.8666666666666665
70,156,2.4666666666666668
70,157,2.6000000000000001
70,158,2.4666666666666668
70,159,2.1999999999999997
70,160,2.1999999999999997
70,161,1.8666666666666669
70,162,1.4666666666666668
70,163,1.2666666666666666
70,164,1.4000000000000001
70,165,1.3333333333333333
70,166,1.4000000000000001
70,167,1.1333333333333331
70,168,1.2666666666666666
70,169,1.7333333333333334
70,170,1.9333333333333336
70,171,2.0666666666666669
70,172,1.5333333333333332
70,173,1.4666666666666668
70,174,1.1333333333333335
70,175,1.0666666666666667
70,176,1.1333333333333333
70,177,1.3333333333333333
70,178,2.1333333333333333
70,179,2.1333333333333333
70,180,1.7999999999999998
70,181,0.93333333333333346
70,182,0.59999999999999998
70,183,0.33333333333333331
70,184,0.79999999999999993
70,185,0.8666666666666667
70,186,1.3333333333333333
70,187,1.0666666666666667
70,188,1.2666666666666666
70,189,1.3333333333333333
70,190,1.4666666666666668
70,191,1.6000000000000001
71,0,1.3999999999999999
71,1,1.5333333333333332
71,2,1.5999999999999999
71,3,1.0666666666666667
71,4,0.66666666666666663
71,5,0.66666666666666663
71,6,1
71,7,1.4000000000000001
71,8,1.4666666666666668
71,9,1.3333333333333333
71,10,1
71,11,0.93333333333333324
71,12,1.4666666666666668
71,13,2.2666666666666671
71,14,2.9333333333333336
71,15,3
71,16,2.6000000000000001
71,17,2.3999999999999999
71,18,2.0666666666666669
71,19,2.5333333333333332
71,20,2.1333333333333333
71,21,2
71,22,1.7999999999999998
71,23,2.1333333333333333
71,24,3
71,25,2.9333333333333336
71,26,2.5333333333333332
71,27,1.7333333333333334
71,28,1.1333333333333335
71,29,1.5333333333333334
71,30,1.5999999999999999
71,31,2
71,32,2.1999999999999997
71,33,2.5333333333333332
71,34,2.5333333333333332
71,35,2.4666666666666668
71,36,2.6000000000000001
71,37,2.8666666666666671
71,38,2.3999999999999999
71,39,2.0666666666666669
71,40,1.6666666666666667
71,41,1.9333333333333336
71,42,2.5333333333333332
71,43,3.2666666666666671
71,44,3.1333333333333333
71,45,2.6666666666666665
71,46,2.1333333333333333
71,47,1.9333333333333336
71,48,1.2666666666666668
71,49,1.1333333333333335
71,50,1.2666666666666666
71,51,1.4000000000000001
71,52,1.1333333333333333
71,53,1
71,54,0.8666666666666667
71,55,0.8666666666666667
71,56,0.8666666666666667
71,57,1.2666666666666666
71,58,1
71,59,0.93333333333333324
71,60,0.8666666666666667
71,61,1.1333333333333335
71,62,1.2
71,63,1
71,64,0.73333333333333339
71,65,0.86666666666666659
71,66,1.0666666666666667
71,67,1.7333333333333334
71,68,1.5333333333333334
71,69,1.2666666666666666
71,70,0.66666666666666663
71,71,0.8666666666666667
71,72,1.2
71,73,1.4666666666666668
71,74,1.3333333333333333
71,75,0.80000000000000016
71,76,0.66666666666666663
71,77,0.8666666666666667
71,78,0.93333333333333346
71,79,1.0666666666666667
71,80,0.93333333333333324
71,81,1.1333333333333333
71,82,1
71,83,0.66666666666666663
71,84,0.73333333333333339
71,85,1.2
71,86,1.4000000000000001
71,87,1.3333333333333333
71,88,0.79999999999999993
71,89,0.59999999999999998
71,90,0.80000000000000016
71,91,1.0666666666666667
71,92,1.3333333333333333
71,93,1.2666666666666666
71,94,1.2666666666666666
71,95,1.6666666666666667
71,96,1.5333333333333332
71,97,1.4666666666666668
71,98,1.4000000000000001
71,99,1.4000000000000001
71,100,1.2666666666666666
71,101,0.8666666666666667
71,102,1
71,103,1
71,104,1.1333333333333335
71,105,0.8666666666666667
71,106,0.93333333333333324
71,107,0.73333333333333339
71,108,0.73333333333333339
71,109,0.79999999999999993
71,110,1.3999999999999997
71,111,1.5333333333333332
71,112,1.4666666666666668
71,113,0.79999999999999993
71,114,0.53333333333333333
71,115,0.33333333333333331
71,116,0.73333333333333339
71,117,0.79999999999999993
71,118,1
71,119,0.73333333333333339
71,120,1
71,121,1
71,122,1.0666666666666667
71,123,1.1333333333333333
71,124,1.1333333333333333
71,125,1.3333333333333333
71,126,1.7333333333333334
71,127,2.3333333333333335
71,128,2.2000000000000002
71,129,2.0666666666666669
71,130,1.4666666666666668
71,131,2.3333333333333335
71,132,2.3999999999999999
71,133,3.0666666666666664
71,134,2.6666666666666665
71,135,2.6666666666666665
71,136,2.5333333333333332
71,137,2.4666666666666668
71,138,2.3333333333333335
71,139,2
71,140,2.0666666666666669
71,141,2.0666666666666669
71,142,2.2666666666666666
71,143,2.0666666666666669
71,144,2.2666666666666671
71,145,2.3333333333333335
71,146,2.6000000000000001
71,147,2.5333333333333332
71,148,2.3999999999999999
71,149,2.2000000000000002
71,150,2.0666666666666669
71,151,2.3999999999999999
71,152,2.5333333333333332
71,153,3.3333333333333335
71,154,2.8666666666666667
71,155,2.8666666666666667
71,156,2.3333333333333335
71,157,2.6666666666666665
71,158,2.4666666666666668
71,159,2.3333333333333335
71,160,2.2666666666666671
71,161,1.9333333333333333
71,162,1.7333333333333334
71,163,1.2
71,164,1.5333333333333332
71,165,1.5333333333333332
71,166,1.5999999999999999
71,167,1.4666666666666668
71,168,1.8
71,169,1.9333333333333336
71,170,1.8666666666666665
71,171,1.3333333333333333
71,172,1.3333333333333333
71,173,1.2
71,174,0.8666666666666667
71,175,1.1333333333333335
71,176,1.2666666666666668
71,177,1.8
71,178,1.6000000000000003
71,179,1.4666666666666668
71,180,1.3333333333333333
71,181,1.4666666666666668
71,182,1.2
71,183,1.0666666666666667
71,184,0.46666666666666662
71,185,0.66666666666666663
71,186,0.46666666666666662
71,187,0.60000000000000009
71,188,0.8666666666666667
71,189,1.1333333333333335
71,190,1
71,191,0.69999999999999996
72,0,0.69999999999999996
72,1,0.93333333333333324
72,2,1.2
72,3,1.0666666666666667
72,4,0.93333333333333324
72,5,1.3333333333333333
72,6,1.4666666666666668
72,7,1.3333333333333333
72,8,0.93333333333333324
72,9,1.4000000000000001
72,10,1.7333333333333334
72,11,2.1333333333333333
72,12,2
72,13,1.8
72,14,1.4000000000000001
72,15,1.2
72,16,1.5333333333333332
72,17,1.7333333333333334
72,18,2.5333333333333332
72,19,2.8666666666666667
72,20,3.3333333333333335
72,21,2.8000000000000003
72,22,2.7333333333333329
72,23,2.7333333333333329
72,24,2.4666666666666668
72,25,2.5333333333333332
72,26,2.3333333333333335
72,27,2.2000000000000002
72,28,1.5999999999999999
72,29,1.4000000000000001
72,30,1.6666666666666667
72,31,1.7333333333333332
72,32,1.9333333333333333
72,33,2.1333333333333333
72,34,2.5333333333333332
72,35,1.8666666666666669
72,36,1.9333333333333333
72,37,1.5333333333333332
72,38,1.9999999999999998
72,39,1.6666666666666667
72,40,2.0666666666666669
72,41,2.3333333333333335
72,42,2.1999999999999997
72,43,1.8666666666666665
72,44,1.5333333333333332
72,45,2
72,46,2.3999999999999999
72,47,2.2666666666666666
72,48,1.8
72,49,1.4666666666666666
72,50,1.5333333333333332
72,51,1.7333333333333334
72,52,1.5999999999999999
72,53,1.5999999999999999
72,54,1.2
72,55,1.2666666666666668
72,56,1.0666666666666667
72,57,1.2000000000000002
72,58,1.0666666666666667
72,59,1.3333333333333333
72,60,1.3999999999999997
72,61,1.6666666666666667
72,62,1.5333333333333332
72,63,1.6666666666666667
72,64,1.8
72,65,1.8
72,66,1.2666666666666666
72,67,0.73333333333333339
72,68,0.66666666666666663
72,69,0.79999999999999993
72,70,1
72,71,1.2
72,72,1.5333333333333332
72,73,1.5333333333333332
72,74,1.2666666666666666
72,75,0.8666666666666667
72,76,0.73333333333333339
72,77,0.59999999999999998
72,78,0.53333333333333333
72,79,0.40000000000000008
72,80,0.80000000000000016
72,81,1.2666666666666668
72,82,1.3333333333333333
72,83,1.2666666666666668
72,84,1.4000000000000001
72,85,1.6666666666666667
72,86,1.5333333333333332
72,87,1.2
72,88,1.1333333333333333
72,89,0.93333333333333324
72,90,0.66666666666666663
72,91,0.26666666666666666
72,92,0.40000000000000008
72,93,0.73333333333333339
72,94,0.8666666666666667
72,95,0.66666666666666663
72,96,0.93333333333333324
72,97,1.4000000000000001
72,98,1.5999999999999999
72,99,1.2
72,100,0.8666666666666667
72,101,0.93333333333333324
72,102,1.1333333333333333
72,103,1
72,104,0.8666666666666667
72,105,0.46666666666666662
72,106,0.40000000000000008
72,107,0.33333333333333331
72,108,0.40000000000000008
72,109,0.40000000000000008
72,110,0.53333333333333333
72,111,0.73333333333333339
72,112,0.93333333333333324
72,113,1.0666666666666667
72,114,0.93333333333333346
72,115,0.66666666666666663
72,116,0.80000000000000016
72,117,1.0666666666666667
72,118,1.5333333333333332
72,119,1.4666666666666668
72,120,1.2666666666666666
72,121,1.0666666666666667
72,122,1.2666666666666666
72,123,1.5999999999999999
72,124,2.2666666666666666
72,125,2.6666666666666665
72,126,2.6666666666666665
72,127,2.4666666666666668
72,128,1.8666666666666665
72,129,2.6000000000000001
72,130,2.8666666666666671
72,131,2.9333333333333336
72,132,2.0666666666666669
72,133,1.4000000000000001
72,134,1.4666666666666666
72,135,1.4666666666666668
72,136,1.8
72,137,1.5333333333333332
72,138,1.7333333333333334
72,139,2
72,140,2.6000000000000001
72,141,3.0666666666666664
72,142,2.7333333333333329
72,143,2.2000000000000002
72,144,1.9333333333333336
72,145,2.4666666666666668
72,146,2.6666666666666665
72,147,2.4666666666666668
72,148,2.1999999999999997
72,149,2.6666666666666665
72,150,2.7333333333333329
72,151,2.3333333333333335
72,152,1.9333333333333336
72,153,1.9333333333333336
72,154,1.7333333333333334
72,155,1.8666666666666665
72,156,2.2666666666666666
72,157,2.4666666666666668
72,158,2.3333333333333335
72,159,2
72,160,2.1333333333333333
72,161,2
72,162,1.7333333333333334
72,163,1.3333333333333333
72,164,1.2666666666666668
72,165,1.2
72,166,1.3333333333333333
72,167,1.2
72,168,1.6666666666666667
72,169,2.2666666666666666
72,170,2.3999999999999999
72,171,2.2000000000000002
72,172,1.6666666666666667
72,173,1.6666666666666667
72,174,1.4666666666666668
72,175,1.4666666666666668
72,176,1.4666666666666668
72,177,1.5333333333333332
72,178,2.1333333333333333
72,179,2.1333333333333333
72,180,1.7333333333333332
72,181,0.8666666666666667
72,182,0.59999999999999998
72,183,0.46666666666666662
72,184,0.80000000000000016
72,185,0.93333333333333324
72,186,1.2666666666666666
72,187,1.2666666666666668
72,188,1.3333333333333333
72,189,1.3999999999999997
72,190,1.3333333333333333
72,191,1.3999999999999999
73,0,1.7
73,1,1.6666666666666667
73,2,1.5333333333333332
73,3,0.8666666666666667
73,4,0.46666666666666662
73,5,0.46666666666666662
73,6,0.73333333333333339
73,7,1.0666666666666667
73,8,1.2
73,9,1.1333333333333333
73,10,1
73,11,0.8666666666666667
73,12,1.3333333333333333
73,13,1.9333333333333333
73,14,2.5999999999999996
73,15,2.8666666666666671
73,16,2.4666666666666668
73,17,2.4000000000000004
73,18,1.7333333333333334
73,19,2.1333333333333333
73,20,1.8666666666666665
73,21,2.0666666666666669
73,22,2.0666666666666669
73,23,2.0666666666666664
73,24,2.4666666666666668
73,25,2.2666666666666666
73,26,1.8
73,27,1.0666666666666667
73,28,0.79999999999999993
73,29,1.1333333333333335
73,30,1.3999999999999997
73,31,1.4666666666666668
73,32,1.7333333333333334
73,33,1.9333333333333336
73,34,2
73,35,2
73,36,2.1999999999999997
73,37,2.1999999999999997
73,38,1.9333333333333333
73,39,1.5333333333333332
73,40,1.4666666666666668
73,41,1.8666666666666665
73,42,2.3333333333333335
73,43,3.2666666666666671
73,44,2.8000000000000003
73,45,2.8000000000000003
73,46,1.9333333333333333
73,47,1.8666666666666665
73,48,1
73,49,1
73,50,1.1333333333333335
73,51,1.4666666666666668
73,52,1.2
73,53,1.1333333333333333
73,54,0.8666666666666667
73,55,0.93333333333333324
73,56,0.86666666666666659
73,57,1.2666666666666666
73,58,0.93333333333333346
73,59,0.8666666666666667
73,60,0.66666666666666663
73,61,1.0666666666666667
73,62,1.0666666666666667
73,63,1.0666666666666667
73,64,0.73333333333333328
73,65,1
73,66,1.1333333333333333
73,67,1.7333333333333334
73,68,1.4666666666666668
73,69,1.2000000000000002
73,70,0.66666666666666663
73,71,1.0666666666666667
73,72,1.4000000000000001
73,73,1.5999999999999999
73,74,1.3333333333333333
73,75,0.80000000000000016
73,76,0.59999999999999998
73,77,0.73333333333333339
73,78,0.8666666666666667
73,79,0.93333333333333324
73,80,0.86666666666666659
73,81,0.8666666666666667
73,82,0.93333333333333324
73,83,0.59999999999999998
73,84,0.73333333333333339
73,85,1.2
73,86,1.4666666666666668
73,87,1.4000000000000001
73,88,0.8666666666666667
73,89,0.59999999999999998
73,90,0.8666666666666667
73,91,1
73,92,1.2
73,93,1
73,94,1.0666666666666667
73,95,1.4666666666666668
73,96,1.5333333333333332
73,97,1.4000000000000001
73,98,1.4000000000000001
73,99,1.4000000000000001
73,100,1.2666666666666668
73,101,0.86666666666666659
73,102,0.86666666666666659
73,103,1.0666666666666667
73,104,1.0666666666666667
73,105,0.93333333333333324
73,106,0.8666666666666667
73,107,0.79999999999999993
73,108,0.73333333333333339
73,109,0.86666666666666659
73,110,1.4000000000000001
73,111,1.5999999999999999
73,112,1.4666666666666668
73,113,0.8666666666666667
73,114,0.59999999999999998
73,115,0.40000000000000008
73,116,0.73333333333333339
73,117,0.73333333333333328
73,118,0.86666666666666659
73,119,0.66666666666666663
73,120,0.80000000000000016
73,121,0.80000000000000016
73,122,0.8666666666666667
73,123,1.1333333333333335
73,124,1.2666666666666666
73,125,1.6666666666666667
73,126,1.8666666666666669
73,127,2.2666666666666671
73,128,2.0666666666666664
73,129,2
73,130,1.5999999999999999
73,131,2.1999999999999997
73,132,2.3999999999999999
73,133,2.9333333333333336
73,134,2.7333333333333329
73,135,2.7333333333333329
73,136,2.3999999999999999
73,137,2
73,138,1.6666666666666667
73,139,1.6000000000000003
73,140,1.7333333333333334
73,141,1.6666666666666667
73,142,1.8666666666666665
73,143,2
73,144,2.1333333333333333
73,145,2.1333333333333333
73,146,2.2666666666666666
73,147,2.3333333333333335
73,148,2.2666666666666666
73,149,2.0666666666666669
73,150,2.1333333333333333
73,151,2.2666666666666671
73,152,2.3999999999999999
73,153,2.7333333333333329
73,154,2.4000000000000004
73,155,2.3333333333333335
73,156,2.0666666666666664
73,157,2.0666666666666664
73,158,2.1333333333333333
73,159,1.9333333333333333
73,160,2.0666666666666669
73,161,1.5333333333333332
73,162,1.6666666666666667
73,163,1.5333333333333332
73,164,1.6666666666666667
73,165,1.5999999999999999
73,166,1.4666666666666668
73,167,1.4000000000000001
73,168,1.6666666666666667
73,169,1.7333333333333334
73,170,1.8
73,171,1.2
73,172,1.2
73,173,1.0666666666666667
73,174,0.8666666666666667
73,175,1.1333333333333333
73,176,1.2666666666666666
73,177,1.6666666666666667
73,178,1.5333333333333332
73,179,1.4666666666666668
73,180,1.3999999999999997
73,181,1.5333333333333332
73,182,1.2
73,183,1.0666666666666667
73,184,0.46666666666666662
73,185,0.66666666666666663
73,186,0.46666666666666662
73,187,0.53333333333333333
73,188,0.73333333333333339
73,189,1
73,190,0.93333333333333324
73,191,0.69999999999999996
74,0,0.59999999999999998
74,1,0.73333333333333339
74,2,1
74,3,1
74,4,1
74,5,1.2666666666666666
74,6,1.3999999999999997
74,7,1.2666666666666668
74,8,0.93333333333333324
74,9,1.3999999999999997
74,10,1.7333333333333332
74,11,2.2666666666666671
74,12,1.9333333333333333
74,13,1.8
74,14,1.3333333333333333
74,15,1.2
74,16,1.5333333333333332
74,17,1.6666666666666667
74,18,2.3999999999999999
74,19,2.3999999999999999
74,20,2.8000000000000003
74,21,2.4000000000000004
74,22,2.1999999999999997
74,23,2.6000000000000001
74,24,2.2666666666666671
74,25,2.5999999999999996
74,26,2.0666666666666669
74,27,1.9333333333333336
74,28,1.4666666666666668
74,29,1.4000000000000001
74,30,1.8
74,31,1.8666666666666665
74,32,1.8666666666666665
74,33,1.7333333333333334
74,34,2.1333333333333333
74,35,1.6666666666666667
74,36,1.9333333333333336
74,37,1.6000000000000003
74,38,1.8666666666666665
74,39,1.5333333333333332
74,40,1.6666666666666667
74,41,2.1333333333333333
74,42,2.0666666666666664
74,43,1.7333333333333332
74,44,1.3333333333333333
74,45,1.7333333333333334
74,46,2.2666666666666671
74,47,2.1333333333333333
74,48,1.5333333333333332
74,49,1.2
74,50,1.3333333333333333
74,51,1.6666666666666667
74,52,1.6666666666666667
74,53,1.6000000000000003
74,54,1.2666666666666666
74,55,1.1333333333333335
74,56,0.93333333333333324
74,57,0.93333333333333324
74,58,1.0666666666666667
74,59,1.2000000000000002
74,60,1.3333333333333333
74,61,1.4666666666666668
74,62,1.4000000000000001
74,63,1.5999999999999999
74,64,1.8666666666666665
74,65,1.7999999999999998
74,66,1.2666666666666666
74,67,0.59999999999999998
74,68,0.59999999999999998
74,69,0.73333333333333339
74,70,0.93333333333333324
74,71,1.1333333333333333
74,72,1.3999999999999997
74,73,1.2666666666666666
74,74,1.1333333333333333
74,75,0.79999999999999993
74,76,0.79999999999999993
74,77,0.53333333333333333
74,78,0.46666666666666662
74,79,0.33333333333333331
74,80,0.66666666666666663
74,81,0.93333333333333324
74,82,1
74,83,1.0666666666666667
74,84,1.4000000000000001
74,85,1.5999999999999999
74,86,1.2666666666666666
74,87,0.86666666666666659
74,88,0.80000000000000016
74,89,0.73333333333333339
74,90,0.53333333333333333
74,91,0.20000000000000004
74,92,0.46666666666666662
74,93,0.59999999999999998
74,94,0.66666666666666663
74,95,0.33333333333333331
74,96,0.66666666666666663
74,97,1.1333333333333335
74,98,1.4000000000000001
74,99,1.1333333333333335
74,100,1.0666666666666667
74,101,1.1333333333333335
74,102,1.3333333333333333
74,103,1
74,104,0.79999999999999993
74,105,0.39999999999999997
74,106,0.33333333333333331
74,107,0.40000000000000008
74,108,0.46666666666666662
74,109,0.46666666666666662
74,110,0.46666666666666662
74,111,0.53333333333333333
74,112,0.73333333333333339
74,113,0.66666666666666663
74,114,0.79999999999999993
74,115,0.59999999999999998
74,116,1
74,117,1.0666666666666667
74,118,1.4666666666666668
74,119,1.3333333333333333
74,120,1.2666666666666666
74,121,1.1333333333333335
74,122,1.2
74,123,1.5333333333333332
74,124,2
74,125,2.3333333333333335
74,126,2.1999999999999997
74,127,2
74,128,1.8666666666666665
74,129,2.6666666666666665
74,130,2.8666666666666667
74,131,2.8000000000000003
74,132,2
74,133,1.5333333333333334
74,134,1.3999999999999997
74,135,1.1333333333333331
74,136,1.6000000000000003
74,137,1.6666666666666667
74,138,1.9333333333333336
74,139,1.9333333333333336
74,140,2.3999999999999999
74,141,2.9333333333333336
74,142,2.7333333333333329
74,143,2.1333333333333333
74,144,1.8
74,145,2.2000000000000002
74,146,2.2666666666666671
74,147,2.2666666666666666
74,148,2.1333333333333333
74,149,2.7333333333333329
74,150,2.7333333333333329
74,151,2.2666666666666671
74,152,1.9333333333333336
74,153,1.8666666666666665
74,154,1.6666666666666667
74,155,1.5333333333333332
74,156,1.4000000000000001
74,157,1.8666666666666669
74,158,1.8666666666666669
74,159,2
74,160,1.8666666666666665
74,161,1.8
74,162,1.5333333333333334
74,163,1.2666666666666666
74,164,1.2
74,165,1.2
74,166,1.0666666666666667
74,167,1
74,168,1.4666666666666668
74,169,2.1999999999999997
74,170,2.3999999999999999
74,171,2.1333333333333333
74,172,1.4666666666666668
74,173,1.3333333333333333
74,174,1.2666666666666668
74,175,1.4000000000000001
74,176,1.2666666666666666
74,177,1.1333333333333335
74,178,1.5333333333333332
74,179,1.6666666666666667
74,180,1.5333333333333332
74,181,0.8666666666666667
74,182,0.60000000000000009
74,183,0.46666666666666662
74,184,0.66666666666666663
74,185,0.79999999999999993
74,186,0.8666666666666667
74,187,1
74,188,0.93333333333333324
74,189,1.2
74,190,1.0666666666666667
74,191,1.2
75,0,1.6000000000000001
75,1,1.6666666666666667
75,2,1.5333333333333332
75,3,1.0666666666666667
75,4,0.59999999999999998
75,5,0.60000000000000009
75,6,0.59999999999999998
75,7,0.79999999999999993
75,8,1.2
75,9,1.2
75,10,1.2666666666666666
75,11,0.93333333333333324
75,12,1.4000000000000001
75,13,1.9333333333333333
75,14,2.3333333333333335
75,15,2.7333333333333329
75,16,2.3999999999999999
75,17,2.3999999999999999
75,18,1.6666666666666667
75,19,2.1333333333333333
75,20,2.0666666666666669
75,21,2.3999999999999999
75,22,2.3333333333333335
75,23,2.2666666666666671
75,24,2.5333333333333332
75,25,2.1999999999999997
75,26,2
75,27,1.4666666666666668
75,28,1.4666666666666668
75,29,1.6666666666666667
75,30,1.7333333333333334
75,31,1.4666666666666668
75,32,1.7333333333333332
75,33,1.8666666666666665
75,34,2.2000000000000002
75,35,2.1333333333333333
75,36,2.2000000000000002
75,37,2
75,38,1.7333333333333334
75,39,1.5333333333333332
75,40,1.5999999999999999
75,41,1.8666666666666669
75,42,2.3999999999999999
75,43,3.2666666666666671
75,44,2.8666666666666671
75,45,2.9333333333333336
75,46,2.0666666666666669
75,47,1.9333333333333333
75,48,1
75,49,0.93333333333333324
75,50,1.2
75,51,1.4666666666666668
75,52,1.2666666666666666
75,53,1.1333333333333333
75,54,0.8666666666666667
75,55,0.80000000000000016
75,56,0.73333333333333339
75,57,1.3333333333333333
75,58,1.2666666666666668
75,59,1.2
75,60,0.79999999999999993
75,61,1.0666666666666667
75,62,1.2
75,63,1.2
75,64,0.8666666666666667
75,65,1.0666666666666667
75,66,1.2
75,67,1.7333333333333334
75,68,1.4000000000000001
75,69,1.1333333333333335
75,70,0.53333333333333333
75,71,0.93333333333333324
75,72,1.2
75,73,1.6000000000000003
75,74,1.2
75,75,0.8666666666666667
75,76,0.66666666666666663
75,77,0.73333333333333339
75,78,0.66666666666666663
75,79,0.60000000000000009
75,80,0.79999999999999993
75,81,0.73333333333333339
75,82,0.86666666666666659
75,83,0.46666666666666662
75,84,0.66666666666666663
75,85,1.2
75,86,1.4666666666666668
75,87,1.5333333333333332
75,88,0.8666666666666667
75,89,0.53333333333333333
75,90,0.73333333333333339
75,91,0.8666666666666667
75,92,1.1333333333333335
75,93,1
75,94,1.1333333333333333
75,95,1.5333333333333332
75,96,1.5999999999999999
75,97,1.4666666666666668
75,98,1.4000000000000001
75,99,1.3999999999999997
75,100,1.2666666666666668
75,101,0.8666666666666667
75,102,0.79999999999999993
75,103,1
75,104,1.1333333333333333
75,105,1
75,106,0.8666666666666667
75,107,0.66666666666666663
75,108,0.60000000000000009
75,109,0.79999999999999993
75,110,1.3333333333333333
75,111,1.5333333333333332
75,112,1.3333333333333333
75,113,0.73333333333333339
75,114,0.46666666666666662
75,115,0.33333333333333331
75,116,0.80000000000000016
75,117,0.8666666666666667
75,118,0.93333333333333346
75,119,0.66666666666666663
75,120,0.86666666666666659
75,121,0.8666666666666667
75,122,0.86666666666666659
75,123,1.1333333333333333
75,124,1.3333333333333333
75,125,2
75,126,2.0666666666666669
75,127,2.5333333333333332
75,128,2.2000000000000002
75,129,2.2666666666666671
75,130,2
75,131,2.4666666666666668
75,132,2.6000000000000001
75,133,2.9333333333333336
75,134,3
75,135,2.9333333333333331
75,136,2.5333333333333332
75,137,2.0666666666666669
75,138,1.8
75,139,1.6666666666666667
75,140,1.6666666666666667
75,141,1.6666666666666667
75,142,1.8
75,143,1.9333333333333336
75,144,2.2666666666666666
75,145,2.3999999999999999
75,146,2.6000000000000001
75,147,2.5333333333333332
75,148,2.8666666666666667
75,149,2.4666666666666663
75,150,2.5333333333333332
75,151,2.1999999999999997
75,152,2.6666666666666665
75,153,2.6666666666666665
75,154,2.5333333333333332
75,155,2.3333333333333335
75,156,2.1999999999999997
75,157,2.0666666666666669
75,158,2.0666666666666664
75,159,1.8
75,160,2.1333333333333333
75,161,1.8666666666666669
75,162,1.9333333333333333
75,163,1.7333333333333334
75,164,1.6666666666666667
75,165,1.8666666666666665
75,166,1.5333333333333332
75,167,1.4000000000000001
75,168,1.5999999999999999
75,169,1.9333333333333336
75,170,1.9333333333333333
75,171,1.3333333333333333
75,172,1.1333333333333333
75,173,1.0666666666666667
75,174,0.73333333333333339
75,175,1.1333333333333335
75,176,1.3333333333333333
75,177,1.8
75,178,1.5333333333333332
75,179,1.4000000000000001
75,180,1.3333333333333333
75,181,1.4666666666666666
75,182,1.1333333333333335
75,183,0.93333333333333324
75,184,0.39999999999999997
75,185,0.66666666666666663
75,186,0.53333333333333333
75,187,0.53333333333333333
75,188,0.59999999999999998
75,189,0.86666666666666659
75,190,0.93333333333333324
75,191,0.80000000000000004
76,0,1.3
76,1,1.2
76,2,1.2666666666666666
76,3,0.93333333333333324
76,4,0.8666666666666667
76,5,0.8666666666666667
76,6,0.93333333333333324
76,7,1
76,8,1
76,9,1.2666666666666666
76,10,1.4666666666666668
76,11,1.6666666666666667
76,12,1.5333333333333332
76,13,1.7333333333333334
76,14,1.6666666666666667
76,15,1.6666666666666667
76,16,1.3999999999999997
76,17,1.3999999999999997
76,18,1.6666666666666667
76,19,1.7333333333333334
76,20,1.7333333333333334
76,21,1.8
76,22,1.7333333333333332
76,23,2.1333333333333333
76,24,2.1999999999999997
76,25,2.4666666666666668
76,26,2.3333333333333335
76,27,2.2000000000000002
76,28,1.7333333333333334
76,29,1.5999999999999999
76,30,1.9333333333333336
76,31,2.3999999999999999
76,32,2.4666666666666668
76,33,1.7333333333333334
76,34,1.7333333333333334
76,35,1.4666666666666668
76,36,2.2000000000000002
76,37,2.4666666666666668
76,38,2.6666666666666665
76,39,1.7333333333333334
76,40,1.4666666666666668
76,41,1.6666666666666667
76,42,1.7999999999999998
76,43,1.4666666666666668
76,44,1.1333333333333333
76,45,1.8666666666666665
76,46,2.1333333333333333
76,47,2.1333333333333333
76,48,1.5333333333333332
76,49,1.3999999999999997
76,50,1.2
76,51,1.2666666666666668
76,52,0.73333333333333339
76,53,0.73333333333333339
76,54,0.40000000000000008
76,55,0.8666666666666667
76,56,0.93333333333333324
76,57,0.93333333333333324
76,58,0.66666666666666663
76,59,0.46666666666666662
76,60,0.66666666666666663
76,61,0.93333333333333324
76,62,1.1333333333333333
76,63,1.0666666666666667
76,64,1.0666666666666667
76,65,1.2
76,66,0.93333333333333324
76,67,0.66666666666666663
76,68,0.33333333333333331
76,69,0.46666666666666662
76,70,0.53333333333333333
76,71,0.73333333333333339
76,72,1.2
76,73,1.2
76,74,1.1333333333333335
76,75,0.80000000000000016
76,76,0.80000000000000016
76,77,0.73333333333333339
76,78,0.46666666666666662
76,79,0.26666666666666666
76,80,0.33333333333333331
76,81,0.53333333333333333
76,82,0.79999999999999993
76,83,0.8666666666666667
76,84,0.93333333333333324
76,85,0.73333333333333339
76,86,0.46666666666666673
76,87,0.26666666666666666
76,88,0.46666666666666662
76,89,0.59999999999999998
76,90,0.73333333333333339
76,91,0.53333333333333333
76,92,0.79999999999999993
76,93,1
76,94,0.93333333333333324
76,95,0.59999999999999998
76,96,0.40000000000000008
76,97,0.66666666666666663
76,98,0.73333333333333339
76,99,0.73333333333333339
76,100,0.66666666666666663
76,101,0.66666666666666663
76,102,0.79999999999999993
76,103,0.66666666666666663
76,104,0.53333333333333333
76,105,0.26666666666666666
76,106,0.26666666666666666
76,107,0.46666666666666673
76,108,0.60000000000000009
76,109,0.53333333333333333
76,110,0.59999999999999998
76,111,1
76,112,1.4666666666666668
76,113,1.2000000000000002
76,114,0.73333333333333339
76,115,0.26666666666666666
76,116,0.46666666666666673
76,117,0.59999999999999998
76,118,1.0666666666666667
76,119,1.1333333333333335
76,120,1.2666666666666666
76,121,1.0666666666666667
76,122,1.1333333333333335
76,123,1
76,124,1.2666666666666666
76,125,1.4666666666666668
76,126,1.4666666666666668
76,127,1.2
76,128,1.2
76,129,1.8
76,130,2.2000000000000002
76,131,2.4666666666666668
76,132,2.2000000000000002
76,133,2
76,134,1.6666666666666667
76,135,1.7333333333333334
76,136,1.6666666666666667
76,137,1.5333333333333332
76,138,1.3333333333333333
76,139,1.3333333333333333
76,140,2.3333333333333335
76,141,3.1999999999999997
76,142,3.4666666666666663
76,143,2.2000000000000002
76,144,1.2666666666666666
76,145,1.0666666666666667
76,146,1.4666666666666668
76,147,1.8
76,148,1.5333333333333334
76,149,2.1333333333333333
76,150,2.2666666666666671
76,151,2.5333333333333332
76,152,2.2666666666666671
76,153,2
76,154,2.0666666666666669
76,155,2.2666666666666671
76,156,2.1333333333333333
76,157,1.7999999999999998
76,158,1.3333333333333333
76,159,1.4000000000000001
76,160,1.6666666666666667
76,161,1.6666666666666667
76,162,1.6000000000000003
76,163,1.4666666666666668
76,164,1.2666666666666666
76,165,1.3333333333333333
76,166,1.3333333333333333
76,167,1.4666666666666668
76,168,1.2
76,169,1.2000000000000002
76,170,1.0666666666666667
76,171,1.3333333333333333
76,172,1.3999999999999997
76,173,1.4000000000000001
76,174,1.1333333333333331
76,175,1.1333333333333333
76,176,1
76,177,0.93333333333333346
76,178,0.79999999999999993
76,179,1
76,180,1.2
76,181,1.2
76,182,1
76,183,0.8666666666666667
76,184,0.73333333333333339
76,185,0.66666666666666663
76,186,1
76,187,1
76,188,1.0666666666666667
76,189,0.86666666666666659
76,190,0.8666666666666667
76,191,0.89999999999999991
77,0,0.79999999999999993
77,1,0.73333333333333328
77,2,0.93333333333333324
77,3,0.59999999999999998
77,4,0.73333333333333339
77,5,0.53333333333333333
77,6,0.53333333333333333
77,7,0.46666666666666673
77,8,1
77,9,1.2666666666666666
77,10,1.2666666666666666
77,11,1
77,12,0.93333333333333324
77,13,1.3333333333333333
77,14,1.5333333333333332
77,15,1.7333333333333334
77,16,1.5333333333333332
77,17,1.9333333333333333
77,18,1.9333333333333329
77,19,2.2000000000000002
77,20,2.4666666666666668
77,21,2.8666666666666671
77,22,3.0666666666666664
77,23,3.0666666666666664
77,24,3.2000000000000006
77,25,3.4666666666666668
77,26,3.7333333333333338
77,27,3.3999999999999999
77,28,3.2666666666666671
77,29,2.8000000000000003
77,30,3.3333333333333335
77,31,2.8666666666666667
77,32,2.8666666666666667
77,33,2.1999999999999997
77,34,2.1333333333333333
77,35,1.9333333333333336
77,36,2
77,37,2.2666666666666671
77,38,2.2000000000000002
77,39,2.0666666666666664
77,40,2.1333333333333333
77,41,1.8666666666666665
77,42,1.9333333333333333
77,43,2
77,44,1.6666666666666667
77,45,1.4666666666666666
77,46,0.8666666666666667
77,47,0.80000000000000016
77,48,0.79999999999999993
77,49,1.0666666666666667
77,50,1.4666666666666668
77,51,1.4000000000000001
77,52,1.0666666666666667
77,53,0.73333333333333339
77,54,0.80000000000000016
77,55,0.93333333333333324
77,56,1.2
77,57,1.4000000000000001
77,58,1.1333333333333333
77,59,0.93333333333333346
77,60,0.66666666666666663
77,61,0.66666666666666663
77,62,0.79999999999999993
77,63,0.86666666666666659
77,64,0.8666666666666667
77,65,0.8666666666666667
77,66,0.46666666666666662
77,67,0.53333333333333333
77,68,0.33333333333333331
77,69,0.66666666666666663
77,70,0.59999999999999998
77,71,0.59999999999999998
77,72,0.59999999999999998
77,73,0.73333333333333339
77,74,0.8666666666666667
77,75,0.53333333333333333
77,76,0.46666666666666662
77,77,0.26666666666666666
77,78,0.53333333333333333
77,79,0.53333333333333333
77,80,0.93333333333333324
77,81,0.73333333333333339
77,82,0.93333333333333324
77,83,0.59999999999999998
77,84,0.80000000000000016
77,85,0.66666666666666663
77,86,0.80000000000000016
77,87,0.80000000000000016
77,88,0.80000000000000016
77,89,0.53333333333333333
77,90,0.46666666666666662
77,91,0.39999999999999997
77,92,0.59999999999999998
77,93,0.66666666666666663
77,94,0.73333333333333339
77,95,0.66666666666666663
77,96,0.53333333333333333
77,97,0.40000000000000008
77,98,0.46666666666666662
77,99,0.59999999999999998
77,100,0.59999999999999998
77,101,0.60000000000000009
77,102,0.46666666666666662
77,103,0.59999999999999998
77,104,0.46666666666666673
77,105,0.46666666666666662
77,106,0.40000000000000008
77,107,0.53333333333333333
77,108,0.59999999999999998
77,109,0.59999999999999998
77,110,0.73333333333333339
77,111,0.73333333333333339
77,112,0.53333333333333333
77,113,0.39999999999999997
77,114,0.46666666666666662
77,115,0.73333333333333339
77,116,1.2666666666666668
77,117,1.3333333333333333
77,118,1.4000000000000001
77,119,0.79999999999999993
77,120,0.73333333333333339
77,121,0.40000000000000008
77,122,0.53333333333333333
77,123,0.59999999999999998
77,124,0.8666666666666667
77,125,1.1333333333333335
77,126,1.0666666666666667
77,127,1.2000000000000002
77,128,1.2
77,129,1.5333333333333332
77,130,1.5333333333333334
77,131,1.6666666666666667
77,132,1.8666666666666665
77,133,1.9333333333333336
77,134,1.9333333333333333
77,135,1.8666666666666665
77,136,2
77,137,2.2666666666666666
77,138,2.2666666666666666
77,139,2.3333333333333335
77,140,2
77,141,1.9333333333333333
77,142,1.9333333333333333
77,143,2.1999999999999997
77,144,2.3333333333333335
77,145,2.6000000000000001
77,146,2.5333333333333332
77,147,2.7999999999999994
77,148,2.5333333333333332
77,149,2.4666666666666668
77,150,2.2666666666666671
77,151,2.3333333333333335
77,152,2.6666666666666665
77,153,2.5333333333333337
77,154,2.3333333333333335
77,155,2.5333333333333332
77,156,2.8666666666666671
77,157,2.8666666666666667
77,158,2.2000000000000002
77,159,1.8
77,160,1.9333333333333333
77,161,1.6666666666666667
77,162,1.6666666666666667
77,163,1.4666666666666668
77,164,1.8
77,165,1.7333333333333334
77,166,1.3333333333333333
77,167,1.2666666666666666
77,168,1.4000000000000001
77,169,1.5333333333333332
77,170,1.2000000000000002
77,171,0.86666666666666659
77,172,1.0666666666666667
77,173,1.2
77,174,0.8666666666666667
77,175,0.73333333333333339
77,176,0.8666666666666667
77,177,1.1333333333333335
77,178,1.1333333333333335
77,179,0.93333333333333324
77,180,1
77,181,1.0666666666666667
77,182,0.80000000000000016
77,183,0.73333333333333339
77,184,0.73333333333333339
77,185,1
77,186,0.79999999999999993
77,187,0.46666666666666662
77,188,0.26666666666666666
77,189,0.33333333333333331
77,190,0.39999999999999997
77,191,0.40000000000000002
78,0,1
78,1,1.1333333333333333
78,2,1.2
78,3,1
78,4,0.80000000000000016
78,5,0.8666666666666667
78,6,0.8666666666666667
78,7,1
78,8,1
78,9,1.2
78,10,1.3333333333333333
78,11,1.4000000000000001
78,12,1.3333333333333333
78,13,1.3333333333333333
78,14,1.3333333333333333
78,15,1.3333333333333333
78,16,1
78,17,1
78,18,1.2666666666666666
78,19,1.6666666666666667
78,20,1.6666666666666667
78,21,1.7333333333333334
78,22,1.5333333333333334
78,23,1.9333333333333336
78,24,1.6666666666666667
78,25,2
78,26,2
78,27,2.2666666666666666
78,28,1.7999999999999998
78,29,1.4000000000000001
78,30,1.0666666666666667
78,31,1.7333333333333332
78,32,1.9333333333333333
78,33,1.7999999999999998
78,34,1.5333333333333332
78,35,1.2
78,36,1.8666666666666665
78,37,2.1999999999999997
78,38,2.4666666666666668
78,39,1.5999999999999999
78,40,1
78,41,1.0666666666666667
78,42,1.4000000000000001
78,43,1.4000000000000001
78,44,1.3333333333333333
78,45,1.7333333333333332
78,46,1.8666666666666665
78,47,1.5999999999999999
78,48,1.0666666666666667
78,49,1.0666666666666667
78,50,1.0666666666666667
78,51,1.2000000000000002
78,52,0.66666666666666663
78,53,0.59999999999999998
78,54,0.39999999999999997
78,55,0.86666666666666659
78,56,1
78,57,1
78,58,0.73333333333333339
78,59,0.53333333333333333
78,60,0.66666666666666663
78,61,0.93333333333333324
78,62,1.1333333333333333
78,63,1
78,64,1.1333333333333335
78,65,1.2
78,66,1
78,67,0.59999999999999998
78,68,0.26666666666666666
78,69,0.40000000000000008
78,70,0.40000000000000008
78,71,0.59999999999999998
78,72,1.0666666666666667
78,73,1.0666666666666667
78,74,1.2
78,75,0.86666666666666659
78,76,0.8666666666666667
78,77,0.59999999999999998
78,78,0.33333333333333331
78,79,0.20000000000000004
78,80,0.33333333333333331
78,81,0.46666666666666662
78,82,0.66666666666666663
78,83,0.73333333333333339
78,84,0.66666666666666663
78,85,0.59999999999999998
78,86,0.26666666666666666
78,87,0.33333333333333331
78,88,0.33333333333333331
78,89,0.53333333333333333
78,90,0.59999999999999998
78,91,0.53333333333333333
78,92,0.53333333333333333
78,93,0.59999999999999998
78,94,0.53333333333333333
78,95,0.39999999999999997
78,96,0.33333333333333331
78,97,0.53333333333333333
78,98,0.66666666666666663
78,99,0.73333333333333339
78,100,0.73333333333333339
78,101,0.66666666666666663
78,102,0.66666666666666663
78,103,0.60000000000000009
78,104,0.59999999999999998
78,105,0.39999999999999997
78,106,0.33333333333333331
78,107,0.46666666666666673
78,108,0.53333333333333333
78,109,0.53333333333333333
78,110,0.59999999999999998
78,111,0.86666666666666659
78,112,1.3333333333333333
78,113,1.0666666666666667
78,114,0.8666666666666667
78,115,0.33333333333333331
78,116,0.53333333333333333
78,117,0.59999999999999998
78,118,1
78,119,1.1333333333333335
78,120,1.2
78,121,1.0666666666666667
78,122,0.8666666666666667
78,123,0.80000000000000016
78,124,1.0666666666666667
78,125,1.2666666666666666
78,126,1.2666666666666666
78,127,0.93333333333333324
78,128,1.1333333333333335
78,129,1.6666666666666667
78,130,2.0666666666666669
78,131,2.2666666666666671
78,132,1.8666666666666669
78,133,1.7333333333333332
78,134,1.4666666666666668
78,135,1.8666666666666665
78,136,1.5999999999999999
78,137,1.4666666666666668
78,138,1.2
78,139,1.3999999999999997
78,140,2.3333333333333335
78,141,2.9333333333333336
78,142,3.1333333333333333
78,143,1.9333333333333336
78,144,1.0666666666666667
78,145,1
78,146,1.4666666666666668
78,147,1.5999999999999999
78,148,1.3333333333333333
78,149,1.7333333333333334
78,150,2.1999999999999997
78,151,2.3333333333333335
78,152,2.1999999999999997
78,153,1.9333333333333333
78,154,2.1333333333333333
78,155,2.1333333333333333
78,156,2
78,157,1.5999999999999999
78,158,1.4000000000000001
78,159,1.3999999999999997
78,160,1.5999999999999999
78,161,1.4666666666666668
78,162,1.4000000000000001
78,163,1.2666666666666666
78,164,1.2
78,165,1.1333333333333333
78,166,1.2666666666666666
78,167,1.3333333333333333
78,168,1.2
78,169,1
78,170,0.86666666666666659
78,171,1
78,172,1.2
78,173,1.1333333333333333
78,174,1.1333333333333333
78,175,1
78,176,0.93333333333333324
78,177,0.79999999999999993
78,178,0.73333333333333339
78,179,0.73333333333333339
78,180,0.8666666666666667
78,181,0.79999999999999993
78,182,0.73333333333333339
78,183,0.66666666666666663
78,184,0.66666666666666663
78,185,0.66666666666666663
78,186,0.86666666666666659
78,187,0.73333333333333339
78,188,0.79999999999999993
78,189,0.73333333333333339
78,190,0.8666666666666667
78,191,0.89999999999999991
79,0,1
79,1,0.79999999999999993
79,2,0.8666666666666667
79,3,0.53333333333333333
79,4,0.73333333333333339
79,5,0.59999999999999998
79,6,0.59999999999999998
79,7,0.53333333333333333
79,8,0.93333333333333324
79,9,0.93333333333333346
79,10,0.93333333333333324
79,11,0.79999999999999993
79,12,0.8666666666666667
79,13,1.1333333333333335
79,14,1.3333333333333333
79,15,1.5333333333333332
79,16,1.5999999999999999
79,17,1.7333333333333334
79,18,1.8
79,19,1.8666666666666665
79,20,2.3999999999999999
79,21,2.7999999999999994
79,22,2.9333333333333336
79,23,2.7999999999999994
79,24,2.9333333333333336
79,25,3.2666666666666671
79,26,3.4666666666666663
79,27,3.1333333333333329
79,28,3
79,29,2.6666666666666665
79,30,3.1333333333333333
79,31,2.7333333333333338
79,32,2.7333333333333329
79,33,2.1333333333333333
79,34,2.0666666666666664
79,35,1.9333333333333336
79,36,1.9333333333333333
79,37,2.1333333333333333
79,38,1.9333333333333333
79,39,1.8666666666666665
79,40,1.9333333333333336
79,41,1.8
79,42,1.8666666666666665
79,43,2.0666666666666669
79,44,1.7999999999999998
79,45,1.4000000000000001
79,46,0.73333333333333339
79,47,0.66666666666666663
79,48,0.86666666666666659
79,49,0.8666666666666667
79,50,1.2
79,51,1.0666666666666667
79,52,1.0666666666666667
79,53,0.79999999999999993
79,54,0.8666666666666667
79,55,0.80000000000000016
79,56,0.93333333333333324
79,57,1.0666666666666667
79,58,0.93333333333333324
79,59,0.73333333333333328
79,60,0.59999999999999998
79,61,0.53333333333333333
79,62,0.86666666666666659
79,63,0.73333333333333328
79,64,0.8666666666666667
79,65,0.73333333333333339
79,66,0.53333333333333333
79,67,0.59999999999999998
79,68,0.40000000000000008
79,69,0.66666666666666663
79,70,0.53333333333333333
79,71,0.53333333333333333
79,72,0.53333333333333333
79,73,0.46666666666666673
79,74,0.59999999999999998
79,75,0.33333333333333331
79,76,0.46666666666666662
79,77,0.26666666666666666
79,78,0.53333333333333333
79,79,0.53333333333333333
79,80,0.86666666666666659
79,81,0.66666666666666663
79,82,0.73333333333333339
79,83,0.46666666666666662
79,84,0.60000000000000009
79,85,0.66666666666666663
79,86,0.66666666666666663
79,87,0.66666666666666663
79,88,0.59999999999999998
79,89,0.46666666666666662
79,90,0.46666666666666662
79,91,0.39999999999999997
79,92,0.59999999999999998
79,93,0.59999999999999998
79,94,0.66666666666666663
79,95,0.53333333333333333
79,96,0.46666666666666662
79,97,0.33333333333333331
79,98,0.46666666666666662
79,99,0.53333333333333333
79,100,0.53333333333333333
79,101,0.46666666666666662
79,102,0.40000000000000008
79,103,0.53333333333333333
79,104,0.46666666666666673
79,105,0.46666666666666662
79,106,0.40000000000000008
79,107,0.53333333333333333
79,108,0.46666666666666662
79,109,0.46666666666666662
79,110,0.46666666666666662
79,111,0.53333333333333333
79,112,0.39999999999999997
79,113,0.26666666666666666
79,114,0.33333333333333331
79,115,0.46666666666666662
79,116,1.1333333333333335
79,117,1.2666666666666668
79,118,1.3333333333333333
79,119,0.73333333333333339
79,120,0.53333333333333333
79,121,0.26666666666666666
79,122,0.40000000000000008
79,123,0.59999999999999998
79,124,0.8666666666666667
79,125,1.2
79,126,1.0666666666666667
79,127,1.2
79,128,1.0666666666666667
79,129,1.3999999999999997
79,130,1.4000000000000001
79,131,1.6666666666666667
79,132,1.9333333333333336
79,133,2.0666666666666664
79,134,2
79,135,1.8666666666666665
79,136,1.9333333333333333
79,137,2.3999999999999999
79,138,2.5333333333333332
79,139,2.6666666666666665
79,140,2.1333333333333333
79,141,1.9333333333333333
79,142,1.8
79,143,2
79,144,2.0666666666666669
79,145,2.1333333333333333
79,146,2.1333333333333333
79,147,2.6000000000000001
79,148,2.4666666666666668
79,149,2.6000000000000001
79,150,2.1333333333333333
79,151,2.3333333333333335
79,152,2.4666666666666668
79,153,2.5333333333333337
79,154,2.3333333333333335
79,155,2.4666666666666668
79,156,2.8000000000000003
79,157,2.7333333333333338
79,158,2.2666666666666666
79,159,1.8666666666666665
79,160,1.8666666666666665
79,161,1.4666666666666668
79,162,1.4000000000000001
79,163,1.5333333333333332
79,164,1.7333333333333334
79,165,1.7333333333333334
79,166,1.2000000000000002
79,167,1.3333333333333333
79,168,1.3333333333333333
79,169,1.5333333333333332
79,170,1.0666666666666667
79,171,0.79999999999999993
79,172,0.93333333333333324
79,173,1.1333333333333335
79,174,0.8666666666666667
79,175,0.73333333333333339
79,176,0.8666666666666667
79,177,1.0000000000000002
79,178,0.93333333333333346
79,179,0.66666666666666663
79,180,0.86666666666666659
79,181,1
79,182,0.8666666666666667
79,183,0.86666666666666659
79,184,0.73333333333333339
79,185,0.93333333333333324
79,186,0.73333333333333339
79,187,0.53333333333333333
79,188,0.33333333333333331
79,189,0.26666666666666666
79,190,0.33333333333333331
79,191,0.30000000000000004
80,0,0.60000000000000009
80,1,0.66666666666666663
80,2,0.80000000000000016
80,3,0.66666666666666663
80,4,0.53333333333333333
80,5,0.59999999999999998
80,6,0.66666666666666663
80,7,0.80000000000000016
80,8,0.73333333333333339
80,9,1
80,10,1.2
80,11,1.2666666666666666
80,12,1.1333333333333333
80,13,1.0666666666666667
80,14,1.0666666666666667
80,15,1.0666666666666667
80,16,0.73333333333333339
80,17,0.53333333333333333
80,18,0.73333333333333339
80,19,1
80,20,1.3333333333333333
80,21,1.4000000000000001
80,22,1.0666666666666667
80,23,1.4000000000000001
80,24,1.1333333333333333
80,25,1.7333333333333334
80,26,1.7333333333333332
80,27,2.0666666666666669
80,28,1.8
80,29,1.3333333333333333
80,30,1
80,31,1.4666666666666668
80,32,1.8666666666666665
80,33,1.9333333333333333
80,34,1.6000000000000003
80,35,1.3333333333333333
80,36,1.6666666666666667
80,37,1.8666666666666665
80,38,1.8666666666666665
80,39,1.2
80,40,0.86666666666666659
80,41,0.93333333333333324
80,42,1.2
80,43,1.2666666666666666
80,44,1.1333333333333335
80,45,1.4666666666666668
80,46,1.6666666666666667
80,47,1.5999999999999999
80,48,1
80,49,0.93333333333333324
80,50,0.79999999999999993
80,51,1.0666666666666667
80,52,0.53333333333333333
80,53,0.53333333333333333
80,54,0.33333333333333331
80,55,0.73333333333333339
80,56,0.8666666666666667
80,57,0.93333333333333346
80,58,0.73333333333333339
80,59,0.53333333333333333
80,60,0.46666666666666662
80,61,0.46666666666666662
80,62,0.46666666666666662
80,63,0.53333333333333333
80,64,0.79999999999999993
80,65,0.8666666666666667
80,66,0.66666666666666663
80,67,0.33333333333333331
80,68,0.20000000000000004
80,69,0.26666666666666666
80,70,0.20000000000000004
80,71,0.20000000000000004
80,72,0.73333333333333339
80,73,0.79999999999999993
80,74,0.80000000000000016
80,75,0.40000000000000008
80,76,0.46666666666666662
80,77,0.46666666666666662
80,78,0.33333333333333331
80,79,0.20000000000000004
80,80,0.26666666666666666
80,81,0.33333333333333331
80,82,0.40000000000000008
80,83,0.59999999999999998
80,84,0.53333333333333333
80,85,0.53333333333333333
80,86,0.26666666666666666
80,87,0.26666666666666666
80,88,0.33333333333333331
80,89,0.40000000000000008
80,90,0.39999999999999997
80,91,0.33333333333333331
80,92,0.33333333333333331
80,93,0.46666666666666662
80,94,0.33333333333333331
80,95,0.19999999999999998
80,96,0.13333333333333333
80,97,0.46666666666666662
80,98,0.59999999999999998
80,99,0.59999999999999998
80,100,0.53333333333333333
80,101,0.53333333333333333
80,102,0.60000000000000009
80,103,0.53333333333333333
80,104,0.39999999999999997
80,105,0.26666666666666666
80,106,0.13333333333333333
80,107,0.40000000000000008
80,108,0.39999999999999997
80,109,0.46666666666666662
80,110,0.53333333333333333
80,111,0.73333333333333339
80,112,1.0666666666666667
80,113,0.80000000000000016
80,114,0.73333333333333328
80,115,0.26666666666666666
80,116,0.33333333333333331
80,117,0.40000000000000008
80,118,0.80000000000000016
80,119,0.93333333333333324
80,120,0.79999999999999993
80,121,0.53333333333333333
80,122,0.40000000000000008
80,123,0.40000000000000008
80,124,0.73333333333333339
80,125,0.79999999999999993
80,126,0.93333333333333324
80,127,0.73333333333333339
80,128,0.73333333333333339
80,129,1.1333333333333333
80,130,1.3333333333333333
80,131,1.8666666666666665
80,132,1.4666666666666668
80,133,1.4666666666666668
80,134,1.2
80,135,1.4666666666666668
80,136,1.1333333333333333
80,137,0.93333333333333324
80,138,0.73333333333333339
80,139,0.8666666666666667
80,140,1.8
80,141,2.3333333333333335
80,142,2.4666666666666668
80,143,1.3333333333333333
80,144,0.79999999999999993
80,145,0.93333333333333324
80,146,1.4000000000000001
80,147,1.4666666666666668
80,148,1.2
80,149,1.5333333333333332
80,150,2
80,151,2.1333333333333333
80,152,2.0666666666666664
80,153,1.5999999999999999
80,154,1.6666666666666667
80,155,1.5999999999999999
80,156,1.5333333333333332
80,157,1.2666666666666668
80,158,1.1333333333333335
80,159,1.2
80,160,1.3333333333333333
80,161,1.2
80,162,1
80,163,0.93333333333333324
80,164,0.93333333333333324
80,165,0.93333333333333346
80,166,1.0666666666666667
80,167,1.1333333333333333
80,168,1.1333333333333333
80,169,1
80,170,0.79999999999999993
80,171,0.8666666666666667
80,172,0.8666666666666667
80,173,0.80000000000000016
80,174,0.66666666666666663
80,175,0.66666666666666663
80,176,0.66666666666666663
80,177,0.73333333333333339
80,178,0.66666666666666663
80,179,0.59999999999999998
80,180,0.73333333333333339
80,181,0.53333333333333333
80,182,0.46666666666666662
80,183,0.26666666666666666
80,184,0.46666666666666662
80,185,0.53333333333333333
80,186,0.66666666666666663
80,187,0.53333333333333333
80,188,0.39999999999999997
80,189,0.53333333333333333
80,190,0.59999999999999998
80,191,0.80000000000000004
81,0,0.69999999999999996
81,1,0.59999999999999998
81,2,0.73333333333333339
81,3,0.53333333333333333
81,4,0.66666666666666663
81,5,0.46666666666666673
81,6,0.39999999999999997
81,7,0.20000000000000004
81,8,0.53333333333333333
81,9,0.53333333333333333
81,10,0.66666666666666663
81,11,0.46666666666666662
81,12,0.73333333333333339
81,13,1
81,14,1.1333333333333333
81,15,1.0666666666666667
81,16,1.1333333333333335
81,17,1.3333333333333333
81,18,1.5333333333333332
81,19,1.5333333333333332
81,20,1.9333333333333333
81,21,2.2666666666666671
81,22,2.2666666666666662
81,23,1.9333333333333333
81,24,2
81,25,2.4666666666666668
81,26,2.6666666666666665
81,27,2.2666666666666671
81,28,2.1999999999999997
81,29,1.9999999999999998
81,30,2.1999999999999997
81,31,1.8
81,32,1.8
81,33,1.4666666666666668
81,34,1.3333333333333333
81,35,1.2
81,36,1.2
81,37,1.3333333333333333
81,38,1.4666666666666668
81,39,1.4666666666666668
81,40,1.5999999999999999
81,41,1.4000000000000001
81,42,1.6666666666666667
81,43,1.6666666666666667
81,44,1.4666666666666666
81,45,1
81,46,0.46666666666666662
81,47,0.40000000000000008
81,48,0.53333333333333333
81,49,0.66666666666666663
81,50,0.73333333333333339
81,51,0.59999999999999998
81,52,0.59999999999999998
81,53,0.53333333333333333
81,54,0.60000000000000009
81,55,0.59999999999999998
81,56,0.66666666666666663
81,57,0.73333333333333339
81,58,0.59999999999999998
81,59,0.46666666666666673
81,60,0.40000000000000008
81,61,0.26666666666666666
81,62,0.46666666666666662
81,63,0.33333333333333331
81,64,0.46666666666666662
81,65,0.46666666666666673
81,66,0.40000000000000008
81,67,0.40000000000000008
81,68,0.33333333333333331
81,69,0.46666666666666662
81,70,0.39999999999999997
81,71,0.40000000000000008
81,72,0.53333333333333333
81,73,0.53333333333333333
81,74,0.46666666666666662
81,75,0.20000000000000004
81,76,0.13333333333333333
81,77,0.066666666666666666
81,78,0.20000000000000004
81,79,0.33333333333333331
81,80,0.53333333333333333
81,81,0.46666666666666673
81,82,0.53333333333333333
81,83,0.33333333333333331
81,84,0.33333333333333331
81,85,0.33333333333333331
81,86,0.26666666666666666
81,87,0.33333333333333331
81,88,0.33333333333333331
81,89,0.39999999999999997
81,90,0.26666666666666666
81,91,0.066666666666666666
81,92,0.19999999999999998
81,93,0.26666666666666666
81,94,0.46666666666666662
81,95,0.33333333333333331
81,96,0.33333333333333331
81,97,0.13333333333333333
81,98,0.26666666666666666
81,99,0.26666666666666666
81,100,0.40000000000000008
81,101,0.26666666666666666
81,102,0.33333333333333331
81,103,0.33333333333333331
81,104,0.26666666666666666
81,105,0.26666666666666666
81,106,0.33333333333333331
81,107,0.46666666666666662
81,108,0.39999999999999997
81,109,0.33333333333333331
81,110,0.33333333333333331
81,111,0.33333333333333331
81,112,0.26666666666666666
81,113,0.13333333333333333
81,114,0.20000000000000004
81,115,0.13333333333333333
81,116,0.66666666666666663
81,117,0.73333333333333339
81,118,0.93333333333333346
81,119,0.53333333333333333
81,120,0.39999999999999997
81,121,0.20000000000000004
81,122,0.33333333333333331
81,123,0.46666666666666662
81,124,0.66666666666666663
81,125,0.73333333333333339
81,126,0.73333333333333339
81,127,0.73333333333333339
81,128,0.86666666666666659
81,129,1.2
81,130,1.4000000000000001
81,131,1.5333333333333332
81,132,1.5333333333333332
81,133,1.6666666666666667
81,134,1.6666666666666667
81,135,1.6666666666666667
81,136,1.7333333333333334
81,137,1.8666666666666669
81,138,1.9333333333333333
81,139,1.8666666666666665
81,140,1.4666666666666668
81,141,1.2666666666666666
81,142,1.0666666666666667
81,143,1.4666666666666668
81,144,1.4000000000000001
81,145,1.6000000000000003
81,146,1.4000000000000001
81,147,1.8
81,148,1.5333333333333334
81,149,1.5999999999999999
81,150,1.5333333333333332
81,151,1.7333333333333332
81,152,1.7333333333333334
81,153,1.4666666666666668
81,154,1.4666666666666668
81,155,1.7333333333333332
81,156,1.9333333333333333
81,157,1.8666666666666669
81,158,1.5999999999999999
81,159,1.4000000000000001
81,160,1.3333333333333333
81,161,1.0666666666666667
81,162,1.0666666666666667
81,163,1.2666666666666668
81,164,1.3333333333333333
81,165,1.3999999999999997
81,166,0.93333333333333324
81,167,1.0666666666666667
81,168,1.0666666666666667
81,169,1.2
81,170,1
81,171,0.66666666666666663
81,172,0.86666666666666659
81,173,0.80000000000000016
81,174,0.66666666666666663
81,175,0.40000000000000008
81,176,0.53333333333333333
81,177,0.66666666666666663
81,178,0.73333333333333339
81,179,0.59999999999999998
81,180,0.66666666666666663
81,181,0.66666666666666663
81,182,0.53333333333333333
81,183,0.46666666666666662
81,184,0.33333333333333331
81,185,0.33333333333333331
81,186,0.40000000000000008
81,187,0.33333333333333331
81,188,0.33333333333333331
81,189,0.20000000000000004
81,190,0.26666666666666666
81,191,0.20000000000000001
82,0,0.40000000000000002
82,1,0.33333333333333331
82,2,0.40000000000000008
82,3,0.40000000000000008
82,4,0.46666666666666662
82,5,0.40000000000000008
82,6,0.33333333333333331
82,7,0.40000000000000008
82,8,0.33333333333333331
82,9,0.53333333333333333
82,10,0.59999999999999998
82,11,0.66666666666666663
82,12,0.66666666666666663
82,13,0.66666666666666663
82,14,0.80000000000000016
82,15,0.66666666666666663
82,16,0.46666666666666673
82,17,0.26666666666666666
82,18,0.53333333333333333
82,19,0.59999999999999998
82,20,0.59999999999999998
82,21,0.46666666666666673
82,22,0.33333333333333331
82,23,0.73333333333333339
82,24,0.79999999999999993
82,25,1.0666666666666667
82,26,0.73333333333333339
82,27,0.73333333333333339
82,28,0.66666666666666663
82,29,0.66666666666666663
82,30,0.59999999999999998
82,31,0.66666666666666663
82,32,1.1333333333333335
82,33,1.0666666666666667
82,34,1.0666666666666667
82,35,0.59999999999999998
82,36,0.80000000000000016
82,37,0.93333333333333324
82,38,1
82,39,0.73333333333333328
82,40,0.46666666666666662
82,41,0.66666666666666663
82,42,0.66666666666666663
82,43,0.73333333333333339
82,44,0.66666666666666663
82,45,1
82,46,1.3333333333333333
82,47,1.1333333333333333
82,48,0.73333333333333339
82,49,0.40000000000000008
82,50,0.26666666666666666
82,51,0.33333333333333331
82,52,0.13333333333333333
82,53,0.20000000000000004
82,54,0.20000000000000004
82,55,0.46666666666666673
82,56,0.60000000000000009
82,57,0.53333333333333333
82,58,0.33333333333333331
82,59,0.20000000000000004
82,60,0.20000000000000004
82,61,0.26666666666666666
82,62,0.46666666666666673
82,63,0.53333333333333333
82,64,0.73333333333333339
82,65,0.46666666666666662
82,66,0.33333333333333331
82,67,0.13333333333333333
82,68,0.20000000000000004
82,69,0.20000000000000004
82,70,0.20000000000000004
82,71,0.20000000000000004
82,72,0.40000000000000008
82,73,0.40000000000000008
82,74,0.39999999999999997
82,75,0.26666666666666666
82,76,0.13333333333333333
82,77,0.066666666666666666
82,79,0.066666666666666666
82,80,0.13333333333333333
82,81,0.26666666666666666
82,82,0.26666666666666666
82,83,0.40000000000000008
82,84,0.33333333333333331
82,85,0.33333333333333331
82,86,0.13333333333333333
82,87,0.066666666666666666
82,88,0.066666666666666666
82,89,0.20000000000000004
82,90,0.20000000000000004
82,91,0.20000000000000004
82,92,0.13333333333333333
82,93,0.26666666666666666
82,94,0.20000000000000004
82,95,0.13333333333333333
82,97,0.19999999999999998
82,98,0.19999999999999998
82,99,0.26666666666666666
82,100,0.13333333333333333
82,101,0.20000000000000004
82,102,0.26666666666666666
82,103,0.33333333333333331
82,104,0.26666666666666666
82,105,0.13333333333333333
82,106,0.066666666666666666
82,107,0.13333333333333333
82,108,0.20000000000000004
82,109,0.20000000000000004
82,110,0.46666666666666662
82,111,0.59999999999999998
82,112,0.80000000000000016
82,113,0.53333333333333333
82,114,0.46666666666666662
82,115,0.20000000000000004
82,116,0.26666666666666666
82,117,0.33333333333333331
82,118,0.66666666666666663
82,119,0.73333333333333339
82,120,0.59999999999999998
82,121,0.40000000000000008
82,122,0.33333333333333331
82,123,0.40000000000000008
82,124,0.53333333333333333
82,125,0.46666666666666673
82,126,0.53333333333333333
82,127,0.46666666666666662
82,128,0.53333333333333333
82,129,0.73333333333333339
82,130,0.73333333333333339
82,131,1.2
82,132,1.0666666666666667
82,133,1.1333333333333335
82,134,0.73333333333333339
82,135,0.59999999999999998
82,136,0.39999999999999997
82,137,0.26666666666666666
82,138,0.26666666666666666
82,139,0.26666666666666666
82,140,0.66666666666666663
82,141,0.86666666666666659
82,142,1.1333333333333333
82,143,0.73333333333333339
82,144,0.59999999999999998
82,145,0.46666666666666662
82,146,0.59999999999999998
82,147,0.59999999999999998
82,148,0.46666666666666662
82,149,0.80000000000000016
82,150,1.2
82,151,1.3333333333333333
82,152,1.3333333333333333
82,153,1
82,154,1.2000000000000002
82,155,1
82,156,0.93333333333333346
82,157,0.53333333333333333
82,158,0.39999999999999997
82,159,0.39999999999999997
82,160,0.59999999999999998
82,161,0.59999999999999998
82,162,0.46666666666666662
82,163,0.33333333333333331
82,164,0.40000000000000008
82,165,0.46666666666666662
82,166,0.60000000000000009
82,167,0.53333333333333333
82,168,0.46666666666666662
82,169,0.40000000000000008
82,170,0.40000000000000008
82,171,0.39999999999999997
82,172,0.46666666666666662
82,173,0.40000000000000008
82,174,0.39999999999999997
82,175,0.26666666666666666
82,176,0.20000000000000004
82,177,0.26666666666666666
82,178,0.20000000000000004
82,179,0.26666666666666666
82,180,0.26666666666666666
82,181,0.26666666666666666
82,182,0.20000000000000004
82,183,0.13333333333333333
82,184,0.13333333333333333
82,185,0.066666666666666666
82,186,0.13333333333333333
82,187,0.13333333333333333
82,188,0.26666666666666666
82,189,0.33333333333333331
82,190,0.46666666666666662
82,191,0.5
83,0,0.5
83,1,0.39999999999999997
83,2,0.59999999999999998
83,3,0.33333333333333331
83,4,0.33333333333333331
83,5,0.20000000000000004
83,6,0.20000000000000004
83,7,0.13333333333333333
83,8,0.33333333333333331
83,9,0.33333333333333331
83,10,0.46666666666666662
83,11,0.46666666666666673
83,12,0.60000000000000009
83,13,0.93333333333333324
83,14,1
83,15,1.0666666666666667
83,16,0.8666666666666667
83,17,0.93333333333333324
83,18,0.8666666666666667
83,19,1.0666666666666667
83,20,1.4000000000000001
83,21,1.6666666666666667
83,22,1.7333333333333334
83,23,1.5333333333333332
83,24,1.7333333333333334
83,25,1.8666666666666665
83,26,1.9333333333333333
83,27,1.6666666666666667
83,28,1.5999999999999999
83,29,1.4000000000000001
83,30,1.4666666666666668
83,31,1.1333333333333331
83,32,1.2666666666666668
83,33,1.0000000000000002
83,34,0.8666666666666667
83,35,0.66666666666666663
83,36,0.66666666666666663
83,37,0.8666666666666667
83,38,1
83,39,1
83,40,1.1333333333333333
83,41,1
83,42,1.0666666666666667
83,43,1.0666666666666667
83,44,0.8666666666666667
83,45,0.66666666666666663
83,46,0.33333333333333331
83,47,0.26666666666666666
83,48,0.26666666666666666
83,49,0.26666666666666666
83,50,0.33333333333333331
83,51,0.33333333333333331
83,52,0.33333333333333331
83,53,0.33333333333333331
83,54,0.40000000000000008
83,55,0.46666666666666662
83,56,0.39999999999999997
83,57,0.40000000000000008
83,58,0.33333333333333331
83,59,0.33333333333333331
83,60,0.40000000000000008
83,61,0.26666666666666666
83,62,0.39999999999999997
83,63,0.26666666666666666
83,64,0.33333333333333331
83,65,0.33333333333333331
83,66,0.26666666666666666
83,67,0.26666666666666666
83,68,0.13333333333333333
83,69,0.20000000000000004
83,70,0.20000000000000004
83,71,0.33333333333333331
83,72,0.53333333333333333
83,73,0.53333333333333333
83,74,0.39999999999999997
83,75,0.13333333333333333
83,76,0.066666666666666666
83,77,0.066666666666666666
83,78,0.13333333333333333
83,79,0.13333333333333333
83,80,0.13333333333333333
83,81,0.066666666666666666
83,82,0.20000000000000004
83,83,0.20000000000000004
83,84,0.26666666666666666
83,85,0.33333333333333331
83,86,0.26666666666666666
83,87,0.26666666666666666
83,88,0.20000000000000004
83,89,0.26666666666666666
83,90,0.20000000000000004
83,91,0.066666666666666666
83,92,0.19999999999999998
83,93,0.26666666666666666
83,94,0.46666666666666662
83,95,0.33333333333333331
83,96,0.40000000000000008
83,97,0.20000000000000004
83,98,0.33333333333333331
83,99,0.26666666666666666
83,100,0.40000000000000008
83,101,0.26666666666666666
83,102,0.33333333333333331
83,103,0.40000000000000008
83,104,0.33333333333333331
83,105,0.33333333333333331
83,106,0.26666666666666666
83,107,0.40000000000000008
83,108,0.26666666666666666
83,109,0.20000000000000004
83,110,0.20000000000000004
83,111,0.26666666666666666
83,112,0.26666666666666666
83,113,0.13333333333333333
83,114,0.066666666666666666
83,116,0.53333333333333333
83,117,0.53333333333333333
83,118,0.66666666666666663
83,119,0.20000000000000004
83,120,0.20000000000000004
83,121,0.066666666666666666
83,122,0.26666666666666666
83,123,0.40000000000000008
83,124,0.60000000000000009
83,125,0.59999999999999998
83,126,0.66666666666666663
83,127,0.59999999999999998
83,128,0.53333333333333333
83,129,0.59999999999999998
83,130,0.73333333333333339
83,131,0.8666666666666667
83,132,1.0666666666666667
83,133,1.0666666666666667
83,134,1.0666666666666667
83,135,0.93333333333333324
83,136,1.2
83,137,1.4000000000000001
83,138,1.6000000000000003
83,139,1.4666666666666668
83,140,1.2666666666666666
83,141,1.2
83,142,1.0666666666666667
83,143,1.0666666666666667
83,144,0.79999999999999993
83,145,1
83,146,1.2
83,147,1.5333333333333332
83,148,1.2666666666666668
83,149,1.2
83,150,0.8666666666666667
83,151,1.1333333333333333
83,152,1.2
83,153,1.2666666666666666
83,154,1.3333333333333333
83,155,1.6000000000000003
83,156,1.6666666666666667
83,157,1.4000000000000001
83,158,1.0666666666666667
83,159,0.93333333333333346
83,160,0.8666666666666667
83,161,0.73333333333333339
83,162,0.66666666666666663
83,163,0.86666666666666659
83,164,0.93333333333333324
83,165,1.2
83,166,0.8666666666666667
83,167,0.79999999999999993
83,168,0.66666666666666663
83,169,0.66666666666666663
83,170,0.53333333333333333
83,171,0.40000000000000008
83,172,0.73333333333333339
83,173,0.73333333333333339
83,174,0.59999999999999998
83,175,0.33333333333333331
83,176,0.40000000000000008
83,177,0.40000000000000008
83,178,0.40000000000000008
83,179,0.40000000000000008
83,180,0.60000000000000009
83,181,0.66666666666666663
83,182,0.53333333333333333
83,183,0.39999999999999997
83,184,0.26666666666666666
83,185,0.26666666666666666
83,186,0.26666666666666666
83,187,0.20000000000000004
83,188,0.066666666666666666
84,0,0.10000000000000001
84,1,0.13333333333333333
84,2,0.13333333333333333
84,3,0.066666666666666666
84,9,0.066666666666666666
84,10,0.066666666666666666
84,11,0.066666666666666666
84,12,0.066666666666666666
84,13,0.066666666666666666
84,14,0.066666666666666666
84,15,0.066666666666666666
84,16,0.066666666666666666
84,17,0.13333333333333333
84,18,0.066666666666666666
84,19,0.066666666666666666
84,22,0.066666666666666666
84,23,0.13333333333333333
84,24,0.20000000000000004
84,25,0.13333333333333333
84,26,0.066666666666666666
84,27,0.13333333333333333
84,28,0.13333333333333333
84,29,0.26666666666666666
84,30,0.26666666666666666
84,31,0.33333333333333331
84,32,0.33333333333333331
84,33,0.26666666666666666
84,34,0.26666666666666666
84,35,0.13333333333333333
84,36,0.066666666666666666
84,37,0.066666666666666666
84,38,0.066666666666666666
84,39,0.066666666666666666
84,44,0.066666666666666666
84,45,0.066666666666666666
84,46,0.066666666666666666
84,63,0.066666666666666666
84,64,0.066666666666666666
84,65,0.066666666666666666
84,77,0.066666666666666666
84,78,0.066666666666666666
84,79,0.066666666666666666
84,102,0.066666666666666666
84,103,0.066666666666666666
84,104,0.066666666666666666
84,127,0.066666666666666666
84,128,0.13333333333333333
84,129,0.13333333333333333
84,130,0.066666666666666666
84,132,0.066666666666666666
84,133,0.066666666666666666
84,134,0.066666666666666666
84,137,0.066666666666666666
84,138,0.066666666666666666
84,139,0.066666666666666666
84,144,0.13333333333333333
84,145,0.13333333333333333
84,146,0.13333333333333333
84,159,0.066666666666666666
84,160,0.066666666666666666
84,161,0.066666666666666666
84,167,0.066666666666666666
84,168,0.066666666666666666
84,169,0.066666666666666666
84,176,0.066666666666666666
84,177,0.066666666666666666
84,178,0.13333333333333333
84,179,0.13333333333333333
84,180,0.26666666666666666
84,181,0.20000000000000004
84,182,0.13333333333333333
84,186,0.066666666666666666
84,187,0.066666666666666666
84,188,0.066666666666666666
85,15,0.066666666666666666
85,16,0.066666666666666666
85,17,0.13333333333333333
85,18,0.066666666666666666
85,19,0.066666666666666666
85,25,0.066666666666666666
85,26,0.066666666666666666
85,27,0.13333333333333333
85,28,0.20000000000000004
85,29,0.33333333333333331
85,30,0.33333333333333331
85,31,0.40000000000000008
85,32,0.46666666666666662
85,33,0.46666666666666662
85,34,0.40000000000000008
85,35,0.20000000000000004
85,36,0.13333333333333333
85,92,0.066666666666666666
85,93,0.066666666666666666
85,94,0.066666666666666666
85,97,0.066666666666666666
85,98,0.066666666666666666
85,99,0.066666666666666666
85,102,0.066666666666666666
85,103,0.066666666666666666
85,104,0.066666666666666666
85,127,0.066666666666666666
85,128,0.066666666666666666
85,129,0.066666666666666666
85,132,0.066666666666666666
85,133,0.066666666666666666
85,134,0.066666666666666666
85,159,0.066666666666666666
85,160,0.066666666666666666
85,161,0.066666666666666666
85,176,0.066666666666666666
85,177,0.066666666666666666
85,178,0.066666666666666666
85,180,0.066666666666666666
85,181,0.066666666666666666
85,182,0.066666666666666666
86,12,0.066666666666666666
86,13,0.066666666666666666
86,14,0.066666666666666666
86,15,0.13333333333333333
86,16,0.13333333333333333
86,17,0.13333333333333333
86,25,0.13333333333333333
86,26,0.20000000000000004
86,27,0.26666666666666666
86,28,0.26666666666666666
86,29,0.26666666666666666
86,30,0.26666666666666666
86,31,0.13333333333333333
86,32,0.13333333333333333
86,33,0.13333333333333333
86,34,0.26666666666666666
86,35,0.26666666666666666
86,36,0.20000000000000004
86,37,0.066666666666666666
86,50,0.066666666666666666
86,51,0.066666666666666666
86,52,0.066666666666666666
86,58,0.066666666666666666
86,59,0.066666666666666666
86,60,0.066666666666666666
86,65,0.066666666666666666
86,66,0.13333333333333333
86,67,0.20000000000000004
86,68,0.13333333333333333
86,69,0.066666666666666666
86,71,0.066666666666666666
86,72,0.066666666666666666
86,73,0.066666666666666666
86,80,0.066666666666666666
86,81,0.066666666666666666
86,82,0.066666666666666666
86,83,0.066666666666666666
86,84,0.066666666666666666
86,85,0.066666666666666666
86,91,0.066666666666666666
86,92,0.13333333333333333
86,93,0.13333333333333333
86,94,0.066666666666666666
86,103,0.066666666666666666
86,104,0.066666666666666666
86,105,0.13333333333333333
86,106,0.066666666666666666
86,107,0.066666666666666666
86,114,0.066666666666666666
86,115,0.066666666666666666
86,116,0.066666666666666666
86,117,0.066666666666666666
86,118,0.066666666666666666
86,119,0.13333333333333333
86,120,0.13333333333333333
86,121,0.13333333333333333
86,122,0.13333333333333333
86,123,0.13333333333333333
86,124,0.13333333333333333
86,125,0.066666666666666666
86,156,0.066666666666666666
86,157,0.066666666666666666
86,158,0.066666666666666666
86,159,0.066666666666666666
86,160,0.066666666666666666
86,161,0.13333333333333333
86,162,0.066666666666666666
86,163,0.066666666666666666
86,164,0.066666666666666666
86,165,0.13333333333333333
86,166,0.13333333333333333
86,167,0.066666666666666666
86,170,0.13333333333333333
86,171,0.13333333333333333
86,172,0.13333333333333333
86,179,0.066666666666666666
86,180,0.066666666666666666
86,181,0.066666666666666666
86,183,0.066666666666666666
86,184,0.066666666666666666
86,185,0.066666666666666666
87,5,0.066666666666666666
87,6,0.066666666666666666
87,7,0.066666666666666666
87,9,0.066666666666666666
87,10,0.066666666666666666
87,11,0.066666666666666666
87,12,0.066666666666666666
87,13,0.066666666666666666
87,14,0.13333333333333333
87,15,0.20000000000000004
87,16,0.20000000000000004
87,17,0.13333333333333333
87,18,0.19999999999999998
87,19,0.19999999999999998
87,20,0.19999999999999998
87,21,0.066666666666666666
87,22,0.066666666666666666
87,23,0.066666666666666666
87,25,0.066666666666666666
87,26,0.13333333333333333
87,27,0.20000000000000004
87,28,0.13333333333333333
87,29,0.13333333333333333
87,30,0.26666666666666666
87,31,0.26666666666666666
87,32,0.26666666666666666
87,33,0.066666666666666666
87,34,0.066666666666666666
87,43,0.066666666666666666
87,44,0.066666666666666666
87,45,0.066666666666666666
87,47,0.066666666666666666
87,48,0.20000000000000004
87,49,0.20000000000000004
87,50,0.20000000000000004
87,51,0.13333333333333333
87,52,0.20000000000000004
87,53,0.13333333333333333
87,54,0.066666666666666666
87,58,0.13333333333333333
87,59,0.13333333333333333
87,60,0.13333333333333333
87,61,0.066666666666666666
87,62,0.066666666666666666
87,63,0.066666666666666666
87,65,0.066666666666666666
87,66,0.13333333333333333
87,67,0.20000000000000004
87,68,0.13333333333333333
87,69,0.066666666666666666
87,70,0.066666666666666666
87,71,0.066666666666666666
87,72,0.066666666666666666
87,80,0.066666666666666666
87,81,0.066666666666666666
87,82,0.066666666666666666
87,83,0.066666666666666666
87,84,0.066666666666666666
87,85,0.066666666666666666
87,87,0.066666666666666666
87,88,0.066666666666666666
87,89,0.066666666666666666
87,91,0.066666666666666666
87,92,0.13333333333333333
87,93,0.13333333333333333
87,94,0.066666666666666666
87,102,0.066666666666666666
87,103,0.13333333333333333
87,104,0.20000000000000004
87,105,0.20000000000000004
87,106,0.13333333333333333
87,107,0.066666666666666666
87,108,0.066666666666666666
87,109,0.066666666666666666
87,110,0.066666666666666666
87,114,0.066666666666666666
87,115,0.066666666666666666
87,116,0.066666666666666666
87,117,0.13333333333333333
87,118,0.20000000000000004
87,119,0.26666666666666666
87,120,0.20000000000000004
87,121,0.20000000000000004
87,122,0.20000000000000004
87,123,0.20000000000000004
87,124,0.13333333333333333
87,125,0.066666666666666666
87,134,0.066666666666666666
87,135,0.066666666666666666
87,136,0.066666666666666666
87,138,0.066666666666666666
87,139,0.13333333333333333
87,140,0.13333333333333333
87,141,0.066666666666666666
87,145,0.066666666666666666
87,146,0.20000000000000004
87,147,0.20000000000000004
87,148,0.13333333333333333
87,153,0.19999999999999998
87,154,0.26666666666666666
87,155,0.33333333333333331
87,156,0.26666666666666666
87,157,0.33333333333333331
87,158,0.40000000000000008
87,159,0.33333333333333331
87,160,0.20000000000000004
87,161,0.13333333333333333
87,162,0.066666666666666666
87,163,0.066666666666666666
87,164,0.066666666666666666
87,165,0.13333333333333333
87,166,0.13333333333333333
87,167,0.066666666666666666
87,170,0.13333333333333333
87,171,0.13333333333333333
87,172,0.20000000000000004
87,173,0.066666666666666666
87,174,0.066666666666666666
87,183,0.066666666666666666
87,184,0.066666666666666666
87,185,0.066666666666666666
87,190,0.066666666666666666
87,191,0.10000000000000001
88,0,0.10000000000000001
88,1,0.066666666666666666
88,2,0.066666666666666666
88,5,0.066666666666666666
88,6,0.066666666666666666
88,7,0.066666666666666666
88,10,0.066666666666666666
88,11,0.066666666666666666
88,12,0.066666666666666666
88,14,0.066666666666666666
88,15,0.13333333333333333
88,16,0.13333333333333333
88,17,0.066666666666666666
88,18,0.19999999999999998
88,19,0.19999999999999998
88,20,0.26666666666666666
88,21,0.13333333333333333
88,22,0.33333333333333331
88,23,0.33333333333333331
88,24,0.33333333333333331
88,25,0.26666666666666666
88,26,0.33333333333333331
88,27,0.33333333333333331
88,28,0.26666666666666666
88,29,0.20000000000000004
88,30,0.33333333333333331
88,31,0.33333333333333331
88,32,0.33333333333333331
88,33,0.13333333333333333
88,34,0.13333333333333333
88,35,0.066666666666666666
88,36,0.20000000000000004
88,37,0.20000000000000004
88,38,0.26666666666666666
88,39,0.13333333333333333
88,40,0.13333333333333333
88,41,0.13333333333333333
88,42,0.13333333333333333
88,43,0.066666666666666666
88,44,0.13333333333333333
88,45,0.13333333333333333
88,46,0.13333333333333333
88,47,0.066666666666666666
88,48,0.13333333333333333
88,49,0.13333333333333333
88,50,0.066666666666666666
88,51,0.066666666666666666
88,52,0.13333333333333333
88,53,0.13333333333333333
88,54,0.066666666666666666
88,56,0.13333333333333333
88,57,0.13333333333333333
88,58,0.20000000000000004
88,59,0.066666666666666666
88,60,0.066666666666666666
88,63,0.066666666666666666
88,64,0.066666666666666666
88,65,0.13333333333333333
88,66,0.066666666666666666
88,67,0.066666666666666666
88,75,0.066666666666666666
88,76,0.066666666666666666
88,77,0.066666666666666666
88,82,0.066666666666666666
88,83,0.066666666666666666
88,84,0.13333333333333333
88,85,0.066666666666666666
88,86,0.066666666666666666
88,87,0.066666666666666666
88,88,0.066666666666666666
88,89,0.13333333333333333
88,90,0.066666666666666666
88,91,0.20000000000000004
88,92,0.13333333333333333
88,93,0.13333333333333333
88,98,0.066666666666666666
88,99,0.066666666666666666
88,100,0.20000000000000004
88,101,0.13333333333333333
88,102,0.13333333333333333
88,104,0.066666666666666666
88,105,0.066666666666666666
88,106,0.13333333333333333
88,107,0.066666666666666666
88,108,0.066666666666666666
88,109,0.066666666666666666
88,110,0.13333333333333333
88,111,0.13333333333333333
88,112,0.13333333333333333
88,113,0.066666666666666666
88,114,0.066666666666666666
88,120,0.066666666666666666
88,121,0.13333333333333333
88,122,0.13333333333333333
88,123,0.066666666666666666
88,125,0.066666666666666666
88,126,0.066666666666666666
88,127,0.066666666666666666
88,129,0.066666666666666666
88,130,0.066666666666666666
88,131,0.066666666666666666
88,132,0.066666666666666666
88,133,0.066666666666666666
88,134,0.13333333333333333
88,135,0.066666666666666666
88,136,0.066666666666666666
88,138,0.066666666666666666
88,139,0.066666666666666666
88,140,0.33333333333333331
88,141,0.33333333333333331
88,142,0.33333333333333331
88,143,0.066666666666666666
88,144,0.13333333333333333
88,145,0.13333333333333333
88,146,0.26666666666666666
88,147,0.26666666666666666
88,148,0.26666666666666666
88,149,0.13333333333333333
88,150,0.13333333333333333
88,151,0.20000000000000004
88,152,0.26666666666666666
88,153,0.20000000000000004
88,154,0.20000000000000004
88,155,0.13333333333333333
88,156,0.20000000000000004
88,157,0.33333333333333331
88,158,0.39999999999999997
88,159,0.40000000000000008
88,160,0.26666666666666666
88,161,0.20000000000000004
88,162,0.20000000000000004
88,163,0.13333333333333333
88,164,0.20000000000000004
88,165,0.20000000000000004
88,166,0.20000000000000004
88,167,0.20000000000000004
88,168,0.066666666666666666
88,169,0.066666666666666666
88,170,0.13333333333333333
88,171,0.20000000000000004
88,172,0.20000000000000004
88,173,0.066666666666666666
88,174,0.066666666666666666
88,175,0.066666666666666666
88,176,0.066666666666666666
88,177,0.066666666666666666
88,178,0.066666666666666666
88,179,0.26666666666666666
88,180,0.19999999999999998
88,181,0.33333333333333331
88,182,0.26666666666666666
88,183,0.26666666666666666
88,184,0.20000000000000004
88,185,0.066666666666666666
88,186,0.066666666666666666
88,188,0.066666666666666666
88,189,0.066666666666666666
88,190,0.066666666666666666
89,10,0.066666666666666666
89,11,0.066666666666666666
89,12,0.066666666666666666
89,18,0.066666666666666666
89,19,0.066666666666666666
89,20,0.13333333333333333
89,21,0.13333333333333333
89,22,0.13333333333333333
89,23,0.20000000000000004
89,24,0.13333333333333333
89,25,0.33333333333333331
89,26,0.33333333333333331
89,27,0.33333333333333331
89,28,0.20000000000000004
89,29,0.13333333333333333
89,30,0.26666666666666666
89,31,0.33333333333333331
89,32,0.26666666666666666
89,33,0.13333333333333333
89,36,0.066666666666666666
89,37,0.066666666666666666
89,38,0.13333333333333333
89,39,0.066666666666666666
89,40,0.066666666666666666
89,41,0.066666666666666666
89,42,0.066666666666666666
89,43,0.13333333333333333
89,44,0.13333333333333333
89,45,0.13333333333333333
89,46,0.066666666666666666
89,48,0.066666666666666666
89,49,0.066666666666666666
89,50,0.066666666666666666
89,51,0.066666666666666666
89,52,0.066666666666666666
89,53,0.066666666666666666
89,56,0.066666666666666666
89,57,0.066666666666666666
89,58,0.13333333333333333
89,59,0.066666666666666666
89,60,0.066666666666666666
89,63,0.066666666666666666
89,64,0.066666666666666666
89,65,0.066666666666666666
89,82,0.066666666666666666
89,83,0.066666666666666666
89,84,0.13333333333333333
89,85,0.066666666666666666
89,86,0.066666666666666666
89,91,0.066666666666666666
89,92,0.066666666666666666
89,93,0.066666666666666666
89,98,0.066666666666666666
89,99,0.066666666666666666
89,100,0.066666666666666666
89,109,0.066666666666666666
89,110,0.066666666666666666
89,111,0.066666666666666666
89,125,0.066666666666666666
89,126,0.066666666666666666
89,127,0.066666666666666666
89,134,0.066666666666666666
89,135,0.066666666666666666
89,136,0.066666666666666666
89,138,0.066666666666666666
89,139,0.066666666666666666
89,140,0.20000000000000004
89,141,0.13333333333333333
89,142,0.13333333333333333
89,146,0.066666666666666666
89,147,0.20000000000000004
89,148,0.20000000000000004
89,149,0.13333333333333333
89,150,0.066666666666666666
89,151,0.066666666666666666
89,152,0.066666666666666666
89,153,0.066666666666666666
89,154,0.13333333333333333
89,155,0.13333333333333333
89,156,0.13333333333333333
89,157,0.13333333333333333
89,158,0.13333333333333333
89,159,0.13333333333333333
89,160,0.066666666666666666
89,161,0.13333333333333333
89,162,0.13333333333333333
89,163,0.13333333333333333
89,164,0.13333333333333333
89,165,0.066666666666666666
89,166,0.066666666666666666
89,167,0.066666666666666666
89,168,0.066666666666666666
89,169,0.066666666666666666
89,174,0.066666666666666666
89,175,0.066666666666666666
89,176,0.066666666666666666
89,179,0.066666666666666666
89,180,0.066666666666666666
89,181,0.066666666666666666
90,0,0.10000000000000001
90,1,0.066666666666666666
90,2,0.066666666666666666
90,5,0.066666666666666666
90,6,0.13333333333333333
90,7,0.13333333333333333
90,8,0.066666666666666666
90,9,0.066666666666666666
90,10,0.066666666666666666
90,11,0.066666666666666666
90,16,0.066666666666666666
90,17,0.066666666666666666
90,18,0.13333333333333333
90,19,0.20000000000000004
90,20,0.26666666666666666
90,21,0.26666666666666666
90,22,0.13333333333333333
90,23,0.20000000000000004
90,24,0.13333333333333333
90,25,0.26666666666666666
90,26,0.33333333333333331
90,27,0.33333333333333331
90,28,0.19999999999999998
90,29,0.13333333333333333
90,30,0.20000000000000004
90,31,0.33333333333333331
90,32,0.20000000000000004
90,33,0.13333333333333333
90,36,0.066666666666666666
90,37,0.066666666666666666
90,38,0.13333333333333333
90,39,0.066666666666666666
90,40,0.066666666666666666
90,43,0.066666666666666666
90,44,0.13333333333333333
90,45,0.13333333333333333
90,46,0.066666666666666666
90,48,0.066666666666666666
90,49,0.066666666666666666
90,50,0.066666666666666666
90,51,0.066666666666666666
90,52,0.066666666666666666
90,53,0.066666666666666666
90,55,0.066666666666666666
90,56,0.13333333333333333
90,57,0.13333333333333333
90,58,0.066666666666666666
90,86,0.066666666666666666
90,87,0.066666666666666666
90,88,0.066666666666666666
90,89,0.066666666666666666
90,90,0.066666666666666666
90,91,0.066666666666666666
90,106,0.066666666666666666
90,107,0.066666666666666666
90,108,0.066666666666666666
90,124,0.066666666666666666
90,125,0.066666666666666666
90,126,0.066666666666666666
90,129,0.13333333333333333
90,130,0.13333333333333333
90,131,0.13333333333333333
90,138,0.066666666666666666
90,139,0.13333333333333333
90,140,0.13333333333333333
90,141,0.066666666666666666
90,144,0.066666666666666666
90,145,0.066666666666666666
90,146,0.13333333333333333
90,147,0.13333333333333333
90,148,0.13333333333333333
90,149,0.066666666666666666
90,150,0.066666666666666666
90,151,0.066666666666666666
90,152,0.066666666666666666
90,153,0.13333333333333333
90,154,0.20000000000000004
90,155,0.20000000000000004
90,156,0.13333333333333333
90,157,0.20000000000000004
90,158,0.20000000000000004
90,159,0.13333333333333333
90,164,0.066666666666666666
90,165,0.13333333333333333
90,166,0.13333333333333333
90,167,0.066666666666666666
91,0,0.10000000000000001
91,1,0.066666666666666666
91,2,0.066666666666666666
91,5,0.066666666666666666
91,6,0.20000000000000004
91,7,0.20000000000000004
91,8,0.20000000000000004
91,9,0.20000000000000004
91,10,0.26666666666666666
91,11,0.20000000000000004
91,12,0.066666666666666666
91,16,0.066666666666666666
91,17,0.066666666666666666
91,18,0.13333333333333333
91,19,0.20000000000000004
91,20,0.20000000000000004
91,21,0.20000000000000004
91,22,0.13333333333333333
91,23,0.13333333333333333
91,24,0.066666666666666666
91,25,0.066666666666666666
91,26,0.20000000000000004
91,27,0.20000000000000004
91,28,0.13333333333333333
91,29,0.19999999999999998
91,30,0.26666666666666666
91,31,0.40000000000000008
91,32,0.20000000000000004
91,33,0.13333333333333333
91,36,0.066666666666666666
91,37,0.066666666666666666
91,38,0.066666666666666666
91,43,0.066666666666666666
91,44,0.066666666666666666
91,45,0.066666666666666666
91,48,0.066666666666666666
91,49,0.066666666666666666
91,50,0.066666666666666666
91,54,0.066666666666666666
91,55,0.066666666666666666
91,56,0.066666666666666666
91,66,0.066666666666666666
91,67,0.066666666666666666
91,68,0.066666666666666666
91,75,0.066666666666666666
91,76,0.066666666666666666
91,77,0.066666666666666666
91,82,0.066666666666666666
91,83,0.066666666666666666
91,84,0.066666666666666666
91,86,0.066666666666666666
91,87,0.066666666666666666
91,88,0.066666666666666666
91,89,0.13333333333333333
91,90,0.13333333333333333
91,91,0.13333333333333333
91,106,0.13333333333333333
91,107,0.13333333333333333
91,108,0.13333333333333333
91,112,0.066666666666666666
91,113,0.13333333333333333
91,114,0.13333333333333333
91,115,0.066666666666666666
91,116,0.066666666666666666
91,117,0.066666666666666666
91,118,0.066666666666666666
91,123,0.066666666666666666
91,124,0.066666666666666666
91,125,0.066666666666666666
91,127,0.13333333333333333
91,128,0.20000000000000004
91,129,0.26666666666666666
91,130,0.13333333333333333
91,131,0.066666666666666666
91,135,0.066666666666666666
91,136,0.066666666666666666
91,137,0.20000000000000004
91,138,0.13333333333333333
91,139,0.20000000000000004
91,140,0.13333333333333333
91,141,0.13333333333333333
91,142,0.066666666666666666
91,144,0.19999999999999998
91,145,0.33333333333333331
91,146,0.39999999999999997
91,147,0.26666666666666666
91,148,0.20000000000000004
91,149,0.20000000000000004
91,150,0.20000000000000004
91,151,0.13333333333333333
91,152,0.13333333333333333
91,153,0.20000000000000004
91,154,0.26666666666666666
91,155,0.20000000000000004
91,156,0.13333333333333333
91,157,0.13333333333333333
91,158,0.13333333333333333
91,159,0.066666666666666666
91,165,0.066666666666666666
91,166,0.066666666666666666
91,167,0.066666666666666666
91,176,0.066666666666666666
91,177,0.066666666666666666
91,178,0.066666666666666666
91,183,0.066666666666666666
91,184,0.066666666666666666
91,185,0.066666666666666666
91,189,0.066666666666666666
91,190,0.066666666666666666
91,191,0.10000000000000001
92,0,0.10000000000000001
92,1,0.13333333333333333
92,2,0.13333333333333333
92,3,0.066666666666666666
92,7,0.066666666666666666
92,8,0.13333333333333333
92,9,0.20000000000000004
92,10,0.20000000000000004
92,11,0.13333333333333333
92,12,0.13333333333333333
92,13,0.066666666666666666
92,14,0.20000000000000004
92,15,0.20000000000000004
92,16,0.20000000000000004
92,17,0.13333333333333333
92,18,0.20000000000000004
92,19,0.40000000000000008
92,20,0.39999999999999997
92,21,0.40000000000000008
92,22,0.26666666666666666
92,23,0.20000000000000004
92,24,0.26666666666666666
92,25,0.33333333333333331
92,26,0.39999999999999997
92,27,0.20000000000000004
92,28,0.066666666666666666
92,29,0.066666666666666666
92,30,0.13333333333333333
92,31,0.33333333333333331
92,32,0.33333333333333331
92,33,0.26666666666666666
92,34,0.13333333333333333
92,35,0.13333333333333333
92,36,0.13333333333333333
92,37,0.066666666666666666
92,39,0.19999999999999998
92,40,0.39999999999999997
92,41,0.46666666666666662
92,42,0.40000000000000008
92,43,0.26666666666666666
92,44,0.26666666666666666
92,45,0.26666666666666666
92,46,0.26666666666666666
92,47,0.20000000000000004
92,48,0.13333333333333333
92,49,0.066666666666666666
92,50,0.066666666666666666
92,51,0.066666666666666666
92,52,0.20000000000000004
92,53,0.20000000000000004
92,54,0.13333333333333333
92,57,0.066666666666666666
92,58,0.066666666666666666
92,59,0.13333333333333333
92,60,0.066666666666666666
92,61,0.066666666666666666
92,71,0.066666666666666666
92,72,0.066666666666666666
92,73,0.066666666666666666
92,74,0.066666666666666666
92,75,0.13333333333333333
92,76,0.13333333333333333
92,77,0.20000000000000004
92,78,0.20000000000000004
92,79,0.20000000000000004
92,80,0.066666666666666666
92,81,0.066666666666666666
92,82,0.26666666666666666
92,83,0.26666666666666666
92,84,0.19999999999999998
92,90,0.066666666666666666
92,91,0.13333333333333333
92,92,0.13333333333333333
92,93,0.066666666666666666
92,95,0.066666666666666666
92,96,0.066666666666666666
92,97,0.066666666666666666
92,98,0.066666666666666666
92,99,0.13333333333333333
92,100,0.13333333333333333
92,101,0.13333333333333333
92,102,0.13333333333333333
92,103,0.13333333333333333
92,104,0.066666666666666666
92,105,0.13333333333333333
92,106,0.26666666666666666
92,107,0.26666666666666666
92,108,0.13333333333333333
92,109,0.13333333333333333
92,110,0.13333333333333333
92,111,0.20000000000000004
92,112,0.066666666666666666
92,113,0.20000000000000004
92,114,0.13333333333333333
92,115,0.13333333333333333
92,116,0.066666666666666666
92,117,0.13333333333333333
92,118,0.20000000000000004
92,119,0.13333333333333333
92,120,0.066666666666666666
92,123,0.066666666666666666
92,124,0.13333333333333333
92,125,0.26666666666666666
92,126,0.20000000000000004
92,127,0.26666666666666666
92,128,0.20000000000000004
92,129,0.26666666666666666
92,130,0.26666666666666666
92,131,0.33333333333333331
92,132,0.40000000000000008
92,133,0.33333333333333331
92,134,0.26666666666666666
92,135,0.33333333333333331
92,136,0.33333333333333331
92,137,0.40000000000000008
92,138,0.20000000000000004
92,139,0.20000000000000004
92,140,0.066666666666666666
92,141,0.13333333333333333
92,142,0.13333333333333333
92,143,0.20000000000000004
92,144,0.26666666666666666
92,145,0.40000000000000008
92,146,0.39999999999999997
92,147,0.53333333333333333
92,148,0.53333333333333333
92,149,0.46666666666666662
92,150,0.33333333333333331
92,151,0.13333333333333333
92,152,0.20000000000000004
92,153,0.26666666666666666
92,154,0.40000000000000008
92,155,0.46666666666666662
92,156,0.40000000000000008
92,157,0.33333333333333331
92,158,0.26666666666666666
92,159,0.13333333333333333
92,160,0.066666666666666666
92,162,0.066666666666666666
92,163,0.13333333333333333
92,164,0.26666666666666666
92,165,0.26666666666666666
92,166,0.26666666666666666
92,167,0.13333333333333333
92,168,0.13333333333333333
92,169,0.13333333333333333
92,170,0.26666666666666666
92,171,0.26666666666666666
92,172,0.20000000000000004
92,173,0.26666666666666666
92,174,0.33333333333333331
92,175,0.39999999999999997
92,176,0.26666666666666666
92,177,0.20000000000000004
92,178,0.13333333333333333
92,179,0.13333333333333333
92,180,0.066666666666666666
92,181,0.13333333333333333
92,182,0.066666666666666666
92,183,0.066666666666666666
92,186,0.066666666666666666
92,187,0.066666666666666666
92,188,0.066666666666666666
92,189,0.066666666666666666
92,190,0.066666666666666666
92,191,0.10000000000000001
93,8,0.066666666666666666
93,9,0.13333333333333333
93,10,0.20000000000000004
93,11,0.26666666666666666
93,12,0.20000000000000004
93,13,0.13333333333333333
93,15,0.066666666666666666
93,16,0.066666666666666666
93,17,0.066666666666666666
93,18,0.13333333333333333
93,19,0.26666666666666666
93,20,0.26666666666666666
93,21,0.13333333333333333
93,24,0.13333333333333333
93,25,0.13333333333333333
93,26,0.26666666666666666
93,27,0.13333333333333333
93,28,0.13333333333333333
93,29,0.066666666666666666
93,30,0.066666666666666666
93,31,0.20000000000000004
93,32,0.13333333333333333
93,33,0.13333333333333333
93,35,0.066666666666666666
93,36,0.066666666666666666
93,37,0.066666666666666666
93,40,0.066666666666666666
93,41,0.066666666666666666
93,42,0.066666666666666666
93,44,0.066666666666666666
93,45,0.066666666666666666
93,46,0.13333333333333333
93,47,0.066666666666666666
93,48,0.066666666666666666
93,51,0.066666666666666666
93,52,0.13333333333333333
93,53,0.13333333333333333
93,54,0.066666666666666666
93,57,0.066666666666666666
93,58,0.066666666666666666
93,59,0.066666666666666666
93,71,0.066666666666666666
93,72,0.066666666666666666
93,73,0.066666666666666666
93,82,0.066666666666666666
93,83,0.066666666666666666
93,84,0.066666666666666666
93,95,0.066666666666666666
93,96,0.066666666666666666
93,97,0.066666666666666666
93,98,0.066666666666666666
93,99,0.066666666666666666
93,100,0.066666666666666666
93,106,0.13333333333333333
93,107,0.13333333333333333
93,108,0.13333333333333333
93,109,0.066666666666666666
93,110,0.066666666666666666
93,111,0.13333333333333333
93,112,0.066666666666666666
93,113,0.066666666666666666
93,123,0.066666666666666666
93,124,0.13333333333333333
93,125,0.13333333333333333
93,126,0.066666666666666666
93,127,0.066666666666666666
93,128,0.066666666666666666
93,129,0.066666666666666666
93,131,0.066666666666666666
93,132,0.066666666666666666
93,133,0.066666666666666666
93,135,0.13333333333333333
93,136,0.13333333333333333
93,137,0.26666666666666666
93,138,0.13333333333333333
93,139,0.13333333333333333
93,141,0.066666666666666666
93,142,0.066666666666666666
93,143,0.13333333333333333
93,144,0.066666666666666666
93,145,0.13333333333333333
93,146,0.13333333333333333
93,147,0.13333333333333333
93,148,0.066666666666666666
93,153,0.066666666666666666
93,154,0.20000000000000004
93,155,0.26666666666666666
93,156,0.33333333333333331
93,157,0.20000000000000004
93,158,0.13333333333333333
93,168,0.066666666666666666
93,169,0.066666666666666666
93,170,0.066666666666666666
93,173,0.13333333333333333
93,174,0.20000000000000004
93,175,0.26666666666666666
93,176,0.13333333333333333
93,177,0.066666666666666666
93,181,0.066666666666666666
93,182,0.066666666666666666
93,183,0.066666666666666666
94,8,0.066666666666666666
94,9,0.066666666666666666
94,10,0.066666666666666666
94,11,0.066666666666666666
94,12,0.066666666666666666
94,13,0.066666666666666666
94,15,0.066666666666666666
94,16,0.066666666666666666
94,17,0.066666666666666666
94,19,0.066666666666666666
94,20,0.066666666666666666
94,21,0.066666666666666666
94,23,0.19999999999999998
94,24,0.26666666666666666
94,25,0.26666666666666666
94,26,0.20000000000000004
94,27,0.20000000000000004
94,28,0.20000000000000004
94,29,0.20000000000000004
94,30,0.13333333333333333
94,31,0.20000000000000004
94,32,0.066666666666666666
94,33,0.066666666666666666
94,35,0.066666666666666666
94,36,0.066666666666666666
94,37,0.066666666666666666
94,75,0.066666666666666666
94,76,0.066666666666666666
94,77,0.066666666666666666
94,93,0.066666666666666666
94,94,0.066666666666666666
94,95,0.066666666666666666
94,109,0.066666666666666666
94,110,0.066666666666666666
94,111,0.066666666666666666
94,121,0.066666666666666666
94,122,0.066666666666666666
94,123,0.066666666666666666
94,137,0.066666666666666666
94,138,0.13333333333333333
94,139,0.13333333333333333
94,140,0.066666666666666666
94,153,0.066666666666666666
94,154,0.13333333333333333
94,155,0.20000000000000004
94,156,0.26666666666666666
94,157,0.20000000000000004
94,158,0.13333333333333333
94,160,0.066666666666666666
94,161,0.066666666666666666
94,162,0.066666666666666666
95,5,0.066666666666666666
95,6,0.066666666666666666
95,7,0.066666666666666666
95,11,0.066666666666666666
95,12,0.066666666666666666
95,13,0.066666666666666666
95,23,0.066666666666666666
95,24,0.066666666666666666
95,25,0.066666666666666666
95,29,0.066666666666666666
95,30,0.066666666666666666
95,31,0.066666666666666666
95,35,0.066666666666666666
95,36,0.066666666666666666
95,37,0.066666666666666666
95,49,0.066666666666666666
95,50,0.066666666666666666
95,51,0.066666666666666666
95,75,0.066666666666666666
95,76,0.066666666666666666
95,77,0.066666666666666666
95,79,0.066666666666666666
95,80,0.066666666666666666
95,81,0.066666666666666666
95,88,0.066666666666666666
95,89,0.066666666666666666
95,90,0.066666666666666666
95,93,0.066666666666666666
95,94,0.066666666666666666
95,95,0.066666666666666666
95,103,0.066666666666666666
95,104,0.066666666666666666
95,105,0.066666666666666666
95,121,0.066666666666666666
95,122,0.066666666666666666
95,123,0.066666666666666666
95,125,0.066666666666666666
95,126,0.066666666666666666
95,127,0.066666666666666666
95,138,0.066666666666666666
95,139,0.066666666666666666
95,140,0.066666666666666666
95,164,0.066666666666666666
95,165,0.066666666666666666
95,166,0.066666666666666666
95,181,0.13333333333333333
95,182,0.13333333333333333
95,183,0.13333333333333333
96,4,0.066666666666666666
96,5,0.066666666666666666
96,6,0.066666666666666666
96,10,0.066666666666666666
96,11,0.066666666666666666
96,12,0.066666666666666666
96,18,0.13333333333333333
96,19,0.13333333333333333
96,20,0.26666666666666666
96,21,0.13333333333333333
96,22,0.13333333333333333
96,23,0.066666666666666666
96,24,0.066666666666666666
96,25,0.066666666666666666
96,28,0.13333333333333333
96,29,0.13333333333333333
96,30,0.20000000000000004
96,31,0.13333333333333333
96,32,0.20000000000000004
96,33,0.20000000000000004
96,34,0.20000000000000004
96,35,0.13333333333333333
96,36,0.066666666666666666
96,40,0.066666666666666666
96,41,0.13333333333333333
96,42,0.20000000000000004
96,43,0.13333333333333333
96,44,0.066666666666666666
96,46,0.066666666666666666
96,47,0.066666666666666666
96,48,0.13333333333333333
96,49,0.066666666666666666
96,50,0.13333333333333333
96,51,0.13333333333333333
96,52,0.20000000000000004
96,53,0.13333333333333333
96,54,0.066666666666666666
96,59,0.066666666666666666
96,60,0.13333333333333333
96,61,0.13333333333333333
96,62,0.066666666666666666
96,80,0.066666666666666666
96,81,0.066666666666666666
96,82,0.066666666666666666
96,92,0.066666666666666666
96,93,0.066666666666666666
96,94,0.066666666666666666
96,110,0.066666666666666666
96,111,0.066666666666666666
96,112,0.066666666666666666
96,126,0.066666666666666666
96,127,0.13333333333333333
96,128,0.13333333333333333
96,129,0.066666666666666666
96,142,0.066666666666666666
96,143,0.066666666666666666
96,144,0.066666666666666666
96,152,0.066666666666666666
96,153,0.066666666666666666
96,154,0.066666666666666666
96,162,0.066666666666666666
96,163,0.13333333333333333
96,164,0.13333333333333333
96,165,0.066666666666666666
97,15,0.066666666666666666
97,16,0.066666666666666666
97,17,0.066666666666666666
97,18,0.066666666666666666
97,19,0.066666666666666666
97,20,0.13333333333333333
97,21,0.066666666666666666
97,22,0.066666666666666666
97,23,0.066666666666666666
97,24,0.066666666666666666
97,25,0.066666666666666666
97,26,0.13333333333333333
97,27,0.20000000000000004
97,28,0.40000000000000008
97,29,0.26666666666666666
97,30,0.19999999999999998
97,31,0.066666666666666666
97,32,0.13333333333333333
97,33,0.26666666666666666
97,34,0.33333333333333331
97,35,0.26666666666666666
97,36,0.20000000000000004
97,37,0.066666666666666666
97,38,0.066666666666666666
97,42,0.066666666666666666
97,43,0.066666666666666666
97,44,0.066666666666666666
97,50,0.066666666666666666
97,51,0.066666666666666666
97,52,0.066666666666666666
97,59,0.066666666666666666
97,60,0.13333333333333333
97,61,0.13333333333333333
97,62,0.066666666666666666
97,80,0.066666666666666666
97,81,0.066666666666666666
97,82,0.066666666666666666
97,92,0.066666666666666666
97,93,0.066666666666666666
97,94,0.066666666666666666
97,110,0.066666666666666666
97,111,0.066666666666666666
97,112,0.066666666666666666
97,132,0.066666666666666666
97,133,0.13333333333333333
97,134,0.13333333333333333
97,135,0.066666666666666666
97,141,0.066666666666666666
97,142,0.13333333333333333
97,143,0.13333333333333333
97,144,0.066666666666666666
97,145,0.066666666666666666
97,146,0.20000000000000004
97,147,0.20000000000000004
97,148,0.20000000000000004
97,149,0.066666666666666666
97,150,0.13333333333333333
97,151,0.066666666666666666
97,152,0.066666666666666666
97,153,0.066666666666666666
97,154,0.066666666666666666
97,155,0.066666666666666666
97,156,0.066666666666666666
97,157,0.20000000000000004
97,158,0.26666666666666666
97,159,0.33333333333333331
97,160,0.26666666666666666
97,161,0.20000000000000004
97,162,0.066666666666666666
97,164,0.066666666666666666
97,165,0.066666666666666666
97,166,0.066666666666666666
98,2,0.066666666666666666
98,3,0.066666666666666666
98,4,0.066666666666666666
98,12,0.13333333333333333
98,13,0.20000000000000004
98,14,0.33333333333333331
98,15,0.26666666666666666
98,16,0.33333333333333331
98,17,0.26666666666666666
98,18,0.26666666666666666
98,19,0.13333333333333333
98,20,0.13333333333333333
98,21,0.13333333333333333
98,22,0.13333333333333333
98,23,0.13333333333333333
98,24,0.066666666666666666
98,25,0.066666666666666666
98,26,0.13333333333333333
98,27,0.26666666666666666
98,28,0.46666666666666662
98,29,0.39999999999999997
98,30,0.26666666666666666
98,31,0.066666666666666666
98,32,0.066666666666666666
98,33,0.13333333333333333
98,34,0.33333333333333331
98,35,0.40000000000000008
98,36,0.39999999999999997
98,37,0.20000000000000004
98,38,0.066666666666666666
98,39,0.066666666666666666
98,40,0.20000000000000004
98,41,0.20000000000000004
98,42,0.26666666666666666
98,43,0.26666666666666666
98,44,0.26666666666666666
98,45,0.13333333333333333
98,46,0.066666666666666666
98,47,0.066666666666666666
98,48,0.066666666666666666
98,54,0.066666666666666666
98,55,0.066666666666666666
98,56,0.066666666666666666
98,59,0.066666666666666666
98,60,0.066666666666666666
98,61,0.066666666666666666
98,66,0.066666666666666666
98,67,0.13333333333333333
98,68,0.13333333333333333
98,69,0.066666666666666666
98,85,0.066666666666666666
98,86,0.13333333333333333
98,87,0.13333333333333333
98,88,0.066666666666666666
98,90,0.13333333333333333
98,91,0.13333333333333333
98,92,0.13333333333333333
98,97,0.066666666666666666
98,98,0.13333333333333333
98,99,0.13333333333333333
98,100,0.066666666666666666
98,102,0.066666666666666666
98,103,0.066666666666666666
98,104,0.066666666666666666
98,106,0.066666666666666666
98,107,0.066666666666666666
98,108,0.066666666666666666
98,110,0.066666666666666666
98,111,0.066666666666666666
98,112,0.066666666666666666
98,117,0.066666666666666666
98,118,0.066666666666666666
98,119,0.13333333333333333
98,120,0.066666666666666666
98,121,0.066666666666666666
98,128,0.066666666666666666
98,129,0.066666666666666666
98,130,0.066666666666666666
98,131,0.066666666666666666
98,132,0.13333333333333333
98,133,0.20000000000000004
98,134,0.13333333333333333
98,135,0.13333333333333333
98,136,0.066666666666666666
98,137,0.13333333333333333
98,138,0.066666666666666666
98,139,0.066666666666666666
98,141,0.066666666666666666
98,142,0.20000000000000004
98,143,0.33333333333333331
98,144,0.46666666666666662
98,145,0.46666666666666662
98,146,0.33333333333333331
98,147,0.13333333333333333
98,148,0.066666666666666666
98,149,0.066666666666666666
98,150,0.33333333333333331
98,151,0.26666666666666666
98,152,0.26666666666666666
98,153,0.13333333333333333
98,154,0.13333333333333333
98,155,0.13333333333333333
98,156,0.066666666666666666
98,157,0.13333333333333333
98,158,0.26666666666666666
98,159,0.26666666666666666
98,160,0.33333333333333331
98,161,0.20000000000000004
98,162,0.13333333333333333
98,163,0.066666666666666666
98,164,0.20000000000000004
98,165,0.20000000000000004
98,166,0.13333333333333333
98,169,0.066666666666666666
98,170,0.066666666666666666
98,171,0.066666666666666666
98,180,0.066666666666666666
98,181,0.066666666666666666
98,182,0.066666666666666666
99,1,0.066666666666666666
99,2,0.26666666666666666
99,3,0.40000000000000008
99,4,0.39999999999999997
99,5,0.20000000000000004
99,6,0.13333333333333333
99,7,0.13333333333333333
99,8,0.20000000000000004
99,9,0.20000000000000004
99,10,0.20000000000000004
99,11,0.40000000000000008
99,12,0.53333333333333333
99,13,0.53333333333333333
99,14,0.59999999999999998
99,15,0.66666666666666663
99,16,0.8666666666666667
99,17,0.59999999999999998
99,18,0.46666666666666662
99,19,0.20000000000000004
99,20,0.20000000000000004
99,21,0.26666666666666666
99,22,0.26666666666666666
99,23,0.26666666666666666
99,24,0.066666666666666666
99,25,0.066666666666666666
99,26,0.19999999999999998
99,27,0.53333333333333333
99,28,0.73333333333333339
99,29,0.73333333333333339
99,30,0.46666666666666662
99,31,0.40000000000000008
99,32,0.26666666666666666
99,33,0.33333333333333331
99,34,0.40000000000000008
99,35,0.59999999999999998
99,36,0.59999999999999998
99,37,0.40000000000000008
99,38,0.26666666666666666
99,39,0.26666666666666666
99,40,0.40000000000000008
99,41,0.33333333333333331
99,42,0.33333333333333331
99,43,0.40000000000000008
99,44,0.33333333333333331
99,45,0.26666666666666666
99,46,0.33333333333333331
99,47,0.33333333333333331
99,48,0.26666666666666666
99,50,0.066666666666666666
99,51,0.066666666666666666
99,52,0.20000000000000004
99,53,0.20000000000000004
99,54,0.26666666666666666
99,55,0.20000000000000004
99,56,0.13333333333333333
99,57,0.066666666666666666
99,59,0.066666666666666666
99,60,0.066666666666666666
99,61,0.066666666666666666
99,63,0.19999999999999998
99,64,0.19999999999999998
99,65,0.26666666666666666
99,66,0.13333333333333333
99,67,0.26666666666666666
99,68,0.20000000000000004
99,69,0.13333333333333333
99,81,0.13333333333333333
99,82,0.20000000000000004
99,83,0.20000000000000004
99,84,0.066666666666666666
99,85,0.13333333333333333
99,86,0.20000000000000004
99,87,0.26666666666666666
99,88,0.20000000000000004
99,89,0.13333333333333333
99,90,0.26666666666666666
99,91,0.19999999999999998
99,92,0.19999999999999998
99,97,0.13333333333333333
99,98,0.20000000000000004
99,99,0.20000000000000004
99,100,0.20000000000000004
99,101,0.20000000000000004
99,102,0.33333333333333331
99,103,0.26666666666666666
99,104,0.20000000000000004
99,105,0.066666666666666666
99,106,0.066666666666666666
99,107,0.066666666666666666
99,108,0.13333333333333333
99,109,0.066666666666666666
99,110,0.20000000000000004
99,111,0.13333333333333333
99,112,0.13333333333333333
99,114,0.13333333333333333
99,115,0.26666666666666666
99,116,0.26666666666666666
99,117,0.20000000000000004
99,118,0.20000000000000004
99,119,0.20000000000000004
99,120,0.20000000000000004
99,121,0.13333333333333333
99,122,0.13333333333333333
99,123,0.066666666666666666
99,124,0.13333333333333333
99,125,0.13333333333333333
99,126,0.20000000000000004
99,127,0.13333333333333333
99,128,0.20000000000000004
99,129,0.20000000000000004
99,130,0.26666666666666666
99,131,0.46666666666666673
99,132,0.46666666666666673
99,133,0.39999999999999997
99,134,0.20000000000000004
99,135,0.26666666666666666
99,136,0.33333333333333331
99,137,0.40000000000000008
99,138,0.26666666666666666
99,139,0.20000000000000004
99,140,0.066666666666666666
99,141,0.13333333333333333
99,142,0.33333333333333331
99,143,0.46666666666666662
99,144,0.73333333333333339
99,145,0.73333333333333339
99,146,0.59999999999999998
99,147,0.53333333333333333
99,148,0.40000000000000008
99,149,0.66666666666666663
99,150,0.73333333333333339
99,151,0.73333333333333339
99,152,0.53333333333333333
99,153,0.33333333333333331
99,154,0.20000000000000004
99,155,0.26666666666666666
99,156,0.26666666666666666
99,157,0.40000000000000008
99,158,0.46666666666666662
99,159,0.46666666666666662
99,160,0.53333333333333333
99,161,0.39999999999999997
99,162,0.26666666666666666
99,163,0.13333333333333333
99,164,0.26666666666666666
99,165,0.33333333333333331
99,166,0.26666666666666666
99,167,0.13333333333333333
99,168,0.13333333333333333
99,169,0.26666666666666666
99,170,0.26666666666666666
99,171,0.26666666666666666
99,172,0.20000000000000004
99,173,0.20000000000000004
99,174,0.20000000000000004
99,175,0.13333333333333333
99,176,0.066666666666666666
99,179,0.066666666666666666
99,180,0.20000000000000004
99,181,0.33333333333333331
99,182,0.26666666666666666
99,183,0.13333333333333333
99,184,0.066666666666666666
99,185,0.066666666666666666
99,186,0.13333333333333333
99,187,0.066666666666666666
99,188,0.066666666666666666
100,0,0.10000000000000001
100,1,0.13333333333333333
100,2,0.066666666666666666
100,3,0.066666666666666666
100,5,0.066666666666666666
100,6,0.066666666666666666
100,7,0.26666666666666666
100,8,0.19999999999999998
100,9,0.39999999999999997
100,10,0.39999999999999997
100,11,0.53333333333333333
100,12,0.66666666666666663
100,13,0.53333333333333333
100,14,0.53333333333333333
100,15,0.40000000000000008
100,16,0.39999999999999997
100,17,0.40000000000000008
100,18,0.40000000000000008
100,19,0.53333333333333333
100,20,0.39999999999999997
100,21,0.39999999999999997
100,22,0.26666666666666666
100,23,0.59999999999999998
100,24,0.73333333333333339
100,25,1.0666666666666667
100,26,2.2000000000000002
100,27,2.9333333333333336
100,28,3.8000000000000003
100,29,3
100,30,2.8000000000000003
100,31,2.1333333333333333
100,32,1.8
100,33,1.3999999999999997
100,34,1
100,35,1
100,36,0.73333333333333339
100,37,0.73333333333333339
100,38,0.66666666666666663
100,39,0.53333333333333333
100,40,0.53333333333333333
100,41,0.26666666666666666
100,42,0.26666666666666666
100,43,0.20000000000000004
100,44,0.33333333333333331
100,45,0.33333333333333331
100,46,0.26666666666666666
100,47,0.13333333333333333
100,48,0.13333333333333333
100,49,0.066666666666666666
100,50,0.13333333333333333
100,51,0.066666666666666666
100,52,0.20000000000000004
100,53,0.13333333333333333
100,54,0.13333333333333333
100,60,0.066666666666666666
100,61,0.066666666666666666
100,62,0.20000000000000004
100,63,0.26666666666666666
100,64,0.26666666666666666
100,65,0.26666666666666666
100,66,0.20000000000000004
100,67,0.26666666666666666
100,68,0.13333333333333333
100,69,0.066666666666666666
100,70,0.19999999999999998
100,71,0.19999999999999998
100,72,0.19999999999999998
100,73,0.13333333333333333
100,74,0.13333333333333333
100,75,0.20000000000000004
100,76,0.066666666666666666
100,77,0.13333333333333333
100,78,0.066666666666666666
100,79,0.066666666666666666
100,80,0.066666666666666666
100,81,0.066666666666666666
100,82,0.066666666666666666
100,86,0.066666666666666666
100,87,0.13333333333333333
100,88,0.26666666666666666
100,89,0.20000000000000004
100,90,0.20000000000000004
100,91,0.066666666666666666
100,92,0.066666666666666666
100,95,0.066666666666666666
100,96,0.066666666666666666
100,97,0.066666666666666666
100,98,0.066666666666666666
100,99,0.066666666666666666
100,100,0.066666666666666666
100,101,0.066666666666666666
100,102,0.13333333333333333
100,103,0.13333333333333333
100,104,0.13333333333333333
100,105,0.066666666666666666
100,106,0.066666666666666666
100,112,0.066666666666666666
100,113,0.066666666666666666
100,114,0.066666666666666666
100,115,0.13333333333333333
100,116,0.13333333333333333
100,117,0.13333333333333333
100,118,0.13333333333333333
100,119,0.20000000000000004
100,120,0.26666666666666666
100,121,0.26666666666666666
100,122,0.20000000000000004
100,123,0.20000000000000004
100,124,0.066666666666666666
100,125,0.066666666666666666
100,128,0.066666666666666666
100,129,0.066666666666666666
100,130,0.066666666666666666
100,131,0.19999999999999998
100,132,0.33333333333333331
100,133,0.39999999999999997
100,134,0.26666666666666666
100,135,0.26666666666666666
100,136,0.33333333333333331
100,137,0.33333333333333331
100,138,0.26666666666666666
100,139,0.20000000000000004
100,140,0.26666666666666666
100,141,0.26666666666666666
100,142,0.33333333333333331
100,143,0.33333333333333331
100,144,0.59999999999999998
100,145,0.59999999999999998
100,146,0.73333333333333339
100,147,0.40000000000000008
100,148,0.66666666666666663
100,149,0.66666666666666663
100,150,0.93333333333333324
100,151,1
100,152,0.8666666666666667
100,153,0.73333333333333328
100,154,0.46666666666666662
100,155,0.33333333333333331
100,156,0.53333333333333333
100,157,0.39999999999999997
100,158,0.59999999999999998
100,159,0.53333333333333333
100,160,0.66666666666666663
100,161,0.73333333333333339
100,162,0.46666666666666662
100,163,0.53333333333333333
100,164,0.53333333333333333
100,165,0.59999999999999998
100,166,0.39999999999999997
100,167,0.20000000000000004
100,168,0.20000000000000004
100,169,0.33333333333333331
100,170,0.26666666666666666
100,171,0.46666666666666662
100,172,0.26666666666666666
100,173,0.33333333333333331
100,174,0.13333333333333333
100,175,0.20000000000000004
100,176,0.20000000000000004
100,177,0.13333333333333333
100,178,0.13333333333333333
100,179,0.066666666666666666
100,180,0.13333333333333333
100,181,0.066666666666666666
100,182,0.13333333333333333
100,183,0.13333333333333333
100,184,0.13333333333333333
100,185,0.13333333333333333
100,186,0.066666666666666666
100,187,0.066666666666666666
100,188,0.066666666666666666
100,189,0.13333333333333333
100,190,0.20000000000000004
100,191,0.20000000000000001
101,0,0.10000000000000001
101,1,0.13333333333333333
101,2,0.066666666666666666
101,3,0.066666666666666666
101,5,0.066666666666666666
101,6,0.066666666666666666
101,7,0.13333333333333333
101,8,0.066666666666666666
101,9,0.13333333333333333
101,10,0.20000000000000004
101,11,0.20000000000000004
101,12,0.26666666666666666
101,13,0.20000000000000004
101,14,0.26666666666666666
101,15,0.33333333333333331
101,16,0.33333333333333331
101,17,0.33333333333333331
101,18,0.26666666666666666
101,19,0.26666666666666666
101,20,0.26666666666666666
101,21,0.26666666666666666
101,22,0.26666666666666666
101,23,0.40000000000000008
101,24,0.26666666666666666
101,25,0.53333333333333333
101,26,1.4000000000000001
101,27,2
101,28,2.6000000000000001
101,29,2.0666666666666664
101,30,2.2666666666666671
101,31,2
101,32,1.6666666666666667
101,33,1
101,34,0.39999999999999997
101,35,0.53333333333333333
101,36,0.59999999999999998
101,37,0.80000000000000016
101,38,0.59999999999999998
101,39,0.46666666666666673
101,40,0.33333333333333331
101,41,0.20000000000000004
101,42,0.13333333333333333
101,43,0.13333333333333333
101,44,0.20000000000000004
101,45,0.20000000000000004
101,46,0.066666666666666666
101,47,0.066666666666666666
101,48,0.066666666666666666
101,49,0.13333333333333333
101,50,0.066666666666666666
101,51,0.066666666666666666
101,52,0.13333333333333333
101,53,0.20000000000000004
101,54,0.20000000000000004
101,55,0.066666666666666666
101,57,0.066666666666666666
101,58,0.066666666666666666
101,59,0.066666666666666666
101,60,0.066666666666666666
101,61,0.066666666666666666
101,62,0.13333333333333333
101,63,0.20000000000000004
101,64,0.20000000000000004
101,65,0.13333333333333333
101,70,0.066666666666666666
101,71,0.066666666666666666
101,72,0.066666666666666666
101,73,0.066666666666666666
101,74,0.066666666666666666
101,75,0.066666666666666666
101,87,0.066666666666666666
101,88,0.066666666666666666
101,89,0.20000000000000004
101,90,0.13333333333333333
101,91,0.13333333333333333
101,98,0.066666666666666666
101,99,0.066666666666666666
101,100,0.066666666666666666
101,102,0.066666666666666666
101,103,0.066666666666666666
101,104,0.13333333333333333
101,105,0.066666666666666666
101,106,0.066666666666666666
101,112,0.066666666666666666
101,113,0.066666666666666666
101,114,0.066666666666666666
101,115,0.066666666666666666
101,116,0.066666666666666666
101,117,0.066666666666666666
101,118,0.066666666666666666
101,119,0.066666666666666666
101,120,0.066666666666666666
101,121,0.066666666666666666
101,122,0.066666666666666666
101,123,0.066666666666666666
101,126,0.066666666666666666
101,127,0.066666666666666666
101,128,0.13333333333333333
101,129,0.13333333333333333
101,130,0.13333333333333333
101,131,0.26666666666666666
101,132,0.33333333333333331
101,133,0.33333333333333331
101,134,0.26666666666666666
101,135,0.26666666666666666
101,136,0.40000000000000008
101,137,0.33333333333333331
101,138,0.20000000000000004
101,139,0.066666666666666666
101,140,0.13333333333333333
101,141,0.20000000000000004
101,142,0.26666666666666666
101,143,0.33333333333333331
101,144,0.53333333333333333
101,145,0.53333333333333333
101,146,0.53333333333333333
101,147,0.26666666666666666
101,148,0.39999999999999997
101,149,0.59999999999999998
101,150,0.79999999999999993
101,151,1
101,152,0.73333333333333328
101,153,0.59999999999999998
101,154,0.46666666666666673
101,155,0.33333333333333331
101,156,0.66666666666666663
101,157,0.46666666666666662
101,158,0.59999999999999998
101,159,0.40000000000000008
101,160,0.39999999999999997
101,161,0.40000000000000008
101,162,0.20000000000000004
101,163,0.26666666666666666
101,164,0.40000000000000008
101,165,0.46666666666666673
101,166,0.33333333333333331
101,167,0.13333333333333333
101,168,0.13333333333333333
101,169,0.26666666666666666
101,170,0.20000000000000004
101,171,0.26666666666666666
101,172,0.13333333333333333
101,173,0.13333333333333333
101,174,0.066666666666666666
101,175,0.13333333333333333
101,176,0.13333333333333333
101,177,0.066666666666666666
101,180,0.066666666666666666
101,181,0.066666666666666666
101,182,0.066666666666666666
101,184,0.066666666666666666
101,185,0.13333333333333333
101,186,0.13333333333333333
101,187,0.066666666666666666
101,190,0.066666666666666666
101,191,0.10000000000000001
102,1,0.066666666666666666
102,2,0.13333333333333333
102,3,0.13333333333333333
102,4,0.066666666666666666
102,5,0.066666666666666666
102,6,0.13333333333333333
102,7,0.13333333333333333
102,8,0.066666666666666666
102,9,0.066666666666666666
102,10,0.13333333333333333
102,11,0.13333333333333333
102,12,0.13333333333333333
102,13,0.066666666666666666
102,14,0.13333333333333333
102,15,0.26666666666666666
102,16,0.40000000000000008
102,17,0.46666666666666662
102,18,0.40000000000000008
102,19,0.33333333333333331
102,20,0.26666666666666666
102,21,0.33333333333333331
102,22,0.33333333333333331
102,23,0.53333333333333333
102,24,0.53333333333333333
102,25,0.59999999999999998
102,26,1.2666666666666666
102,27,1.8666666666666665
102,28,2.5333333333333332
102,29,2.2666666666666666
102,30,2.2000000000000002
102,31,1.9333333333333336
102,32,1.6000000000000003
102,33,1.0666666666666667
102,34,0.66666666666666663
102,35,0.66666666666666663
102,36,0.66666666666666663
102,37,0.73333333333333339
102,38,0.66666666666666663
102,39,0.53333333333333333
102,40,0.46666666666666662
102,41,0.33333333333333331
102,42,0.26666666666666666
102,43,0.26666666666666666
102,44,0.13333333333333333
102,45,0.13333333333333333
102,47,0.066666666666666666
102,48,0.066666666666666666
102,49,0.066666666666666666
102,53,0.066666666666666666
102,54,0.066666666666666666
102,55,0.066666666666666666
102,57,0.066666666666666666
102,58,0.066666666666666666
102,59,0.066666666666666666
102,60,0.066666666666666666
102,61,0.066666666666666666
102,62,0.066666666666666666
102,63,0.066666666666666666
102,64,0.066666666666666666
102,65,0.13333333333333333
102,66,0.066666666666666666
102,67,0.13333333333333333
102,68,0.066666666666666666
102,69,0.066666666666666666
102,83,0.13333333333333333
102,84,0.13333333333333333
102,85,0.20000000000000004
102,86,0.066666666666666666
102,87,0.13333333333333333
102,88,0.066666666666666666
102,89,0.20000000000000004
102,90,0.13333333333333333
102,91,0.13333333333333333
102,92,0.066666666666666666
102,93,0.066666666666666666
102,94,0.13333333333333333
102,95,0.066666666666666666
102,96,0.066666666666666666
102,112,0.066666666666666666
102,113,0.066666666666666666
102,114,0.066666666666666666
102,115,0.066666666666666666
102,116,0.066666666666666666
102,117,0.13333333333333333
102,118,0.13333333333333333
102,119,0.20000000000000004
102,120,0.13333333333333333
102,121,0.066666666666666666
102,122,0.066666666666666666
102,123,0.066666666666666666
102,124,0.13333333333333333
102,125,0.066666666666666666
102,126,0.13333333333333333
102,127,0.066666666666666666
102,128,0.13333333333333333
102,129,0.20000000000000004
102,130,0.26666666666666666
102,131,0.26666666666666666
102,132,0.26666666666666666
102,133,0.20000000000000004
102,134,0.13333333333333333
102,135,0.13333333333333333
102,136,0.40000000000000008
102,137,0.60000000000000009
102,138,0.46666666666666662
102,139,0.26666666666666666
102,140,0.26666666666666666
102,141,0.33333333333333331
102,142,0.33333333333333331
102,143,0.40000000000000008
102,144,0.59999999999999998
102,145,0.59999999999999998
102,146,0.59999999999999998
102,147,0.39999999999999997
102,148,0.53333333333333333
102,149,0.66666666666666663
102,150,0.93333333333333324
102,151,1.0666666666666667
102,152,0.73333333333333339
102,153,0.46666666666666662
102,154,0.40000000000000008
102,155,0.39999999999999997
102,156,0.53333333333333333
102,157,0.46666666666666662
102,158,0.59999999999999998
102,159,0.59999999999999998
102,160,0.46666666666666662
102,161,0.33333333333333331
102,162,0.13333333333333333
102,163,0.20000000000000004
102,164,0.26666666666666666
102,165,0.40000000000000008
102,166,0.26666666666666666
102,167,0.26666666666666666
102,168,0.26666666666666666
102,169,0.33333333333333331
102,170,0.26666666666666666
102,171,0.20000000000000004
102,172,0.13333333333333333
102,173,0.066666666666666666
102,174,0.13333333333333333
102,175,0.13333333333333333
102,176,0.13333333333333333
102,183,0.066666666666666666
102,184,0.13333333333333333
102,185,0.20000000000000004
102,186,0.13333333333333333
102,187,0.066666666666666666
103,1,0.066666666666666666
103,2,0.13333333333333333
103,3,0.13333333333333333
103,4,0.066666666666666666
103,5,0.066666666666666666
103,6,0.26666666666666666
103,7,0.26666666666666666
103,8,0.33333333333333331
103,9,0.20000000000000004
103,10,0.26666666666666666
103,11,0.26666666666666666
103,12,0.20000000000000004
103,13,0.20000000000000004
103,14,0.26666666666666666
103,15,0.33333333333333331
103,16,0.46666666666666662
103,17,0.46666666666666662
103,18,0.53333333333333333
103,19,0.33333333333333331
103,20,0.26666666666666666
103,21,0.40000000000000008
103,22,0.46666666666666673
103,23,0.53333333333333333
103,24,0.66666666666666663
103,25,0.79999999999999993
103,26,1.0666666666666667
103,27,1.5999999999999999
103,28,2.1333333333333333
103,29,2.3333333333333335
103,30,2.1999999999999997
103,31,1.8
103,32,1.3333333333333333
103,33,0.66666666666666663
103,34,0.59999999999999998
103,35,0.73333333333333339
103,36,0.93333333333333324
103,37,0.93333333333333324
103,38,0.8666666666666667
103,39,0.80000000000000016
103,40,0.73333333333333339
103,41,0.66666666666666663
103,42,0.46666666666666662
103,43,0.33333333333333331
103,44,0.13333333333333333
103,45,0.13333333333333333
103,46,0.066666666666666666
103,47,0.066666666666666666
103,48,0.066666666666666666
103,49,0.066666666666666666
103,50,0.066666666666666666
103,52,0.066666666666666666
103,53,0.13333333333333333
103,54,0.20000000000000004
103,55,0.13333333333333333
103,56,0.066666666666666666
103,57,0.066666666666666666
103,58,0.066666666666666666
103,59,0.066666666666666666
103,62,0.066666666666666666
103,63,0.13333333333333333
103,64,0.13333333333333333
103,65,0.13333333333333333
103,66,0.066666666666666666
103,67,0.13333333333333333
103,68,0.13333333333333333
103,69,0.13333333333333333
103,70,0.066666666666666666
103,81,0.066666666666666666
103,82,0.066666666666666666
103,83,0.20000000000000004
103,84,0.26666666666666666
103,85,0.33333333333333331
103,86,0.20000000000000004
103,87,0.066666666666666666
103,89,0.13333333333333333
103,90,0.13333333333333333
103,91,0.20000000000000004
103,92,0.13333333333333333
103,93,0.20000000000000004
103,94,0.26666666666666666
103,95,0.20000000000000004
103,96,0.13333333333333333
103,106,0.066666666666666666
103,107,0.066666666666666666
103,108,0.066666666666666666
103,109,0.066666666666666666
103,110,0.066666666666666666
103,111,0.066666666666666666
103,112,0.066666666666666666
103,113,0.066666666666666666
103,114,0.066666666666666666
103,117,0.13333333333333333
103,118,0.20000000000000004
103,119,0.26666666666666666
103,120,0.20000000000000004
103,121,0.20000000000000004
103,122,0.20000000000000004
103,123,0.20000000000000004
103,124,0.20000000000000004
103,125,0.20000000000000004
103,126,0.20000000000000004
103,127,0.13333333333333333
103,128,0.13333333333333333
103,129,0.20000000000000004
103,130,0.26666666666666666
103,131,0.20000000000000004
103,132,0.13333333333333333
103,133,0.20000000000000004
103,134,0.26666666666666666
103,135,0.26666666666666666
103,136,0.40000000000000008
103,137,0.46666666666666662
103,138,0.40000000000000008
103,139,0.20000000000000004
103,140,0.33333333333333331
103,141,0.39999999999999997
103,142,0.39999999999999997
103,143,0.46666666666666662
103,144,0.66666666666666663
103,145,0.66666666666666663
103,146,0.59999999999999998
103,147,0.39999999999999997
103,148,0.53333333333333333
103,149,0.73333333333333339
103,150,1
103,151,1.0666666666666667
103,152,0.73333333333333339
103,153,0.53333333333333333
103,154,0.33333333333333331
103,155,0.33333333333333331
103,156,0.53333333333333333
103,157,0.66666666666666663
103,158,0.8666666666666667
103,159,0.73333333333333339
103,160,0.66666666666666663
103,161,0.39999999999999997
103,162,0.33333333333333331
103,163,0.40000000000000008
103,164,0.39999999999999997
103,165,0.46666666666666662
103,166,0.40000000000000008
103,167,0.59999999999999998
103,168,0.60000000000000009
103,169,0.53333333333333333
103,170,0.33333333333333331
103,171,0.20000000000000004
103,172,0.20000000000000004
103,173,0.13333333333333333
103,174,0.20000000000000004
103,175,0.20000000000000004
103,176,0.26666666666666666
103,177,0.13333333333333333
103,178,0.066666666666666666
103,181,0.066666666666666666
103,182,0.066666666666666666
103,183,0.13333333333333333
103,184,0.066666666666666666
103,185,0.20000000000000004
103,186,0.13333333333333333
103,187,0.13333333333333333
103,188,0.066666666666666666
103,189,0.066666666666666666
103,190,0.13333333333333333
103,191,0.10000000000000001
104,0,0.20000000000000001
104,1,0.26666666666666666
104,2,0.20000000000000004
104,3,0.13333333333333333
104,5,0.066666666666666666
104,6,0.20000000000000004
104,7,0.20000000000000004
104,8,0.20000000000000004
104,9,0.26666666666666666
104,10,0.40000000000000008
104,11,0.33333333333333331
104,12,0.20000000000000004
104,13,0.066666666666666666
104,14,0.13333333333333333
104,15,0.26666666666666666
104,16,0.46666666666666662
104,17,0.53333333333333333
104,18,0.53333333333333333
104,19,0.59999999999999998
104,20,0.59999999999999998
104,21,0.73333333333333339
104,22,0.53333333333333333
104,23,0.39999999999999997
104,24,0.13333333333333333
104,25,0.20000000000000004
104,26,0.26666666666666666
104,27,0.20000000000000004
104,28,0.13333333333333333
104,29,0.26666666666666666
104,30,0.46666666666666662
104,31,0.53333333333333333
104,32,0.46666666666666662
104,33,0.46666666666666662
104,34,0.53333333333333333
104,35,0.39999999999999997
104,36,0.33333333333333331
104,37,0.20000000000000004
104,38,0.26666666666666666
104,39,0.40000000000000008
104,40,0.53333333333333333
104,41,0.59999999999999998
104,42,0.39999999999999997
104,43,0.33333333333333331
104,44,0.20000000000000004
104,45,0.20000000000000004
104,46,0.066666666666666666
104,47,0.066666666666666666
104,48,0.066666666666666666
104,49,0.13333333333333333
104,50,0.13333333333333333
104,51,0.13333333333333333
104,52,0.20000000000000004
104,53,0.40000000000000008
104,54,0.46666666666666662
104,55,0.33333333333333331
104,56,0.20000000000000004
104,57,0.13333333333333333
104,58,0.20000000000000004
104,59,0.13333333333333333
104,60,0.13333333333333333
104,61,0.13333333333333333
104,62,0.13333333333333333
104,63,0.13333333333333333
104,64,0.066666666666666666
104,65,0.066666666666666666
104,68,0.066666666666666666
104,69,0.066666666666666666
104,70,0.13333333333333333
104,71,0.13333333333333333
104,72,0.13333333333333333
104,73,0.066666666666666666
104,74,0.066666666666666666
104,75,0.066666666666666666
104,76,0.066666666666666666
104,79,0.066666666666666666
104,80,0.20000000000000004
104,81,0.20000000000000004
104,82,0.13333333333333333
104,83,0.066666666666666666
104,84,0.066666666666666666
104,85,0.066666666666666666
104,89,0.13333333333333333
104,90,0.13333333333333333
104,91,0.20000000000000004
104,92,0.13333333333333333
104,93,0.13333333333333333
104,94,0.066666666666666666
104,98,0.066666666666666666
104,99,0.066666666666666666
104,100,0.066666666666666666
104,102,0.066666666666666666
104,103,0.066666666666666666
104,104,0.13333333333333333
104,105,0.066666666666666666
104,106,0.066666666666666666
104,108,0.066666666666666666
104,109,0.066666666666666666
104,110,0.066666666666666666
104,113,0.066666666666666666
104,114,0.13333333333333333
104,115,0.13333333333333333
104,116,0.066666666666666666
104,117,0.13333333333333333
104,118,0.26666666666666666
104,119,0.46666666666666662
104,120,0.33333333333333331
104,121,0.33333333333333331
104,122,0.13333333333333333
104,123,0.20000000000000004
104,124,0.13333333333333333
104,125,0.26666666666666666
104,126,0.26666666666666666
104,127,0.26666666666666666
104,128,0.20000000000000004
104,129,0.33333333333333331
104,130,0.40000000000000008
104,131,0.39999999999999997
104,132,0.59999999999999998
104,133,0.53333333333333333
104,134,0.53333333333333333
104,135,0.46666666666666662
104,136,0.59999999999999998
104,137,0.59999999999999998
104,138,0.26666666666666666
104,139,0.066666666666666666
104,140,0.13333333333333333
104,141,0.20000000000000004
104,142,0.20000000000000004
104,143,0.20000000000000004
104,144,0.26666666666666666
104,145,0.33333333333333331
104,146,0.26666666666666666
104,147,0.13333333333333333
104,148,0.20000000000000004
104,149,0.26666666666666666
104,150,0.46666666666666662
104,151,0.33333333333333331
104,152,0.26666666666666666
104,153,0.20000000000000004
104,154,0.33333333333333331
104,155,0.73333333333333339
104,156,0.73333333333333328
104,157,0.66666666666666663
104,158,0.40000000000000008
104,159,0.46666666666666662
104,160,0.53333333333333333
104,161,0.39999999999999997
104,162,0.33333333333333331
104,163,0.46666666666666673
104,164,0.60000000000000009
104,165,0.53333333333333333
104,166,0.46666666666666662
104,167,0.33333333333333331
104,168,0.40000000000000008
104,169,0.40000000000000008
104,170,0.46666666666666662
104,171,0.59999999999999998
104,172,0.40000000000000008
104,173,0.40000000000000008
104,174,0.20000000000000004
104,175,0.26666666666666666
104,176,0.26666666666666666
104,177,0.20000000000000004
104,178,0.13333333333333333
104,180,0.19999999999999998
104,181,0.26666666666666666
104,182,0.26666666666666666
104,183,0.066666666666666666
104,185,0.066666666666666666
104,186,0.20000000000000004
104,187,0.26666666666666666
104,188,0.26666666666666666
104,189,0.13333333333333333
104,190,0.066666666666666666
105,0,0.20000000000000001
105,1,0.20000000000000004
105,2,0.13333333333333333
105,3,0.066666666666666666
105,5,0.066666666666666666
105,6,0.13333333333333333
105,7,0.13333333333333333
105,8,0.066666666666666666
105,9,0.19999999999999998
105,10,0.26666666666666666
105,11,0.26666666666666666
105,12,0.13333333333333333
105,13,0.066666666666666666
105,14,0.066666666666666666
105,15,0.19999999999999998
105,16,0.33333333333333331
105,17,0.46666666666666662
105,18,0.26666666666666666
105,19,0.26666666666666666
105,20,0.13333333333333333
105,21,0.40000000000000008
105,22,0.40000000000000008
105,23,0.40000000000000008
105,24,0.13333333333333333
105,25,0.066666666666666666
105,26,0.13333333333333333
105,27,0.13333333333333333
105,28,0.20000000000000004
105,29,0.26666666666666666
105,30,0.46666666666666662
105,31,0.53333333333333333
105,32,0.46666666666666662
105,33,0.26666666666666666
105,34,0.20000000000000004
105,35,0.13333333333333333
105,36,0.26666666666666666
105,37,0.20000000000000004
105,38,0.20000000000000004
105,39,0.066666666666666666
105,40,0.066666666666666666
105,41,0.13333333333333333
105,42,0.20000000000000004
105,43,0.20000000000000004
105,44,0.13333333333333333
105,45,0.066666666666666666
105,48,0.066666666666666666
105,49,0.13333333333333333
105,50,0.13333333333333333
105,51,0.066666666666666666
105,52,0.066666666666666666
105,53,0.13333333333333333
105,54,0.26666666666666666
105,55,0.20000000000000004
105,56,0.13333333333333333
105,63,0.066666666666666666
105,64,0.066666666666666666
105,65,0.066666666666666666
105,70,0.066666666666666666
105,71,0.066666666666666666
105,72,0.066666666666666666
105,78,0.066666666666666666
105,79,0.066666666666666666
105,80,0.066666666666666666
105,83,0.066666666666666666
105,84,0.066666666666666666
105,85,0.066666666666666666
105,104,0.066666666666666666
105,105,0.066666666666666666
105,106,0.066666666666666666
105,117,0.13333333333333333
105,118,0.20000000000000004
105,119,0.20000000000000004
105,120,0.066666666666666666
105,121,0.066666666666666666
105,122,0.066666666666666666
105,123,0.066666666666666666
105,124,0.066666666666666666
105,125,0.066666666666666666
105,126,0.066666666666666666
105,127,0.066666666666666666
105,128,0.066666666666666666
105,129,0.13333333333333333
105,130,0.066666666666666666
105,131,0.066666666666666666
105,132,0.066666666666666666
105,133,0.066666666666666666
105,134,0.066666666666666666
105,135,0.19999999999999998
105,136,0.26666666666666666
105,137,0.33333333333333331
105,138,0.13333333333333333
105,139,0.066666666666666666
105,140,0.13333333333333333
105,141,0.13333333333333333
105,142,0.13333333333333333
105,143,0.066666666666666666
105,144,0.20000000000000004
105,145,0.26666666666666666
105,146,0.20000000000000004
105,147,0.066666666666666666
105,148,0.066666666666666666
105,149,0.20000000000000004
105,150,0.40000000000000008
105,151,0.33333333333333331
105,152,0.26666666666666666
105,153,0.066666666666666666
105,154,0.13333333333333333
105,155,0.39999999999999997
105,156,0.46666666666666662
105,157,0.46666666666666662
105,158,0.33333333333333331
105,159,0.40000000000000008
105,160,0.39999999999999997
105,161,0.20000000000000004
105,162,0.20000000000000004
105,163,0.20000000000000004
105,164,0.20000000000000004
105,165,0.13333333333333333
105,166,0.066666666666666666
105,167,0.26666666666666666
105,168,0.19999999999999998
105,169,0.19999999999999998
105,171,0.066666666666666666
105,172,0.13333333333333333
105,173,0.20000000000000004
105,174,0.13333333333333333
105,175,0.13333333333333333
105,176,0.13333333333333333
105,177,0.13333333333333333
105,178,0.066666666666666666
105,180,0.066666666666666666
105,181,0.13333333333333333
105,182,0.13333333333333333
105,183,0.066666666666666666
105,185,0.066666666666666666
105,186,0.13333333333333333
105,187,0.20000000000000004
105,188,0.20000000000000004
105,189,0.13333333333333333
105,190,0.066666666666666666
106,15,0.066666666666666666
106,16,0.13333333333333333
106,17,0.13333333333333333
106,18,0.066666666666666666
106,20,0.13333333333333333
106,21,0.20000000000000004
106,22,0.20000000000000004
106,23,0.066666666666666666
106,28,0.066666666666666666
106,29,0.13333333333333333
106,30,0.26666666666666666
106,31,0.26666666666666666
106,32,0.20000000000000004
106,33,0.066666666666666666
106,34,0.066666666666666666
106,35,0.066666666666666666
106,36,0.13333333333333333
106,37,0.066666666666666666
106,38,0.066666666666666666
106,41,0.066666666666666666
106,42,0.066666666666666666
106,43,0.066666666666666666
106,49,0.066666666666666666
106,50,0.066666666666666666
106,51,0.066666666666666666
106,54,0.066666666666666666
106,55,0.066666666666666666
106,56,0.066666666666666666
106,60,0.066666666666666666
106,61,0.066666666666666666
106,62,0.066666666666666666
106,71,0.066666666666666666
106,72,0.066666666666666666
106,73,0.066666666666666666
106,78,0.066666666666666666
106,79,0.066666666666666666
106,80,0.066666666666666666
106,85,0.066666666666666666
106,86,0.066666666666666666
106,87,0.066666666666666666
106,117,0.13333333333333333
106,118,0.13333333333333333
106,119,0.13333333333333333
106,129,0.066666666666666666
106,130,0.066666666666666666
106,131,0.066666666666666666
106,140,0.066666666666666666
106,141,0.066666666666666666
106,142,0.066666666666666666
106,144,0.066666666666666666
106,145,0.13333333333333333
106,146,0.13333333333333333
106,147,0.066666666666666666
106,149,0.13333333333333333
106,150,0.20000000000000004
106,151,0.20000000000000004
106,152,0.066666666666666666
106,153,0.066666666666666666
106,154,0.066666666666666666
106,155,0.066666666666666666
106,158,0.066666666666666666
106,159,0.066666666666666666
106,160,0.066666666666666666
106,165,0.066666666666666666
106,166,0.066666666666666666
106,167,0.20000000000000004
106,168,0.20000000000000004
106,169,0.20000000000000004
106,170,0.066666666666666666
106,171,0.066666666666666666
106,172,0.066666666666666666
106,173,0.066666666666666666
106,185,0.066666666666666666
106,186,0.066666666666666666
106,187,0.13333333333333333
106,188,0.066666666666666666
106,189,0.066666666666666666
107,6,0.066666666666666666
107,7,0.066666666666666666
107,8,0.066666666666666666
107,15,0.066666666666666666
107,16,0.066666666666666666
107,17,0.066666666666666666
107,20,0.066666666666666666
107,21,0.13333333333333333
107,22,0.13333333333333333
107,23,0.066666666666666666
107,30,0.066666666666666666
107,31,0.066666666666666666
107,32,0.066666666666666666
107,34,0.066666666666666666
107,35,0.066666666666666666
107,36,0.066666666666666666
107,40,0.066666666666666666
107,41,0.066666666666666666
107,42,0.066666666666666666
107,44,0.066666666666666666
107,45,0.066666666666666666
107,46,0.066666666666666666
107,60,0.066666666666666666
107,61,0.13333333333333333
107,62,0.13333333333333333
107,63,0.066666666666666666
107,65,0.066666666666666666
107,66,0.066666666666666666
107,67,0.066666666666666666
107,71,0.066666666666666666
107,72,0.066666666666666666
107,73,0.066666666666666666
107,78,0.066666666666666666
107,79,0.066666666666666666
107,80,0.066666666666666666
107,83,0.066666666666666666
107,84,0.066666666666666666
107,85,0.13333333333333333
107,86,0.13333333333333333
107,87,0.13333333333333333
107,88,0.066666666666666666
107,89,0.066666666666666666
107,90,0.066666666666666666
107,91,0.066666666666666666
107,98,0.066666666666666666
107,99,0.066666666666666666
107,100,0.066666666666666666
107,126,0.066666666666666666
107,127,0.066666666666666666
107,128,0.066666666666666666
107,135,0.066666666666666666
107,136,0.066666666666666666
107,137,0.066666666666666666
107,140,0.13333333333333333
107,141,0.13333333333333333
107,142,0.13333333333333333
107,145,0.066666666666666666
107,146,0.066666666666666666
107,147,0.066666666666666666
107,150,0.066666666666666666
107,151,0.066666666666666666
107,152,0.066666666666666666
107,153,0.066666666666666666
107,154,0.066666666666666666
107,155,0.066666666666666666
107,158,0.066666666666666666
107,159,0.066666666666666666
107,160,0.066666666666666666
107,167,0.066666666666666666
107,168,0.20000000000000004
107,169,0.26666666666666666
107,170,0.20000000000000004
107,171,0.066666666666666666
108,8,0.066666666666666666
108,9,0.066666666666666666
108,10,0.066666666666666666
108,21,0.066666666666666666
108,22,0.066666666666666666
108,23,0.066666666666666666
108,25,0.066666666666666666
108,26,0.066666666666666666
108,27,0.066666666666666666
108,32,0.13333333333333333
108,33,0.13333333333333333
108,34,0.13333333333333333
108,35,0.066666666666666666
108,36,0.066666666666666666
108,37,0.066666666666666666
108,42,0.066666666666666666
108,43,0.066666666666666666
108,44,0.066666666666666666
108,57,0.066666666666666666
108,58,0.066666666666666666
108,59,0.066666666666666666
108,62,0.066666666666666666
108,63,0.13333333333333333
108,64,0.13333333333333333
108,65,0.066666666666666666
108,67,0.066666666666666666
108,68,0.066666666666666666
108,69,0.066666666666666666
108,79,0.066666666666666666
108,80,0.066666666666666666
108,81,0.13333333333333333
108,82,0.066666666666666666
108,83,0.13333333333333333
108,84,0.066666666666666666
108,85,0.066666666666666666
108,126,0.066666666666666666
108,127,0.066666666666666666
108,128,0.066666666666666666
108,131,0.066666666666666666
108,132,0.066666666666666666
108,133,0.066666666666666666
108,137,0.13333333333333333
108,138,0.13333333333333333
108,139,0.13333333333333333
108,141,0.13333333333333333
108,142,0.20000000000000004
108,143,0.26666666666666666
108,144,0.13333333333333333
108,145,0.066666666666666666
108,146,0.066666666666666666
108,147,0.066666666666666666
108,148,0.066666666666666666
108,152,0.066666666666666666
108,153,0.066666666666666666
108,154,0.066666666666666666
108,159,0.066666666666666666
108,160,0.066666666666666666
108,161,0.066666666666666666
108,164,0.066666666666666666
108,165,0.066666666666666666
108,166,0.13333333333333333
108,167,0.066666666666666666
108,168,0.066666666666666666
108,180,0.066666666666666666
108,181,0.066666666666666666
108,182,0.066666666666666666
109,0,0.10000000000000001
109,1,0.066666666666666666
109,8,0.066666666666666666
109,9,0.066666666666666666
109,10,0.066666666666666666
109,11,0.066666666666666666
109,12,0.066666666666666666
109,13,0.066666666666666666
109,21,0.13333333333333333
109,22,0.13333333333333333
109,23,0.13333333333333333
109,25,0.066666666666666666
109,26,0.066666666666666666
109,27,0.066666666666666666
109,29,0.19999999999999998
109,30,0.26666666666666666
109,31,0.33333333333333331
109,32,0.26666666666666666
109,33,0.20000000000000004
109,34,0.13333333333333333
109,42,0.066666666666666666
109,43,0.066666666666666666
109,44,0.13333333333333333
109,45,0.066666666666666666
109,46,0.066666666666666666
109,57,0.066666666666666666
109,58,0.066666666666666666
109,59,0.066666666666666666
109,79,0.066666666666666666
109,80,0.066666666666666666
109,81,0.066666666666666666
109,83,0.066666666666666666
109,84,0.066666666666666666
109,85,0.066666666666666666
109,119,0.066666666666666666
109,120,0.066666666666666666
109,121,0.13333333333333333
109,122,0.066666666666666666
109,123,0.066666666666666666
109,137,0.066666666666666666
109,138,0.066666666666666666
109,139,0.13333333333333333
109,140,0.13333333333333333
109,141,0.13333333333333333
109,142,0.066666666666666666
109,143,0.066666666666666666
109,144,0.20000000000000004
109,145,0.33333333333333331
109,146,0.53333333333333333
109,147,0.40000000000000008
109,148,0.26666666666666666
109,149,0.066666666666666666
109,150,0.20000000000000004
109,151,0.20000000000000004
109,152,0.13333333333333333
109,159,0.066666666666666666
109,160,0.066666666666666666
109,161,0.066666666666666666
109,175,0.066666666666666666
109,176,0.066666666666666666
109,177,0.066666666666666666
110,0,0.10000000000000001
110,1,0.066666666666666666
110,2,0.066666666666666666
110,3,0.13333333333333333
110,4,0.13333333333333333
110,5,0.066666666666666666
110,10,0.066666666666666666
110,11,0.13333333333333333
110,12,0.20000000000000004
110,13,0.13333333333333333
110,14,0.066666666666666666
110,17,0.066666666666666666
110,18,0.066666666666666666
110,19,0.20000000000000004
110,20,0.20000000000000004
110,21,0.40000000000000008
110,22,0.26666666666666666
110,23,0.19999999999999998
110,24,0.066666666666666666
110,25,0.13333333333333333
110,26,0.13333333333333333
110,27,0.13333333333333333
110,28,0.20000000000000004
110,29,0.33333333333333331
110,30,0.33333333333333331
110,31,0.20000000000000004
110,32,0.13333333333333333
110,33,0.13333333333333333
110,34,0.20000000000000004
110,35,0.13333333333333333
110,36,0.066666666666666666
110,37,0.066666666666666666
110,38,0.13333333333333333
110,39,0.13333333333333333
110,40,0.13333333333333333
110,41,0.066666666666666666
110,42,0.066666666666666666
110,43,0.13333333333333333
110,44,0.26666666666666666
110,45,0.26666666666666666
110,46,0.13333333333333333
110,47,0.066666666666666666
110,48,0.066666666666666666
110,49,0.066666666666666666
110,52,0.066666666666666666
110,53,0.066666666666666666
110,54,0.066666666666666666
110,61,0.066666666666666666
110,62,0.066666666666666666
110,63,0.13333333333333333
110,64,0.066666666666666666
110,65,0.066666666666666666
110,67,0.13333333333333333
110,68,0.13333333333333333
110,69,0.20000000000000004
110,70,0.066666666666666666
110,71,0.13333333333333333
110,72,0.066666666666666666
110,73,0.066666666666666666
110,78,0.066666666666666666
110,79,0.066666666666666666
110,80,0.066666666666666666
110,87,0.066666666666666666
110,88,0.13333333333333333
110,89,0.26666666666666666
110,90,0.20000000000000004
110,91,0.20000000000000004
110,92,0.066666666666666666
110,93,0.066666666666666666
110,119,0.066666666666666666
110,120,0.13333333333333333
110,121,0.20000000000000004
110,122,0.13333333333333333
110,123,0.066666666666666666
110,126,0.066666666666666666
110,127,0.13333333333333333
110,128,0.13333333333333333
110,129,0.066666666666666666
110,130,0.066666666666666666
110,131,0.13333333333333333
110,132,0.13333333333333333
110,133,0.066666666666666666
110,135,0.066666666666666666
110,136,0.066666666666666666
110,137,0.066666666666666666
110,139,0.066666666666666666
110,140,0.13333333333333333
110,141,0.20000000000000004
110,142,0.13333333333333333
110,143,0.13333333333333333
110,144,0.26666666666666666
110,145,0.46666666666666662
110,146,0.66666666666666663
110,147,0.46666666666666662
110,148,0.26666666666666666
110,149,0.13333333333333333
110,150,0.46666666666666662
110,151,0.53333333333333333
110,152,0.39999999999999997
110,153,0.13333333333333333
110,154,0.066666666666666666
110,155,0.20000000000000004
110,156,0.20000000000000004
110,157,0.20000000000000004
110,158,0.13333333333333333
110,159,0.066666666666666666
110,160,0.066666666666666666
110,162,0.13333333333333333
110,163,0.20000000000000004
110,164,0.20000000000000004
110,165,0.13333333333333333
110,166,0.13333333333333333
110,167,0.13333333333333333
110,168,0.066666666666666666
110,169,0.066666666666666666
110,170,0.066666666666666666
110,171,0.066666666666666666
110,172,0.066666666666666666
110,173,0.066666666666666666
110,174,0.066666666666666666
110,175,0.13333333333333333
110,176,0.13333333333333333
110,177,0.13333333333333333
111,0,0.20000000000000001
111,1,0.13333333333333333
111,2,0.13333333333333333
111,3,0.20000000000000004
111,4,0.20000000000000004
111,5,0.066666666666666666
111,9,0.066666666666666666
111,10,0.20000000000000004
111,11,0.26666666666666666
111,12,0.26666666666666666
111,13,0.20000000000000004
111,14,0.13333333333333333
111,15,0.066666666666666666
111,17,0.19999999999999998
111,18,0.33333333333333331
111,19,0.59999999999999998
111,20,0.53333333333333333
111,21,0.66666666666666663
111,22,0.60000000000000009
111,23,0.46666666666666662
111,24,0.33333333333333331
111,25,0.46666666666666662
111,26,0.73333333333333339
111,27,0.66666666666666663
111,28,0.8666666666666667
111,29,0.8666666666666667
111,30,0.93333333333333346
111,31,0.53333333333333333
111,32,0.40000000000000008
111,33,0.66666666666666663
111,34,1
111,35,1.2666666666666666
111,36,1.2666666666666666
111,37,1.0666666666666667
111,38,0.8666666666666667
111,39,0.46666666666666662
111,40,0.26666666666666666
111,41,0.46666666666666662
111,42,0.66666666666666663
111,43,0.73333333333333328
111,44,0.59999999999999998
111,45,0.40000000000000008
111,46,0.26666666666666666
111,47,0.13333333333333333
111,48,0.20000000000000004
111,49,0.33333333333333331
111,50,0.26666666666666666
111,51,0.20000000000000004
111,52,0.13333333333333333
111,53,0.066666666666666666
111,54,0.066666666666666666
111,57,0.13333333333333333
111,58,0.13333333333333333
111,59,0.13333333333333333
111,60,0.066666666666666666
111,61,0.13333333333333333
111,62,0.13333333333333333
111,63,0.13333333333333333
111,64,0.13333333333333333
111,65,0.20000000000000004
111,66,0.13333333333333333
111,67,0.20000000000000004
111,68,0.13333333333333333
111,69,0.20000000000000004
111,70,0.26666666666666666
111,71,0.33333333333333331
111,72,0.26666666666666666
111,73,0.066666666666666666
111,74,0.13333333333333333
111,75,0.13333333333333333
111,76,0.13333333333333333
111,84,0.066666666666666666
111,85,0.066666666666666666
111,86,0.20000000000000004
111,87,0.26666666666666666
111,88,0.33333333333333331
111,89,0.33333333333333331
111,90,0.20000000000000004
111,91,0.26666666666666666
111,92,0.20000000000000004
111,93,0.20000000000000004
111,94,0.066666666666666666
111,95,0.066666666666666666
111,96,0.13333333333333333
111,97,0.13333333333333333
111,98,0.066666666666666666
111,100,0.066666666666666666
111,101,0.13333333333333333
111,102,0.13333333333333333
111,103,0.066666666666666666
111,105,0.066666666666666666
111,106,0.13333333333333333
111,107,0.20000000000000004
111,108,0.13333333333333333
111,109,0.066666666666666666
111,111,0.066666666666666666
111,112,0.066666666666666666
111,113,0.066666666666666666
111,114,0.066666666666666666
111,115,0.066666666666666666
111,116,0.20000000000000004
111,117,0.13333333333333333
111,118,0.13333333333333333
111,119,0.066666666666666666
111,120,0.26666666666666666
111,121,0.59999999999999998
111,122,0.59999999999999998
111,123,0.46666666666666662
111,124,0.20000000000000004
111,125,0.13333333333333333
111,126,0.20000000000000004
111,127,0.20000000000000004
111,128,0.20000000000000004
111,129,0.066666666666666666
111,130,0.066666666666666666
111,131,0.33333333333333331
111,132,0.39999999999999997
111,133,0.33333333333333331
111,134,0.20000000000000004
111,135,0.26666666666666666
111,136,0.33333333333333331
111,137,0.26666666666666666
111,138,0.26666666666666666
111,139,0.26666666666666666
111,140,0.40000000000000008
111,141,0.40000000000000008
111,142,0.33333333333333331
111,143,0.33333333333333331
111,144,0.46666666666666662
111,145,0.73333333333333339
111,146,0.8666666666666667
111,147,0.73333333333333339
111,148,0.66666666666666663
111,149,0.59999999999999998
111,150,0.79999999999999993
111,151,0.79999999999999993
111,152,0.66666666666666663
111,153,0.66666666666666663
111,154,0.59999999999999998
111,155,0.66666666666666663
111,156,0.59999999999999998
111,157,0.66666666666666663
111,158,0.59999999999999998
111,159,0.33333333333333331
111,160,0.26666666666666666
111,161,0.40000000000000008
111,162,0.60000000000000009
111,163,0.59999999999999998
111,164,0.39999999999999997
111,165,0.40000000000000008
111,166,0.33333333333333331
111,167,0.46666666666666662
111,168,0.33333333333333331
111,169,0.53333333333333333
111,170,0.46666666666666662
111,171,0.46666666666666673
111,172,0.33333333333333331
111,173,0.20000000000000004
111,174,0.26666666666666666
111,175,0.40000000000000008
111,176,0.46666666666666673
111,177,0.33333333333333331
111,178,0.20000000000000004
111,179,0.33333333333333331
111,180,0.33333333333333331
111,181,0.19999999999999998
111,182,0.066666666666666666
111,183,0.066666666666666666
111,184,0.066666666666666666
111,185,0.13333333333333333
111,186,0.13333333333333333
111,187,0.20000000000000004
111,188,0.13333333333333333
111,189,0.13333333333333333
111,190,0.066666666666666666
112,0,0.10000000000000001
112,1,0.066666666666666666
112,11,0.066666666666666666
112,12,0.066666666666666666
112,13,0.066666666666666666
112,15,0.066666666666666666
112,16,0.20000000000000004
112,17,0.26666666666666666
112,18,0.33333333333333331
112,19,0.20000000000000004
112,20,0.13333333333333333
112,21,0.26666666666666666
112,22,0.33333333333333331
112,23,0.33333333333333331
112,24,0.13333333333333333
112,25,0.53333333333333333
112,26,0.59999999999999998
112,27,0.66666666666666663
112,28,0.40000000000000008
112,29,0.59999999999999998
112,30,0.59999999999999998
112,31,0.53333333333333333
112,32,0.26666666666666666
112,33,0.20000000000000004
112,34,0.066666666666666666
112,35,0.20000000000000004
112,36,0.26666666666666666
112,37,0.46666666666666662
112,38,0.33333333333333331
112,39,0.19999999999999998
112,41,0.066666666666666666
112,42,0.13333333333333333
112,43,0.33333333333333331
112,44,0.26666666666666666
112,45,0.19999999999999998
112,46,0.066666666666666666
112,47,0.13333333333333333
112,48,0.13333333333333333
112,49,0.13333333333333333
112,50,0.13333333333333333
112,51,0.26666666666666666
112,52,0.20000000000000004
112,53,0.13333333333333333
112,61,0.066666666666666666
112,62,0.13333333333333333
112,63,0.20000000000000004
112,64,0.13333333333333333
112,65,0.066666666666666666
112,72,0.066666666666666666
112,73,0.066666666666666666
112,74,0.066666666666666666
112,77,0.066666666666666666
112,78,0.066666666666666666
112,79,0.066666666666666666
112,83,0.066666666666666666
112,84,0.066666666666666666
112,85,0.13333333333333333
112,86,0.066666666666666666
112,87,0.066666666666666666
112,99,0.13333333333333333
112,100,0.13333333333333333
112,101,0.13333333333333333
112,104,0.066666666666666666
112,105,0.066666666666666666
112,106,0.066666666666666666
112,108,0.066666666666666666
112,109,0.066666666666666666
112,110,0.066666666666666666
112,112,0.066666666666666666
112,113,0.066666666666666666
112,114,0.066666666666666666
112,117,0.066666666666666666
112,118,0.13333333333333333
112,119,0.20000000000000004
112,120,0.20000000000000004
112,121,0.13333333333333333
112,122,0.066666666666666666
112,137,0.066666666666666666
112,138,0.066666666666666666
112,139,0.20000000000000004
112,140,0.20000000000000004
112,141,0.26666666666666666
112,142,0.20000000000000004
112,143,0.26666666666666666
112,144,0.40000000000000008
112,145,0.53333333333333333
112,146,0.46666666666666662
112,147,0.33333333333333331
112,148,0.20000000000000004
112,149,0.26666666666666666
112,150,0.33333333333333331
112,151,0.33333333333333331
112,152,0.33333333333333331
112,153,0.33333333333333331
112,154,0.26666666666666666
112,155,0.33333333333333331
112,156,0.26666666666666666
112,157,0.46666666666666662
112,158,0.33333333333333331
112,159,0.26666666666666666
112,160,0.066666666666666666
112,161,0.066666666666666666
112,162,0.13333333333333333
112,163,0.20000000000000004
112,164,0.20000000000000004
112,165,0.26666666666666666
112,166,0.26666666666666666
112,167,0.20000000000000004
112,168,0.066666666666666666
112,175,0.066666666666666666
112,176,0.066666666666666666
112,177,0.066666666666666666
112,178,0.066666666666666666
112,179,0.13333333333333333
112,180,0.13333333333333333
112,181,0.066666666666666666
112,189,0.13333333333333333
112,190,0.13333333333333333
112,191,0.20000000000000001
113,0,0.10000000000000001
113,1,0.066666666666666666
113,11,0.066666666666666666
113,12,0.066666666666666666
113,13,0.066666666666666666
113,15,0.066666666666666666
113,16,0.066666666666666666
113,17,0.13333333333333333
113,18,0.20000000000000004
113,19,0.20000000000000004
113,20,0.13333333333333333
113,21,0.26666666666666666
113,22,0.33333333333333331
113,23,0.46666666666666662
113,24,0.20000000000000004
113,25,0.46666666666666662
113,26,0.59999999999999998
113,27,1.2666666666666666
113,28,1.3999999999999997
113,29,1.5333333333333332
113,30,1.1333333333333331
113,31,0.79999999999999993
113,32,0.46666666666666673
113,33,0.26666666666666666
113,34,0.13333333333333333
113,35,0.26666666666666666
113,36,0.19999999999999998
113,37,0.39999999999999997
113,38,0.19999999999999998
113,39,0.26666666666666666
113,40,0.066666666666666666
113,41,0.13333333333333333
113,42,0.13333333333333333
113,43,0.26666666666666666
113,44,0.26666666666666666
113,45,0.20000000000000004
113,46,0.13333333333333333
113,47,0.13333333333333333
113,48,0.13333333333333333
113,49,0.13333333333333333
113,50,0.066666666666666666
113,51,0.13333333333333333
113,52,0.066666666666666666
113,53,0.066666666666666666
113,56,0.066666666666666666
113,57,0.066666666666666666
113,58,0.066666666666666666
113,61,0.066666666666666666
113,62,0.066666666666666666
113,63,0.13333333333333333
113,64,0.066666666666666666
113,65,0.066666666666666666
113,68,0.066666666666666666
113,69,0.066666666666666666
113,70,0.066666666666666666
113,72,0.066666666666666666
113,73,0.066666666666666666
113,74,0.066666666666666666
113,77,0.066666666666666666
113,78,0.066666666666666666
113,79,0.066666666666666666
113,99,0.13333333333333333
113,100,0.13333333333333333
113,101,0.13333333333333333
113,120,0.066666666666666666
113,121,0.066666666666666666
113,122,0.066666666666666666
113,137,0.066666666666666666
113,138,0.066666666666666666
113,139,0.20000000000000004
113,140,0.20000000000000004
113,141,0.33333333333333331
113,142,0.26666666666666666
113,143,0.26666666666666666
113,144,0.33333333333333331
113,145,0.53333333333333333
113,146,0.53333333333333333
113,147,0.33333333333333331
113,148,0.13333333333333333
113,149,0.26666666666666666
113,150,0.40000000000000008
113,151,0.46666666666666662
113,152,0.33333333333333331
113,153,0.33333333333333331
113,154,0.20000000000000004
113,155,0.33333333333333331
113,156,0.33333333333333331
113,157,0.53333333333333333
113,158,0.39999999999999997
113,159,0.26666666666666666
113,160,0.13333333333333333
113,161,0.066666666666666666
113,162,0.13333333333333333
113,163,0.13333333333333333
113,164,0.26666666666666666
113,165,0.33333333333333331
113,166,0.26666666666666666
113,167,0.13333333333333333
113,175,0.066666666666666666
113,176,0.066666666666666666
113,177,0.066666666666666666
113,178,0.066666666666666666
113,179,0.066666666666666666
113,180,0.066666666666666666
113,188,0.066666666666666666
113,189,0.066666666666666666
113,190,0.066666666666666666
114,11,0.066666666666666666
114,12,0.13333333333333333
114,13,0.13333333333333333
114,14,0.066666666666666666
114,21,0.19999999999999998
114,22,0.26666666666666666
114,23,0.40000000000000008
114,24,0.26666666666666666
114,25,0.46666666666666673
114,26,0.73333333333333339
114,27,1.3333333333333333
114,28,1.5333333333333332
114,29,1.5333333333333332
114,30,1.1333333333333331
114,31,0.73333333333333339
114,32,0.46666666666666662
114,33,0.26666666666666666
114,34,0.26666666666666666
114,35,0.33333333333333331
114,36,0.26666666666666666
114,37,0.46666666666666662
114,38,0.26666666666666666
114,39,0.33333333333333331
114,40,0.13333333333333333
114,41,0.26666666666666666
114,42,0.26666666666666666
114,43,0.20000000000000004
114,44,0.13333333333333333
114,45,0.066666666666666666
114,46,0.13333333333333333
114,47,0.066666666666666666
114,48,0.066666666666666666
114,51,0.13333333333333333
114,52,0.20000000000000004
114,53,0.20000000000000004
114,54,0.066666666666666666
114,55,0.066666666666666666
114,56,0.13333333333333333
114,57,0.13333333333333333
114,58,0.066666666666666666
114,76,0.066666666666666666
114,77,0.066666666666666666
114,78,0.066666666666666666
114,82,0.066666666666666666
114,83,0.066666666666666666
114,84,0.13333333333333333
114,85,0.066666666666666666
114,86,0.066666666666666666
114,91,0.066666666666666666
114,92,0.066666666666666666
114,93,0.066666666666666666
114,103,0.066666666666666666
114,104,0.13333333333333333
114,105,0.13333333333333333
114,106,0.066666666666666666
114,107,0.066666666666666666
114,108,0.066666666666666666
114,109,0.066666666666666666
114,115,0.066666666666666666
114,116,0.066666666666666666
114,117,0.066666666666666666
114,128,0.066666666666666666
114,129,0.13333333333333333
114,130,0.20000000000000004
114,131,0.20000000000000004
114,132,0.20000000000000004
114,133,0.13333333333333333
114,134,0.066666666666666666
114,137,0.066666666666666666
114,138,0.066666666666666666
114,139,0.20000000000000004
114,140,0.13333333333333333
114,141,0.20000000000000004
114,142,0.20000000000000004
114,143,0.20000000000000004
114,144,0.20000000000000004
114,145,0.26666666666666666
114,146,0.40000000000000008
114,147,0.33333333333333331
114,148,0.20000000000000004
114,149,0.13333333333333333
114,150,0.26666666666666666
114,151,0.33333333333333331
114,152,0.26666666666666666
114,153,0.26666666666666666
114,154,0.13333333333333333
114,155,0.40000000000000008
114,156,0.40000000000000008
114,157,0.53333333333333333
114,158,0.33333333333333331
114,159,0.20000000000000004
114,160,0.13333333333333333
114,161,0.066666666666666666
114,162,0.066666666666666666
114,163,0.066666666666666666
114,164,0.20000000000000004
114,165,0.26666666666666666
114,166,0.20000000000000004
114,167,0.066666666666666666
114,174,0.066666666666666666
114,175,0.066666666666666666
114,176,0.066666666666666666
114,183,0.066666666666666666
114,184,0.066666666666666666
114,185,0.066666666666666666
115,3,0.066666666666666666
115,4,0.13333333333333333
115,5,0.13333333333333333
115,6,0.066666666666666666
115,8,0.066666666666666666
115,9,0.066666666666666666
115,10,0.066666666666666666
115,11,0.26666666666666666
115,12,0.26666666666666666
115,13,0.40000000000000008
115,14,0.13333333333333333
115,15,0.13333333333333333
115,16,0.066666666666666666
115,17,0.066666666666666666
115,18,0.13333333333333333
115,19,0.13333333333333333
115,20,0.13333333333333333
115,21,0.26666666666666666
115,22,0.26666666666666666
115,23,0.40000000000000008
115,24,0.26666666666666666
115,25,0.40000000000000008
115,26,0.46666666666666662
115,27,0.79999999999999993
115,28,0.86666666666666659
115,29,1
115,30,1.0666666666666667
115,31,1.3333333333333333
115,32,1.1333333333333333
115,33,0.73333333333333339
115,34,0.26666666666666666
115,35,0.40000000000000008
115,36,0.33333333333333331
115,37,0.53333333333333333
115,38,0.26666666666666666
115,39,0.26666666666666666
115,40,0.066666666666666666
115,41,0.066666666666666666
115,42,0.13333333333333333
115,43,0.13333333333333333
115,44,0.13333333333333333
115,45,0.13333333333333333
115,46,0.13333333333333333
115,47,0.20000000000000004
115,48,0.13333333333333333
115,49,0.066666666666666666
115,51,0.066666666666666666
115,52,0.066666666666666666
115,53,0.066666666666666666
115,55,0.13333333333333333
115,56,0.20000000000000004
115,57,0.20000000000000004
115,58,0.13333333333333333
115,59,0.066666666666666666
115,60,0.066666666666666666
115,62,0.066666666666666666
115,63,0.066666666666666666
115,64,0.066666666666666666
115,65,0.066666666666666666
115,66,0.066666666666666666
115,67,0.066666666666666666
115,71,0.066666666666666666
115,72,0.066666666666666666
115,73,0.066666666666666666
115,76,0.13333333333333333
115,77,0.13333333333333333
115,78,0.13333333333333333
115,82,0.13333333333333333
115,83,0.13333333333333333
115,84,0.20000000000000004
115,85,0.066666666666666666
115,86,0.13333333333333333
115,87,0.066666666666666666
115,88,0.20000000000000004
115,89,0.20000000000000004
115,90,0.20000000000000004
115,91,0.13333333333333333
115,92,0.066666666666666666
115,93,0.066666666666666666
115,97,0.066666666666666666
115,98,0.066666666666666666
115,99,0.066666666666666666
115,103,0.066666666666666666
115,104,0.20000000000000004
115,105,0.20000000000000004
115,106,0.20000000000000004
115,107,0.13333333333333333
115,108,0.13333333333333333
115,109,0.066666666666666666
115,110,0.066666666666666666
115,111,0.13333333333333333
115,112,0.13333333333333333
115,113,0.066666666666666666
115,115,0.066666666666666666
115,116,0.066666666666666666
115,117,0.066666666666666666
115,118,0.066666666666666666
115,119,0.066666666666666666
115,120,0.066666666666666666
115,123,0.066666666666666666
115,124,0.066666666666666666
115,125,0.066666666666666666
115,128,0.066666666666666666
115,129,0.26666666666666666
115,130,0.40000000000000008
115,131,0.39999999999999997
115,132,0.40000000000000008
115,133,0.26666666666666666
115,134,0.26666666666666666
115,135,0.066666666666666666
115,136,0.066666666666666666
115,137,0.066666666666666666
115,138,0.13333333333333333
115,139,0.20000000000000004
115,140,0.20000000000000004
115,141,0.26666666666666666
115,142,0.46666666666666673
115,143,0.46666666666666673
115,144,0.46666666666666662
115,145,0.53333333333333333
115,146,0.66666666666666663
115,147,0.66666666666666663
115,148,0.59999999999999998
115,149,0.60000000000000009
115,150,0.59999999999999998
115,151,0.46666666666666662
115,152,0.40000000000000008
115,153,0.40000000000000008
115,154,0.26666666666666666
115,155,0.46666666666666662
115,156,0.39999999999999997
115,157,0.66666666666666663
115,158,0.39999999999999997
115,159,0.39999999999999997
115,160,0.20000000000000004
115,161,0.13333333333333333
115,162,0.066666666666666666
115,163,0.13333333333333333
115,164,0.40000000000000008
115,165,0.53333333333333333
115,166,0.40000000000000008
115,167,0.26666666666666666
115,168,0.20000000000000004
115,169,0.26666666666666666
115,170,0.13333333333333333
115,171,0.066666666666666666
115,172,0.066666666666666666
115,173,0.066666666666666666
115,174,0.066666666666666666
115,181,0.066666666666666666
115,182,0.066666666666666666
115,183,0.13333333333333333
115,184,0.066666666666666666
115,185,0.20000000000000004
115,186,0.13333333333333333
115,187,0.13333333333333333
115,188,0.066666666666666666
115,189,0.066666666666666666
115,190,0.066666666666666666
116,0,0.10000000000000001
116,1,0.13333333333333333
116,2,0.13333333333333333
116,3,0.066666666666666666
116,5,0.13333333333333333
116,6,0.13333333333333333
116,7,0.13333333333333333
116,11,0.13333333333333333
116,12,0.13333333333333333
116,13,0.13333333333333333
116,14,0.066666666666666666
116,15,0.066666666666666666
116,16,0.20000000000000004
116,17,0.33333333333333331
116,18,0.53333333333333333
116,19,0.53333333333333333
116,20,0.33333333333333331
116,21,0.20000000000000004
116,22,0.13333333333333333
116,23,0.33333333333333331
116,24,0.33333333333333331
116,25,0.46666666666666662
116,26,0.26666666666666666
116,27,0.46666666666666662
116,28,0.59999999999999998
116,29,0.73333333333333339
116,30,0.73333333333333339
116,31,0.46666666666666673
116,32,0.39999999999999997
116,33,0.26666666666666666
116,34,0.40000000000000008
116,35,0.53333333333333333
116,36,0.59999999999999998
116,37,0.53333333333333333
116,38,0.39999999999999997
116,39,0.20000000000000004
116,40,0.20000000000000004
116,41,0.13333333333333333
116,42,0.13333333333333333
116,43,0.13333333333333333
116,44,0.20000000000000004
116,45,0.26666666666666666
116,46,0.20000000000000004
116,47,0.13333333333333333
116,48,0.066666666666666666
116,49,0.066666666666666666
116,50,0.13333333333333333
116,51,0.20000000000000004
116,52,0.20000000000000004
116,53,0.13333333333333333
116,54,0.13333333333333333
116,55,0.066666666666666666
116,56,0.066666666666666666
116,57,0.19999999999999998
116,58,0.19999999999999998
116,59,0.19999999999999998
116,60,0.066666666666666666
116,61,0.066666666666666666
116,62,0.066666666666666666
116,72,0.066666666666666666
116,73,0.066666666666666666
116,74,0.066666666666666666
116,85,0.066666666666666666
116,86,0.066666666666666666
116,87,0.066666666666666666
116,92,0.066666666666666666
116,93,0.13333333333333333
116,94,0.13333333333333333
116,95,0.066666666666666666
116,96,0.066666666666666666
116,97,0.13333333333333333
116,98,0.26666666666666666
116,99,0.26666666666666666
116,100,0.20000000000000004
116,101,0.066666666666666666
116,106,0.13333333333333333
116,107,0.13333333333333333
116,108,0.13333333333333333
116,110,0.066666666666666666
116,111,0.066666666666666666
116,112,0.066666666666666666
116,120,0.066666666666666666
116,121,0.066666666666666666
116,122,0.066666666666666666
116,125,0.066666666666666666
116,126,0.13333333333333333
116,127,0.20000000000000004
116,128,0.13333333333333333
116,129,0.066666666666666666
116,134,0.066666666666666666
116,135,0.066666666666666666
116,136,0.066666666666666666
116,137,0.066666666666666666
116,138,0.13333333333333333
116,139,0.20000000000000004
116,140,0.20000000000000004
116,141,0.26666666666666666
116,142,0.33333333333333331
116,143,0.33333333333333331
116,144,0.26666666666666666
116,145,0.26666666666666666
116,146,0.26666666666666666
116,147,0.40000000000000008
116,148,0.33333333333333331
116,149,0.33333333333333331
116,150,0.26666666666666666
116,151,0.33333333333333331
116,152,0.26666666666666666
116,153,0.20000000000000004
116,154,0.066666666666666666
116,155,0.066666666666666666
116,157,0.066666666666666666
116,158,0.13333333333333333
116,159,0.13333333333333333
116,160,0.13333333333333333
116,161,0.066666666666666666
116,162,0.066666666666666666
116,164,0.13333333333333333
116,165,0.40000000000000008
116,166,0.46666666666666673
116,167,0.39999999999999997
116,168,0.20000000000000004
116,169,0.26666666666666666
116,170,0.20000000000000004
116,171,0.20000000000000004
116,172,0.13333333333333333
116,173,0.13333333333333333
116,174,0.13333333333333333
116,175,0.066666666666666666
116,176,0.13333333333333333
116,177,0.066666666666666666
116,178,0.066666666666666666
116,183,0.066666666666666666
116,184,0.13333333333333333
116,185,0.13333333333333333
116,186,0.066666666666666666
116,189,0.066666666666666666
116,190,0.066666666666666666
116,191,0.10000000000000001
117,0,0.10000000000000001
117,1,0.066666666666666666
117,2,0.066666666666666666
117,5,0.066666666666666666
117,6,0.066666666666666666
117,7,0.066666666666666666
117,11,0.13333333333333333
117,12,0.13333333333333333
117,13,0.13333333333333333
117,16,0.13333333333333333
117,17,0.13333333333333333
117,18,0.26666666666666666
117,19,0.13333333333333333
117,20,0.13333333333333333
117,22,0.066666666666666666
117,23,0.26666666666666666
117,24,0.40000000000000008
117,25,0.46666666666666662
117,26,0.26666666666666666
117,27,0.26666666666666666
117,28,0.40000000000000008
117,29,0.46666666666666673
117,30,0.46666666666666662
117,31,0.26666666666666666
117,32,0.33333333333333331
117,33,0.26666666666666666
117,34,0.26666666666666666
117,35,0.26666666666666666
117,36,0.33333333333333331
117,37,0.26666666666666666
117,38,0.13333333333333333
117,40,0.066666666666666666
117,41,0.066666666666666666
117,42,0.066666666666666666
117,44,0.066666666666666666
117,45,0.066666666666666666
117,46,0.066666666666666666
117,49,0.066666666666666666
117,50,0.066666666666666666
117,51,0.066666666666666666
117,52,0.066666666666666666
117,53,0.066666666666666666
117,54,0.13333333333333333
117,55,0.066666666666666666
117,56,0.13333333333333333
117,57,0.20000000000000004
117,58,0.20000000000000004
117,59,0.13333333333333333
117,60,0.066666666666666666
117,61,0.066666666666666666
117,62,0.066666666666666666
117,90,0.066666666666666666
117,91,0.066666666666666666
117,92,0.066666666666666666
117,96,0.066666666666666666
117,97,0.066666666666666666
117,98,0.13333333333333333
117,99,0.066666666666666666
117,100,0.066666666666666666
117,125,0.066666666666666666
117,126,0.066666666666666666
117,127,0.13333333333333333
117,128,0.066666666666666666
117,129,0.066666666666666666
117,137,0.066666666666666666
117,138,0.13333333333333333
117,139,0.13333333333333333
117,140,0.066666666666666666
117,141,0.066666666666666666
117,142,0.20000000000000004
117,143,0.20000000000000004
117,144,0.20000000000000004
117,145,0.13333333333333333
117,146,0.20000000000000004
117,147,0.33333333333333331
117,148,0.33333333333333331
117,149,0.33333333333333331
117,150,0.26666666666666666
117,151,0.26666666666666666
117,152,0.20000000000000004
117,153,0.13333333333333333
117,154,0.066666666666666666
117,155,0.066666666666666666
117,157,0.066666666666666666
117,158,0.066666666666666666
117,159,0.13333333333333333
117,160,0.13333333333333333
117,161,0.13333333333333333
117,162,0.066666666666666666
117,164,0.066666666666666666
117,165,0.26666666666666666
117,166,0.33333333333333331
117,167,0.33333333333333331
117,168,0.20000000000000004
117,169,0.13333333333333333
117,170,0.066666666666666666
117,171,0.066666666666666666
117,172,0.066666666666666666
117,173,0.066666666666666666
117,176,0.066666666666666666
117,177,0.066666666666666666
117,178,0.066666666666666666
117,184,0.066666666666666666
117,185,0.066666666666666666
117,186,0.066666666666666666
118,11,0.066666666666666666
118,12,0.066666666666666666
118,13,0.066666666666666666
118,21,0.066666666666666666
118,22,0.066666666666666666
118,23,0.13333333333333333
118,24,0.13333333333333333
118,25,0.20000000000000004
118,26,0.20000000000000004
118,27,0.26666666666666666
118,28,0.40000000000000008
118,29,0.59999999999999998
118,30,0.59999999999999998
118,31,0.53333333333333333
118,32,0.33333333333333331
118,33,0.20000000000000004
118,34,0.066666666666666666
118,36,0.13333333333333333
118,37,0.13333333333333333
118,38,0.13333333333333333
118,54,0.066666666666666666
118,55,0.066666666666666666
118,56,0.066666666666666666
118,90,0.066666666666666666
118,91,0.066666666666666666
118,92,0.066666666666666666
118,95,0.066666666666666666
118,96,0.066666666666666666
118,97,0.13333333333333333
118,98,0.066666666666666666
118,99,0.066666666666666666
118,134,0.066666666666666666
118,135,0.066666666666666666
118,136,0.066666666666666666
118,140,0.066666666666666666
118,141,0.066666666666666666
118,142,0.20000000000000004
118,143,0.13333333333333333
118,144,0.20000000000000004
118,145,0.066666666666666666
118,146,0.13333333333333333
118,147,0.20000000000000004
118,148,0.26666666666666666
118,149,0.26666666666666666
118,150,0.13333333333333333
118,151,0.066666666666666666
118,154,0.066666666666666666
118,155,0.066666666666666666
118,156,0.066666666666666666
118,157,0.066666666666666666
118,158,0.066666666666666666
118,159,0.13333333333333333
118,160,0.066666666666666666
118,161,0.20000000000000004
118,162,0.13333333333333333
118,163,0.20000000000000004
118,164,0.066666666666666666
118,165,0.066666666666666666
118,168,0.066666666666666666
118,169,0.066666666666666666
118,170,0.066666666666666666
119,7,0.066666666666666666
119,8,0.066666666666666666
119,9,0.20000000000000004
119,10,0.13333333333333333
119,11,0.26666666666666666
119,12,0.13333333333333333
119,13,0.13333333333333333
119,20,0.066666666666666666
119,21,0.066666666666666666
119,22,0.066666666666666666
119,24,0.066666666666666666
119,25,0.20000000000000004
119,26,0.20000000000000004
119,27,0.26666666666666666
119,28,0.33333333333333331
119,29,0.53333333333333333
119,30,0.59999999999999998
119,31,0.53333333333333333
119,32,0.39999999999999997
119,33,0.20000000000000004
119,34,0.066666666666666666
119,36,0.066666666666666666
119,37,0.066666666666666666
119,38,0.066666666666666666
119,39,0.066666666666666666
119,40,0.066666666666666666
119,41,0.066666666666666666
119,57,0.066666666666666666
119,58,0.066666666666666666
119,59,0.066666666666666666
119,90,0.066666666666666666
119,91,0.066666666666666666
119,92,0.066666666666666666
119,95,0.066666666666666666
119,96,0.066666666666666666
119,97,0.13333333333333333
119,98,0.066666666666666666
119,99,0.066666666666666666
119,124,0.066666666666666666
119,125,0.066666666666666666
119,126,0.13333333333333333
119,127,0.066666666666666666
119,128,0.066666666666666666
119,142,0.13333333333333333
119,143,0.20000000000000004
119,144,0.20000000000000004
119,145,0.066666666666666666
119,146,0.066666666666666666
119,147,0.13333333333333333
119,148,0.20000000000000004
119,149,0.13333333333333333
119,150,0.066666666666666666
119,153,0.13333333333333333
119,154,0.20000000000000004
119,155,0.20000000000000004
119,156,0.066666666666666666
119,157,0.13333333333333333
119,158,0.13333333333333333
119,159,0.20000000000000004
119,160,0.066666666666666666
119,161,0.066666666666666666
119,163,0.066666666666666666
119,164,0.066666666666666666
119,165,0.066666666666666666
119,168,0.066666666666666666
119,169,0.066666666666666666
119,170,0.066666666666666666
119,176,0.066666666666666666
119,177,0.066666666666666666
119,178,0.066666666666666666
119,180,0.066666666666666666
119,181,0.066666666666666666
119,182,0.066666666666666666
120,0,0.10000000000000001
120,1,0.20000000000000004
120,2,0.26666666666666666
120,3,0.33333333333333331
120,4,0.26666666666666666
120,5,0.40000000000000008
120,6,0.46666666666666662
120,7,0.53333333333333333
120,8,0.33333333333333331
120,9,0.26666666666666666
120,10,0.53333333333333333
120,11,0.73333333333333339
120,12,1.0666666666666667
120,13,0.79999999999999993
120,14,0.73333333333333339
120,15,0.66666666666666663
120,16,0.66666666666666663
120,17,0.79999999999999993
120,18,0.73333333333333339
120,19,1
120,20,1.0666666666666667
120,21,1.2666666666666666
120,22,1.3333333333333333
120,23,1.4666666666666668
120,24,1.4000000000000001
120,25,1.5333333333333332
120,26,1.8
120,27,1.6666666666666667
120,28,1.6666666666666667
120,29,1.4000000000000001
120,30,1.6666666666666667
120,31,1.4666666666666668
120,32,1.3333333333333333
120,33,1.2
120,34,1.2
120,35,1.1333333333333333
120,36,1.4000000000000001
120,37,1.5333333333333332
120,38,2
120,39,2.2666666666666666
120,40,2.3999999999999999
120,41,1.8666666666666665
120,42,1.3333333333333333
120,43,1.3333333333333333
120,44,1.3333333333333333
120,45,1.1333333333333333
120,46,0.79999999999999993
120,47,0.80000000000000016
120,48,0.8666666666666667
120,49,0.66666666666666663
120,50,0.66666666666666663
120,51,0.53333333333333333
120,52,0.53333333333333333
120,53,0.46666666666666662
120,54,0.33333333333333331
120,55,0.19999999999999998
120,56,0.13333333333333333
120,57,0.13333333333333333
120,58,0.20000000000000004
120,59,0.13333333333333333
120,60,0.26666666666666666
120,61,0.26666666666666666
120,62,0.20000000000000004
120,63,0.13333333333333333
120,64,0.20000000000000004
120,65,0.33333333333333331
120,66,0.26666666666666666
120,67,0.26666666666666666
120,68,0.20000000000000004
120,69,0.33333333333333331
120,70,0.33333333333333331
120,71,0.40000000000000008
120,72,0.40000000000000008
120,73,0.40000000000000008
120,74,0.26666666666666666
120,75,0.20000000000000004
120,76,0.33333333333333331
120,77,0.39999999999999997
120,78,0.53333333333333333
120,79,0.40000000000000008
120,80,0.33333333333333331
120,81,0.20000000000000004
120,82,0.26666666666666666
120,83,0.40000000000000008
120,84,0.39999999999999997
120,85,0.53333333333333333
120,86,0.39999999999999997
120,87,0.33333333333333331
120,88,0.13333333333333333
120,89,0.33333333333333331
120,90,0.33333333333333331
120,91,0.33333333333333331
120,92,0.33333333333333331
120,93,0.66666666666666663
120,94,0.8666666666666667
120,95,0.66666666666666663
120,96,0.33333333333333331
120,97,0.066666666666666666
120,98,0.20000000000000004
120,99,0.20000000000000004
120,100,0.20000000000000004
120,101,0.13333333333333333
120,102,0.13333333333333333
120,103,0.20000000000000004
120,104,0.13333333333333333
120,105,0.20000000000000004
120,106,0.20000000000000004
120,107,0.46666666666666673
120,108,0.46666666666666673
120,109,0.39999999999999997
120,110,0.13333333333333333
120,111,0.066666666666666666
120,114,0.066666666666666666
120,115,0.13333333333333333
120,116,0.20000000000000004
120,117,0.40000000000000008
120,118,0.53333333333333333
120,119,0.59999999999999998
120,120,0.33333333333333331
120,121,0.20000000000000004
120,122,0.066666666666666666
120,123,0.20000000000000004
120,124,0.26666666666666666
120,125,0.66666666666666663
120,126,0.80000000000000016
120,127,0.8666666666666667
120,128,1
120,129,1
120,130,1.0666666666666667
120,131,0.73333333333333339
120,132,0.59999999999999998
120,133,0.53333333333333333
120,134,0.59999999999999998
120,135,0.73333333333333339
120,136,0.93333333333333324
120,137,0.93333333333333324
120,138,1.2666666666666666
120,139,1.3333333333333333
120,140,1.4000000000000001
120,141,0.93333333333333324
120,142,0.86666666666666659
120,143,0.8666666666666667
120,144,1.2666666666666668
120,145,1.2
120,146,1.6666666666666667
120,147,1.6666666666666667
120,148,1.8
120,149,1.5999999999999999
120,150,1.8
120,151,1.8666666666666665
120,152,2.0666666666666669
120,153,1.8666666666666665
120,154,1.7333333333333334
120,155,1.2666666666666666
120,156,1
120,157,0.93333333333333324
120,158,0.8666666666666667
120,159,1
120,160,0.8666666666666667
120,161,1.2666666666666666
120,162,1.2
120,163,1.4000000000000001
120,164,1.0666666666666667
120,165,0.93333333333333346
120,166,0.80000000000000016
120,167,0.59999999999999998
120,168,0.53333333333333333
120,169,0.40000000000000008
120,170,0.46666666666666662
120,171,0.79999999999999993
120,172,0.8666666666666667
120,173,0.79999999999999993
120,174,0.66666666666666663
120,175,0.73333333333333339
120,176,0.73333333333333339
120,177,0.40000000000000008
120,178,0.13333333333333333
120,180,0.33333333333333331
120,181,0.53333333333333333
120,182,0.8666666666666667
120,183,0.73333333333333339
120,184,0.59999999999999998
120,185,0.66666666666666663
120,186,0.59999999999999998
120,187,0.59999999999999998
120,188,0.20000000000000004
120,189,0.13333333333333333
120,190,0.13333333333333333
120,191,0.20000000000000001
121,0,0.20000000000000001
121,1,0.13333333333333333
121,2,0.13333333333333333
121,3,0.066666666666666666
121,4,0.26666666666666666
121,5,0.33333333333333331
121,6,0.40000000000000008
121,7,0.46666666666666673
121,8,0.53333333333333333
121,9,0.53333333333333333
121,10,0.40000000000000008
121,11,0.33333333333333331
121,12,0.33333333333333331
121,13,0.59999999999999998
121,14,0.73333333333333339
121,15,1
121,16,0.86666666666666659
121,17,0.93333333333333324
121,18,0.73333333333333339
121,19,0.53333333333333333
121,20,0.53333333333333333
121,21,1
121,22,1.2
121,23,1.5333333333333332
121,24,1.8
121,25,1.9333333333333333
121,26,1.5333333333333332
121,27,1
121,28,1.0666666666666667
121,29,1.5999999999999999
121,30,1.3333333333333333
121,31,1.4666666666666668
121,32,0.80000000000000016
121,33,0.93333333333333324
121,34,0.73333333333333339
121,35,0.8666666666666667
121,36,0.93333333333333324
121,37,1.1333333333333335
121,38,1.2666666666666666
121,39,1.4666666666666668
121,40,1.1333333333333335
121,41,1.0666666666666667
121,42,0.80000000000000016
121,43,0.80000000000000016
121,44,1
121,45,0.93333333333333346
121,46,0.8666666666666667
121,47,0.73333333333333339
121,48,0.59999999999999998
121,49,0.53333333333333333
121,50,0.26666666666666666
121,51,0.33333333333333331
121,52,0.26666666666666666
121,53,0.33333333333333331
121,54,0.26666666666666666
121,55,0.20000000000000004
121,56,0.33333333333333331
121,57,0.40000000000000008
121,58,0.46666666666666673
121,59,0.53333333333333333
121,60,0.59999999999999998
121,61,0.73333333333333339
121,62,0.53333333333333333
121,63,0.39999999999999997
121,64,0.20000000000000004
121,65,0.33333333333333331
121,66,0.46666666666666662
121,67,0.53333333333333333
121,68,0.33333333333333331
121,69,0.33333333333333331
121,70,0.46666666666666662
121,71,0.46666666666666662
121,72,0.26666666666666666
121,73,0.066666666666666666
121,74,0.066666666666666666
121,75,0.20000000000000004
121,76,0.20000000000000004
121,77,0.13333333333333333
121,78,0.13333333333333333
121,79,0.13333333333333333
121,80,0.20000000000000004
121,81,0.13333333333333333
121,82,0.40000000000000008
121,83,0.39999999999999997
121,84,0.46666666666666662
121,85,0.26666666666666666
121,86,0.40000000000000008
121,87,0.40000000000000008
121,88,0.39999999999999997
121,89,0.26666666666666666
121,90,0.13333333333333333
121,91,0.20000000000000004
121,92,0.13333333333333333
121,93,0.20000000000000004
121,94,0.066666666666666666
121,95,0.13333333333333333
121,96,0.13333333333333333
121,97,0.20000000000000004
121,98,0.26666666666666666
121,99,0.20000000000000004
121,100,0.20000000000000004
121,101,0.066666666666666666
121,102,0.13333333333333333
121,103,0.26666666666666666
121,104,0.26666666666666666
121,105,0.26666666666666666
121,106,0.13333333333333333
121,107,0.33333333333333331
121,108,0.40000000000000008
121,109,0.53333333333333333
121,110,0.33333333333333331
121,111,0.39999999999999997
121,112,0.19999999999999998
121,113,0.19999999999999998
121,114,0.066666666666666666
121,115,0.26666666666666666
121,116,0.33333333333333331
121,117,0.46666666666666662
121,118,0.26666666666666666
121,119,0.33333333333333331
121,120,0.20000000000000004
121,121,0.53333333333333333
121,122,0.46666666666666662
121,123,0.66666666666666663
121,124,0.59999999999999998
121,125,0.80000000000000016
121,126,0.66666666666666663
121,127,0.66666666666666663
121,128,0.80000000000000016
121,129,1.2
121,130,1.0666666666666667
121,131,0.73333333333333339
121,132,0.59999999999999998
121,133,0.86666666666666659
121,134,1.0666666666666667
121,135,0.8666666666666667
121,136,0.86666666666666659
121,137,1
121,138,1
121,139,0.93333333333333324
121,140,0.93333333333333324
121,141,0.93333333333333346
121,142,1.0666666666666667
121,143,1
121,144,1.2666666666666666
121,145,1.2
121,146,1.4666666666666666
121,147,1.2666666666666666
121,148,1.0666666666666667
121,149,0.66666666666666663
121,150,0.73333333333333339
121,151,1
121,152,1
121,153,1
121,154,0.80000000000000016
121,155,1.1333333333333335
121,156,1.4666666666666668
121,157,1.4666666666666668
121,158,1.3999999999999997
121,159,0.93333333333333346
121,160,1.2666666666666666
121,161,1
121,162,1.1333333333333333
121,163,1.0666666666666667
121,164,1.4000000000000001
121,165,1.6666666666666667
121,166,1.3333333333333333
121,167,1.4000000000000001
121,168,1.0666666666666667
121,169,1.2
121,170,0.8666666666666667
121,171,1.2666666666666666
121,172,1.3333333333333333
121,173,1.3333333333333333
121,174,0.8666666666666667
121,175,0.73333333333333339
121,176,0.59999999999999998
121,177,0.46666666666666673
121,178,0.33333333333333331
121,179,0.33333333333333331
121,180,0.33333333333333331
121,181,0.33333333333333331
121,182,0.46666666666666673
121,183,0.80000000000000016
121,184,0.93333333333333324
121,185,0.73333333333333339
121,186,0.39999999999999997
121,187,0.26666666666666666
121,188,0.33333333333333331
121,189,0.46666666666666662
121,190,0.39999999999999997
121,191,0.40000000000000002
122,0,0.30000000000000004
122,1,0.46666666666666673
122,2,0.66666666666666663
122,3,0.66666666666666663
122,4,0.53333333333333333
122,5,1.0666666666666667
122,6,1.3333333333333333
122,7,1.4666666666666666
122,8,0.8666666666666667
122,9,0.66666666666666663
122,10,1
122,11,1.0666666666666667
122,12,1.2666666666666666
122,13,1
122,14,1.1333333333333335
122,15,1.3333333333333333
122,16,1.2666666666666666
122,17,1.6000000000000003
122,18,1.4000000000000001
122,19,1.8666666666666669
122,20,1.7333333333333334
122,21,2.0666666666666669
122,22,2.0666666666666669
122,23,2.3999999999999999
122,24,2.5333333333333332
122,25,2.5333333333333337
122,26,2.6000000000000001
122,27,2.3333333333333335
122,28,2.3999999999999999
122,29,2.2666666666666671
122,30,2.6666666666666665
122,31,2.8666666666666667
122,32,2.6000000000000001
122,33,2.3999999999999999
122,34,2.1333333333333333
122,35,2
122,36,1.9333333333333336
122,37,2.2666666666666671
122,38,3.1333333333333333
122,39,3.4666666666666668
122,40,3.3999999999999999
122,41,2.2666666666666666
122,42,1.5999999999999999
122,43,1.2
122,44,1.6666666666666667
122,45,1.8666666666666665
122,46,1.7333333333333332
122,47,1.4666666666666668
122,48,1.2
122,49,0.93333333333333346
122,50,0.80000000000000016
122,51,0.73333333333333339
122,52,0.80000000000000016
122,53,0.80000000000000016
122,54,0.59999999999999998
122,55,0.46666666666666662
122,56,0.33333333333333331
122,57,0.26666666666666666
122,58,0.26666666666666666
122,59,0.20000000000000004
122,60,0.66666666666666663
122,61,0.73333333333333328
122,62,1
122,63,0.73333333333333339
122,64,0.80000000000000016
122,65,0.59999999999999998
122,66,0.40000000000000008
122,67,0.46666666666666662
122,68,0.39999999999999997
122,69,0.66666666666666663
122,70,0.66666666666666663
122,71,0.79999999999999993
122,72,0.80000000000000016
122,73,0.79999999999999993
122,74,0.59999999999999998
122,75,0.46666666666666662
122,76,0.33333333333333331
122,77,0.53333333333333333
122,78,0.59999999999999998
122,79,0.59999999999999998
122,80,0.46666666666666662
122,81,0.40000000000000008
122,82,0.26666666666666666
122,83,0.46666666666666673
122,84,0.46666666666666662
122,85,0.73333333333333339
122,86,0.53333333333333333
122,87,0.39999999999999997
122,88,0.33333333333333331
122,89,0.46666666666666662
122,90,0.66666666666666663
122,91,0.59999999999999998
122,92,0.66666666666666663
122,93,0.79999999999999993
122,94,0.8666666666666667
122,95,0.66666666666666663
122,96,0.53333333333333333
122,97,0.40000000000000008
122,98,0.39999999999999997
122,99,0.26666666666666666
122,100,0.33333333333333331
122,101,0.33333333333333331
122,102,0.46666666666666662
122,103,0.53333333333333333
122,104,0.53333333333333333
122,105,0.39999999999999997
122,106,0.40000000000000008
122,107,0.59999999999999998
122,108,0.73333333333333339
122,109,0.59999999999999998
122,110,0.33333333333333331
122,111,0.13333333333333333
122,113,0.13333333333333333
122,114,0.20000000000000004
122,115,0.46666666666666673
122,116,0.46666666666666662
122,117,0.93333333333333346
122,118,1.0666666666666667
122,119,1.3333333333333333
122,120,0.8666666666666667
122,121,0.53333333333333333
122,122,0.46666666666666662
122,123,0.59999999999999998
122,124,0.80000000000000016
122,125,0.86666666666666659
122,126,1.2
122,127,1.2
122,128,1.5333333333333334
122,129,1.5333333333333332
122,130,1.6666666666666667
122,131,1.3999999999999997
122,132,1.2
122,133,1.0666666666666667
122,134,1.0666666666666667
122,135,1
122,136,1.4666666666666668
122,137,1.3333333333333333
122,138,1.8666666666666665
122,139,1.8666666666666665
122,140,2.0666666666666664
122,141,1.6000000000000003
122,142,1.4000000000000001
122,143,1.6666666666666667
122,144,2.1999999999999997
122,145,2.1999999999999997
122,146,2.5333333333333332
122,147,2.3999999999999999
122,148,2.6000000000000001
122,149,2.3333333333333335
122,150,2.4000000000000004
122,151,2.1999999999999997
122,152,2.8000000000000003
122,153,2.6666666666666665
122,154,2.9333333333333336
122,155,2.0666666666666669
122,156,2.1333333333333333
122,157,1.8
122,158,1.8666666666666665
122,159,1.6666666666666667
122,160,1.4666666666666668
122,161,1.6000000000000003
122,162,1.4666666666666668
122,163,1.7333333333333332
122,164,1.3999999999999997
122,165,1.5333333333333332
122,166,1.3333333333333333
122,167,1
122,168,0.73333333333333339
122,169,0.73333333333333339
122,170,0.8666666666666667
122,171,1.2666666666666666
122,172,1.2
122,173,1.3333333333333333
122,174,1.2
122,175,1.3333333333333333
122,176,1.2
122,177,0.73333333333333339
122,178,0.39999999999999997
122,179,0.20000000000000004
122,180,0.53333333333333333
122,181,0.79999999999999993
122,182,1.0666666666666667
122,183,0.93333333333333324
122,184,0.79999999999999993
122,185,0.93333333333333324
122,186,1
122,187,0.8666666666666667
122,188,0.39999999999999997
122,189,0.20000000000000004
122,190,0.33333333333333331
122,191,0.5
123,0,0.5
123,1,0.53333333333333333
123,2,0.53333333333333333
123,3,0.26666666666666666
123,4,0.33333333333333331
123,5,0.46666666666666662
123,6,0.46666666666666673
123,7,0.53333333333333333
123,8,0.53333333333333333
123,9,0.73333333333333339
123,10,0.66666666666666663
123,11,0.59999999999999998
123,12,0.53333333333333333
123,13,0.73333333333333339
123,14,1
123,15,1.2666666666666666
123,16,1.0666666666666667
123,17,1.0666666666666667
123,18,0.79999999999999993
123,19,0.8666666666666667
123,20,0.80000000000000016
123,21,1.5333333333333332
123,22,1.7999999999999998
123,23,2.0666666666666664
123,24,2.0666666666666669
123,25,2.1333333333333333
123,26,1.9333333333333333
123,27,2.1333333333333333
123,28,2.3999999999999999
123,29,3.2666666666666662
123,30,2.7333333333333338
123,31,2.7333333333333329
123,32,1.8666666666666665
123,33,1.8
123,34,1.4666666666666668
123,35,1.6000000000000003
123,36,1.4000000000000001
123,37,1.6666666666666667
123,38,1.6666666666666667
123,39,2.1333333333333333
123,40,1.4666666666666666
123,41,1.3333333333333333
123,42,0.80000000000000016
123,43,1.1333333333333335
123,44,1.3333333333333333
123,45,1.2
123,46,0.8666666666666667
123,47,0.59999999999999998
123,48,0.59999999999999998
123,49,0.53333333333333333
123,50,0.33333333333333331
123,51,0.53333333333333333
123,52,0.46666666666666662
123,53,0.59999999999999998
123,54,0.33333333333333331
123,55,0.33333333333333331
123,56,0.33333333333333331
123,57,0.40000000000000008
123,58,0.53333333333333333
123,59,0.66666666666666663
123,60,0.80000000000000016
123,61,0.79999999999999993
123,62,0.73333333333333339
123,63,0.53333333333333333
123,64,0.33333333333333331
123,65,0.33333333333333331
123,66,0.46666666666666662
123,67,0.53333333333333333
123,68,0.33333333333333331
123,69,0.33333333333333331
123,70,0.46666666666666662
123,71,0.46666666666666662
123,72,0.26666666666666666
123,73,0.066666666666666666
123,74,0.13333333333333333
123,75,0.26666666666666666
123,76,0.26666666666666666
123,77,0.20000000000000004
123,78,0.20000000000000004
123,79,0.20000000000000004
123,80,0.26666666666666666
123,81,0.26666666666666666
123,82,0.53333333333333333
123,83,0.53333333333333333
123,84,0.53333333333333333
123,85,0.40000000000000008
123,86,0.46666666666666662
123,87,0.53333333333333333
123,88,0.46666666666666662
123,89,0.46666666666666662
123,90,0.26666666666666666
123,91,0.39999999999999997
123,92,0.19999999999999998
123,93,0.33333333333333331
123,94,0.13333333333333333
123,95,0.26666666666666666
123,96,0.33333333333333331
123,97,0.46666666666666662
123,98,0.46666666666666662
123,99,0.33333333333333331
123,100,0.33333333333333331
123,101,0.26666666666666666
123,102,0.40000000000000008
123,103,0.46666666666666662
123,104,0.39999999999999997
123,105,0.26666666666666666
123,106,0.066666666666666666
123,107,0.26666666666666666
123,108,0.33333333333333331
123,109,0.59999999999999998
123,110,0.40000000000000008
123,111,0.40000000000000008
123,112,0.20000000000000004
123,113,0.20000000000000004
123,114,0.39999999999999997
123,115,0.66666666666666663
123,116,0.73333333333333339
123,117,0.66666666666666663
123,118,0.33333333333333331
123,119,0.40000000000000008
123,120,0.26666666666666666
123,121,0.66666666666666663
123,122,0.80000000000000016
123,123,1.1333333333333333
123,124,1.0666666666666667
123,125,1.2
123,126,0.93333333333333346
123,127,1.2666666666666666
123,128,1.3333333333333333
123,129,1.5999999999999999
123,130,1
123,131,0.79999999999999993
123,132,0.79999999999999993
123,133,1.2666666666666668
123,134,1.5333333333333332
123,135,1.4000000000000001
123,136,1.3333333333333333
123,137,1.4666666666666668
123,138,1.5333333333333332
123,139,1.4666666666666668
123,140,1.4000000000000001
123,141,1.4000000000000001
123,142,1.5333333333333332
123,143,1.3333333333333333
123,144,1.7333333333333332
123,145,1.8666666666666665
123,146,2.1333333333333333
123,147,1.6666666666666667
123,148,1.4666666666666668
123,149,1.0666666666666667
123,150,1.3333333333333333
123,151,1.3333333333333333
123,152,1.4666666666666668
123,153,1.3333333333333333
123,154,1.2
123,155,1.4000000000000001
123,156,1.6666666666666667
123,157,1.8
123,158,1.5333333333333332
123,159,1.2
123,160,1.4666666666666668
123,161,1.6666666666666667
123,162,1.6000000000000003
123,163,1.5333333333333332
123,164,1.4666666666666668
123,165,1.7333333333333334
123,166,1.3333333333333333
123,167,1.6000000000000003
123,168,1.2666666666666666
123,169,1.4000000000000001
123,170,0.93333333333333324
123,171,1.4666666666666668
123,172,1.5333333333333332
123,173,1.5333333333333332
123,174,0.93333333333333346
123,175,0.79999999999999993
123,176,0.66666666666666663
123,177,0.53333333333333333
123,178,0.33333333333333331
123,179,0.40000000000000008
123,180,0.46666666666666662
123,181,0.46666666666666662
123,182,0.53333333333333333
123,183,0.8666666666666667
123,184,0.93333333333333346
123,185,0.79999999999999993
123,186,0.46666666666666662
123,187,0.46666666666666662
123,188,0.46666666666666662
123,189,0.53333333333333333
123,190,0.46666666666666662
123,191,0.5
124,0,0.60000000000000009
124,1,0.73333333333333339
124,2,0.93333333333333324
124,3,0.8666666666666667
124,4,0.66666666666666663
124,5,1.0666666666666667
124,6,1.4000000000000001
124,7,1.5333333333333334
124,8,1.0666666666666667
124,9,0.66666666666666663
124,10,0.93333333333333346
124,11,1.0666666666666667
124,12,1.5999999999999999
124,13,1.4000000000000001
124,14,1.4000000000000001
124,15,1.2
124,16,1.1333333333333331
124,17,1.6666666666666667
124,18,1.5999999999999999
124,19,2.1999999999999997
124,20,2.1333333333333333
124,21,2.6000000000000001
124,22,2.6666666666666665
124,23,2.7333333333333329
124,24,3.0666666666666664
124,25,3.1333333333333333
124,26,3.2666666666666671
124,27,3
124,28,2.8000000000000003
124,29,2.6666666666666665
124,30,2.9333333333333331
124,31,3.1333333333333333
124,32,2.8000000000000003
124,33,2.5333333333333332
124,34,2.3999999999999999
124,35,2.5333333333333337
124,36,2.2666666666666671
124,37,2.6000000000000001
124,38,3.5333333333333332
124,39,3.8666666666666667
124,40,3.8000000000000003
124,41,2.6666666666666665
124,42,2.3999999999999999
124,43,1.9333333333333336
124,44,2.1333333333333333
124,45,2.1999999999999997
124,46,2
124,47,1.7333333333333332
124,48,1.4666666666666668
124,49,1.4666666666666668
124,50,1.4666666666666668
124,51,1.2666666666666666
124,52,1.2666666666666666
124,53,1
124,54,0.8666666666666667
124,55,0.53333333333333333
124,56,0.53333333333333333
124,57,0.39999999999999997
124,58,0.53333333333333333
124,59,0.39999999999999997
124,60,0.79999999999999993
124,61,0.79999999999999993
124,62,1.2
124,63,0.93333333333333346
124,64,0.93333333333333324
124,65,0.53333333333333333
124,66,0.33333333333333331
124,67,0.39999999999999997
124,68,0.39999999999999997
124,69,0.66666666666666663
124,70,0.66666666666666663
124,71,0.93333333333333324
124,72,0.93333333333333324
124,73,1
124,74,0.66666666666666663
124,75,0.53333333333333333
124,76,0.40000000000000008
124,77,0.8666666666666667
124,78,0.80000000000000016
124,79,0.66666666666666663
124,80,0.40000000000000008
124,81,0.59999999999999998
124,82,0.53333333333333333
124,83,0.59999999999999998
124,84,0.53333333333333333
124,85,0.66666666666666663
124,86,0.46666666666666662
124,87,0.40000000000000008
124,88,0.40000000000000008
124,89,0.53333333333333333
124,90,0.66666666666666663
124,91,0.66666666666666663
124,92,0.93333333333333324
124,93,1.1333333333333333
124,94,1.2
124,95,0.80000000000000016
124,96,0.66666666666666663
124,97,0.66666666666666663
124,98,0.79999999999999993
124,99,0.53333333333333333
124,100,0.46666666666666662
124,101,0.33333333333333331
124,102,0.53333333333333333
124,103,0.59999999999999998
124,104,0.66666666666666663
124,105,0.40000000000000008
124,106,0.33333333333333331
124,107,0.39999999999999997
124,108,0.73333333333333339
124,109,0.73333333333333339
124,110,0.66666666666666663
124,111,0.53333333333333333
124,112,0.39999999999999997
124,113,0.46666666666666662
124,114,0.33333333333333331
124,115,0.53333333333333333
124,116,0.46666666666666662
124,117,1
124,118,1.0666666666666667
124,119,1.3333333333333333
124,120,0.8666666666666667
124,121,0.59999999999999998
124,122,0.66666666666666663
124,123,0.73333333333333328
124,124,1.1333333333333333
124,125,1.0666666666666667
124,126,1.5333333333333332
124,127,1.5333333333333332
124,128,2.0666666666666664
124,129,1.9999999999999998
124,130,2.0666666666666664
124,131,1.9333333333333336
124,132,1.6666666666666667
124,133,1.4666666666666668
124,134,1.2666666666666666
124,135,1.2666666666666666
124,136,1.7333333333333332
124,137,1.7333333333333334
124,138,2.2666666666666671
124,139,2.2000000000000002
124,140,2.0000000000000004
124,141,1.6666666666666667
124,142,1.4666666666666668
124,143,1.7333333333333334
124,144,2.3999999999999999
124,145,2.6666666666666665
124,146,3.6000000000000001
124,147,3.3333333333333335
124,148,3.4666666666666663
124,149,3.0666666666666664
124,150,3.2666666666666671
124,151,3.1999999999999997
124,152,3.7333333333333329
124,153,3.4000000000000004
124,154,3.5333333333333332
124,155,2.7333333333333329
124,156,2.6666666666666665
124,157,2.3999999999999999
124,158,2.2000000000000002
124,159,2.0666666666666669
124,160,1.6666666666666667
124,161,2
124,162,1.9333333333333336
124,163,2.0000000000000004
124,164,1.3999999999999997
124,165,1.5999999999999999
124,166,1.6666666666666667
124,167,1.4666666666666668
124,168,1
124,169,1
124,170,1
124,171,1.6666666666666667
124,172,1.5333333333333332
124,173,1.7333333333333332
124,174,1.2666666666666666
124,175,1.5333333333333332
124,176,1.4000000000000001
124,177,1.2
124,178,0.66666666666666663
124,179,0.46666666666666662
124,180,0.59999999999999998
124,181,0.66666666666666663
124,182,1
124,183,0.93333333333333324
124,184,1
124,185,0.93333333333333324
124,186,0.86666666666666659
124,187,0.8666666666666667
124,188,0.53333333333333333
124,189,0.53333333333333333
124,190,0.59999999999999998
124,191,0.80000000000000004
125,0,0.69999999999999996
125,1,0.86666666666666659
125,2,0.73333333333333339
125,3,0.53333333333333333
125,4,0.53333333333333333
125,5,0.73333333333333339
125,6,0.73333333333333328
125,7,0.8666666666666667
125,8,0.8666666666666667
125,9,1.0666666666666667
125,10,0.93333333333333324
125,11,0.80000000000000016
125,12,0.73333333333333339
125,13,0.8666666666666667
125,14,1.1333333333333335
125,15,1.4666666666666668
125,16,1.3333333333333333
125,17,1.4000000000000001
125,18,1.2666666666666666
125,19,1.3999999999999997
125,20,1.3333333333333333
125,21,2
125,22,2.3333333333333335
125,23,2.8000000000000003
125,24,2.8666666666666667
125,25,2.6666666666666665
125,26,2.6000000000000001
125,27,2.3999999999999999
125,28,2.8666666666666667
125,29,3.2666666666666671
125,30,3.0666666666666664
125,31,2.9333333333333336
125,32,2.2000000000000002
125,33,1.9333333333333336
125,34,1.4666666666666668
125,35,1.6666666666666667
125,36,1.4000000000000001
125,37,1.8
125,38,1.7999999999999998
125,39,2.1999999999999997
125,40,1.8
125,41,1.5999999999999999
125,42,1.3999999999999997
125,43,1.5999999999999999
125,44,1.8
125,45,1.7333333333333334
125,46,1.3333333333333333
125,47,1.0666666666666667
125,48,1
125,49,0.93333333333333324
125,50,0.59999999999999998
125,51,0.66666666666666663
125,52,0.53333333333333333
125,53,0.93333333333333324
125,54,0.59999999999999998
125,55,0.66666666666666663
125,56,0.46666666666666662
125,57,0.59999999999999998
125,58,0.73333333333333339
125,59,0.93333333333333324
125,60,1
125,61,0.8666666666666667
125,62,0.73333333333333339
125,63,0.73333333333333339
125,64,0.53333333333333333
125,65,0.59999999999999998
125,66,0.66666666666666663
125,67,0.79999999999999993
125,68,0.59999999999999998
125,69,0.53333333333333333
125,70,0.73333333333333339
125,71,0.73333333333333339
125,72,0.46666666666666662
125,73,0.13333333333333333
125,74,0.19999999999999998
125,75,0.39999999999999997
125,76,0.46666666666666662
125,77,0.46666666666666662
125,78,0.59999999999999998
125,79,0.59999999999999998
125,80,0.53333333333333333
125,81,0.46666666666666673
125,82,0.60000000000000009
125,83,0.59999999999999998
125,84,0.46666666666666662
125,85,0.46666666666666662
125,86,0.59999999999999998
125,87,0.73333333333333339
125,88,0.66666666666666663
125,89,0.66666666666666663
125,90,0.46666666666666673
125,91,0.53333333333333333
125,92,0.33333333333333331
125,93,0.40000000000000008
125,94,0.26666666666666666
125,95,0.33333333333333331
125,96,0.33333333333333331
125,97,0.46666666666666662
125,98,0.53333333333333333
125,99,0.53333333333333333
125,100,0.53333333333333333
125,101,0.39999999999999997
125,102,0.46666666666666662
125,103,0.53333333333333333
125,104,0.46666666666666662
125,105,0.40000000000000008
125,106,0.20000000000000004
125,107,0.40000000000000008
125,108,0.46666666666666662
125,109,0.73333333333333339
125,110,0.66666666666666663
125,111,0.66666666666666663
125,112,0.46666666666666662
125,113,0.33333333333333331
125,114,0.53333333333333333
125,115,0.79999999999999993
125,116,1.0666666666666667
125,117,1
125,118,0.73333333333333339
125,119,0.66666666666666663
125,120,0.46666666666666662
125,121,0.79999999999999993
125,122,1
125,123,1.3333333333333333
125,124,1.3999999999999997
125,125,1.4000000000000001
125,126,1.2666666666666666
125,127,1.6000000000000003
125,128,1.8
125,129,2
125,130,1.4666666666666668
125,131,1.3333333333333333
125,132,1.3333333333333333
125,133,1.5999999999999999
125,134,1.6666666666666667
125,135,1.5333333333333334
125,136,1.3999999999999997
125,137,1.6666666666666667
125,138,2.1333333333333333
125,139,2.1333333333333333
125,140,2
125,141,1.5999999999999999
125,142,1.8
125,143,1.6666666666666667
125,144,2.3999999999999999
125,145,2.8000000000000003
125,146,2.9333333333333336
125,147,2.0666666666666669
125,148,1.6666666666666667
125,149,1.4666666666666668
125,150,1.8666666666666665
125,151,1.7333333333333334
125,152,1.8
125,153,1.5333333333333332
125,154,1.5999999999999999
125,155,1.8666666666666665
125,156,2.3333333333333335
125,157,2.7333333333333329
125,158,2.5333333333333332
125,159,2.0666666666666664
125,160,2
125,161,1.9999999999999998
125,162,2.1333333333333333
125,163,1.9333333333333336
125,164,1.8
125,165,1.8666666666666665
125,166,1.5333333333333332
125,167,1.8666666666666665
125,168,1.6666666666666667
125,169,1.8
125,170,1.4000000000000001
125,171,1.8
125,172,1.9333333333333333
125,173,1.8666666666666665
125,174,1.2
125,175,1.0666666666666667
125,176,1
125,177,1.0666666666666667
125,178,0.8666666666666667
125,179,0.8666666666666667
125,180,0.79999999999999993
125,181,0.73333333333333339
125,182,0.86666666666666659
125,183,1.0666666666666667
125,184,1.2
125,185,1.1333333333333333
125,186,0.93333333333333346
125,187,0.8666666666666667
125,188,0.8666666666666667
125,189,1.0666666666666667
125,190,0.93333333333333346
125,191,0.89999999999999991
126,0,0.80000000000000004
126,1,0.93333333333333324
126,2,1.2
126,3,1.0666666666666667
126,4,1
126,5,1.2666666666666668
126,6,1.6666666666666667
126,7,1.5999999999999999
126,8,1.1333333333333335
126,9,0.73333333333333339
126,10,1
126,11,1.1333333333333335
126,12,1.5999999999999999
126,13,1.4666666666666668
126,14,1.4000000000000001
126,15,1.2
126,16,1.0666666666666667
126,17,1.6666666666666667
126,18,1.7333333333333332
126,19,2.3333333333333335
126,20,2.1999999999999997
126,21,2.6666666666666665
126,22,2.8000000000000003
126,23,3.1333333333333333
126,24,3.4666666666666668
126,25,3.4666666666666668
126,26,3.8666666666666667
126,27,3.6666666666666665
126,28,3.6666666666666665
126,29,3.4666666666666668
126,30,3.7333333333333329
126,31,4
126,32,3.5333333333333332
126,33,3.2000000000000006
126,34,3
126,35,3
126,36,2.6666666666666665
126,37,2.8000000000000003
126,38,3.4666666666666668
126,39,4
126,40,3.7333333333333329
126,41,2.8000000000000003
126,42,2.1999999999999997
126,43,2.0666666666666664
126,44,2.2666666666666671
126,45,2.3999999999999999
126,46,2.0666666666666664
126,47,1.8
126,48,1.6666666666666667
126,49,1.7333333333333334
126,50,1.6666666666666667
126,51,1.4666666666666668
126,52,1.5999999999999999
126,53,1.3333333333333333
126,54,1.2
126,55,0.66666666666666663
126,56,0.66666666666666663
126,57,0.46666666666666662
126,58,0.59999999999999998
126,59,0.60000000000000009
126,60,0.93333333333333324
126,61,0.93333333333333324
126,62,1.3333333333333333
126,63,1
126,64,1
126,65,0.46666666666666673
126,66,0.33333333333333331
126,67,0.26666666666666666
126,68,0.46666666666666662
126,69,0.66666666666666663
126,70,0.86666666666666659
126,71,0.93333333333333324
126,72,1.0666666666666667
126,73,1.1333333333333333
126,74,0.79999999999999993
126,75,0.66666666666666663
126,76,0.46666666666666662
126,77,0.86666666666666659
126,78,0.8666666666666667
126,79,0.73333333333333328
126,80,0.46666666666666662
126,81,0.53333333333333333
126,82,0.53333333333333333
126,83,0.66666666666666663
126,84,0.60000000000000009
126,85,0.66666666666666663
126,86,0.46666666666666662
126,87,0.40000000000000008
126,88,0.40000000000000008
126,89,0.59999999999999998
126,90,0.73333333333333339
126,91,0.80000000000000016
126,92,0.93333333333333324
126,93,1.1333333333333333
126,94,1.2
126,95,0.93333333333333324
126,96,0.79999999999999993
126,97,0.73333333333333339
126,98,0.8666666666666667
126,99,0.59999999999999998
126,100,0.46666666666666662
126,101,0.46666666666666673
126,102,0.66666666666666663
126,103,0.93333333333333324
126,104,0.79999999999999993
126,105,0.53333333333333333
126,106,0.26666666666666666
126,107,0.40000000000000008
126,108,0.66666666666666663
126,109,0.8666666666666667
126,110,0.79999999999999993
126,111,0.73333333333333339
126,112,0.66666666666666663
126,113,0.73333333333333339
126,114,0.66666666666666663
126,115,0.66666666666666663
126,116,0.66666666666666663
126,117,1.1333333333333335
126,118,1.2666666666666666
126,119,1.4666666666666668
126,120,0.99999999999999989
126,121,0.66666666666666663
126,122,0.73333333333333339
126,123,0.8666666666666667
126,124,1.3333333333333333
126,125,1.4000000000000001
126,126,1.7333333333333334
126,127,1.7333333333333334
126,128,2
126,129,1.8666666666666665
126,130,1.9333333333333333
126,131,1.7333333333333334
126,132,1.8
126,133,1.5333333333333332
126,134,1.4666666666666668
126,135,1.2666666666666666
126,136,1.9333333333333333
126,137,2.0666666666666669
126,138,2.6000000000000001
126,139,2.4000000000000004
126,140,2.1999999999999997
126,141,2.0666666666666669
126,142,1.9333333333333336
126,143,2.1999999999999997
126,144,2.9333333333333336
126,145,3.3333333333333335
126,146,4
126,147,3.8000000000000003
126,148,3.9333333333333331
126,149,3.6666666666666665
126,150,3.4666666666666668
126,151,3.2666666666666671
126,152,3.8000000000000003
126,153,3.9333333333333331
126,154,3.8666666666666671
126,155,2.9333333333333336
126,156,2.5999999999999996
126,157,2.5333333333333332
126,158,2.4666666666666668
126,159,2.4000000000000004
126,160,1.9333333333333333
126,161,2.1999999999999997
126,162,2
126,163,2.1999999999999997
126,164,1.6666666666666667
126,165,1.9333333333333336
126,166,1.9333333333333333
126,167,1.8
126,168,1.2
126,169,1.1333333333333335
126,170,1.2000000000000002
126,171,1.8
126,172,1.6666666666666667
126,173,1.8
126,174,1.3999999999999997
126,175,1.6666666666666667
126,176,1.4666666666666668
126,177,1.3333333333333333
126,178,0.8666666666666667
126,179,0.66666666666666663
126,180,0.73333333333333339
126,181,0.73333333333333339
126,182,1.1333333333333333
126,183,1
126,184,1.1333333333333335
126,185,1
126,186,1.2
126,187,1.1333333333333331
126,188,0.80000000000000016
126,189,0.53333333333333333
126,190,0.53333333333333333
126,191,0.69999999999999996
127,0,0.59999999999999998
127,1,0.79999999999999993
127,2,0.73333333333333328
127,3,0.66666666666666663
127,4,0.59999999999999998
127,5,0.73333333333333339
127,6,0.79999999999999993
127,7,0.93333333333333324
127,8,0.93333333333333324
127,9,1.1333333333333335
127,10,1.1333333333333333
127,11,0.86666666666666659
127,12,0.79999999999999993
127,13,0.8666666666666667
127,14,1.2666666666666666
127,15,1.6666666666666667
127,16,1.5333333333333334
127,17,1.5333333333333334
127,18,1.3333333333333333
127,19,1.5333333333333332
127,20,1.4666666666666668
127,21,2.0666666666666664
127,22,2.3333333333333335
127,23,2.8000000000000003
127,24,3
127,25,2.8666666666666671
127,26,2.6000000000000001
127,27,2
127,28,2
127,29,2.4666666666666668
127,30,2.5333333333333332
127,31,2.6000000000000001
127,32,2.1333333333333333
127,33,1.8666666666666665
127,34,1.5333333333333332
127,35,1.6666666666666667
127,36,1.5333333333333332
127,37,1.9333333333333336
127,38,2
127,39,2.2000000000000002
127,40,2
127,41,1.6666666666666667
127,42,1.5333333333333332
127,43,1.4666666666666666
127,44,1.6666666666666667
127,45,1.5333333333333332
127,46,1.5333333333333332
127,47,1.1333333333333333
127,48,1.2
127,49,0.86666666666666659
127,50,0.66666666666666663
127,51,0.80000000000000016
127,52,0.66666666666666663
127,53,1.0666666666666667
127,54,0.59999999999999998
127,55,0.73333333333333339
127,56,0.46666666666666662
127,57,0.60000000000000009
127,58,0.73333333333333339
127,59,1.0666666666666667
127,60,1.2
127,61,1
127,62,0.80000000000000016
127,63,0.79999999999999993
127,64,0.59999999999999998
127,65,0.59999999999999998
127,66,0.53333333333333333
127,67,0.66666666666666663
127,68,0.53333333333333333
127,69,0.53333333333333333
127,70,0.73333333333333339
127,71,0.93333333333333324
127,72,0.66666666666666663
127,73,0.33333333333333331
127,74,0.19999999999999998
127,75,0.39999999999999997
127,76,0.46666666666666662
127,77,0.46666666666666662
127,78,0.73333333333333339
127,79,0.8666666666666667
127,80,0.79999999999999993
127,81,0.66666666666666663
127,82,0.59999999999999998
127,83,0.59999999999999998
127,84,0.40000000000000008
127,85,0.40000000000000008
127,86,0.73333333333333339
127,87,0.93333333333333324
127,88,1
127,89,0.8666666666666667
127,90,0.59999999999999998
127,91,0.59999999999999998
127,92,0.46666666666666662
127,93,0.53333333333333333
127,94,0.46666666666666662
127,95,0.46666666666666662
127,96,0.39999999999999997
127,97,0.46666666666666662
127,98,0.40000000000000008
127,99,0.46666666666666662
127,100,0.46666666666666662
127,101,0.33333333333333331
127,102,0.46666666666666662
127,103,0.53333333333333333
127,104,0.53333333333333333
127,105,0.40000000000000008
127,106,0.20000000000000004
127,107,0.46666666666666673
127,108,0.59999999999999998
127,109,0.80000000000000016
127,110,0.66666666666666663
127,111,0.66666666666666663
127,112,0.53333333333333333
127,113,0.46666666666666673
127,114,0.46666666666666673
127,115,0.73333333333333339
127,116,0.93333333333333324
127,117,1.0666666666666667
127,118,0.79999999999999993
127,119,0.73333333333333339
127,120,0.46666666666666662
127,121,0.73333333333333339
127,122,0.93333333333333324
127,123,1.2666666666666666
127,124,1.3999999999999997
127,125,1.6666666666666667
127,126,1.5999999999999999
127,127,2.0666666666666669
127,128,2.0666666666666669
127,129,2.2666666666666666
127,130,1.6666666666666667
127,131,1.4666666666666668
127,132,1.3333333333333333
127,133,1.6666666666666667
127,134,1.7333333333333334
127,135,1.6666666666666667
127,136,1.5333333333333332
127,137,1.8666666666666665
127,138,2.3333333333333335
127,139,2.3333333333333335
127,140,2.2666666666666671
127,141,1.9333333333333336
127,142,2.1333333333333333
127,143,1.8666666666666665
127,144,2.4666666666666668
127,145,2.6666666666666665
127,146,2.8666666666666671
127,147,2.1999999999999997
127,148,1.6666666666666667
127,149,1.3999999999999997
127,150,1.7333333333333332
127,151,1.7333333333333332
127,152,1.8666666666666665
127,153,1.5333333333333332
127,154,1.8
127,155,1.9333333333333336
127,156,2.4666666666666668
127,157,2.6666666666666665
127,158,2.6666666666666665
127,159,2.1333333333333333
127,160,2.3333333333333335
127,161,2.3333333333333335
127,162,2.3999999999999999
127,163,1.8666666666666669
127,164,1.7333333333333334
127,165,2
127,166,1.7333333333333334
127,167,1.7333333333333334
127,168,1.3999999999999997
127,169,1.5333333333333332
127,170,1.3999999999999997
127,171,1.8
127,172,2
127,173,1.8666666666666665
127,174,1.1333333333333333
127,175,1.0666666666666667
127,176,0.93333333333333346
127,177,1.1333333333333333
127,178,0.80000000000000016
127,179,0.8666666666666667
127,180,0.73333333333333339
127,181,0.79999999999999993
127,182,0.80000000000000016
127,183,1
127,184,1.1333333333333333
127,185,1.2666666666666666
127,186,0.99999999999999989
127,187,0.93333333333333324
127,188,0.93333333333333324
127,189,1.2
127,190,1.1333333333333333
127,191,1.1000000000000001
128,0,1
128,1,1.0666666666666667
128,2,1.2
128,3,1.1333333333333333
128,4,1.1333333333333335
128,5,1.3333333333333333
128,6,1.8666666666666665
128,7,2.1333333333333333
128,8,1.9333333333333333
128,9,1.2666666666666668
128,10,1.2666666666666666
128,11,1.2
128,12,1.9333333333333333
128,13,2.3333333333333335
128,14,2.6000000000000001
128,15,2.8000000000000003
128,16,2.8000000000000003
128,17,2.7333333333333329
128,18,2.2666666666666671
128,19,1.9333333333333336
128,20,2.6666666666666665
128,21,3.3333333333333335
128,22,3.6666666666666665
128,23,3.8666666666666671
128,24,4.0666666666666664
128,25,4.6000000000000005
128,26,4.1333333333333329
128,27,3.6000000000000001
128,28,2.5333333333333332
128,29,2.3999999999999999
128,30,2
128,31,2.6666666666666665
128,32,2.6666666666666665
128,33,3.3333333333333335
128,34,3.4666666666666668
128,35,3.9333333333333336
128,36,3.4666666666666668
128,37,3.3333333333333335
128,38,3.3333333333333335
128,39,3.8666666666666667
128,40,3.8666666666666667
128,41,3.5333333333333332
128,42,3
128,43,2.9333333333333336
128,44,2.6000000000000001
128,45,2.6000000000000001
128,46,2.0666666666666669
128,47,2.5333333333333332
128,48,2.4666666666666668
128,49,2.6000000000000001
128,50,2
128,51,1.6000000000000003
128,52,1.2666666666666666
128,53,1.1333333333333335
128,54,1.2
128,55,1
128,56,0.86666666666666659
128,57,0.73333333333333339
128,58,0.73333333333333339
128,59,0.53333333333333333
128,60,0.66666666666666663
128,61,0.66666666666666663
128,62,1
128,63,0.66666666666666663
128,64,0.93333333333333324
128,65,0.59999999999999998
128,66,0.66666666666666663
128,67,0.73333333333333339
128,68,0.93333333333333324
128,69,0.80000000000000016
128,70,0.46666666666666662
128,71,0.39999999999999997
128,72,0.73333333333333339
128,73,0.80000000000000016
128,74,0.66666666666666663
128,75,0.66666666666666663
128,76,0.66666666666666663
128,77,0.93333333333333324
128,78,0.79999999999999993
128,79,0.80000000000000016
128,80,0.79999999999999993
128,81,0.73333333333333339
128,82,0.59999999999999998
128,83,0.40000000000000008
128,84,0.40000000000000008
128,85,0.53333333333333333
128,86,0.60000000000000009
128,87,0.86666666666666659
128,88,0.79999999999999993
128,89,0.66666666666666663
128,90,0.80000000000000016
128,91,1.3333333333333333
128,92,1.9333333333333336
128,93,1.5999999999999999
128,94,1.3333333333333333
128,95,0.79999999999999993
128,96,0.93333333333333324
128,97,0.93333333333333324
128,98,1.3333333333333333
128,99,1.3333333333333333
128,100,1.2
128,101,1.0666666666666667
128,102,1.1333333333333335
128,103,1
128,104,0.66666666666666663
128,105,0.40000000000000008
128,106,0.33333333333333331
128,107,0.46666666666666662
128,108,0.66666666666666663
128,109,1.0666666666666667
128,110,1.3333333333333333
128,111,1.3333333333333333
128,112,0.93333333333333324
128,113,0.93333333333333324
128,114,0.93333333333333324
128,115,1.0666666666666667
128,116,0.93333333333333324
128,117,0.93333333333333324
128,118,0.8666666666666667
128,119,1.2
128,120,1.6000000000000003
128,121,1.8
128,122,1.4666666666666668
128,123,0.8666666666666667
128,124,1
128,125,1.2666666666666666
128,126,1.6666666666666667
128,127,1.6666666666666667
128,128,1.6000000000000003
128,129,1.6000000000000003
128,130,1.3333333333333333
128,131,1.8
128,132,2.4666666666666668
128,133,3
128,134,2.4666666666666668
128,135,2.1999999999999997
128,136,2.7333333333333329
128,137,3.3333333333333335
128,138,3.2666666666666671
128,139,2.8666666666666671
128,140,2.8000000000000003
128,141,2.6000000000000001
128,142,2.8666666666666667
128,143,2.7999999999999994
128,144,3.6000000000000001
128,145,3.6666666666666665
128,146,4.666666666666667
128,147,4.3999999999999995
128,148,4.2666666666666666
128,149,3.9333333333333336
128,150,4.2666666666666666
128,151,4.7999999999999998
128,152,5.2000000000000002
128,153,5.3999999999999995
128,154,5.1333333333333329
128,155,3.9333333333333336
128,156,3.0666666666666664
128,157,2.7333333333333329
128,158,2.9333333333333336
128,159,3.1333333333333333
128,160,3.2666666666666671
128,161,3.6000000000000001
128,162,3.4666666666666663
128,163,3.1333333333333333
128,164,2.3999999999999999
128,165,2.3999999999999999
128,166,2.2666666666666666
128,167,2.1333333333333333
128,168,2
128,169,1.6666666666666667
128,170,1.7333333333333332
128,171,1.2666666666666666
128,172,1.6000000000000003
128,173,1.7333333333333334
128,174,2.2666666666666671
128,175,2
128,176,1.8
128,177,1.2
128,178,1.1333333333333335
128,179,1
128,180,1.4000000000000001
128,181,1.4000000000000001
128,182,1.5333333333333332
128,183,1.3999999999999997
128,184,1.8666666666666665
128,185,1.7333333333333334
128,186,1.8666666666666665
128,187,1.3333333333333333
128,188,1.1333333333333333
128,189,0.79999999999999993
128,190,1.0666666666666667
128,191,1.3999999999999999
129,0,0.60000000000000009
129,1,0.66666666666666663
129,2,0.59999999999999998
129,3,0.73333333333333339
129,4,0.93333333333333324
129,5,1.3333333333333333
129,6,1.2666666666666666
129,7,1.2666666666666666
129,8,1.6666666666666667
129,9,2.0666666666666669
129,10,2.6000000000000001
129,11,2.0666666666666669
129,12,2.0666666666666669
129,13,1.7333333333333334
129,14,1.8
129,15,1.6666666666666667
129,16,1.3333333333333333
129,17,1.4666666666666668
129,18,2.0666666666666669
129,19,2.7333333333333329
129,20,3
129,21,2.6000000000000001
129,22,2.3999999999999999
129,23,2.6000000000000001
129,24,3.2666666666666671
129,25,3.5333333333333337
129,26,3.9333333333333336
129,27,3.5333333333333337
129,28,3.3333333333333335
129,29,4
129,30,4.4000000000000004
129,31,5.4666666666666677
129,32,4.3999999999999995
129,33,4.666666666666667
129,34,3.9333333333333331
129,35,4.1333333333333337
129,36,3.3999999999999999
129,37,3.3333333333333335
129,38,3
129,39,3.1333333333333333
129,40,2.7333333333333329
129,41,2.7333333333333329
129,42,1.8666666666666669
129,43,1.6666666666666667
129,44,1.2666666666666668
129,45,1.5333333333333332
129,46,1.7333333333333334
129,47,1.6666666666666667
129,48,1.8666666666666669
129,49,1.6000000000000003
129,50,1.5333333333333332
129,51,1.5333333333333332
129,52,1.4666666666666668
129,53,1.6666666666666667
129,54,1.2666666666666666
129,55,1.4000000000000001
129,56,1.0666666666666667
129,57,1.2
129,58,1
129,59,1.0666666666666667
129,60,1.0666666666666667
129,61,0.93333333333333346
129,62,1.1333333333333333
129,63,1.4000000000000001
129,64,1.4666666666666668
129,65,1.2666666666666666
129,66,0.73333333333333339
129,67,0.73333333333333339
129,68,0.59999999999999998
129,69,0.93333333333333346
129,70,1.3333333333333333
129,71,1.5999999999999999
129,72,1.2
129,73,0.73333333333333339
129,74,0.73333333333333339
129,75,0.93333333333333324
129,76,0.93333333333333346
129,77,0.8666666666666667
129,78,0.93333333333333324
129,79,1
129,80,1
129,81,0.79999999999999993
129,82,0.80000000000000016
129,83,0.59999999999999998
129,84,0.46666666666666673
129,85,0.33333333333333331
129,86,0.66666666666666663
129,87,1.1333333333333333
129,88,1.3333333333333333
129,89,1.1333333333333335
129,90,0.79999999999999993
129,91,0.73333333333333339
129,92,0.79999999999999993
129,93,1.0666666666666667
129,94,1
129,95,0.93333333333333324
129,96,0.59999999999999998
129,97,0.60000000000000009
129,98,0.59999999999999998
129,99,0.79999999999999993
129,100,1
129,101,1.0666666666666667
129,102,0.93333333333333346
129,103,1.2666666666666668
129,104,1.2000000000000002
129,105,1.3333333333333333
129,106,1
129,107,1.1333333333333335
129,108,1.0666666666666667
129,109,1.2
129,110,1.0000000000000002
129,111,0.93333333333333346
129,112,0.46666666666666662
129,113,0.53333333333333333
129,114,0.66666666666666663
129,115,0.93333333333333324
129,116,1.4666666666666668
129,117,1.6666666666666667
129,118,1.5333333333333332
129,119,1.2
129,120,1.2
129,121,1.7333333333333334
129,122,1.6666666666666667
129,123,1.4666666666666668
129,124,1.2
129,125,1
129,126,1
129,127,1.1333333333333335
129,128,1.3333333333333333
129,129,1.2
129,130,1.1333333333333333
129,131,1.6666666666666667
129,132,1.9333333333333336
129,133,2.6666666666666665
129,134,2.4666666666666663
129,135,2.8000000000000003
129,136,2.4666666666666663
129,137,3
129,138,2.8666666666666667
129,139,3.1333333333333333
129,140,2.7999999999999994
129,141,3.0666666666666664
129,142,2.8666666666666667
129,143,2.6000000000000001
129,144,3.6000000000000001
129,145,4
129,146,4.5333333333333332
129,147,3.7333333333333338
129,148,3.4666666666666668
129,149,2.9333333333333336
129,150,2.6666666666666665
129,151,2.3333333333333335
129,152,2.3999999999999999
129,153,2.2666666666666666
129,154,2.1333333333333333
129,155,3
129,156,3.7999999999999994
129,157,3.9999999999999996
129,158,3.2666666666666662
129,159,2.3999999999999999
129,160,3.1999999999999997
129,161,3.1333333333333333
129,162,3.2000000000000006
129,163,2.3999999999999999
129,164,2.5333333333333337
129,165,3
129,166,2.9333333333333336
129,167,2.8666666666666667
129,168,2.4666666666666668
129,169,2.6666666666666665
129,170,2.7333333333333329
129,171,2.8000000000000003
129,172,2.8666666666666671
129,173,2.4000000000000004
129,174,2
129,175,1.5333333333333332
129,176,1.4000000000000001
129,177,1.2
129,178,0.8666666666666667
129,179,0.66666666666666663
129,180,0.60000000000000009
129,181,0.53333333333333333
129,182,0.86666666666666659
129,183,1.2666666666666666
129,184,1.6000000000000003
129,185,1.8666666666666669
129,186,1.4000000000000001
129,187,1.2666666666666666
129,188,0.73333333333333339
129,189,1
129,190,1
129,191,1.2
130,0,1
130,1,1.2
130,2,1.2666666666666666
130,3,1.2666666666666666
130,4,1.2
130,5,1.5333333333333332
130,6,2.1999999999999997
130,7,2.3999999999999999
130,8,2.1333333333333333
130,9,1.3333333333333333
130,10,1.4666666666666668
130,11,1.4666666666666668
130,12,2.1999999999999997
130,13,2.5333333333333332
130,14,2.8000000000000003
130,15,3.4666666666666668
130,16,3.5333333333333332
130,17,3.3999999999999999
130,18,2.3999999999999999
130,19,2.3333333333333335
130,20,3
130,21,3.8000000000000003
130,22,3.5333333333333332
130,23,3.9333333333333336
130,24,3.8666666666666671
130,25,4.6000000000000005
130,26,4
130,27,3.6000000000000001
130,28,2.7333333333333329
130,29,2.6000000000000001
130,30,2.2666666666666671
130,31,2.8666666666666667
130,32,2.9333333333333336
130,33,3.6666666666666665
130,34,4
130,35,4.333333333333333
130,36,3.6666666666666665
130,37,3.5333333333333332
130,38,3.6666666666666665
130,39,4.333333333333333
130,40,3.9333333333333336
130,41,3.6666666666666665
130,42,3.1333333333333333
130,43,3.3333333333333335
130,44,2.9333333333333336
130,45,2.9333333333333336
130,46,2.3333333333333335
130,47,2.6000000000000001
130,48,2.6666666666666665
130,49,2.6000000000000001
130,50,2.3333333333333335
130,51,1.7333333333333334
130,52,1.6000000000000003
130,53,1.2666666666666666
130,54,1.3999999999999997
130,55,0.99999999999999989
130,56,0.86666666666666659
130,57,0.73333333333333339
130,58,0.8666666666666667
130,59,0.66666666666666663
130,60,0.73333333333333339
130,61,0.66666666666666663
130,62,1.0666666666666667
130,63,0.79999999999999993
130,64,1.0666666666666667
130,65,0.59999999999999998
130,66,0.79999999999999993
130,67,0.8666666666666667
130,68,1.1333333333333335
130,69,0.80000000000000016
130,70,0.46666666666666662
130,71,0.39999999999999997
130,72,0.66666666666666663
130,73,0.79999999999999993
130,74,0.73333333333333339
130,75,0.73333333333333339
130,76,0.66666666666666663
130,77,0.8666666666666667
130,78,0.79999999999999993
130,79,0.8666666666666667
130,80,0.8666666666666667
130,81,0.79999999999999993
130,82,0.66666666666666663
130,83,0.59999999999999998
130,84,0.66666666666666663
130,85,0.66666666666666663
130,86,0.73333333333333339
130,87,0.8666666666666667
130,88,0.79999999999999993
130,89,0.53333333333333333
130,90,0.80000000000000016
130,91,1.5999999999999999
130,92,2.0666666666666664
130,93,1.7333333333333334
130,94,1.2666666666666668
130,95,1
130,96,1.0666666666666667
130,97,1.0666666666666667
130,98,1.4000000000000001
130,99,1.4000000000000001
130,100,1.2666666666666666
130,101,1.0666666666666667
130,102,1.1333333333333335
130,103,1.0666666666666667
130,104,0.73333333333333339
130,105,0.46666666666666662
130,106,0.33333333333333331
130,107,0.53333333333333333
130,108,0.80000000000000016
130,109,1.1333333333333333
130,110,1.3999999999999997
130,111,1.3333333333333333
130,112,1.1333333333333335
130,113,1.1333333333333335
130,114,1.1333333333333335
130,115,1.2666666666666666
130,116,1.1333333333333335
130,117,1.1333333333333333
130,118,1.2
130,119,1.4666666666666668
130,120,1.8666666666666665
130,121,1.9333333333333336
130,122,1.6000000000000003
130,123,1.2
130,124,1.1333333333333333
130,125,1.4666666666666668
130,126,1.6666666666666667
130,127,1.5999999999999999
130,128,1.5333333333333332
130,129,1.5999999999999999
130,130,1.5333333333333332
130,131,1.8
130,132,2.6666666666666665
130,133,3.0666666666666664
130,134,2.7333333333333338
130,135,2.1999999999999997
130,136,2.9333333333333336
130,137,3.3333333333333335
130,138,3.4666666666666668
130,139,3
130,140,3
130,141,2.8666666666666667
130,142,2.9333333333333336
130,143,3.2666666666666671
130,144,3.9333333333333336
130,145,4.2000000000000002
130,146,4.9333333333333336
130,147,4.8666666666666663
130,148,4.7333333333333334
130,149,4.5999999999999996
130,150,4.5333333333333332
130,151,5.2000000000000002
130,152,5.5333333333333341
130,153,6.0666666666666664
130,154,5.7333333333333334
130,155,4.6000000000000005
130,156,3.7333333333333329
130,157,3.3333333333333335
130,158,3.5333333333333332
130,159,3.4666666666666663
130,160,3.5333333333333332
130,161,3.5333333333333337
130,162,3.4666666666666668
130,163,3.1999999999999997
130,164,2.6000000000000001
130,165,2.7333333333333329
130,166,2.5333333333333337
130,167,2.2666666666666666
130,168,1.9333333333333336
130,169,1.5999999999999999
130,170,1.9333333333333333
130,171,1.7333333333333334
130,172,2.0666666666666669
130,173,2.0666666666666669
130,174,2.3333333333333335
130,175,2.2666666666666671
130,176,2
130,177,1.4000000000000001
130,178,1.2
130,179,1.1333333333333335
130,180,1.5999999999999999
130,181,1.6000000000000003
130,182,1.6666666666666667
130,183,1.5333333333333332
130,184,2.0666666666666669
130,185,1.8666666666666665
130,186,1.8666666666666665
130,187,1.2666666666666666
130,188,1.2666666666666666
130,189,1
130,190,1.3333333333333333
130,191,1.6000000000000001
131,0,0.69999999999999996
131,1,0.73333333333333339
131,2,0.73333333333333339
131,3,0.8666666666666667
131,4,1.0666666666666667
131,5,1.3999999999999997
131,6,1.3333333333333333
131,7,1.3999999999999997
131,8,1.8
131,9,2.3333333333333335
131,10,2.6666666666666665
131,11,2.0666666666666669
131,12,1.8666666666666669
131,13,1.4000000000000001
131,14,1.5333333333333334
131,15,1.4666666666666668
131,16,1.4666666666666668
131,17,1.6000000000000003
131,18,2.1333333333333333
131,19,2.6000000000000001
131,20,2.9333333333333336
131,21,2.6000000000000001
131,22,2.5333333333333332
131,23,2.7333333333333329
131,24,3.4666666666666663
131,25,3.8000000000000003
131,26,4.2000000000000002
131,27,3.8000000000000003
131,28,3.4666666666666668
131,29,3.7333333333333329
131,30,4
131,31,5.0666666666666673
131,32,4.6000000000000005
131,33,4.7999999999999998
131,34,4.4000000000000004
131,35,4.2000000000000002
131,36,3.8666666666666671
131,37,3.2666666666666671
131,38,3.2666666666666671
131,39,3
131,40,2.9333333333333336
131,41,2.7999999999999994
131,42,2.0666666666666664
131,43,1.8
131,44,1.4666666666666668
131,45,1.6000000000000003
131,46,1.7333333333333334
131,47,1.6666666666666667
131,48,1.8666666666666665
131,49,1.7333333333333334
131,50,1.6666666666666667
131,51,1.8
131,52,1.5999999999999999
131,53,1.5999999999999999
131,54,1.1333333333333333
131,55,1.4000000000000001
131,56,1.2
131,57,1.4666666666666668
131,58,1.2
131,59,1.2
131,60,1
131,61,0.8666666666666667
131,62,1.0666666666666667
131,63,1.3333333333333333
131,64,1.3333333333333333
131,65,1.1333333333333335
131,66,0.59999999999999998
131,67,0.66666666666666663
131,68,0.66666666666666663
131,69,1
131,70,1.2666666666666668
131,71,1.4000000000000001
131,72,1.0666666666666667
131,73,0.73333333333333339
131,74,0.73333333333333339
131,75,0.93333333333333324
131,76,0.93333333333333346
131,77,1
131,78,0.8666666666666667
131,79,1.2
131,80,1
131,81,1.0666666666666667
131,82,0.80000000000000016
131,83,0.66666666666666663
131,84,0.46666666666666673
131,85,0.33333333333333331
131,86,0.73333333333333339
131,87,1.0666666666666667
131,88,1.3333333333333333
131,89,1.0666666666666667
131,90,0.8666666666666667
131,91,0.86666666666666659
131,92,0.86666666666666659
131,93,1.1333333333333333
131,94,0.93333333333333346
131,95,0.93333333333333324
131,96,0.53333333333333333
131,97,0.53333333333333333
131,98,0.53333333333333333
131,99,0.79999999999999993
131,100,1.0666666666666667
131,101,1.0666666666666667
131,102,1.0666666666666667
131,103,1.2666666666666666
131,104,1.2
131,105,1.2666666666666666
131,106,1.0666666666666667
131,107,1.2666666666666666
131,108,1.1333333333333331
131,109,1
131,110,0.79999999999999993
131,111,0.73333333333333339
131,112,0.53333333333333333
131,113,0.59999999999999998
131,114,0.80000000000000016
131,115,1.0666666666666667
131,116,1.4666666666666668
131,117,1.4000000000000001
131,118,1.0666666666666667
131,119,0.86666666666666659
131,120,1
131,121,1.5999999999999999
131,122,1.5333333333333332
131,123,1.4000000000000001
131,124,1.1333333333333335
131,125,0.93333333333333346
131,126,0.93333333333333324
131,127,1.0666666666666667
131,128,1.2
131,129,1.0666666666666667
131,130,1.2
131,131,1.8
131,132,2.2666666666666666
131,133,2.8666666666666667
131,134,2.7333333333333329
131,135,3
131,136,2.7333333333333329
131,137,3
131,138,2.8666666666666667
131,139,3.1333333333333329
131,140,3.0666666666666664
131,141,3.4666666666666668
131,142,3.3333333333333335
131,143,3
131,144,3.8000000000000003
131,145,4.1333333333333337
131,146,4.6000000000000005
131,147,3.8000000000000003
131,148,3.5333333333333332
131,149,3.2666666666666671
131,150,3.0666666666666664
131,151,2.7333333333333329
131,152,2.9333333333333336
131,153,2.6000000000000001
131,154,2.4666666666666668
131,155,2.9333333333333336
131,156,3.8666666666666667
131,157,3.9999999999999996
131,158,3.2000000000000006
131,159,2.4666666666666668
131,160,3.3333333333333335
131,161,3.5333333333333337
131,162,3.4666666666666668
131,163,2.333333333333333
131,164,2.4666666666666668
131,165,2.7333333333333329
131,166,2.9333333333333336
131,167,2.6000000000000001
131,168,2.3999999999999999
131,169,2.5333333333333337
131,170,2.7333333333333329
131,171,2.7333333333333329
131,172,3.0666666666666664
131,173,2.6000000000000001
131,174,2.2666666666666662
131,175,1.4000000000000001
131,176,1.3333333333333333
131,177,1.0666666666666667
131,178,0.93333333333333324
131,179,0.73333333333333339
131,180,0.73333333333333339
131,181,0.66666666666666663
131,182,0.86666666666666659
131,183,1.2666666666666666
131,184,1.5333333333333332
131,185,1.8666666666666665
131,186,1.4000000000000001
131,187,1.4000000000000001
131,188,0.8666666666666667
131,189,1.0666666666666667
131,190,1.0666666666666667
131,191,1.2999999999999998
132,0,1.1000000000000001
132,1,1.4000000000000001
132,2,1.2666666666666666
132,3,1.3333333333333333
132,4,1.2
132,5,1.4666666666666668
132,6,2.2666666666666671
132,7,2.3999999999999999
132,8,2.1333333333333333
132,9,1.2666666666666666
132,10,1.5333333333333332
132,11,1.6666666666666667
132,12,2.1999999999999997
132,13,2.3333333333333335
132,14,2.4666666666666668
132,15,2.9333333333333336
132,16,3.0666666666666664
132,17,3.1333333333333333
132,18,2.2000000000000002
132,19,2
132,20,2.3999999999999999
132,21,3.3999999999999999
132,22,3.4666666666666668
132,23,3.8666666666666671
132,24,3.8000000000000003
132,25,4.1333333333333329
132,26,3.5999999999999996
132,27,3.2000000000000006
132,28,2.8000000000000003
132,29,2.6666666666666665
132,30,2.6666666666666665
132,31,2.9333333333333336
132,32,3
132,33,3.3999999999999999
132,34,3.6000000000000001
132,35,3.8000000000000003
132,36,3.0666666666666669
132,37,3.0666666666666664
132,38,3.6000000000000001
132,39,4.2666666666666666
132,40,3.8666666666666658
132,41,3.5333333333333332
132,42,3.0666666666666669
132,43,3.4666666666666668
132,44,3
132,45,3.0666666666666669
132,46,2.4666666666666668
132,47,2.9333333333333336
132,48,3.0666666666666664
132,49,2.8666666666666667
132,50,2.4666666666666668
132,51,1.9333333333333336
132,52,1.7333333333333332
132,53,1.2666666666666666
132,54,1.2
132,55,0.80000000000000016
132,56,0.73333333333333339
132,57,0.66666666666666663
132,58,0.79999999999999993
132,59,0.66666666666666663
132,60,0.8666666666666667
132,61,0.73333333333333339
132,62,0.93333333333333324
132,63,0.53333333333333333
132,64,0.86666666666666659
132,65,0.59999999999999998
132,66,0.86666666666666659
132,67,0.93333333333333324
132,68,1.1333333333333331
132,69,0.73333333333333339
132,70,0.40000000000000008
132,71,0.33333333333333331
132,72,0.59999999999999998
132,73,0.66666666666666663
132,74,0.59999999999999998
132,75,0.66666666666666663
132,76,0.59999999999999998
132,77,0.86666666666666659
132,78,0.73333333333333339
132,79,0.86666666666666659
132,80,0.79999999999999993
132,81,0.73333333333333339
132,82,0.59999999999999998
132,83,0.46666666666666662
132,84,0.66666666666666663
132,85,0.66666666666666663
132,86,0.86666666666666659
132,87,0.66666666666666663
132,88,0.73333333333333339
132,89,0.39999999999999997
132,90,0.73333333333333339
132,91,1.3333333333333333
132,92,1.8666666666666665
132,93,1.8
132,94,1.4000000000000001
132,95,1
132,96,1
132,97,1.2
132,98,1.6666666666666667
132,99,1.5333333333333332
132,100,1.3333333333333333
132,101,1.0666666666666667
132,102,1.1333333333333333
132,103,1.0666666666666667
132,104,0.79999999999999993
132,105,0.53333333333333333
132,106,0.33333333333333331
132,107,0.53333333333333333
132,108,0.86666666666666659
132,109,1.2
132,110,1.3333333333333333
132,111,1.2666666666666666
132,112,1
132,113,1.0666666666666667
132,114,1.2
132,115,1.4000000000000001
132,116,1.2666666666666666
132,117,1.2
132,118,1.1333333333333333
132,119,1.3333333333333333
132,120,1.4666666666666668
132,121,1.4000000000000001
132,122,1.3333333333333333
132,123,1.0000000000000002
132,124,1.2
132,125,1.2666666666666666
132,126,1.8
132,127,1.7333333333333334
132,128,1.7333333333333334
132,129,1.5999999999999999
132,130,1.5333333333333332
132,131,1.7333333333333332
132,132,2.5333333333333332
132,133,2.8000000000000003
132,134,2.6666666666666665
132,135,2
132,136,2.9333333333333336
132,137,3.3333333333333335
132,138,3.2666666666666671
132,139,2.8666666666666667
132,140,2.7333333333333329
132,141,3
132,142,2.6000000000000001
132,143,3
132,144,3.6666666666666665
132,145,3.9333333333333336
132,146,4.3999999999999995
132,147,4.3999999999999995
132,148,4.3999999999999995
132,149,4.2666666666666666
132,150,4.1333333333333337
132,151,4.7999999999999998
132,152,5.333333333333333
132,153,5.5333333333333341
132,154,5.3999999999999995
132,155,4.333333333333333
132,156,3.6666666666666665
132,157,3.2666666666666671
132,158,3.2666666666666671
132,159,3.5333333333333332
132,160,3.4666666666666663
132,161,3.5333333333333332
132,162,3.0666666666666669
132,163,3
132,164,2.3333333333333335
132,165,2.6666666666666665
132,166,2.3999999999999999
132,167,2.1999999999999997
132,168,1.8666666666666665
132,169,1.5999999999999999
132,170,1.9333333333333333
132,171,1.8666666666666665
132,172,2.2666666666666671
132,173,2.2666666666666671
132,174,2.3999999999999999
132,175,2.1999999999999997
132,176,1.9333333333333333
132,177,1.4666666666666668
132,178,1.2
132,179,1.2666666666666666
132,180,1.5333333333333332
132,181,1.5333333333333332
132,182,1.6000000000000003
132,183,1.4666666666666668
132,184,1.9333333333333336
132,185,1.6666666666666667
132,186,1.7333333333333334
132,187,1.2
132,188,1.2
132,189,0.8666666666666667
132,190,1.3333333333333333
132,191,1.6000000000000001
133,0,0.59999999999999998
133,1,0.53333333333333333
133,2,0.46666666666666662
133,3,0.73333333333333339
133,4,1.0666666666666667
133,5,1.3999999999999997
133,6,1.3333333333333333
133,7,1.3999999999999997
133,8,1.8
133,9,2.3333333333333335
133,10,2.6666666666666665
133,11,2.1333333333333333
133,12,1.9333333333333336
133,13,1.5333333333333332
133,14,1.8666666666666665
133,15,1.7333333333333334
133,16,1.8
133,17,1.6000000000000003
133,18,2.1999999999999997
133,19,2.8000000000000003
133,20,3.2666666666666671
133,21,2.9333333333333331
133,22,2.8000000000000003
133,23,3.1333333333333329
133,24,3.6666666666666665
133,25,4
133,26,4
133,27,3.9333333333333336
133,28,3.6000000000000001
133,29,3.8666666666666667
133,30,4.1333333333333329
133,31,4.7999999999999998
133,32,4.666666666666667
133,33,4.7999999999999998
133,34,4.3999999999999995
133,35,4.1333333333333337
133,36,3.5999999999999996
133,37,3.2666666666666671
133,38,3.1333333333333333
133,39,3
133,40,3.2666666666666671
133,41,3.2666666666666671
133,42,2.6000000000000001
133,43,2
133,44,1.5999999999999999
133,45,1.7333333333333334
133,46,1.8
133,47,1.7333333333333334
133,48,2
133,49,1.8
133,50,1.8
133,51,1.8
133,52,1.5999999999999999
133,53,1.4666666666666668
133,54,0.93333333333333324
133,55,1.2666666666666666
133,56,1.2
133,57,1.5333333333333332
133,58,1.2
133,59,1.0666666666666667
133,60,0.79999999999999993
133,61,0.73333333333333339
133,62,0.93333333333333324
133,63,1.3999999999999997
133,64,1.3999999999999997
133,65,1.2666666666666666
133,66,0.59999999999999998
133,67,0.80000000000000016
133,68,0.8666666666666667
133,69,1.1333333333333335
133,70,1.3333333333333333
133,71,1.4000000000000001
133,72,1.1333333333333333
133,73,0.66666666666666663
133,74,0.73333333333333339
133,75,0.86666666666666659
133,76,1
133,77,1
133,78,1
133,79,1.1333333333333335
133,80,1.0666666666666667
133,81,1.0666666666666667
133,82,1
133,83,0.79999999999999993
133,84,0.66666666666666663
133,85,0.53333333333333333
133,86,1
133,87,1.3333333333333333
133,88,1.4666666666666668
133,89,1.0666666666666667
133,90,0.8666666666666667
133,91,0.93333333333333324
133,92,0.93333333333333324
133,93,1.1333333333333333
133,94,1.0666666666666667
133,95,1
133,96,0.59999999999999998
133,97,0.46666666666666662
133,98,0.53333333333333333
133,99,0.66666666666666663
133,100,0.93333333333333324
133,101,1
133,102,1.2
133,103,1.3333333333333333
133,104,1.2
133,105,1.2
133,106,1.0666666666666667
133,107,1.2666666666666666
133,108,1.1333333333333331
133,109,0.93333333333333324
133,110,0.73333333333333339
133,111,0.66666666666666663
133,112,0.46666666666666662
133,113,0.59999999999999998
133,114,0.79999999999999993
133,115,1.2
133,116,1.5999999999999999
133,117,1.5333333333333332
133,118,1.3333333333333333
133,119,1.2
133,120,1.2666666666666666
133,121,1.7333333333333334
133,122,1.4666666666666668
133,123,1.4666666666666668
133,124,1.2
133,125,1.2
133,126,1.2
133,127,1.2666666666666668
133,128,1.3333333333333333
133,129,1.1333333333333333
133,130,1.2666666666666666
133,131,2.0666666666666669
133,132,2.6666666666666665
133,133,3.1333333333333333
133,134,2.7333333333333329
133,135,2.8666666666666667
133,136,2.6666666666666665
133,137,2.9333333333333336
133,138,3.2666666666666671
133,139,3.7333333333333329
133,140,3.6000000000000001
133,141,3.9333333333333336
133,142,3.6666666666666665
133,143,3.5999999999999996
133,144,4
133,145,4.2000000000000002
133,146,4.7333333333333334
133,147,4
133,148,3.8666666666666667
133,149,3.5333333333333337
133,150,3.4000000000000004
133,151,3.0666666666666664
133,152,3.1333333333333333
133,153,2.6666666666666665
133,154,2.6000000000000001
133,155,2.9333333333333336
133,156,4.0666666666666673
133,157,4
133,158,3.2000000000000006
133,159,2.3333333333333335
133,160,3.3999999999999999
133,161,3.6666666666666665
133,162,3.6666666666666665
133,163,2.3999999999999999
133,164,2.6000000000000001
133,165,2.6000000000000001
133,166,3
133,167,2.6000000000000001
133,168,2.6000000000000001
133,169,2.6666666666666665
133,170,3.0666666666666664
133,171,2.8000000000000003
133,172,2.8666666666666671
133,173,2.1999999999999997
133,174,2.1333333333333333
133,175,1.6666666666666667
133,176,1.5333333333333332
133,177,1.2
133,178,0.8666666666666667
133,179,0.73333333333333339
133,180,0.73333333333333339
133,181,0.73333333333333339
133,182,0.93333333333333324
133,183,1.3333333333333333
133,184,1.6000000000000003
133,185,2.0666666666666669
133,186,1.5999999999999999
133,187,1.5333333333333332
133,188,0.93333333333333324
133,189,1.2666666666666668
133,190,1.1333333333333335
133,191,1.3
134,0,0.80000000000000004
134,1,1.2
134,2,1.3333333333333333
134,3,1.4000000000000001
134,4,1.2
134,5,1.4000000000000001
134,6,2.1999999999999997
134,7,2.2666666666666671
134,8,1.9333333333333333
134,9,1.1333333333333335
134,10,1.4666666666666668
134,11,1.7333333333333334
134,12,2.2666666666666671
134,13,2.3333333333333335
134,14,2.3999999999999999
134,15,2.6000000000000001
134,16,3.0666666666666664
134,17,3.0666666666666669
134,18,2.4666666666666668
134,19,2.1333333333333333
134,20,2.6666666666666665
134,21,3.4666666666666663
134,22,3.6666666666666665
134,23,4.1333333333333329
134,24,4.2666666666666666
134,25,4.333333333333333
134,26,3.7333333333333329
134,27,3.2666666666666671
134,28,3.0666666666666664
134,29,3
134,30,3.0666666666666664
134,31,3.0666666666666664
134,32,3.2000000000000006
134,33,3.5333333333333332
134,34,3.6000000000000001
134,35,3.7333333333333329
134,36,3.1999999999999997
134,37,3.6000000000000001
134,38,3.9333333333333331
134,39,4.2666666666666666
134,40,3.8666666666666667
134,41,3.4666666666666668
134,42,3.1999999999999997
134,43,3.5333333333333332
134,44,3.0666666666666664
134,45,3.0666666666666664
134,46,2.1999999999999997
134,47,2.6666666666666665
134,48,2.7333333333333329
134,49,2.7999999999999994
134,50,2.3999999999999999
134,51,1.8666666666666669
134,52,1.6000000000000003
134,53,1.0666666666666667
134,54,1.1333333333333333
134,55,0.79999999999999993
134,56,0.86666666666666659
134,57,0.73333333333333339
134,58,0.59999999999999998
134,59,0.53333333333333333
134,60,0.53333333333333333
134,61,0.80000000000000016
134,62,0.93333333333333324
134,63,0.73333333333333339
134,64,0.79999999999999993
134,65,0.59999999999999998
134,66,0.79999999999999993
134,67,0.86666666666666659
134,68,0.93333333333333346
134,69,0.59999999999999998
134,70,0.33333333333333331
134,71,0.33333333333333331
134,72,0.53333333333333333
134,73,0.73333333333333339
134,74,0.66666666666666663
134,75,0.79999999999999993
134,76,0.66666666666666663
134,77,0.93333333333333324
134,78,0.73333333333333328
134,79,0.66666666666666663
134,80,0.59999999999999998
134,81,0.59999999999999998
134,82,0.59999999999999998
134,83,0.40000000000000008
134,84,0.66666666666666663
134,85,0.59999999999999998
134,86,0.79999999999999993
134,87,0.53333333333333333
134,88,0.59999999999999998
134,89,0.26666666666666666
134,90,0.59999999999999998
134,91,1.2
134,92,1.8666666666666665
134,93,1.8
134,94,1.4666666666666668
134,95,1.0666666666666667
134,96,1
134,97,1.1333333333333335
134,98,1.4666666666666668
134,99,1.5333333333333334
134,100,1.3333333333333333
134,101,1.2
134,102,1.1333333333333333
134,103,1
134,104,0.59999999999999998
134,105,0.26666666666666666
134,106,0.20000000000000004
134,107,0.33333333333333331
134,108,0.8666666666666667
134,109,1.0666666666666667
134,110,1.3333333333333333
134,111,1.1333333333333333
134,112,0.93333333333333324
134,113,1.0666666666666667
134,114,1.1333333333333335
134,115,1.4000000000000001
134,116,1.0666666666666667
134,117,1
134,118,0.8666666666666667
134,119,1.2
134,120,1.2666666666666666
134,121,1.2666666666666666
134,122,1.2
134,123,1.0000000000000002
134,124,1.0666666666666667
134,125,1.0666666666666667
134,126,1.5333333333333332
134,127,1.5333333333333332
134,128,1.4000000000000001
134,129,1.3333333333333333
134,130,1.4000000000000001
134,131,1.5999999999999999
134,132,2.3999999999999999
134,133,2.6666666666666665
134,134,2.8000000000000003
134,135,2.1333333333333333
134,136,2.8666666666666671
134,137,3.0666666666666664
134,138,3
134,139,2.6666666666666665
134,140,2.8000000000000003
134,141,3.3333333333333335
134,142,3.2000000000000006
134,143,3.2666666666666671
134,144,3.5333333333333332
134,145,3.6666666666666665
134,146,4.3999999999999995
134,147,4.7999999999999998
134,148,4.7333333333333334
134,149,4.666666666666667
134,150,4.2000000000000002
134,151,4.9333333333333336
134,152,5.4666666666666659
134,153,5.7333333333333334
134,154,5.5333333333333341
134,155,4.333333333333333
134,156,3.6666666666666665
134,157,3.3999999999999999
134,158,3.4666666666666668
134,159,3.9333333333333336
134,160,3.8000000000000003
134,161,3.7333333333333338
134,162,3
134,163,2.8666666666666667
134,164,2.3333333333333335
134,165,2.7333333333333329
134,166,2.3999999999999999
134,167,2.1333333333333333
134,168,1.9333333333333333
134,169,1.7333333333333332
134,170,2.0666666666666664
134,171,1.8
134,172,2.2666666666666666
134,173,2.2666666666666666
134,174,2.4666666666666668
134,175,2.2666666666666666
134,176,1.8666666666666669
134,177,1.3333333333333333
134,178,1
134,179,1.1333333333333335
134,180,1.5333333333333332
134,181,1.5333333333333334
134,182,1.6666666666666667
134,183,1.4666666666666668
134,184,1.9333333333333336
134,185,1.6666666666666667
134,186,1.6666666666666667
134,187,1.1333333333333335
134,188,1.1333333333333335
134,189,0.8666666666666667
134,190,1.1333333333333335
134,191,1.3
135,0,0.5
135,1,0.39999999999999997
135,2,0.40000000000000008
135,3,0.53333333333333333
135,4,0.93333333333333324
135,5,1.0666666666666667
135,6,1.1333333333333335
135,7,1.4000000000000001
135,8,1.6000000000000003
135,9,2.1999999999999997
135,10,1.8666666666666669
135,11,1.9333333333333336
135,12,1.3999999999999997
135,13,1.4000000000000001
135,14,1.5333333333333332
135,15,1.6000000000000003
135,16,1.5999999999999999
135,17,1.4666666666666668
135,18,2
135,19,2.6666666666666665
135,20,2.9333333333333336
135,21,2.6666666666666665
135,22,2.3999999999999999
135,23,2.7333333333333329
135,24,3.3333333333333335
135,25,3.7999999999999994
135,26,4.1333333333333337
135,27,4.1333333333333329
135,28,4.1333333333333337
135,29,3.9333333333333336
135,30,4.1333333333333329
135,31,4.6000000000000005
135,32,4.3999999999999995
135,33,4.5333333333333341
135,34,3.9333333333333336
135,35,3.9333333333333336
135,36,3.1333333333333329
135,37,3
135,38,2.9333333333333336
135,39,2.8000000000000003
135,40,2.8000000000000003
135,41,2.6000000000000001
135,42,2.2000000000000002
135,43,1.5999999999999999
135,44,1.4000000000000001
135,45,1.5333333333333332
135,46,1.8
135,47,1.5999999999999999
135,48,1.9333333333333336
135,49,1.5333333333333332
135,50,1.7333333333333334
135,51,1.4666666666666668
135,52,1.4666666666666668
135,53,1.3333333333333333
135,54,0.93333333333333346
135,55,1.2
135,56,1.1333333333333335
135,57,1.5333333333333332
135,58,1.2666666666666666
135,59,1.2
135,60,0.8666666666666667
135,61,0.66666666666666663
135,62,0.59999999999999998
135,63,1.1333333333333333
135,64,1.2
135,65,1.2
135,66,0.53333333333333333
135,67,0.80000000000000016
135,68,0.80000000000000016
135,69,1.1333333333333333
135,70,1.3333333333333333
135,71,1.4666666666666668
135,72,1.1333333333333333
135,73,0.59999999999999998
135,74,0.59999999999999998
135,75,0.79999999999999993
135,76,1
135,77,1.0666666666666667
135,78,1
135,79,1.1333333333333335
135,80,1.0666666666666667
135,81,1.0666666666666667
135,82,0.93333333333333324
135,83,0.66666666666666663
135,84,0.60000000000000009
135,85,0.53333333333333333
135,86,1.0666666666666667
135,87,1.2666666666666666
135,88,1.4000000000000001
135,89,1
135,90,0.8666666666666667
135,91,0.80000000000000016
135,92,0.73333333333333339
135,93,0.93333333333333324
135,94,1
135,95,1
135,96,0.59999999999999998
135,97,0.33333333333333331
135,98,0.40000000000000008
135,99,0.53333333333333333
135,100,0.93333333333333324
135,101,1
135,102,1.3333333333333333
135,103,1.2666666666666666
135,104,1.0666666666666667
135,105,0.8666666666666667
135,106,1
135,107,1.1333333333333335
135,108,1.0666666666666667
135,109,0.80000000000000016
135,110,0.66666666666666663
135,111,0.60000000000000009
135,112,0.39999999999999997
135,113,0.59999999999999998
135,114,0.73333333333333339
135,115,1.1333333333333333
135,116,1.4666666666666668
135,117,1.4666666666666668
135,118,1.2666666666666666
135,119,1.1333333333333335
135,120,1.2666666666666668
135,121,1.5999999999999999
135,122,1.3333333333333333
135,123,1.2
135,124,1.0666666666666667
135,125,1.1333333333333333
135,126,1.2
135,127,1.3333333333333333
135,128,1.3333333333333333
135,129,1.2
135,130,1.2666666666666666
135,131,2.1999999999999997
135,132,2.6000000000000001
135,133,3.0666666666666664
135,134,2.4666666666666668
135,135,2.6666666666666665
135,136,2.3999999999999999
135,137,2.6666666666666665
135,138,3.1333333333333333
135,139,3.2666666666666671
135,140,3.1333333333333333
135,141,3.5333333333333337
135,142,3.3999999999999999
135,143,3.2666666666666671
135,144,3.3999999999999999
135,145,3.8666666666666667
135,146,4.6000000000000005
135,147,3.8666666666666667
135,148,3.7333333333333329
135,149,3.3333333333333335
135,150,3.3333333333333335
135,151,3
135,152,3.0666666666666664
135,153,2.6666666666666665
135,154,2.6000000000000001
135,155,2.8666666666666667
135,156,3.8000000000000003
135,157,3.6666666666666665
135,158,3.0666666666666664
135,159,2.3333333333333335
135,160,3.2666666666666671
135,161,3.5333333333333332
135,162,3.3999999999999999
135,163,2.2000000000000002
135,164,2.2666666666666666
135,165,2.3333333333333335
135,166,2.8666666666666671
135,167,2.6000000000000001
135,168,2.5999999999999996
135,169,2.6000000000000001
135,170,2.7333333333333329
135,171,2.3999999999999999
135,172,2.5333333333333337
135,173,2.1333333333333333
135,174,2.3333333333333335
135,175,1.9333333333333336
135,176,1.8
135,177,1.2666666666666668
135,178,0.79999999999999993
135,179,0.53333333333333333
135,180,0.59999999999999998
135,181,0.60000000000000009
135,182,0.86666666666666659
135,183,1.2
135,184,1.5333333333333332
135,185,1.8
135,186,1.4000000000000001
135,187,1.2666666666666666
135,188,0.93333333333333324
135,189,1.2
135,190,1.1333333333333333
135,191,1.2
136,0,0.5
136,1,0.73333333333333339
136,2,0.93333333333333324
136,3,0.8666666666666667
136,4,0.73333333333333339
136,5,0.60000000000000009
136,6,0.79999999999999993
136,7,1.0666666666666667
136,8,1.1333333333333335
136,9,1.2666666666666668
136,10,1.6666666666666667
136,11,1.9999999999999998
136,12,2.2666666666666666
136,13,1.6666666666666667
136,14,1.4000000000000001
136,15,1.6666666666666667
136,16,2.3333333333333335
136,17,2.4666666666666668
136,18,2.2666666666666671
136,19,2.3333333333333335
136,20,3.0666666666666664
136,21,3.2666666666666671
136,22,3.3333333333333335
136,23,3.4666666666666668
136,24,3.8000000000000003
136,25,3.5333333333333332
136,26,3.1333333333333329
136,27,3.0666666666666664
136,28,4.2000000000000002
136,29,4.666666666666667
136,30,4.8666666666666663
136,31,4.666666666666667
136,32,4.1333333333333337
136,33,3.7333333333333329
136,34,3.1333333333333333
136,35,2.8666666666666671
136,36,2.8666666666666671
136,37,2.6666666666666665
136,38,3.2666666666666671
136,39,3.0666666666666664
136,40,3
136,41,2.8666666666666671
136,42,2.8000000000000003
136,43,2.6666666666666665
136,44,2.1333333333333333
136,45,1.9333333333333333
136,46,1.7333333333333334
136,47,1.8
136,48,1.8
136,49,1.5999999999999999
136,50,1.5999999999999999
136,51,1.3333333333333333
136,52,1.3999999999999997
136,53,1.0666666666666667
136,54,1.2
136,55,1
136,56,0.8666666666666667
136,57,0.66666666666666663
136,58,0.60000000000000009
136,59,0.53333333333333333
136,60,0.40000000000000008
136,61,0.53333333333333333
136,62,0.79999999999999993
136,63,0.79999999999999993
136,64,0.93333333333333324
136,65,0.73333333333333328
136,66,1.1333333333333333
136,67,0.8666666666666667
136,68,1.2
136,69,0.79999999999999993
136,70,0.73333333333333328
136,71,0.53333333333333333
136,72,0.73333333333333339
136,73,0.66666666666666663
136,74,0.79999999999999993
136,75,0.53333333333333333
136,76,0.66666666666666663
136,77,0.40000000000000008
136,78,0.39999999999999997
136,79,0.20000000000000004
136,80,0.20000000000000004
136,81,0.26666666666666666
136,82,0.33333333333333331
136,83,0.33333333333333331
136,84,0.73333333333333339
136,85,0.93333333333333324
136,86,1.2000000000000002
136,87,0.8666666666666667
136,88,0.66666666666666663
136,89,0.40000000000000008
136,90,0.46666666666666673
136,91,0.80000000000000016
136,92,1.0666666666666667
136,93,0.93333333333333324
136,94,0.8666666666666667
136,95,0.73333333333333339
136,96,0.8666666666666667
136,97,1
136,98,1
136,99,1.1333333333333335
136,100,0.79999999999999993
136,101,0.8666666666666667
136,102,0.73333333333333339
136,103,0.8666666666666667
136,104,0.66666666666666663
136,105,0.46666666666666673
136,106,0.33333333333333331
136,107,0.53333333333333333
136,108,0.79999999999999993
136,109,1
136,110,1.1333333333333333
136,111,1.1333333333333333
136,112,0.8666666666666667
136,113,0.93333333333333324
136,114,1
136,115,1.4666666666666668
136,116,1.0666666666666667
136,117,1.1333333333333333
136,118,0.79999999999999993
136,119,0.93333333333333324
136,120,0.93333333333333324
136,121,1.1333333333333335
136,122,1.3999999999999997
136,123,1.2
136,124,1.6666666666666667
136,125,1.4666666666666668
136,126,2.1333333333333333
136,127,1.7333333333333332
136,128,1.8666666666666665
136,129,1.3999999999999997
136,130,1.5333333333333332
136,131,1.8
136,132,2.2666666666666666
136,133,2.0666666666666669
136,134,2
136,135,1.6666666666666667
136,136,2.9333333333333336
136,137,3.3999999999999999
136,138,3.4666666666666668
136,139,2.5333333333333337
136,140,2.1333333333333333
136,141,2.3333333333333335
136,142,2.0000000000000004
136,143,1.9333333333333333
136,144,2.3999999999999999
136,145,3
136,146,3.6666666666666665
136,147,3.3999999999999999
136,148,3.6000000000000001
136,149,3.8000000000000003
136,150,3.8666666666666667
136,151,4.0666666666666664
136,152,3.9333333333333336
136,153,3.9333333333333336
136,154,3.0666666666666664
136,155,2.4666666666666668
136,156,2.0666666666666669
136,157,2.5333333333333332
136,158,2.8000000000000003
136,159,3.3999999999999999
136,160,3.3333333333333335
136,161,3.2666666666666671
136,162,2.8000000000000003
136,163,2.2666666666666666
136,164,1.8666666666666665
136,165,2.1999999999999997
136,166,2.4666666666666668
136,167,2.3999999999999999
136,168,2.0666666666666669
136,169,2.2666666666666671
136,170,2.7333333333333329
136,171,2.3333333333333335
136,172,2.1333333333333333
136,173,1.5333333333333332
136,174,1.2666666666666668
136,175,1
136,176,0.86666666666666659
136,177,1.2
136,178,1.1333333333333335
136,179,1.2666666666666666
136,180,1.0666666666666667
136,181,0.8666666666666667
136,182,0.73333333333333339
136,183,0.8666666666666667
136,184,1.2666666666666668
136,185,1.0666666666666667
136,186,0.8666666666666667
136,187,0.79999999999999993
136,188,1
136,189,0.93333333333333346
136,190,0.59999999999999998
136,191,0.5
137,0,0.5
137,1,0.33333333333333331
137,2,0.33333333333333331
137,3,0.46666666666666662
137,4,0.73333333333333339
137,5,0.80000000000000016
137,6,1.1333333333333335
137,7,1.4000000000000001
137,8,1.5333333333333334
137,9,1.2666666666666666
137,10,1
137,11,1.2
137,12,1.6666666666666667
137,13,1.8
137,14,1.5999999999999999
137,15,1.3333333333333333
137,16,1.2
137,17,1.0666666666666667
137,18,0.8666666666666667
137,19,1.2
137,20,1.3333333333333333
137,21,1.4666666666666668
137,22,1.2
137,23,1.3333333333333333
137,24,1.8
137,25,1.8666666666666669
137,26,1.8
137,27,1.3999999999999997
137,28,1.8
137,29,1.8666666666666665
137,30,1.8
137,31,1.7333333333333334
137,32,1.8666666666666665
137,33,2
137,34,1.9333333333333333
137,35,1.8666666666666665
137,36,1.6666666666666667
137,37,1.5333333333333332
137,38,1.3333333333333333
137,39,1.2
137,40,1.4000000000000001
137,41,1.8
137,42,1.8666666666666665
137,43,1.3333333333333333
137,44,0.80000000000000016
137,45,0.93333333333333324
137,46,1.2666666666666668
137,47,1.2
137,48,1
137,49,0.59999999999999998
137,50,0.80000000000000016
137,51,0.73333333333333339
137,52,0.79999999999999993
137,53,0.66666666666666663
137,54,0.66666666666666663
137,55,0.86666666666666659
137,56,0.79999999999999993
137,57,0.79999999999999993
137,58,0.53333333333333333
137,59,0.59999999999999998
137,60,0.73333333333333339
137,61,0.66666666666666663
137,62,0.53333333333333333
137,63,0.59999999999999998
137,64,0.66666666666666663
137,65,0.8666666666666667
137,66,0.86666666666666659
137,67,1.2666666666666668
137,68,1.1333333333333333
137,69,1.0666666666666667
137,70,0.93333333333333324
137,71,1
137,72,0.79999999999999993
137,73,0.46666666666666673
137,74,0.20000000000000004
137,75,0.46666666666666662
137,76,0.73333333333333339
137,77,0.8666666666666667
137,78,0.53333333333333333
137,79,0.33333333333333331
137,80,0.33333333333333331
137,81,0.40000000000000008
137,82,0.40000000000000008
137,83,0.33333333333333331
137,84,0.53333333333333333
137,85,0.73333333333333339
137,86,1.2
137,87,1.1333333333333335
137,88,0.93333333333333346
137,89,0.46666666666666673
137,90,0.53333333333333333
137,91,0.53333333333333333
137,92,0.66666666666666663
137,93,0.66666666666666663
137,94,0.80000000000000016
137,95,0.73333333333333339
137,96,0.53333333333333333
137,97,0.40000000000000008
137,98,0.53333333333333333
137,99,0.66666666666666663
137,100,0.8666666666666667
137,101,0.93333333333333324
137,102,1.0666666666666667
137,103,0.8666666666666667
137,104,0.59999999999999998
137,105,0.40000000000000008
137,106,0.46666666666666662
137,107,0.53333333333333333
137,108,0.46666666666666662
137,109,0.46666666666666662
137,110,0.39999999999999997
137,111,0.59999999999999998
137,112,0.66666666666666663
137,113,0.79999999999999993
137,114,0.79999999999999993
137,115,0.8666666666666667
137,116,0.79999999999999993
137,117,0.59999999999999998
137,118,0.53333333333333333
137,119,0.66666666666666663
137,120,0.8666666666666667
137,121,1.0666666666666667
137,122,1
137,123,1.2
137,124,1.2666666666666668
137,125,1.3333333333333333
137,126,1.0000000000000002
137,127,0.86666666666666659
137,128,0.86666666666666659
137,129,1.1333333333333333
137,130,1.2
137,131,1.3999999999999997
137,132,1.2
137,133,1.5333333333333332
137,134,1.5333333333333332
137,135,1.5333333333333332
137,136,1.2
137,137,1.6000000000000003
137,138,2.1999999999999997
137,139,2.6000000000000001
137,140,2.3333333333333335
137,141,2.5333333333333337
137,142,2.4666666666666668
137,143,2.2666666666666666
137,144,2
137,145,1.6666666666666667
137,146,1.8
137,147,1.6666666666666667
137,148,1.6666666666666667
137,149,1.8
137,150,2
137,151,2.0666666666666664
137,152,2
137,153,1.3333333333333333
137,154,1.4666666666666668
137,155,1.4666666666666668
137,156,2.3333333333333335
137,157,2
137,158,2.1333333333333333
137,159,1.6666666666666667
137,160,2.1999999999999997
137,161,2.1333333333333333
137,162,2.0666666666666664
137,163,1.4666666666666668
137,164,1.2666666666666668
137,165,1.0666666666666667
137,166,1.2666666666666666
137,167,1.2666666666666666
137,168,1.3999999999999997
137,169,1.3999999999999997
137,170,1.3333333333333333
137,171,1.2666666666666666
137,172,1.4000000000000001
137,173,1.2
137,174,1.1333333333333333
137,175,1
137,176,1
137,177,0.79999999999999993
137,178,0.46666666666666662
137,179,0.40000000000000008
137,180,0.40000000000000008
137,181,0.40000000000000008
137,182,0.40000000000000008
137,183,0.53333333333333333
137,184,0.60000000000000009
137,185,0.79999999999999993
137,186,0.66666666666666663
137,187,0.66666666666666663
137,188,0.53333333333333333
137,189,0.59999999999999998
137,190,0.59999999999999998
137,191,0.59999999999999998
138,0,0.40000000000000002
138,1,0.59999999999999998
138,2,0.73333333333333339
138,3,0.59999999999999998
138,4,0.59999999999999998
138,5,0.59999999999999998
138,6,0.79999999999999993
138,7,0.86666666666666659
138,8,0.93333333333333346
138,9,0.93333333333333324
138,10,1.4666666666666668
138,11,1.7333333333333332
138,12,1.8666666666666665
138,13,1.2666666666666666
138,14,1.0666666666666667
138,15,1.7333333333333334
138,16,2.2666666666666671
138,17,2.3999999999999999
138,18,2.1333333333333333
138,19,2.0666666666666664
138,20,2.8000000000000003
138,21,2.6666666666666665
138,22,2.7999999999999994
138,23,2.5333333333333332
138,24,3.2000000000000006
138,25,3.1333333333333333
138,26,2.9333333333333336
138,27,2.7333333333333329
138,28,3.5333333333333332
138,29,4.3999999999999995
138,30,4.6000000000000005
138,31,4.6000000000000005
138,32,3.5999999999999996
138,33,3.1999999999999997
138,34,2.4666666666666663
138,35,2.5333333333333332
138,36,2.6666666666666665
138,37,2.6666666666666665
138,38,3.1333333333333329
138,39,2.8666666666666667
138,40,2.8000000000000003
138,41,2.6666666666666665
138,42,2.6000000000000001
138,43,2.3999999999999999
138,44,2
138,45,1.7333333333333334
138,46,1.5333333333333332
138,47,1.6666666666666667
138,48,1.7333333333333334
138,49,1.7333333333333332
138,50,1.5333333333333332
138,51,1.2666666666666666
138,52,1.2
138,53,0.80000000000000016
138,54,1
138,55,0.79999999999999993
138,56,0.8666666666666667
138,57,0.59999999999999998
138,58,0.66666666666666663
138,59,0.59999999999999998
138,60,0.53333333333333333
138,61,0.53333333333333333
138,62,0.79999999999999993
138,63,0.73333333333333339
138,64,0.93333333333333324
138,65,0.86666666666666659
138,66,1.1333333333333335
138,67,0.79999999999999993
138,68,1
138,69,0.73333333333333328
138,70,0.66666666666666663
138,71,0.46666666666666673
138,72,0.39999999999999997
138,73,0.33333333333333331
138,74,0.26666666666666666
138,75,0.53333333333333333
138,76,0.73333333333333339
138,77,0.66666666666666663
138,78,0.39999999999999997
138,79,0.20000000000000004
138,80,0.13333333333333333
138,81,0.13333333333333333
138,82,0.20000000000000004
138,83,0.26666666666666666
138,84,0.66666666666666663
138,85,0.86666666666666659
138,86,0.8666666666666667
138,87,0.46666666666666673
138,88,0.33333333333333331
138,89,0.26666666666666666
138,90,0.46666666666666673
138,91,0.79999999999999993
138,92,1.1333333333333335
138,93,0.93333333333333324
138,94,0.79999999999999993
138,95,0.59999999999999998
138,96,0.66666666666666663
138,97,0.66666666666666663
138,98,0.59999999999999998
138,99,0.86666666666666659
138,100,0.66666666666666663
138,101,0.8666666666666667
138,102,0.59999999999999998
138,103,0.79999999999999993
138,104,0.59999999999999998
138,105,0.46666666666666662
138,106,0.20000000000000004
138,107,0.46666666666666662
138,108,0.79999999999999993
138,109,1
138,110,1.0666666666666667
138,111,1
138,112,0.80000000000000016
138,113,0.8666666666666667
138,114,0.8666666666666667
138,115,1.2666666666666668
138,116,0.93333333333333346
138,117,0.8666666666666667
138,118,0.73333333333333339
138,119,0.8666666666666667
138,120,1
138,121,0.93333333333333324
138,122,1.0666666666666667
138,123,0.93333333333333346
138,124,1.4666666666666668
138,125,1.4000000000000001
138,126,2.0666666666666664
138,127,1.6666666666666667
138,128,1.7333333333333332
138,129,1.2666666666666666
138,130,1.2
138,131,1.2
138,132,1.7333333333333332
138,133,1.6666666666666663
138,134,1.6666666666666667
138,135,1.2
138,136,2.6666666666666665
138,137,3.3333333333333335
138,138,3.4666666666666668
138,139,2.3999999999999999
138,140,1.9333333333333333
138,141,2.1333333333333333
138,142,2
138,143,1.8666666666666665
138,144,2.1333333333333333
138,145,2.4000000000000004
138,146,3.1333333333333329
138,147,3.1333333333333329
138,148,3.3999999999999999
138,149,3.3333333333333335
138,150,3.2666666666666671
138,151,3.4666666666666663
138,152,3.3333333333333335
138,153,3.2666666666666671
138,154,2.5333333333333332
138,155,2.2000000000000002
138,156,2
138,157,2.3333333333333335
138,158,2.6666666666666665
138,159,3.1333333333333333
138,160,3.2000000000000006
138,161,3.0666666666666664
138,162,2.7333333333333329
138,163,2.1333333333333333
138,164,1.6666666666666667
138,165,1.9333333333333333
138,166,2.2666666666666666
138,167,2.2666666666666671
138,168,1.9333333333333333
138,169,2.1333333333333333
138,170,2.6000000000000001
138,171,2.3999999999999999
138,172,2
138,173,1.4666666666666668
138,174,0.99999999999999989
138,175,0.93333333333333324
138,176,0.8666666666666667
138,177,1.2666666666666668
138,178,1.1333333333333335
138,179,1.1333333333333335
138,180,1
138,181,0.80000000000000016
138,182,0.73333333333333339
138,183,0.66666666666666663
138,184,0.93333333333333324
138,185,0.79999999999999993
138,186,0.73333333333333339
138,187,0.8666666666666667
138,188,1.0666666666666667
138,189,0.93333333333333324
138,190,0.59999999999999998
138,191,0.40000000000000002
139,0,0.5
139,1,0.39999999999999997
139,2,0.26666666666666666
139,3,0.46666666666666673
139,4,0.73333333333333339
139,5,0.73333333333333339
139,6,1.0666666666666667
139,7,1.2666666666666668
139,8,1.6000000000000003
139,9,1.3333333333333333
139,10,1.0666666666666667
139,11,1.4000000000000001
139,12,1.6000000000000003
139,13,1.7333333333333334
139,14,1.3999999999999997
139,15,1.3999999999999997
139,16,1.2
139,17,1.0666666666666667
139,18,0.66666666666666663
139,19,0.86666666666666659
139,20,1
139,21,1.2
139,22,1.1333333333333333
139,23,1.2666666666666666
139,24,1.7333333333333332
139,25,1.8666666666666665
139,26,1.8
139,27,1.6666666666666667
139,28,1.9333333333333336
139,29,2
139,30,1.7333333333333334
139,31,1.7333333333333334
139,32,1.7333333333333334
139,33,2
139,34,1.7333333333333332
139,35,1.6666666666666667
139,36,1.3333333333333333
139,37,1.3333333333333333
139,38,1.2666666666666666
139,39,1.2666666666666666
139,40,1.4000000000000001
139,41,1.6666666666666667
139,42,1.5999999999999999
139,43,1.1333333333333333
139,44,0.66666666666666663
139,45,0.80000000000000016
139,46,1.0666666666666667
139,47,1
139,48,0.86666666666666659
139,49,0.66666666666666663
139,50,0.73333333333333339
139,51,0.66666666666666663
139,52,0.59999999999999998
139,53,0.59999999999999998
139,54,0.53333333333333333
139,55,0.8666666666666667
139,56,0.79999999999999993
139,57,0.93333333333333324
139,58,0.59999999999999998
139,59,0.60000000000000009
139,60,0.59999999999999998
139,61,0.53333333333333333
139,62,0.46666666666666662
139,63,0.59999999999999998
139,64,0.73333333333333339
139,65,0.86666666666666659
139,66,0.79999999999999993
139,67,0.93333333333333324
139,68,0.79999999999999993
139,69,0.73333333333333339
139,70,0.73333333333333339
139,71,0.8666666666666667
139,72,0.73333333333333339
139,73,0.40000000000000008
139,74,0.20000000000000004
139,75,0.33333333333333331
139,76,0.53333333333333333
139,77,0.59999999999999998
139,78,0.39999999999999997
139,79,0.33333333333333331
139,80,0.40000000000000008
139,81,0.46666666666666662
139,82,0.46666666666666662
139,83,0.33333333333333331
139,84,0.40000000000000008
139,85,0.59999999999999998
139,86,0.8666666666666667
139,87,0.79999999999999993
139,88,0.59999999999999998
139,89,0.26666666666666666
139,90,0.40000000000000008
139,91,0.33333333333333331
139,92,0.53333333333333333
139,93,0.59999999999999998
139,94,0.66666666666666663
139,95,0.59999999999999998
139,96,0.53333333333333333
139,97,0.40000000000000008
139,98,0.40000000000000008
139,99,0.33333333333333331
139,100,0.39999999999999997
139,101,0.46666666666666662
139,102,0.46666666666666662
139,103,0.53333333333333333
139,104,0.39999999999999997
139,105,0.33333333333333331
139,106,0.40000000000000008
139,107,0.46666666666666662
139,108,0.46666666666666662
139,109,0.46666666666666662
139,110,0.46666666666666662
139,111,0.59999999999999998
139,112,0.60000000000000009
139,113,0.66666666666666663
139,114,0.73333333333333339
139,115,0.8666666666666667
139,116,0.79999999999999993
139,117,0.59999999999999998
139,118,0.59999999999999998
139,119,0.66666666666666663
139,120,0.8666666666666667
139,121,1
139,122,0.93333333333333324
139,123,1.0666666666666667
139,124,1.1333333333333333
139,125,1.2666666666666666
139,126,1.0666666666666667
139,127,0.93333333333333324
139,128,0.8666666666666667
139,129,1.0666666666666667
139,130,1.0666666666666667
139,131,1.3999999999999997
139,132,1.1333333333333333
139,133,1.4666666666666668
139,134,1.4000000000000001
139,135,1.4666666666666668
139,136,1.3333333333333333
139,137,1.6000000000000003
139,138,2.0666666666666669
139,139,2.2000000000000002
139,140,2.2666666666666671
139,141,2.4666666666666663
139,142,2.6666666666666665
139,143,2.1999999999999997
139,144,2.1333333333333333
139,145,1.5999999999999999
139,146,1.7333333333333332
139,147,1.4666666666666666
139,148,1.5333333333333332
139,149,1.7333333333333334
139,150,1.9333333333333333
139,151,2.2000000000000002
139,152,1.9333333333333333
139,153,1.3333333333333333
139,154,1.2666666666666666
139,155,1.3333333333333333
139,156,2.1333333333333333
139,157,1.7333333333333334
139,158,2.0666666666666664
139,159,1.6666666666666667
139,160,2.2666666666666671
139,161,2.2000000000000002
139,162,2.1333333333333333
139,163,1.5333333333333334
139,164,1.2000000000000002
139,165,1
139,166,1.2
139,167,1.2
139,168,1.4666666666666666
139,169,1.3333333333333333
139,170,1.2666666666666666
139,171,1
139,172,1.2666666666666666
139,173,1.1333333333333333
139,174,1
139,175,0.86666666666666659
139,176,0.79999999999999993
139,177,0.66666666666666663
139,178,0.33333333333333331
139,179,0.40000000000000008
139,180,0.39999999999999997
139,181,0.46666666666666662
139,182,0.40000000000000008
139,183,0.59999999999999998
139,184,0.46666666666666673
139,185,0.53333333333333333
139,186,0.40000000000000008
139,187,0.53333333333333333
139,188,0.59999999999999998
139,189,0.73333333333333339
139,190,0.73333333333333339
139,191,0.69999999999999996
140,0,0.29999999999999999
140,1,0.33333333333333331
140,2,0.33333333333333331
140,3,0.26666666666666666
140,4,0.46666666666666662
140,5,0.59999999999999998
140,6,0.66666666666666663
140,7,0.66666666666666663
140,8,0.59999999999999998
140,9,0.59999999999999998
140,10,0.80000000000000016
140,11,1.0666666666666667
140,12,1.2
140,13,0.8666666666666667
140,14,0.59999999999999998
140,15,0.93333333333333324
140,16,1.1333333333333335
140,17,1.4666666666666668
140,18,1.4000000000000001
140,19,1.5999999999999999
140,20,1.9333333333333336
140,21,1.8
140,22,2.0666666666666669
140,23,1.9333333333333333
140,24,2.3333333333333335
140,25,2.4666666666666668
140,26,2.4666666666666663
140,27,2.5333333333333332
140,28,2.6000000000000001
140,29,3.1333333333333333
140,30,3
140,31,3.1999999999999997
140,32,2.3999999999999999
140,33,2.4666666666666668
140,34,1.9333333333333336
140,35,2.0666666666666669
140,36,2.1333333333333333
140,37,2.0666666666666664
140,38,2.1999999999999997
140,39,1.9333333333333333
140,40,2.1999999999999997
140,41,2.1999999999999997
140,42,2.1333333333333333
140,43,1.5999999999999999
140,44,1.4666666666666668
140,45,1.1333333333333331
140,46,1
140,47,0.93333333333333324
140,48,1.2
140,49,1.2666666666666666
140,50,1.2
140,51,0.93333333333333324
140,52,1.0666666666666667
140,53,0.80000000000000016
140,54,0.93333333333333324
140,55,0.66666666666666663
140,56,0.73333333333333328
140,57,0.59999999999999998
140,58,0.60000000000000009
140,59,0.46666666666666662
140,60,0.39999999999999997
140,61,0.39999999999999997
140,62,0.53333333333333333
140,63,0.39999999999999997
140,64,0.40000000000000008
140,65,0.59999999999999998
140,66,0.8666666666666667
140,67,0.79999999999999993
140,68,0.73333333333333339
140,69,0.60000000000000009
140,70,0.53333333333333333
140,71,0.46666666666666662
140,72,0.33333333333333331
140,73,0.26666666666666666
140,74,0.33333333333333331
140,75,0.40000000000000008
140,76,0.53333333333333333
140,77,0.40000000000000008
140,78,0.26666666666666666
140,79,0.13333333333333333
140,82,0.13333333333333333
140,83,0.26666666666666666
140,84,0.59999999999999998
140,85,0.66666666666666663
140,86,0.66666666666666663
140,87,0.33333333333333331
140,88,0.26666666666666666
140,89,0.13333333333333333
140,90,0.26666666666666666
140,91,0.26666666666666666
140,92,0.46666666666666662
140,93,0.39999999999999997
140,94,0.59999999999999998
140,95,0.59999999999999998
140,96,0.59999999999999998
140,97,0.33333333333333331
140,98,0.13333333333333333
140,99,0.46666666666666662
140,100,0.39999999999999997
140,101,0.53333333333333333
140,102,0.20000000000000004
140,103,0.40000000000000008
140,104,0.33333333333333331
140,105,0.26666666666666666
140,106,0.066666666666666666
140,107,0.26666666666666666
140,108,0.53333333333333333
140,109,0.66666666666666663
140,110,0.60000000000000009
140,111,0.59999999999999998
140,112,0.53333333333333333
140,113,0.59999999999999998
140,114,0.53333333333333333
140,115,0.79999999999999993
140,116,0.73333333333333339
140,117,0.73333333333333339
140,118,0.59999999999999998
140,119,0.73333333333333339
140,120,0.8666666666666667
140,121,1
140,122,1.1333333333333333
140,123,1
140,124,1.4000000000000001
140,125,1.1333333333333335
140,126,1.6000000000000003
140,127,1.2
140,128,1.3333333333333333
140,129,1.0666666666666667
140,130,0.93333333333333346
140,131,1.0666666666666667
140,132,1.2
140,133,1.2666666666666666
140,134,1.0666666666666667
140,135,0.8666666666666667
140,136,2
140,137,2.2666666666666671
140,138,2.5333333333333337
140,139,1.6666666666666667
140,140,1.6666666666666667
140,141,1.5333333333333332
140,142,1.4000000000000001
140,143,1.2
140,144,1.3333333333333333
140,145,1.4666666666666668
140,146,2.0666666666666669
140,147,2.4666666666666668
140,148,2.6000000000000001
140,149,2.2666666666666666
140,150,1.8
140,151,1.9333333333333336
140,152,1.9333333333333333
140,153,2.1333333333333333
140,154,1.6666666666666667
140,155,1.7333333333333334
140,156,1.5333333333333332
140,157,2.1333333333333333
140,158,2.2000000000000002
140,159,2.4666666666666668
140,160,2
140,161,1.9333333333333333
140,162,1.4666666666666668
140,163,1.3333333333333333
140,164,1
140,165,1.2
140,166,1.3333333333333333
140,167,1.1333333333333333
140,168,1.2666666666666666
140,169,0.93333333333333324
140,170,1.4666666666666668
140,171,1.2666666666666666
140,172,1.4000000000000001
140,173,1.0666666666666667
140,174,0.79999999999999993
140,175,0.80000000000000016
140,176,0.66666666666666663
140,177,0.79999999999999993
140,178,0.80000000000000016
140,179,0.73333333333333339
140,180,0.66666666666666663
140,181,0.40000000000000008
140,182,0.53333333333333333
140,183,0.59999999999999998
140,184,0.93333333333333324
140,185,0.66666666666666663
140,186,0.53333333333333333
140,187,0.59999999999999998
140,188,0.73333333333333328
140,189,0.53333333333333333
140,190,0.20000000000000004
140,191,0.10000000000000001
141,0,0.30000000000000004
141,1,0.26666666666666666
141,2,0.26666666666666666
141,3,0.53333333333333333
141,4,0.79999999999999993
141,5,0.73333333333333339
141,6,0.86666666666666659
141,7,0.86666666666666659
141,8,1
141,9,0.80000000000000016
141,10,0.66666666666666663
141,11,1.0666666666666667
141,12,1.2
141,13,1.3333333333333333
141,14,1.0666666666666667
141,15,1.2666666666666666
141,16,1
141,17,1
141,18,0.53333333333333333
141,19,0.93333333333333324
141,20,0.93333333333333324
141,21,1.1333333333333333
141,22,0.79999999999999993
141,23,0.79999999999999993
141,24,0.86666666666666659
141,25,1.0666666666666667
141,26,1
141,27,0.8666666666666667
141,28,1.1333333333333335
141,29,1.2
141,30,1.3333333333333333
141,31,0.93333333333333346
141,32,1.1333333333333333
141,33,1.4666666666666668
141,34,1.6000000000000003
141,35,1.4666666666666668
141,36,1.0666666666666667
141,37,1
141,38,0.93333333333333324
141,39,0.93333333333333324
141,40,1.2
141,41,1.4666666666666668
141,42,1.3333333333333333
141,43,0.93333333333333324
141,44,0.53333333333333333
141,45,0.73333333333333339
141,46,0.93333333333333324
141,47,1
141,48,0.59999999999999998
141,49,0.40000000000000008
141,50,0.40000000000000008
141,51,0.66666666666666663
141,52,0.66666666666666663
141,53,0.60000000000000009
141,54,0.46666666666666662
141,55,0.73333333333333339
141,56,0.73333333333333339
141,57,0.73333333333333328
141,58,0.46666666666666662
141,59,0.46666666666666662
141,60,0.59999999999999998
141,61,0.46666666666666662
141,62,0.33333333333333331
141,63,0.46666666666666662
141,64,0.66666666666666663
141,65,0.93333333333333324
141,66,0.80000000000000016
141,67,0.66666666666666663
141,68,0.46666666666666662
141,69,0.46666666666666673
141,70,0.73333333333333339
141,71,0.66666666666666663
141,72,0.59999999999999998
141,73,0.26666666666666666
141,74,0.26666666666666666
141,75,0.20000000000000004
141,76,0.40000000000000008
141,77,0.46666666666666662
141,78,0.39999999999999997
141,79,0.20000000000000004
141,80,0.26666666666666666
141,81,0.26666666666666666
141,82,0.33333333333333331
141,83,0.26666666666666666
141,84,0.46666666666666673
141,85,0.60000000000000009
141,86,0.79999999999999993
141,87,0.59999999999999998
141,88,0.46666666666666662
141,89,0.13333333333333333
141,90,0.33333333333333331
141,91,0.33333333333333331
141,92,0.46666666666666662
141,93,0.46666666666666673
141,94,0.60000000000000009
141,95,0.53333333333333333
141,96,0.46666666666666662
141,97,0.26666666666666666
141,98,0.26666666666666666
141,99,0.20000000000000004
141,100,0.26666666666666666
141,101,0.40000000000000008
141,102,0.40000000000000008
141,103,0.46666666666666662
141,104,0.33333333333333331
141,105,0.26666666666666666
141,106,0.33333333333333331
141,107,0.33333333333333331
141,108,0.40000000000000008
141,109,0.40000000000000008
141,110,0.46666666666666662
141,111,0.59999999999999998
141,112,0.46666666666666673
141,113,0.46666666666666662
141,114,0.53333333333333333
141,115,0.59999999999999998
141,116,0.53333333333333333
141,117,0.20000000000000004
141,118,0.33333333333333331
141,119,0.33333333333333331
141,120,0.59999999999999998
141,121,0.73333333333333339
141,122,0.73333333333333339
141,123,0.93333333333333324
141,124,0.93333333333333324
141,125,1.1333333333333331
141,126,1
141,127,0.73333333333333339
141,128,0.59999999999999998
141,129,0.73333333333333339
141,130,0.93333333333333324
141,131,1
141,132,0.73333333333333339
141,133,1.1333333333333335
141,134,1.2666666666666668
141,135,1.3333333333333333
141,136,1.1333333333333335
141,137,1.2666666666666668
141,138,1.4666666666666668
141,139,1.3999999999999997
141,140,1.7333333333333332
141,141,2
141,142,2.1999999999999997
141,143,1.5999999999999999
141,144,1.5333333333333332
141,145,1.2
141,146,1.3333333333333333
141,147,1.1333333333333333
141,148,1.1333333333333333
141,149,1.2666666666666666
141,150,1.5999999999999999
141,151,1.8666666666666665
141,152,1.8
141,153,1.1333333333333333
141,154,0.93333333333333324
141,155,1.0666666666666667
141,156,1.6666666666666667
141,157,1.6000000000000003
141,158,1.4000000000000001
141,159,1
141,160,1.0666666666666667
141,161,1.2666666666666668
141,162,1.3999999999999997
141,163,1.2666666666666666
141,164,1
141,165,0.8666666666666667
141,166,0.93333333333333324
141,167,1.2
141,168,1.2
141,169,1.0666666666666667
141,170,0.66666666666666663
141,171,0.53333333333333333
141,172,0.79999999999999993
141,173,0.79999999999999993
141,174,0.79999999999999993
141,175,0.73333333333333339
141,176,0.79999999999999993
141,177,0.66666666666666663
141,178,0.40000000000000008
141,179,0.40000000000000008
141,180,0.33333333333333331
141,181,0.39999999999999997
141,182,0.33333333333333331
141,183,0.46666666666666662
141,184,0.33333333333333331
141,185,0.33333333333333331
141,186,0.26666666666666666
141,187,0.26666666666666666
141,188,0.40000000000000008
141,189,0.46666666666666662
141,190,0.46666666666666673
141,191,0.30000000000000004
142,0,0.30000000000000004
142,1,0.33333333333333331
142,2,0.26666666666666666
142,3,0.26666666666666666
142,4,0.53333333333333333
142,5,0.59999999999999998
142,6,0.73333333333333339
142,7,0.46666666666666662
142,8,0.40000000000000008
142,9,0.20000000000000004
142,10,0.26666666666666666
142,11,0.46666666666666662
142,12,0.53333333333333333
142,13,0.39999999999999997
142,14,0.26666666666666666
142,15,0.53333333333333333
142,16,0.79999999999999993
142,17,0.93333333333333346
142,18,1.0666666666666667
142,19,1.1333333333333335
142,20,1.5999999999999999
142,21,1.2
142,22,1.2666666666666666
142,23,1.0666666666666667
142,24,1.5999999999999999
142,25,2.0666666666666664
142,26,2
142,27,2.1333333333333333
142,28,1.9333333333333333
142,29,2.1333333333333333
142,30,1.7333333333333334
142,31,1.7333333333333334
142,32,1.3333333333333333
142,33,1.5333333333333334
142,34,1.4666666666666668
142,35,1.5333333333333332
142,36,1.8666666666666665
142,37,1.5999999999999999
142,38,1.9333333333333333
142,39,1.4000000000000001
142,40,1.5333333333333332
142,41,1.3999999999999997
142,42,1.4666666666666668
142,43,1.2
142,44,0.93333333333333346
142,45,0.59999999999999998
142,46,0.53333333333333333
142,47,0.59999999999999998
142,48,0.86666666666666659
142,49,0.73333333333333339
142,50,0.66666666666666663
142,51,0.46666666666666662
142,52,0.66666666666666663
142,53,0.53333333333333333
142,54,0.59999999999999998
142,55,0.46666666666666662
142,56,0.46666666666666673
142,57,0.26666666666666666
142,58,0.26666666666666666
142,59,0.20000000000000004
142,60,0.26666666666666666
142,61,0.20000000000000004
142,62,0.26666666666666666
142,63,0.13333333333333333
142,64,0.20000000000000004
142,65,0.33333333333333331
142,66,0.53333333333333333
142,67,0.53333333333333333
142,68,0.59999999999999998
142,69,0.60000000000000009
142,70,0.46666666666666662
142,71,0.19999999999999998
142,72,0.066666666666666666
142,73,0.066666666666666666
142,74,0.26666666666666666
142,75,0.33333333333333331
142,76,0.39999999999999997
142,77,0.33333333333333331
142,78,0.20000000000000004
142,79,0.13333333333333333
142,81,0.066666666666666666
142,82,0.13333333333333333
142,83,0.13333333333333333
142,84,0.26666666666666666
142,85,0.33333333333333331
142,86,0.46666666666666662
142,87,0.26666666666666666
142,88,0.33333333333333331
142,89,0.19999999999999998
142,90,0.33333333333333331
142,91,0.20000000000000004
142,92,0.33333333333333331
142,93,0.20000000000000004
142,94,0.40000000000000008
142,95,0.40000000000000008
142,96,0.46666666666666673
142,97,0.26666666666666666
142,98,0.13333333333333333
142,99,0.26666666666666666
142,100,0.19999999999999998
142,101,0.33333333333333331
142,102,0.13333333333333333
142,103,0.20000000000000004
142,104,0.13333333333333333
142,105,0.13333333333333333
142,106,0.066666666666666666
142,107,0.19999999999999998
142,108,0.46666666666666662
142,109,0.59999999999999998
142,110,0.60000000000000009
142,111,0.39999999999999997
142,112,0.26666666666666666
142,113,0.33333333333333331
142,114,0.40000000000000008
142,115,0.66666666666666663
142,116,0.53333333333333333
142,117,0.46666666666666673
142,118,0.40000000000000008
142,119,0.33333333333333331
142,120,0.53333333333333333
142,121,0.53333333333333333
142,122,0.79999999999999993
142,123,0.73333333333333339
142,124,1
142,125,0.8666666666666667
142,126,1.0666666666666667
142,127,1
142,128,1
142,129,0.79999999999999993
142,130,0.59999999999999998
142,131,0.59999999999999998
142,132,0.79999999999999993
142,133,0.93333333333333324
142,134,1
142,135,0.93333333333333324
142,136,1.5333333333333332
142,137,1.7333333333333332
142,138,1.8666666666666665
142,139,1.3999999999999997
142,140,1.3333333333333333
142,141,1.2
142,142,1
142,143,0.66666666666666663
142,144,0.66666666666666663
142,145,1
142,146,1.5999999999999999
142,147,2.1333333333333333
142,148,2.1333333333333333
142,149,2
142,150,1.4000000000000001
142,151,1.2666666666666668
142,152,1.4000000000000001
142,153,1.6666666666666667
142,154,1.4666666666666668
142,155,1.3333333333333333
142,156,1.0666666666666667
142,157,1.4000000000000001
142,158,1.4000000000000001
142,159,1.7333333333333334
142,160,1.4666666666666668
142,161,1.3333333333333333
142,162,1.0666666666666667
142,163,0.8666666666666667
142,164,0.79999999999999993
142,165,0.73333333333333339
142,166,0.93333333333333324
142,167,0.66666666666666663
142,168,0.86666666666666659
142,169,0.59999999999999998
142,170,1.0666666666666667
142,171,1
142,172,1.0666666666666667
142,173,0.8666666666666667
142,174,0.73333333333333339
142,175,0.79999999999999993
142,176,0.66666666666666663
142,177,0.66666666666666663
142,178,0.59999999999999998
142,179,0.46666666666666673
142,180,0.46666666666666673
142,181,0.33333333333333331
142,182,0.46666666666666662
142,183,0.46666666666666662
142,184,0.73333333333333339
142,185,0.53333333333333333
142,186,0.33333333333333331
142,187,0.26666666666666666
142,188,0.33333333333333331
142,189,0.26666666666666666
142,190,0.066666666666666666
143,0,0.10000000000000001
143,1,0.13333333333333333
143,2,0.13333333333333333
143,3,0.26666666666666666
143,4,0.39999999999999997
143,5,0.39999999999999997
143,6,0.46666666666666662
143,7,0.33333333333333331
143,8,0.39999999999999997
143,9,0.26666666666666666
143,10,0.26666666666666666
143,11,0.53333333333333333
143,12,0.59999999999999998
143,13,0.66666666666666663
143,14,0.53333333333333333
143,15,0.73333333333333339
143,16,0.66666666666666663
143,17,0.66666666666666663
143,18,0.40000000000000008
143,19,0.66666666666666663
143,20,0.59999999999999998
143,21,0.66666666666666663
143,22,0.39999999999999997
143,23,0.46666666666666662
143,24,0.33333333333333331
143,25,0.46666666666666662
143,26,0.26666666666666666
143,27,0.33333333333333331
143,28,0.26666666666666666
143,29,0.26666666666666666
143,30,0.13333333333333333
143,32,0.26666666666666666
143,33,0.73333333333333339
143,34,0.8666666666666667
143,35,0.86666666666666659
143,36,0.60000000000000009
143,37,0.59999999999999998
143,38,0.66666666666666663
143,39,0.66666666666666663
143,40,1
143,41,0.93333333333333324
143,42,0.80000000000000016
143,43,0.39999999999999997
143,44,0.40000000000000008
143,45,0.59999999999999998
143,46,0.73333333333333339
143,47,0.46666666666666662
143,48,0.19999999999999998
143,49,0.066666666666666666
143,50,0.20000000000000004
143,51,0.46666666666666673
143,52,0.46666666666666673
143,53,0.53333333333333333
143,54,0.40000000000000008
143,55,0.53333333333333333
143,56,0.46666666666666662
143,57,0.46666666666666662
143,58,0.33333333333333331
143,59,0.26666666666666666
143,60,0.33333333333333331
143,61,0.26666666666666666
143,62,0.26666666666666666
143,63,0.26666666666666666
143,64,0.33333333333333331
143,65,0.46666666666666662
143,66,0.40000000000000008
143,67,0.39999999999999997
143,68,0.26666666666666666
143,69,0.40000000000000008
143,70,0.39999999999999997
143,71,0.46666666666666662
143,72,0.40000000000000008
143,73,0.33333333333333331
143,74,0.19999999999999998
143,75,0.066666666666666666
143,76,0.13333333333333333
143,77,0.26666666666666666
143,78,0.26666666666666666
143,79,0.20000000000000004
143,80,0.20000000000000004
143,81,0.20000000000000004
143,82,0.26666666666666666
143,83,0.26666666666666666
143,84,0.40000000000000008
143,85,0.39999999999999997
143,86,0.46666666666666662
143,87,0.33333333333333331
143,88,0.33333333333333331
143,89,0.13333333333333333
143,90,0.20000000000000004
143,91,0.13333333333333333
143,92,0.20000000000000004
143,93,0.26666666666666666
143,94,0.46666666666666662
143,95,0.46666666666666662
143,96,0.40000000000000008
143,97,0.20000000000000004
143,98,0.13333333333333333
143,99,0.13333333333333333
143,100,0.20000000000000004
143,101,0.40000000000000008
143,102,0.33333333333333331
143,103,0.40000000000000008
143,104,0.26666666666666666
143,105,0.26666666666666666
143,106,0.26666666666666666
143,107,0.20000000000000004
143,108,0.20000000000000004
143,109,0.13333333333333333
143,110,0.13333333333333333
143,111,0.20000000000000004
143,112,0.20000000000000004
143,113,0.26666666666666666
143,114,0.40000000000000008
143,115,0.39999999999999997
143,116,0.39999999999999997
143,117,0.13333333333333333
143,118,0.33333333333333331
143,119,0.26666666666666666
143,120,0.46666666666666662
143,121,0.33333333333333331
143,122,0.33333333333333331
143,123,0.20000000000000004
143,124,0.20000000000000004
143,125,0.33333333333333331
143,126,0.59999999999999998
143,127,0.46666666666666662
143,128,0.33333333333333331
143,129,0.19999999999999998
143,130,0.26666666666666666
143,131,0.40000000000000008
143,132,0.26666666666666666
143,133,0.59999999999999998
143,134,0.59999999999999998
143,135,0.59999999999999998
143,136,0.33333333333333331
143,137,0.53333333333333333
143,138,0.93333333333333324
143,139,1.2666666666666666
143,140,1.3999999999999997
143,141,1.3333333333333333
143,142,1.3333333333333333
143,143,0.99999999999999989
143,144,1
143,145,0.73333333333333339
143,146,0.79999999999999993
143,147,0.53333333333333333
143,148,0.46666666666666662
143,149,0.80000000000000016
143,150,1.2
143,151,1.4000000000000001
143,152,1
143,153,0.59999999999999998
143,154,0.40000000000000008
143,155,0.66666666666666663
143,156,1
143,157,1.2
143,158,0.8666666666666667
143,159,0.46666666666666662
143,160,0.33333333333333331
143,161,0.59999999999999998
143,162,0.8666666666666667
143,163,0.8666666666666667
143,164,0.73333333333333339
143,165,0.79999999999999993
143,166,0.86666666666666659
143,167,0.93333333333333324
143,168,0.80000000000000016
143,169,0.59999999999999998
143,170,0.46666666666666662
143,171,0.26666666666666666
143,172,0.46666666666666673
143,173,0.39999999999999997
143,174,0.39999999999999997
143,175,0.53333333333333333
143,176,0.53333333333333333
143,177,0.53333333333333333
143,178,0.20000000000000004
143,179,0.26666666666666666
143,180,0.20000000000000004
143,181,0.20000000000000004
143,182,0.066666666666666666
143,183,0.13333333333333333
143,184,0.13333333333333333
143,185,0.13333333333333333
143,186,0.066666666666666666
143,187,0.066666666666666666
143,188,0.20000000000000004
143,189,0.26666666666666666
143,190,0.20000000000000004
143,191,0.10000000000000001
144,22,0.066666666666666666
144,23,0.066666666666666666
144,24,0.066666666666666666
144,27,0.13333333333333333
144,28,0.13333333333333333
144,29,0.20000000000000004
144,30,0.066666666666666666
144,31,0.066666666666666666
144,39,0.066666666666666666
144,40,0.066666666666666666
144,41,0.066666666666666666
144,51,0.13333333333333333
144,52,0.13333333333333333
144,53,0.13333333333333333
144,66,0.066666666666666666
144,67,0.066666666666666666
144,68,0.066666666666666666
144,91,0.066666666666666666
144,92,0.066666666666666666
144,93,0.066666666666666666
144,111,0.066666666666666666
144,112,0.066666666666666666
144,113,0.066666666666666666
144,127,0.066666666666666666
144,128,0.066666666666666666
144,129,0.066666666666666666
144,130,0.066666666666666666
144,131,0.066666666666666666
144,132,0.066666666666666666
144,140,0.066666666666666666
144,141,0.066666666666666666
144,142,0.066666666666666666
144,143,0.13333333333333333
144,144,0.13333333333333333
144,145,0.13333333333333333
144,149,0.066666666666666666
144,150,0.20000000000000004
144,151,0.20000000000000004
144,152,0.13333333333333333
144,184,0.066666666666666666
144,185,0.066666666666666666
144,186,0.066666666666666666
145,4,0.066666666666666666
145,5,0.066666666666666666
145,6,0.066666666666666666
145,7,0.066666666666666666
145,8,0.066666666666666666
145,9,0.066666666666666666
145,21,0.066666666666666666
145,22,0.13333333333333333
145,23,0.13333333333333333
145,24,0.066666666666666666
145,25,0.066666666666666666
145,26,0.13333333333333333
145,27,0.20000000000000004
145,28,0.13333333333333333
145,29,0.20000000000000004
145,30,0.20000000000000004
145,31,0.20000000000000004
145,32,0.13333333333333333
145,33,0.13333333333333333
145,34,0.13333333333333333
145,35,0.13333333333333333
145,36,0.066666666666666666
145,37,0.20000000000000004
145,38,0.13333333333333333
145,39,0.26666666666666666
145,40,0.13333333333333333
145,41,0.13333333333333333
145,45,0.066666666666666666
145,46,0.066666666666666666
145,47,0.066666666666666666
145,77,0.066666666666666666
145,78,0.066666666666666666
145,79,0.066666666666666666
145,92,0.066666666666666666
145,93,0.066666666666666666
145,94,0.066666666666666666
145,100,0.066666666666666666
145,101,0.066666666666666666
145,102,0.066666666666666666
145,108,0.066666666666666666
145,109,0.066666666666666666
145,110,0.066666666666666666
145,130,0.066666666666666666
145,131,0.066666666666666666
145,132,0.066666666666666666
145,136,0.066666666666666666
145,137,0.066666666666666666
145,138,0.066666666666666666
145,140,0.13333333333333333
145,141,0.13333333333333333
145,142,0.13333333333333333
145,143,0.066666666666666666
145,144,0.066666666666666666
145,145,0.066666666666666666
145,155,0.13333333333333333
145,156,0.13333333333333333
145,157,0.13333333333333333
145,159,0.066666666666666666
145,160,0.066666666666666666
145,161,0.066666666666666666
145,184,0.066666666666666666
145,185,0.066666666666666666
145,186,0.066666666666666666
146,3,0.066666666666666666
146,4,0.066666666666666666
146,5,0.066666666666666666
146,10,0.066666666666666666
146,11,0.066666666666666666
146,12,0.13333333333333333
146,13,0.066666666666666666
146,14,0.066666666666666666
146,15,0.066666666666666666
146,16,0.13333333333333333
146,17,0.13333333333333333
146,18,0.13333333333333333
146,19,0.066666666666666666
146,20,0.066666666666666666
146,21,0.066666666666666666
146,22,0.20000000000000004
146,23,0.20000000000000004
146,24,0.13333333333333333
146,25,0.13333333333333333
146,26,0.53333333333333333
146,27,0.8666666666666667
146,28,0.8666666666666667
146,29,0.86666666666666659
146,30,1
146,31,1.2
146,32,1.0666666666666667
146,33,0.73333333333333339
146,34,0.40000000000000008
146,35,0.26666666666666666
146,36,0.26666666666666666
146,37,0.53333333333333333
146,38,0.46666666666666673
146,39,0.46666666666666662
146,40,0.20000000000000004
146,41,0.13333333333333333
146,45,0.066666666666666666
146,46,0.066666666666666666
146,47,0.066666666666666666
146,53,0.066666666666666666
146,54,0.066666666666666666
146,55,0.066666666666666666
146,56,0.066666666666666666
146,57,0.066666666666666666
146,58,0.066666666666666666
146,69,0.066666666666666666
146,70,0.066666666666666666
146,71,0.066666666666666666
146,103,0.066666666666666666
146,104,0.066666666666666666
146,105,0.066666666666666666
146,130,0.066666666666666666
146,131,0.066666666666666666
146,132,0.066666666666666666
146,136,0.066666666666666666
146,137,0.066666666666666666
146,138,0.066666666666666666
146,140,0.066666666666666666
146,141,0.066666666666666666
146,142,0.066666666666666666
146,143,0.066666666666666666
146,144,0.066666666666666666
146,145,0.066666666666666666
146,149,0.066666666666666666
146,150,0.066666666666666666
146,151,0.20000000000000004
146,152,0.13333333333333333
146,153,0.13333333333333333
146,155,0.13333333333333333
146,156,0.13333333333333333
146,157,0.20000000000000004
146,158,0.066666666666666666
146,159,0.066666666666666666
146,160,0.066666666666666666
146,161,0.066666666666666666
146,162,0.066666666666666666
146,163,0.066666666666666666
146,164,0.13333333333333333
146,165,0.13333333333333333
146,166,0.066666666666666666
146,171,0.066666666666666666
146,172,0.066666666666666666
146,173,0.066666666666666666
146,179,0.066666666666666666
146,180,0.066666666666666666
146,181,0.066666666666666666
146,183,0.066666666666666666
146,184,0.066666666666666666
146,185,0.066666666666666666
147,3,0.066666666666666666
147,4,0.066666666666666666
147,5,0.066666666666666666
147,8,0.066666666666666666
147,9,0.066666666666666666
147,10,0.13333333333333333
147,11,0.066666666666666666
147,12,0.13333333333333333
147,13,0.066666666666666666
147,14,0.13333333333333333
147,15,0.13333333333333333
147,16,0.20000000000000004
147,17,0.13333333333333333
147,18,0.13333333333333333
147,19,0.066666666666666666
147,20,0.13333333333333333
147,21,0.13333333333333333
147,22,0.26666666666666666
147,23,0.20000000000000004
147,24,0.13333333333333333
147,25,0.13333333333333333
147,26,0.73333333333333339
147,27,1.0666666666666667
147,28,1.2
147,29,1.2
147,30,1.5333333333333332
147,31,1.8
147,32,1.4000000000000001
147,33,0.93333333333333346
147,34,0.46666666666666662
147,35,0.46666666666666662
147,36,0.40000000000000008
147,37,0.73333333333333339
147,38,0.66666666666666663
147,39,0.66666666666666663
147,40,0.26666666666666666
147,41,0.20000000000000004
147,42,0.066666666666666666
147,43,0.066666666666666666
147,45,0.066666666666666666
147,46,0.066666666666666666
147,47,0.066666666666666666
147,52,0.066666666666666666
147,53,0.066666666666666666
147,54,0.066666666666666666
147,56,0.066666666666666666
147,57,0.066666666666666666
147,58,0.066666666666666666
147,69,0.066666666666666666
147,70,0.066666666666666666
147,71,0.066666666666666666
147,92,0.066666666666666666
147,93,0.066666666666666666
147,94,0.066666666666666666
147,98,0.066666666666666666
147,99,0.066666666666666666
147,100,0.066666666666666666
147,103,0.13333333333333333
147,104,0.13333333333333333
147,105,0.13333333333333333
147,109,0.066666666666666666
147,110,0.066666666666666666
147,111,0.066666666666666666
147,113,0.066666666666666666
147,114,0.066666666666666666
147,115,0.066666666666666666
147,130,0.13333333333333333
147,131,0.13333333333333333
147,132,0.13333333333333333
147,136,0.066666666666666666
147,137,0.066666666666666666
147,138,0.066666666666666666
147,141,0.13333333333333333
147,142,0.13333333333333333
147,143,0.20000000000000004
147,144,0.066666666666666666
147,145,0.066666666666666666
147,149,0.066666666666666666
147,150,0.13333333333333333
147,151,0.26666666666666666
147,152,0.33333333333333331
147,153,0.26666666666666666
147,154,0.13333333333333333
147,155,0.19999999999999998
147,156,0.19999999999999998
147,157,0.26666666666666666
147,158,0.066666666666666666
147,159,0.066666666666666666
147,160,0.066666666666666666
147,161,0.066666666666666666
147,162,0.066666666666666666
147,163,0.066666666666666666
147,164,0.13333333333333333
147,165,0.13333333333333333
147,166,0.066666666666666666
147,171,0.066666666666666666
147,172,0.066666666666666666
147,173,0.066666666666666666
147,175,0.066666666666666666
147,176,0.066666666666666666
147,177,0.066666666666666666
147,178,0.066666666666666666
147,179,0.13333333333333333
147,180,0.13333333333333333
147,181,0.066666666666666666
148,0,0.20000000000000001
148,1,0.20000000000000004
148,2,0.13333333333333333
148,3,0.066666666666666666
148,4,0.066666666666666666
148,5,0.066666666666666666
148,6,0.066666666666666666
148,7,0.066666666666666666
148,8,0.066666666666666666
148,9,0.066666666666666666
148,10,0.066666666666666666
148,11,0.066666666666666666
148,12,0.066666666666666666
148,13,0.066666666666666666
148,14,0.066666666666666666
148,15,0.066666666666666666
148,17,0.066666666666666666
148,18,0.066666666666666666
148,19,0.13333333333333333
148,20,0.066666666666666666
148,21,0.066666666666666666
148,24,0.066666666666666666
148,25,0.13333333333333333
148,26,0.26666666666666666
148,27,0.40000000000000008
148,28,0.59999999999999998
148,29,0.53333333333333333
148,30,0.46666666666666662
148,31,0.33333333333333331
148,32,0.33333333333333331
148,33,0.40000000000000008
148,34,0.46666666666666662
148,35,0.59999999999999998
148,36,0.46666666666666662
148,37,0.40000000000000008
148,38,0.33333333333333331
148,39,0.46666666666666662
148,40,0.33333333333333331
148,41,0.33333333333333331
148,42,0.13333333333333333
148,43,0.26666666666666666
148,44,0.13333333333333333
148,45,0.13333333333333333
148,51,0.066666666666666666
148,52,0.066666666666666666
148,53,0.13333333333333333
148,54,0.066666666666666666
148,55,0.066666666666666666
148,56,0.13333333333333333
148,57,0.13333333333333333
148,58,0.20000000000000004
148,59,0.13333333333333333
148,60,0.20000000000000004
148,61,0.13333333333333333
148,62,0.066666666666666666
148,67,0.066666666666666666
148,68,0.066666666666666666
148,69,0.13333333333333333
148,70,0.066666666666666666
148,71,0.066666666666666666
148,75,0.13333333333333333
148,76,0.13333333333333333
148,77,0.13333333333333333
148,80,0.066666666666666666
148,81,0.066666666666666666
148,82,0.13333333333333333
148,83,0.066666666666666666
148,84,0.066666666666666666
148,85,0.066666666666666666
148,86,0.066666666666666666
148,87,0.066666666666666666
148,90,0.066666666666666666
148,91,0.066666666666666666
148,92,0.13333333333333333
148,93,0.066666666666666666
148,94,0.066666666666666666
148,97,0.066666666666666666
148,98,0.066666666666666666
148,99,0.066666666666666666
148,103,0.066666666666666666
148,104,0.066666666666666666
148,105,0.066666666666666666
148,110,0.066666666666666666
148,111,0.13333333333333333
148,112,0.20000000000000004
148,113,0.13333333333333333
148,114,0.066666666666666666
148,119,0.066666666666666666
148,120,0.13333333333333333
148,121,0.20000000000000004
148,122,0.13333333333333333
148,123,0.20000000000000004
148,124,0.13333333333333333
148,125,0.33333333333333331
148,126,0.26666666666666666
148,127,0.26666666666666666
148,128,0.13333333333333333
148,129,0.066666666666666666
148,130,0.066666666666666666
148,131,0.066666666666666666
148,132,0.13333333333333333
148,133,0.13333333333333333
148,134,0.13333333333333333
148,135,0.066666666666666666
148,136,0.13333333333333333
148,137,0.066666666666666666
148,138,0.066666666666666666
148,143,0.066666666666666666
148,144,0.20000000000000004
148,145,0.26666666666666666
148,146,0.20000000000000004
148,147,0.066666666666666666
148,148,0.066666666666666666
148,149,0.13333333333333333
148,150,0.26666666666666666
148,151,0.26666666666666666
148,152,0.33333333333333331
148,153,0.20000000000000004
148,154,0.26666666666666666
148,155,0.13333333333333333
148,156,0.13333333333333333
148,157,0.066666666666666666
148,158,0.066666666666666666
148,159,0.066666666666666666
148,160,0.066666666666666666
148,161,0.066666666666666666
148,162,0.066666666666666666
148,163,0.066666666666666666
148,164,0.26666666666666666
148,165,0.26666666666666666
148,166,0.26666666666666666
148,167,0.066666666666666666
148,168,0.066666666666666666
148,170,0.066666666666666666
148,171,0.13333333333333333
148,172,0.20000000000000004
148,173,0.13333333333333333
148,174,0.13333333333333333
148,175,0.066666666666666666
148,176,0.066666666666666666
148,179,0.066666666666666666
148,180,0.066666666666666666
148,181,0.066666666666666666
148,182,0.066666666666666666
148,183,0.13333333333333333
148,184,0.13333333333333333
148,185,0.066666666666666666
148,188,0.066666666666666666
148,189,0.066666666666666666
148,190,0.066666666666666666
149,4,0.066666666666666666
149,5,0.066666666666666666
149,6,0.066666666666666666
149,7,0.066666666666666666
149,8,0.066666666666666666
149,9,0.066666666666666666
149,13,0.066666666666666666
149,14,0.066666666666666666
149,15,0.066666666666666666
149,18,0.066666666666666666
149,19,0.066666666666666666
149,20,0.066666666666666666
149,28,0.066666666666666666
149,29,0.066666666666666666
149,30,0.13333333333333333
149,31,0.20000000000000004
149,32,0.26666666666666666
149,33,0.26666666666666666
149,34,0.13333333333333333
149,35,0.066666666666666666
149,36,0.066666666666666666
149,37,0.066666666666666666
149,38,0.066666666666666666
149,39,0.13333333333333333
149,40,0.13333333333333333
149,41,0.13333333333333333
149,42,0.066666666666666666
149,43,0.13333333333333333
149,44,0.13333333333333333
149,45,0.066666666666666666
149,85,0.066666666666666666
149,86,0.066666666666666666
149,87,0.066666666666666666
149,103,0.066666666666666666
149,104,0.066666666666666666
149,105,0.066666666666666666
149,112,0.066666666666666666
149,113,0.066666666666666666
149,114,0.066666666666666666
149,125,0.13333333333333333
149,126,0.13333333333333333
149,127,0.13333333333333333
149,136,0.066666666666666666
149,137,0.066666666666666666
149,138,0.066666666666666666
149,148,0.066666666666666666
149,149,0.066666666666666666
149,150,0.066666666666666666
149,151,0.066666666666666666
149,152,0.13333333333333333
149,153,0.13333333333333333
149,154,0.13333333333333333
149,155,0.066666666666666666
149,156,0.066666666666666666
149,157,0.066666666666666666
149,158,0.066666666666666666
149,159,0.066666666666666666
149,160,0.066666666666666666
149,161,0.066666666666666666
149,162,0.066666666666666666
149,163,0.066666666666666666
149,164,0.066666666666666666
149,165,0.066666666666666666
149,170,0.066666666666666666
149,171,0.066666666666666666
149,172,0.066666666666666666
149,182,0.066666666666666666
149,183,0.066666666666666666
149,184,0.066666666666666666
149,188,0.066666666666666666
149,189,0.066666666666666666
149,190,0.066666666666666666
150,7,0.066666666666666666
150,8,0.066666666666666666
150,9,0.066666666666666666
150,18,0.066666666666666666
150,19,0.066666666666666666
150,20,0.066666666666666666
150,22,0.066666666666666666
150,23,0.066666666666666666
150,24,0.066666666666666666
150,28,0.066666666666666666
150,29,0.066666666666666666
150,30,0.066666666666666666
150,31,0.13333333333333333
150,32,0.13333333333333333
150,33,0.20000000000000004
150,34,0.066666666666666666
150,35,0.13333333333333333
150,36,0.066666666666666666
150,37,0.066666666666666666
150,38,0.066666666666666666
150,39,0.20000000000000004
150,40,0.20000000000000004
150,41,0.13333333333333333
150,43,0.066666666666666666
150,44,0.066666666666666666
150,45,0.066666666666666666
150,51,0.066666666666666666
150,52,0.066666666666666666
150,53,0.066666666666666666
150,56,0.066666666666666666
150,57,0.066666666666666666
150,58,0.066666666666666666
150,72,0.066666666666666666
150,73,0.066666666666666666
150,74,0.066666666666666666
150,86,0.066666666666666666
150,87,0.066666666666666666
150,88,0.066666666666666666
150,103,0.066666666666666666
150,104,0.066666666666666666
150,105,0.066666666666666666
150,138,0.066666666666666666
150,139,0.066666666666666666
150,140,0.066666666666666666
150,148,0.066666666666666666
150,149,0.066666666666666666
150,150,0.066666666666666666
150,151,0.13333333333333333
150,152,0.20000000000000004
150,153,0.20000000000000004
150,154,0.13333333333333333
150,155,0.066666666666666666
150,156,0.066666666666666666
150,157,0.066666666666666666
150,158,0.13333333333333333
150,159,0.13333333333333333
150,160,0.066666666666666666
150,163,0.066666666666666666
150,164,0.066666666666666666
150,165,0.066666666666666666
150,184,0.066666666666666666
150,185,0.066666666666666666
150,186,0.066666666666666666
151,18,0.066666666666666666
151,19,0.066666666666666666
151,20,0.066666666666666666
151,22,0.066666666666666666
151,23,0.066666666666666666
151,24,0.066666666666666666
151,28,0.066666666666666666
151,29,0.066666666666666666
151,30,0.066666666666666666
151,35,0.066666666666666666
151,36,0.066666666666666666
151,37,0.066666666666666666
151,38,0.066666666666666666
151,39,0.20000000000000004
151,40,0.20000000000000004
151,41,0.13333333333333333
151,49,0.066666666666666666
151,50,0.066666666666666666
151,51,0.13333333333333333
151,52,0.066666666666666666
151,53,0.066666666666666666
151,56,0.066666666666666666
151,57,0.066666666666666666
151,58,0.066666666666666666
151,66,0.066666666666666666
151,67,0.066666666666666666
151,68,0.066666666666666666
151,72,0.13333333333333333
151,73,0.13333333333333333
151,74,0.13333333333333333
151,86,0.066666666666666666
151,87,0.066666666666666666
151,88,0.066666666666666666
151,93,0.066666666666666666
151,94,0.066666666666666666
151,95,0.066666666666666666
151,119,0.066666666666666666
151,120,0.066666666666666666
151,121,0.066666666666666666
151,138,0.066666666666666666
151,139,0.066666666666666666
151,140,0.066666666666666666
151,147,0.13333333333333333
151,148,0.26666666666666666
151,149,0.26666666666666666
151,150,0.13333333333333333
151,151,0.066666666666666666
151,152,0.13333333333333333
151,153,0.13333333333333333
151,154,0.066666666666666666
151,157,0.066666666666666666
151,158,0.066666666666666666
151,159,0.066666666666666666
151,160,0.066666666666666666
151,161,0.066666666666666666
151,162,0.066666666666666666
151,163,0.066666666666666666
151,164,0.066666666666666666
151,165,0.066666666666666666
151,184,0.066666666666666666
151,185,0.066666666666666666
151,186,0.066666666666666666
152,0,0.20000000000000001
152,1,0.13333333333333333
152,4,0.066666666666666666
152,5,0.13333333333333333
152,6,0.13333333333333333
152,7,0.20000000000000004
152,8,0.20000000000000004
152,9,0.26666666666666666
152,10,0.13333333333333333
152,11,0.13333333333333333
152,12,0.13333333333333333
152,13,0.13333333333333333
152,14,0.20000000000000004
152,15,0.26666666666666666
152,16,0.40000000000000008
152,17,0.40000000000000008
152,18,0.26666666666666666
152,19,0.13333333333333333
152,20,0.066666666666666666
152,21,0.26666666666666666
152,22,0.26666666666666666
152,23,0.33333333333333331
152,24,0.20000000000000004
152,25,0.20000000000000004
152,26,0.33333333333333331
152,27,0.33333333333333331
152,28,0.73333333333333339
152,29,0.73333333333333339
152,30,0.73333333333333339
152,31,0.39999999999999997
152,32,0.26666666666666666
152,33,0.59999999999999998
152,34,0.59999999999999998
152,35,0.73333333333333339
152,36,0.33333333333333331
152,37,0.46666666666666662
152,38,0.39999999999999997
152,39,0.53333333333333333
152,40,0.39999999999999997
152,41,0.33333333333333331
152,42,0.40000000000000008
152,43,0.39999999999999997
152,44,0.40000000000000008
152,45,0.40000000000000008
152,46,0.46666666666666662
152,47,0.39999999999999997
152,48,0.26666666666666666
152,49,0.20000000000000004
152,50,0.13333333333333333
152,51,0.066666666666666666
152,56,0.39999999999999997
152,57,0.39999999999999997
152,58,0.39999999999999997
152,61,0.066666666666666666
152,62,0.13333333333333333
152,63,0.13333333333333333
152,64,0.13333333333333333
152,65,0.066666666666666666
152,66,0.13333333333333333
152,67,0.066666666666666666
152,68,0.066666666666666666
152,71,0.066666666666666666
152,72,0.13333333333333333
152,73,0.20000000000000004
152,74,0.13333333333333333
152,75,0.066666666666666666
152,86,0.066666666666666666
152,87,0.066666666666666666
152,88,0.066666666666666666
152,94,0.066666666666666666
152,95,0.066666666666666666
152,96,0.066666666666666666
152,109,0.066666666666666666
152,110,0.066666666666666666
152,111,0.066666666666666666
152,119,0.13333333333333333
152,120,0.13333333333333333
152,121,0.13333333333333333
152,122,0.066666666666666666
152,123,0.13333333333333333
152,124,0.26666666666666666
152,125,0.40000000000000008
152,126,0.33333333333333331
152,127,0.19999999999999998
152,128,0.13333333333333333
152,129,0.13333333333333333
152,130,0.26666666666666666
152,131,0.20000000000000004
152,132,0.40000000000000008
152,133,0.26666666666666666
152,134,0.26666666666666666
152,135,0.20000000000000004
152,136,0.20000000000000004
152,137,0.26666666666666666
152,138,0.40000000000000008
152,139,0.40000000000000008
152,140,0.46666666666666662
152,141,0.39999999999999997
152,142,0.53333333333333333
152,143,0.39999999999999997
152,144,0.66666666666666663
152,145,0.73333333333333328
152,146,0.79999999999999993
152,147,0.73333333333333339
152,148,0.73333333333333339
152,149,0.59999999999999998
152,150,0.19999999999999998
152,151,0.26666666666666666
152,152,0.33333333333333331
152,153,0.39999999999999997
152,154,0.20000000000000004
152,155,0.20000000000000004
152,156,0.33333333333333331
152,157,0.40000000000000008
152,158,0.33333333333333331
152,159,0.20000000000000004
152,160,0.26666666666666666
152,161,0.33333333333333331
152,162,0.33333333333333331
152,163,0.20000000000000004
152,164,0.26666666666666666
152,165,0.40000000000000008
152,166,0.33333333333333331
152,167,0.26666666666666666
152,168,0.066666666666666666
152,169,0.066666666666666666
152,171,0.066666666666666666
152,172,0.13333333333333333
152,173,0.33333333333333331
152,174,0.26666666666666666
152,175,0.26666666666666666
152,176,0.13333333333333333
152,177,0.13333333333333333
152,178,0.13333333333333333
152,179,0.066666666666666666
152,180,0.066666666666666666
152,181,0.066666666666666666
152,182,0.066666666666666666
152,183,0.066666666666666666
152,188,0.066666666666666666
152,189,0.13333333333333333
152,190,0.13333333333333333
152,191,0.10000000000000001
153,0,0.10000000000000001
153,1,0.066666666666666666
153,14,0.066666666666666666
153,15,0.066666666666666666
153,16,0.13333333333333333
153,17,0.066666666666666666
153,18,0.066666666666666666
153,21,0.066666666666666666
153,22,0.066666666666666666
153,23,0.066666666666666666
153,28,0.26666666666666666
153,29,0.33333333333333331
153,30,0.33333333333333331
153,31,0.066666666666666666
153,32,0.13333333333333333
153,33,0.40000000000000008
153,34,0.40000000000000008
153,35,0.40000000000000008
153,36,0.13333333333333333
153,37,0.26666666666666666
153,38,0.13333333333333333
153,39,0.13333333333333333
153,41,0.066666666666666666
153,42,0.13333333333333333
153,43,0.13333333333333333
153,44,0.066666666666666666
153,45,0.066666666666666666
153,46,0.066666666666666666
153,47,0.066666666666666666
153,56,0.066666666666666666
153,57,0.066666666666666666
153,58,0.066666666666666666
153,72,0.066666666666666666
153,73,0.066666666666666666
153,74,0.066666666666666666
153,86,0.066666666666666666
153,87,0.066666666666666666
153,88,0.066666666666666666
153,132,0.066666666666666666
153,133,0.066666666666666666
153,134,0.066666666666666666
153,136,0.066666666666666666
153,137,0.066666666666666666
153,138,0.066666666666666666
153,141,0.066666666666666666
153,142,0.066666666666666666
153,143,0.066666666666666666
153,144,0.13333333333333333
153,145,0.13333333333333333
153,146,0.13333333333333333
153,147,0.19999999999999998
153,148,0.33333333333333331
153,149,0.33333333333333331
153,150,0.13333333333333333
153,151,0.066666666666666666
153,152,0.13333333333333333
153,153,0.20000000000000004
153,154,0.20000000000000004
153,155,0.20000000000000004
153,156,0.20000000000000004
153,157,0.26666666666666666
153,158,0.20000000000000004
153,159,0.20000000000000004
153,160,0.066666666666666666
153,161,0.066666666666666666
153,162,0.066666666666666666
153,163,0.066666666666666666
153,164,0.066666666666666666
153,165,0.066666666666666666
153,166,0.066666666666666666
153,167,0.066666666666666666
153,171,0.066666666666666666
153,172,0.066666666666666666
153,173,0.066666666666666666
153,189,0.066666666666666666
153,190,0.066666666666666666
153,191,0.10000000000000001
154,28,0.066666666666666666
154,29,0.066666666666666666
154,30,0.066666666666666666
154,32,0.13333333333333333
154,33,0.20000000000000004
154,34,0.20000000000000004
154,35,0.066666666666666666
154,37,0.066666666666666666
154,38,0.066666666666666666
154,39,0.066666666666666666
154,41,0.066666666666666666
154,42,0.066666666666666666
154,43,0.066666666666666666
154,45,0.066666666666666666
154,46,0.066666666666666666
154,47,0.066666666666666666
154,86,0.066666666666666666
154,87,0.066666666666666666
154,88,0.066666666666666666
154,132,0.066666666666666666
154,133,0.066666666666666666
154,134,0.066666666666666666
154,140,0.066666666666666666
154,141,0.066666666666666666
154,142,0.066666666666666666
154,144,0.066666666666666666
154,145,0.066666666666666666
154,146,0.13333333333333333
154,147,0.13333333333333333
154,148,0.13333333333333333
154,149,0.066666666666666666
154,151,0.066666666666666666
154,152,0.13333333333333333
154,153,0.20000000000000004
154,154,0.20000000000000004
154,155,0.13333333333333333
154,156,0.066666666666666666
154,157,0.13333333333333333
154,158,0.13333333333333333
154,159,0.13333333333333333
154,171,0.066666666666666666
154,172,0.066666666666666666
154,173,0.066666666666666666
154,189,0.066666666666666666
154,190,0.066666666666666666
154,191,0.10000000000000001
155,25,0.13333333333333333
155,26,0.13333333333333333
155,27,0.13333333333333333
155,30,0.13333333333333333
155,31,0.13333333333333333
155,32,0.13333333333333333
155,41,0.066666666666666666
155,42,0.066666666666666666
155,43,0.066666666666666666
155,99,0.066666666666666666
155,100,0.066666666666666666
155,101,0.066666666666666666
155,115,0.066666666666666666
155,116,0.066666666666666666
155,117,0.066666666666666666
155,140,0.066666666666666666
155,141,0.066666666666666666
155,142,0.066666666666666666
155,171,0.066666666666666666
155,172,0.066666666666666666
155,173,0.13333333333333333
155,174,0.066666666666666666
155,175,0.066666666666666666
156,7,0.13333333333333333
156,8,0.20000000000000004
156,9,0.20000000000000004
156,10,0.066666666666666666
156,14,0.066666666666666666
156,15,0.066666666666666666
156,16,0.13333333333333333
156,17,0.066666666666666666
156,18,0.066666666666666666
156,21,0.13333333333333333
156,22,0.20000000000000004
156,23,0.26666666666666666
156,24,0.20000000000000004
156,25,0.20000000000000004
156,26,0.13333333333333333
156,27,0.066666666666666666
156,28,0.066666666666666666
156,29,0.20000000000000004
156,30,0.26666666666666666
156,31,0.26666666666666666
156,32,0.26666666666666666
156,33,0.20000000000000004
156,34,0.20000000000000004
156,35,0.13333333333333333
156,36,0.13333333333333333
156,37,0.13333333333333333
156,38,0.066666666666666666
156,39,0.066666666666666666
156,45,0.13333333333333333
156,46,0.13333333333333333
156,47,0.13333333333333333
156,52,0.066666666666666666
156,53,0.066666666666666666
156,54,0.066666666666666666
156,61,0.066666666666666666
156,62,0.066666666666666666
156,63,0.066666666666666666
156,99,0.066666666666666666
156,100,0.13333333333333333
156,101,0.13333333333333333
156,102,0.066666666666666666
156,110,0.13333333333333333
156,111,0.20000000000000004
156,112,0.20000000000000004
156,113,0.066666666666666666
156,120,0.066666666666666666
156,121,0.13333333333333333
156,122,0.20000000000000004
156,123,0.13333333333333333
156,124,0.066666666666666666
156,127,0.066666666666666666
156,128,0.13333333333333333
156,129,0.13333333333333333
156,130,0.20000000000000004
156,131,0.13333333333333333
156,132,0.13333333333333333
156,139,0.066666666666666666
156,140,0.066666666666666666
156,141,0.066666666666666666
156,145,0.19999999999999998
156,146,0.19999999999999998
156,147,0.19999999999999998
156,148,0.066666666666666666
156,149,0.13333333333333333
156,150,0.13333333333333333
156,151,0.066666666666666666
156,152,0.19999999999999998
156,153,0.26666666666666666
156,154,0.26666666666666666
156,155,0.20000000000000004
156,156,0.20000000000000004
156,157,0.20000000000000004
156,158,0.066666666666666666
156,160,0.066666666666666666
156,161,0.066666666666666666
156,162,0.13333333333333333
156,163,0.066666666666666666
156,164,0.13333333333333333
156,165,0.066666666666666666
156,166,0.066666666666666666
156,171,0.13333333333333333
156,172,0.13333333333333333
156,173,0.13333333333333333
156,174,0.066666666666666666
156,175,0.066666666666666666
156,176,0.066666666666666666
156,179,0.066666666666666666
156,180,0.066666666666666666
156,181,0.13333333333333333
156,182,0.13333333333333333
156,183,0.13333333333333333
156,184,0.066666666666666666
157,8,0.066666666666666666
157,9,0.066666666666666666
157,10,0.066666666666666666
157,14,0.066666666666666666
157,15,0.066666666666666666
157,16,0.20000000000000004
157,17,0.13333333333333333
157,18,0.13333333333333333
157,20,0.066666666666666666
157,21,0.13333333333333333
157,22,0.26666666666666666
157,23,0.20000000000000004
157,24,0.13333333333333333
157,25,0.13333333333333333
157,26,0.26666666666666666
157,27,0.33333333333333331
157,28,0.20000000000000004
157,29,0.33333333333333331
157,30,0.26666666666666666
157,31,0.40000000000000008
157,32,0.13333333333333333
157,33,0.13333333333333333
157,34,0.066666666666666666
157,35,0.066666666666666666
157,36,0.066666666666666666
157,41,0.066666666666666666
157,42,0.066666666666666666
157,43,0.066666666666666666
157,45,0.066666666666666666
157,46,0.066666666666666666
157,47,0.066666666666666666
157,49,0.066666666666666666
157,50,0.066666666666666666
157,51,0.066666666666666666
157,57,0.066666666666666666
157,58,0.066666666666666666
157,59,0.066666666666666666
157,71,0.066666666666666666
157,72,0.066666666666666666
157,73,0.066666666666666666
157,75,0.066666666666666666
157,76,0.066666666666666666
157,77,0.066666666666666666
157,99,0.066666666666666666
157,100,0.13333333333333333
157,101,0.13333333333333333
157,102,0.066666666666666666
157,110,0.066666666666666666
157,111,0.13333333333333333
157,112,0.13333333333333333
157,113,0.066666666666666666
157,121,0.066666666666666666
157,122,0.13333333333333333
157,123,0.13333333333333333
157,124,0.066666666666666666
157,127,0.066666666666666666
157,128,0.066666666666666666
157,129,0.066666666666666666
157,135,0.066666666666666666
157,136,0.066666666666666666
157,137,0.066666666666666666
157,139,0.066666666666666666
157,140,0.13333333333333333
157,141,0.13333333333333333
157,142,0.066666666666666666
157,145,0.066666666666666666
157,146,0.13333333333333333
157,147,0.13333333333333333
157,148,0.066666666666666666
157,149,0.066666666666666666
157,150,0.13333333333333333
157,151,0.13333333333333333
157,152,0.26666666666666666
157,153,0.33333333333333331
157,154,0.33333333333333331
157,155,0.20000000000000004
157,156,0.066666666666666666
157,157,0.066666666666666666
157,159,0.066666666666666666
157,160,0.13333333333333333
157,161,0.13333333333333333
157,162,0.066666666666666666
157,167,0.066666666666666666
157,168,0.13333333333333333
157,169,0.13333333333333333
157,170,0.13333333333333333
157,171,0.20000000000000004
157,172,0.26666666666666666
157,173,0.20000000000000004
157,174,0.13333333333333333
157,175,0.066666666666666666
157,176,0.066666666666666666
157,179,0.066666666666666666
157,180,0.066666666666666666
157,181,0.13333333333333333
157,182,0.066666666666666666
157,183,0.066666666666666666
158,14,0.13333333333333333
158,15,0.13333333333333333
158,16,0.20000000000000004
158,17,0.066666666666666666
158,18,0.066666666666666666
158,20,0.066666666666666666
158,21,0.066666666666666666
158,22,0.20000000000000004
158,23,0.13333333333333333
158,24,0.20000000000000004
158,25,0.13333333333333333
158,26,0.26666666666666666
158,27,0.20000000000000004
158,28,0.13333333333333333
158,29,0.066666666666666666
158,30,0.13333333333333333
158,31,0.13333333333333333
158,32,0.066666666666666666
158,34,0.066666666666666666
158,35,0.066666666666666666
158,36,0.066666666666666666
158,41,0.066666666666666666
158,42,0.066666666666666666
158,43,0.066666666666666666
158,45,0.066666666666666666
158,46,0.066666666666666666
158,47,0.066666666666666666
158,55,0.066666666666666666
158,56,0.066666666666666666
158,57,0.13333333333333333
158,58,0.066666666666666666
158,59,0.20000000000000004
158,60,0.13333333333333333
158,61,0.13333333333333333
158,71,0.13333333333333333
158,72,0.13333333333333333
158,73,0.13333333333333333
158,75,0.066666666666666666
158,76,0.066666666666666666
158,77,0.066666666666666666
158,91,0.066666666666666666
158,92,0.066666666666666666
158,93,0.066666666666666666
158,105,0.066666666666666666
158,106,0.066666666666666666
158,107,0.066666666666666666
158,113,0.066666666666666666
158,114,0.066666666666666666
158,115,0.13333333333333333
158,116,0.066666666666666666
158,117,0.13333333333333333
158,118,0.066666666666666666
158,119,0.066666666666666666
158,125,0.066666666666666666
158,126,0.13333333333333333
158,127,0.13333333333333333
158,128,0.066666666666666666
158,129,0.066666666666666666
158,130,0.066666666666666666
158,131,0.066666666666666666
158,135,0.066666666666666666
158,136,0.066666666666666666
158,137,0.066666666666666666
158,140,0.066666666666666666
158,141,0.066666666666666666
158,142,0.066666666666666666
158,145,0.066666666666666666
158,146,0.13333333333333333
158,147,0.13333333333333333
158,148,0.066666666666666666
158,151,0.066666666666666666
158,152,0.26666666666666666
158,153,0.33333333333333331
158,154,0.26666666666666666
158,155,0.13333333333333333
158,156,0.066666666666666666
158,157,0.13333333333333333
158,158,0.13333333333333333
158,159,0.20000000000000004
158,160,0.13333333333333333
158,161,0.066666666666666666
158,167,0.066666666666666666
158,168,0.13333333333333333
158,169,0.13333333333333333
158,170,0.13333333333333333
158,171,0.066666666666666666
158,172,0.13333333333333333
158,173,0.066666666666666666
158,174,0.066666666666666666
158,175,0.066666666666666666
158,176,0.066666666666666666
158,177,0.066666666666666666
158,178,0.066666666666666666
158,179,0.13333333333333333
158,180,0.13333333333333333
158,181,0.066666666666666666
159,1,0.13333333333333333
159,2,0.13333333333333333
159,3,0.13333333333333333
159,4,0.066666666666666666
159,5,0.13333333333333333
159,6,0.26666666666666666
159,7,0.20000000000000004
159,8,0.20000000000000004
159,9,0.13333333333333333
159,10,0.20000000000000004
159,11,0.20000000000000004
159,12,0.46666666666666662
159,13,0.46666666666666662
159,14,0.46666666666666662
159,15,0.13333333333333333
159,16,0.26666666666666666
159,17,0.19999999999999998
159,18,0.39999999999999997
159,19,0.26666666666666666
159,20,0.40000000000000008
159,21,0.33333333333333331
159,22,0.53333333333333333
159,23,0.53333333333333333
159,24,0.40000000000000008
159,25,0.20000000000000004
159,26,0.26666666666666666
159,27,0.33333333333333331
159,28,0.26666666666666666
159,29,0.13333333333333333
159,30,0.20000000000000004
159,31,0.20000000000000004
159,32,0.13333333333333333
159,33,0.066666666666666666
159,34,0.13333333333333333
159,35,0.20000000000000004
159,36,0.20000000000000004
159,37,0.13333333333333333
159,38,0.066666666666666666
159,39,0.13333333333333333
159,40,0.26666666666666666
159,41,0.40000000000000008
159,42,0.26666666666666666
159,43,0.26666666666666666
159,44,0.13333333333333333
159,45,0.20000000000000004
159,46,0.066666666666666666
159,47,0.13333333333333333
159,48,0.20000000000000004
159,49,0.20000000000000004
159,50,0.13333333333333333
159,51,0.13333333333333333
159,52,0.20000000000000004
159,53,0.33333333333333331
159,54,0.20000000000000004
159,55,0.20000000000000004
159,56,0.066666666666666666
159,57,0.26666666666666666
159,58,0.26666666666666666
159,59,0.40000000000000008
159,60,0.20000000000000004
159,61,0.13333333333333333
159,66,0.066666666666666666
159,67,0.066666666666666666
159,68,0.066666666666666666
159,71,0.13333333333333333
159,72,0.20000000000000004
159,73,0.20000000000000004
159,74,0.20000000000000004
159,75,0.33333333333333331
159,76,0.39999999999999997
159,77,0.33333333333333331
159,78,0.13333333333333333
159,79,0.066666666666666666
159,80,0.066666666666666666
159,81,0.066666666666666666
159,82,0.066666666666666666
159,86,0.066666666666666666
159,87,0.20000000000000004
159,88,0.20000000000000004
159,89,0.20000000000000004
159,90,0.066666666666666666
159,91,0.20000000000000004
159,92,0.13333333333333333
159,93,0.20000000000000004
159,94,0.13333333333333333
159,95,0.20000000000000004
159,96,0.13333333333333333
159,97,0.13333333333333333
159,98,0.066666666666666666
159,99,0.13333333333333333
159,100,0.13333333333333333
159,101,0.20000000000000004
159,102,0.20000000000000004
159,103,0.13333333333333333
159,104,0.13333333333333333
159,105,0.13333333333333333
159,106,0.13333333333333333
159,107,0.066666666666666666
159,110,0.066666666666666666
159,111,0.066666666666666666
159,112,0.066666666666666666
159,113,0.13333333333333333
159,114,0.26666666666666666
159,115,0.40000000000000008
159,116,0.26666666666666666
159,117,0.20000000000000004
159,118,0.13333333333333333
159,119,0.13333333333333333
159,120,0.20000000000000004
159,121,0.20000000000000004
159,122,0.20000000000000004
159,123,0.066666666666666666
159,124,0.066666666666666666
159,125,0.20000000000000004
159,126,0.40000000000000008
159,127,0.39999999999999997
159,128,0.40000000000000008
159,129,0.33333333333333331
159,130,0.59999999999999998
159,131,0.46666666666666662
159,132,0.46666666666666662
159,133,0.13333333333333333
159,134,0.20000000000000004
159,135,0.33333333333333331
159,136,0.46666666666666662
159,137,0.46666666666666673
159,138,0.33333333333333331
159,139,0.33333333333333331
159,140,0.33333333333333331
159,141,0.20000000000000004
159,142,0.066666666666666666
159,145,0.066666666666666666
159,146,0.13333333333333333
159,147,0.13333333333333333
159,148,0.066666666666666666
159,149,0.19999999999999998
159,150,0.33333333333333331
159,151,0.46666666666666662
159,152,0.53333333333333333
159,153,0.46666666666666673
159,154,0.46666666666666662
159,155,0.33333333333333331
159,156,0.33333333333333331
159,157,0.33333333333333331
159,158,0.26666666666666666
159,159,0.26666666666666666
159,160,0.46666666666666662
159,161,0.46666666666666662
159,162,0.53333333333333333
159,163,0.26666666666666666
159,164,0.20000000000000004
159,165,0.20000000000000004
159,166,0.20000000000000004
159,167,0.33333333333333331
159,168,0.33333333333333331
159,169,0.33333333333333331
159,170,0.26666666666666666
159,171,0.20000000000000004
159,172,0.26666666666666666
159,173,0.26666666666666666
159,174,0.26666666666666666
159,175,0.20000000000000004
159,176,0.26666666666666666
159,177,0.33333333333333331
159,178,0.33333333333333331
159,179,0.33333333333333331
159,180,0.33333333333333331
159,181,0.26666666666666666
159,182,0.20000000000000004
159,183,0.066666666666666666
159,184,0.33333333333333331
159,185,0.33333333333333331
159,186,0.33333333333333331
159,187,0.20000000000000004
159,188,0.13333333333333333
159,189,0.13333333333333333
159,190,0.066666666666666666
159,191,0.10000000000000001
