probe_id,segment_id,entry_s,exit_s
0,15,31751.993431817289,31764.904002668645
0,13,31764.904002668645,31782.627144846596
0,11,31782.627144846596,31802.236594318223
0,9,31802.236594318223,31823.892102739592
0,7,31823.892102739592,31839.081164347706
0,5,31839.081164347706,31853.558854055867
1,128,74471.051054362324,74482.72757864579
1,130,74482.72757864579,74492.842052589898
1,132,74492.842052589898,74502.956526534021
1,134,74502.956526534021,74513.071000478143
1,76,74555.8857387772,74566.811245197649
1,78,74566.811245197649,74576.915816406676
1,80,74576.915816406676,74591.387502229394
3,122,30587.94509633923,30604.249092934715
3,124,30604.249092934715,30617.185623601785
3,126,30617.185623601785,30632.117245248024
3,100,30667.422281861411,30682.876923765729
3,101,30682.876923765729,30699.24096054387
3,102,30699.24096054387,30715.810230200965
3,103,30715.810230200965,30731.910319060866
3,44,30814.095398860591,30838.103460188042
4,138,36793.28795636804,36803.380980013259
4,140,36803.380980013259,36814.979536335784
5,135,31635.886775678078,31652.271297877556
5,133,31652.271297877556,31673.302118602987
5,131,31673.302118602987,31690.215340075349
5,129,31690.215340075349,31707.764704367262
5,27,31853.528645534388,31874.854454027394
5,26,31874.854454027394,31896.663390373298
6,79,63694.989414249227,63707.664411627695
6,77,63707.664411627695,63720.556219959239
6,15,63771.850466167649,63785.161012948476
7,6,28423.590099624231,28442.763946250598
7,8,28442.763946250598,28462.154543153432
7,10,28462.154543153432,28472.612212248801
7,12,28472.612212248801,28484.019132282614
7,14,28484.019132282614,28496.393079398116
7,136,28611.26357938267,28624.862023962876
7,138,28624.862023962876,28639.087238784356
7,140,28639.087238784356,28653.26878770578
8,117,71990.607826201653,72010.677338213878
8,116,72010.677338213878,72027.821678242224
8,75,72066.937942620512,72080.056330400141
8,73,72080.056330400141,72093.323676340748
8,71,72093.323676340748,72104.833671755652
8,69,72104.833671755652,72115.667740556979
8,67,72115.667740556979,72127.030437644513
8,65,72127.030437644513,72139.673666869858
8,63,72139.673666869858,72150.425373137376
8,61,72150.425373137376,72161.70958004675
9,16,69414.836973290294,69425.923134665776
10,39,22073.214864240228,22088.729256354025
10,68,22109.839780370799,22119.807919171049
10,70,22119.807919171049,22129.204632975001
10,72,22129.204632975001,22139.321342166317
10,74,22139.321342166317,22149.523715231484
11,141,56015.404150157781,56025.677794723182
11,139,56025.677794723182,56035.203202660981
11,137,56035.203202660981,56045.880848439898
11,135,56045.880848439898,56056.604121401579
11,133,56056.604121401579,56065.403199011955
11,131,56065.403199011955,56072.686258315538
11,129,56072.686258315538,56080.786984285071
11,7,56161.19178138709,56171.472662358094
11,5,56171.472662358094,56180.568854045312
12,127,27370.106669276454,27385.819846606024
12,125,27385.819846606024,27395.746080885954
12,123,27395.746080885954,27407.943402476947
12,121,27407.943402476947,27424.917295602387
13,8,32789.531992037148,32812.573724196809
13,10,32812.573724196809,32824.342008506865
13,12,32824.342008506865,32841.376789314862
13,14,32841.376789314862,32860.920812511358
15,92,46028.048198819226,46045.538559241591
15,135,46077.886058561169,46088.749762479638
15,133,46088.749762479638,46099.511944743448
15,131,46099.511944743448,46111.018629348742
15,129,46111.018629348742,46121.439234833299
16,122,48593.117942634985,48601.098948115716
16,124,48601.098948115716,48611.834300054892
16,126,48611.834300054892,48622.740024688203
16,68,48663.968351909672,48672.757382116652
16,70,48672.757382116652,48682.369266215494
16,72,48682.369266215494,48691.978178598583
16,74,48691.978178598583,48701.436434277872
16,76,48701.436434277872,48710.880539289195
16,78,48710.880539289195,48720.166099007482
16,80,48720.166099007482,48731.612253077466
16,82,48731.612253077466,48743.256446707135
18,74,32733.020095567721,32750.526682222368
21,132,74047.652393941127,74057.515790114514
21,134,74057.515790114514,74065.807416262542
21,136,74065.807416262542,74074.099042410569
22,52,72913.96484197276,72933.208428199592
22,7,72971.469146013565,72982.508511196924
22,5,72982.508511196924,72993.709155179255
23,141,70332.981766228433,70347.386891993025
23,139,70347.386891993025,70361.473837554018
23,137,70361.473837554018,70375.857346689241
24,8,26257.369798976662,26268.119891558905
24,10,26268.119891558905,26279.33966642799
25,17,73351.171467019638,73359.544698864411
26,29,62293.037221902254,62309.990987222489
26,28,62309.990987222489,62325.599315336978
27,158,70616.002289745345,70628.431957854729
27,159,70628.431957854729,70648.672666576414
28,15,40923.595997921453,40933.410136236933
28,13,40933.410136236933,40944.275749455912
29,135,30672.542562202416,30689.53924877962
29,133,30689.53924877962,30709.846763371745
31,0,63428.172777950596,63440.847484324557
31,2,63440.847484324557,63453.860198571907
31,4,63453.860198571907,63467.183419966786
31,6,63467.183419966786,63481.543253373995
31,8,63481.543253373995,63494.664085888304
31,10,63494.664085888304,63506.503252606213
31,12,63506.503252606213,63519.933399235364
31,14,63519.933399235364,63532.441698835893
31,16,63532.441698835893,63545.745950001576
31,18,63545.745950001576,63557.916213276185
32,137,67306.034510186219,67328.147474519064
32,75,67394.863968518868,67416.037415251441
33,83,30787.881572957114,30805.595477283565
33,81,30805.595477283565,30823.182960249553
33,79,30823.182960249553,30838.306851284371
33,77,30838.306851284371,30854.806146980205
33,75,30854.806146980205,30878.161244983006
33,73,30878.161244983006,30899.747502871644
33,71,30899.747502871644,30917.355995317368
33,69,30917.355995317368,30935.129078234026
33,67,30935.129078234026,30957.245670492088
33,65,30957.245670492088,30976.133699805978
33,63,30976.133699805978,30995.964078440244
33,61,30995.964078440244,31015.616906789495
36,124,24061.164763181681,24072.627498702157
36,126,24072.627498702157,24082.460477387678
36,128,24082.460477387678,24091.170771346904
36,130,24091.170771346904,24098.861926613765
36,132,24098.861926613765,24110.068194961772
36,134,24110.068194961772,24121.045687974023
36,136,24121.045687974023,24131.54305572989
36,138,24131.54305572989,24142.300615167485
36,140,24142.300615167485,24153.539842104456
37,60,74613.817150967589,74624.168321394784
37,62,74624.168321394784,74633.085880462313
37,64,74633.085880462313,74640.873529855307
37,66,74640.873529855307,74648.92537817487
37,68,74648.92537817487,74657.853876830573
37,70,74657.853876830573,74668.436875949919
37,72,74668.436875949919,74678.66265308857
37,74,74678.66265308857,74687.212922802239
37,76,74687.212922802239,74695.816217075713
37,78,74695.816217075713,74703.84340015726
37,80,74703.84340015726,74711.855717801067
37,82,74711.855717801067,74720.043775707163
39,75,60669.228062195805,60682.330232882232
39,73,60682.330232882232,60694.705412794581
40,135,42967.501598744129,42981.766956813073
40,133,42981.766956813073,42992.406275944959
40,131,42992.406275944959,43003.18710019008
40,129,43003.18710019008,43013.495178220088
41,71,34659.679962929084,34673.033094895443
41,69,34673.033094895443,34684.699384801526
41,127,34736.441261131833,34750.136162797105
41,125,34750.136162797105,34761.160793859308
41,123,34761.160793859308,34773.116894488405
41,121,34773.116894488405,34785.101760598714
42,43,30165.831322964405,30183.751443118475
42,136,30283.740963397406,30299.477181715181
42,138,30299.477181715181,30314.649758958658
44,128,72733.309843296665,72746.855598377544
44,130,72746.855598377544,72758.498097117394
44,132,72758.498097117394,72769.518979076005
44,134,72769.518979076005,72780.584603257157
44,76,72828.142882675864,72840.395735179962
44,78,72840.395735179962,72851.128172761557
45,130,65099.308863602062,65119.210331549832
45,132,65119.210331549832,65136.338579434523
45,134,65136.338579434523,65160.568889499533
46,21,61122.287157644365,61135.443489875186
46,19,61135.443489875186,61148.139980053071
46,17,61148.139980053071,61161.937230408308
46,15,61161.937230408308,61176.196732882163
46,13,61176.196732882163,61188.961957699132
48,128,55361.024462274174,55370.961736598954
48,130,55370.961736598954,55380.129356719975
48,132,55380.129356719975,55389.369172496823
48,134,55389.369172496823,55398.087225134179
49,83,57586.650571569575,57595.637704620734
49,81,57595.637704620734,57604.229750950042
49,79,57604.229750950042,57614.035261644363
50,68,71883.974466532396,71898.673747807596
50,70,71898.673747807596,71912.689590859838
50,72,71912.689590859838,71929.643371220896
51,60,33035.168578303441,33059.221422840426
51,62,33059.221422840426,33077.526932388784
52,7,31093.818029727612,31110.363336154234
53,122,74721.872282816214,74732.219270340414
53,124,74732.219270340414,74742.296488441774
53,126,74742.296488441774,74752.063593737999
53,68,74791.462868144095,74803.104809433062
53,70,74803.104809433062,74813.805337978294
54,125,74405.748957160991,74418.853784206571
54,123,74418.853784206571,74430.583737490364
54,121,74430.583737490364,74440.183562522885
55,2,48868.969742506932,48876.585587838585
55,4,48876.585587838585,48884.820211991551
55,6,48884.820211991551,48894.174888468493
55,8,48894.174888468493,48903.276315855379
55,10,48903.276315855379,48912.706178249566
55,12,48912.706178249566,48922.956421277762
56,2,68195.866978966384,68208.283742651489
56,4,68208.283742651489,68224.78708859325
56,6,68224.78708859325,68240.459370351484
56,40,68279.182639757069,68299.617453689338
56,41,68299.617453689338,68325.107489538801
56,42,68325.107489538801,68347.566025652792
56,43,68347.566025652792,68367.891051556624
56,44,68367.891051556624,68388.765676508308
56,45,68388.765676508308,68406.798120742635
57,139,65943.070144129146,65960.741580661372
57,137,65960.741580661372,65977.138986148624
58,79,73993.609350912695,74004.822869786774
58,77,74004.822869786774,74015.326456478913
58,135,74052.228135228972,74062.061928639523
58,133,74062.061928639523,74070.871550764292
58,131,74070.871550764292,74080.33607001463
58,129,74080.33607001463,74090.407743281918
58,127,74090.407743281918,74100.604405651
59,102,26165.750906005869,26185.780243663183
59,103,26185.780243663183,26202.92786270742
59,136,26230.271851731111,26240.737371512361
59,138,26240.737371512361,26254.197552556408
60,132,71241.873689393513,71252.686518268078
60,134,71252.686518268078,71266.763517021129
60,136,71266.763517021129,71278.662863498437
60,138,71278.662863498437,71292.033888614489
60,140,71292.033888614489,71304.021129026398
60,142,71304.021129026398,71314.338733429147
61,27,51888.429815478157,51904.072980964978
62,129,45357.237570147117,45367.551968432548
62,67,45402.525000063928,45411.660122694026
62,65,45411.660122694026,45420.875676548392
62,63,45420.875676548392,45430.091230402766
63,122,63937.811540855488,63954.541086968435
64,39,61835.337841013163,61857.167076935977
64,40,61857.167076935977,61876.329959160234
64,41,61876.329959160234,61897.611511761956
64,42,61897.611511761956,61913.582926644718
65,68,44823.079768932192,44833.036650529444
65,70,44833.036650529444,44843.060781989261
65,72,44843.060781989261,44852.751062785348
65,74,44852.751062785348,44861.215430246899
65,76,44861.215430246899,44870.572580634755
65,78,44870.572580634755,44879.413302055931
65,80,44879.413302055931,44889.416951179708
66,139,33695.252555406732,33709.53941048219
66,137,33709.53941048219,33722.815256575821
66,135,33722.815256575821,33734.567049394085
66,133,33734.567049394085,33748.451321832916
66,131,33748.451321832916,33764.122090260986
66,129,33764.122090260986,33776.355746128902
66,127,33776.355746128902,33790.296657234649
67,81,72729.2618076707,72741.44851526944
67,79,72741.44851526944,72752.522426781608
67,77,72752.522426781608,72762.346949008759
67,75,72762.346949008759,72773.085293456039
68,128,68509.319428535557,68525.144240145732
68,130,68525.144240145732,68536.638472151128
68,132,68536.638472151128,68549.743197348856
68,134,68549.743197348856,68563.39216224743
68,76,68618.571068900477,68635.091273723985
68,78,68635.091273723985,68647.076561102745
68,80,68647.076561102745,68658.468615922
69,60,27700.614562841325,27718.927217736429
69,62,27718.927217736429,27732.993478598797
69,64,27732.993478598797,27748.233322489585
70,127,41434.617481785666,41444.343858146327
70,125,41444.343858146327,41455.744075770213
71,76,67464.29707944121,67483.754255515334
71,78,67483.754255515334,67498.029005400575
71,80,67498.029005400575,67515.422526187729
72,70,71017.963710167023,71031.516495730699
72,72,71031.516495730699,71043.024981222436
72,74,71043.024981222436,71054.051379115059
72,76,71054.051379115059,71066.545492015342
72,78,71066.545492015342,71076.722821659307
73,143,75408.516847643026,75420.354134150577
73,141,75420.354134150577,75429.922513485682
73,139,75429.922513485682,75439.07688622587
74,64,31755.64989514236,31775.021250784743
74,66,31775.021250784743,31787.013531286306
74,68,31787.013531286306,31809.837897199224
74,70,31809.837897199224,31827.257081756172
75,14,71921.348588049063,71934.805817767512
75,135,72038.302841319484,72049.341487846075
75,133,72049.341487846075,72062.830130135466
76,136,64819.318119614174,64832.62951631521
76,138,64832.62951631521,64846.770741683213
76,140,64846.770741683213,64861.413150415559
76,142,64861.413150415559,64876.298209691529
78,31,31491.959742372273,31515.540279820896
78,30,31515.540279820896,31533.388251102631
78,29,31533.388251102631,31555.302144699421
78,28,31555.302144699421,31574.256716362215
78,27,31574.256716362215,31593.774539260725
78,26,31593.774539260725,31617.546505974322
79,79,30127.615563056937,30140.861775125428
79,77,30140.861775125428,30154.949439121396
79,135,30221.69472429348,30237.585945917621
79,133,30237.585945917621,30258.670983896121
80,141,26411.613941096228,26425.094457528947
80,139,26425.094457528947,26438.323870324672
80,137,26438.323870324672,26450.112459398988
80,75,26506.121409349467,26519.958428317281
80,73,26519.958428317281,26536.361103555348
80,71,26536.361103555348,26552.538747283732
80,69,26552.538747283732,26564.493473135193
80,67,26564.493473135193,26577.14573436194
80,65,26577.14573436194,26588.991762639507
80,63,26588.991762639507,26604.317009891281
81,135,64423.487935328114,64438.872134706093
81,133,64438.872134706093,64457.728859908944
81,131,64457.728859908944,64474.57152014249
81,129,64474.57152014249,64491.576946888497
81,127,64491.576946888497,64508.462160724266
81,125,64508.462160724266,64522.164432839876
81,123,64522.164432839876,64539.456106198377
81,121,64539.456106198377,64562.47131099664
82,10,34549.713049888247,34561.481558576597
82,12,34561.481558576597,34574.242357119867
82,14,34574.242357119867,34587.633037830499
83,141,64783.968187552411,64798.816176578548
83,139,64798.816176578548,64814.190943860391
83,137,64814.190943860391,64827.219868907887
83,135,64827.219868907887,64843.533528344087
83,133,64843.533528344087,64859.944890235703
83,131,64859.944890235703,64877.257318309501
83,129,64877.257318309501,64894.226406623282
83,127,64894.226406623282,64911.041841323335
83,125,64911.041841323335,64923.004801074836
83,123,64923.004801074836,64936.852362042089
83,121,64936.852362042089,64954.935022171019
84,128,26339.407542926609,26351.93477435461
84,130,26351.93477435461,26365.469762844405
84,132,26365.469762844405,26379.724890018053
84,134,26379.724890018053,26395.344109348604
85,135,70433.348044767336,70447.167712309834
85,133,70447.167712309834,70457.096668515747
86,122,64660.457124193868,64672.059626662623
86,124,64672.059626662623,64684.240314626164
86,126,64684.240314626164,64696.394175573994
86,68,64753.259237012615,64769.759943841083
87,81,67023.804387458353,67038.82570431054
87,79,67038.82570431054,67052.826334353667
87,77,67052.826334353667,67066.45110989848
87,15,67131.026476610044,67147.653100399984
87,13,67147.653100399984,67166.690963803558
88,83,61128.802356194625,61141.587142664815
88,81,61141.587142664815,61152.636453119674
88,79,61152.636453119674,61166.67366308155
88,77,61166.67366308155,61178.365397365364
88,135,61224.103542241275,61235.397415655178
88,133,61235.397415655178,61247.211375224011
88,131,61247.211375224011,61259.784819660374
88,129,61259.784819660374,61274.813665115675
88,127,61274.813665115675,61289.505441272391
88,125,61289.505441272391,61303.565263449869
88,123,61303.565263449869,61314.392037433157
88,121,61314.392037433157,61325.322472904161
89,19,46526.554547540924,46536.783414858874
89,17,46536.783414858874,46548.413005684779
89,75,46590.279721657214,46599.344149543133
89,73,46599.344149543133,46609.133979740611
89,71,46609.133979740611,46619.683472242476
89,69,46619.683472242476,46629.651858531834
90,135,30104.510918496446,30123.058289215638
90,114,30146.362452387111,30169.639461967381
90,113,30169.639461967381,30200.098065493141
90,69,30266.476575706693,30286.951907601389
91,7,74738.024091161089,74747.079225465728
91,5,74747.079225465728,74755.405449031765
92,122,29577.493132765041,29591.476617545144
92,124,29591.476617545144,29604.184695657259
92,126,29604.184695657259,29622.043423060357
92,128,29622.043423060357,29642.597034652619
92,130,29642.597034652619,29658.366898566663
92,132,29658.366898566663,29676.335541260738
92,134,29676.335541260738,29691.087772517574
92,76,29768.946907438782,29788.943701213509
92,78,29788.943701213509,29807.469008065244
92,80,29807.469008065244,29822.290923455119
93,60,53563.572477349087,53572.909580150801
93,62,53572.909580150801,53583.989414447591
93,64,53583.989414447591,53593.701071986747
93,66,53593.701071986747,53604.442848281527
93,100,53627.840820853358,53644.554793814823
95,2,28563.374211937753,28579.537757596419
95,4,28579.537757596419,28597.926463205578
95,6,28597.926463205578,28616.268719849642
95,8,28616.268719849642,28633.764780019628
95,10,28633.764780019628,28647.196634739132
95,12,28647.196634739132,28662.910335249799
95,14,28662.910335249799,28677.144238423003
95,44,28707.484931023904,28730.946912250212
97,62,70348.633182783349,70359.408373863436
97,64,70359.408373863436,70370.426496560176
97,66,70370.426496560176,70385.85377333271
97,68,70385.85377333271,70399.745291144922
97,70,70399.745291144922,70412.708113029104
97,72,70412.708113029104,70427.296537874063
97,74,70427.296537874063,70441.884962719021
98,156,47026.697469616032,47042.201853188373
99,14,68379.572503637828,68396.377942468316
99,16,68396.377942468316,68411.026633375892
99,18,68411.026633375892,68424.680598166771
99,20,68424.680598166771,68440.822837849715
100,7,70229.736900929871,70240.959958416846
100,5,70240.959958416846,70255.287659918424
101,124,55114.836481238141,55124.394084016072
101,126,55124.394084016072,55132.76094590815
102,143,66918.215694352213,66942.467158203857
102,141,66942.467158203857,66955.574817787012
102,139,66955.574817787012,66969.655632522292
104,136,29054.536810045589,29070.907582101521
104,138,29070.907582101521,29088.170505514699
104,140,29088.170505514699,29105.988499512514
104,142,29105.988499512514,29121.036784772834
106,139,21974.756089307437,21984.278682684017
106,137,21984.278682684017,21993.489208099418
106,75,22030.043567827604,22039.707947003433
108,120,66481.437432836028,66495.829817422549
108,122,66495.829817422549,66505.517433315923
108,124,66505.517433315923,66520.525931315482
108,126,66520.525931315482,66533.552818929762
109,83,71259.238169809571,71270.020901804994
109,81,71270.020901804994,71283.777971295916
109,79,71283.777971295916,71297.97258638253
109,77,71297.97258638253,71310.627507397032
109,15,71362.419880593603,71372.499212894763
109,13,71372.499212894763,71384.211023435026
109,11,71384.211023435026,71397.5139583704
109,9,71397.5139583704,71409.310931308733
109,7,71409.310931308733,71420.294805083962
109,5,71420.294805083962,71430.164101938601
110,99,25537.548524121787,25555.645113504721
111,122,65257.195485844051,65272.335420142859
111,124,65272.335420142859,65285.906995290359
111,126,65285.906995290359,65301.851982585715
111,128,65301.851982585715,65317.445075212665
111,130,65317.445075212665,65331.141389080738
111,132,65331.141389080738,65346.909974046001
111,134,65346.909974046001,65364.578074961733
111,44,65468.685543605417,65489.675835248039
112,120,67277.874099877052,67290.474405470493
112,122,67290.474405470493,67303.806559555436
112,124,67303.806559555436,67320.160809248657
112,126,67320.160809248657,67333.756636532766
112,128,67333.756636532766,67352.505584116938
112,130,67352.505584116938,67366.240642840334
112,132,67366.240642840334,67380.121608692833
113,148,64168.326482566641,64185.372788582972
113,147,64185.372788582972,64202.760355792052
113,146,64202.760355792052,64223.053795466571
113,145,64223.053795466571,64243.273166806117
113,144,64243.273166806117,64262.724053132384
114,72,51870.898728659544,51881.2799483204
114,74,51881.2799483204,51891.179036107162
114,104,51912.560038450887,51930.788537637847
115,83,50027.304154995218,50040.550287992992
115,81,50040.550287992992,50051.099504116064
115,79,50051.099504116064,50061.857056827153
115,77,50061.857056827153,50070.470774824586
115,75,50070.470774824586,50080.550661426707
115,73,50080.550661426707,50090.884929154337
115,71,50090.884929154337,50102.333383967925
115,69,50102.333383967925,50113.125452365784
115,67,50113.125452365784,50122.765583711182
115,65,50122.765583711182,50132.315751521048
115,63,50132.315751521048,50142.028655530085
115,61,50142.028655530085,50151.680128814318
116,85,64800.744374861853,64818.137105769878
116,62,64841.131550120495,64852.7871275539
116,64,64852.7871275539,64868.259042948543
116,66,64868.259042948543,64884.490671969041
116,68,64884.490671969041,64901.571690850069
116,70,64901.571690850069,64916.612677596575
116,72,64916.612677596575,64938.996948900785
117,83,31941.167109489346,31968.967999406148
117,81,31968.967999406148,31994.771320361757
117,79,31994.771320361757,32014.11327636295
117,77,32014.11327636295,32029.720784624584
117,75,32029.720784624584,32049.433170100398
118,83,66131.034564365487,66149.556434878919
119,100,30179.283071332757,30198.224344093076
119,101,30198.224344093076,30216.09173390039
119,102,30216.09173390039,30234.424960117736
120,75,24893.617562025553,24903.966478088008
120,73,24903.966478088008,24914.375030094117
120,71,24914.375030094117,24924.941315648015
121,127,73299.270600595351,73313.834455029821
121,125,73313.834455029821,73326.042501696851
122,137,27875.535174127672,27892.994366066603
122,135,27892.994366066603,27904.807439019991
122,133,27904.807439019991,27924.220340004274
122,131,27924.220340004274,27946.800353267623
125,16,22969.807339265801,22979.057999616121
125,18,22979.057999616121,22991.091714716604
127,69,72036.560003968043,72047.741075772734
128,124,64302.849103186127,64319.595817699075
128,126,64319.595817699075,64335.423424196102
128,128,64335.423424196102,64353.098740025242
128,130,64353.098740025242,64366.647118240238
128,132,64366.647118240238,64381.172407283178
128,134,64381.172407283178,64400.270046518926
128,76,64463.210450561513,64477.968424228631
128,78,64477.968424228631,64490.160549764296
128,80,64490.160549764296,64507.716798537745
129,8,40603.35241793828,40612.39814228264
129,10,40612.39814228264,40621.0197109152
129,12,40621.0197109152,40629.118432403782
129,14,40629.118432403782,40636.113928294995
130,120,21631.815266372072,21641.609009857697
130,122,21641.609009857697,21651.358791987059
130,124,21651.358791987059,21660.967743188776
130,126,21660.967743188776,21670.637930728619
130,128,21670.637930728619,21682.455327559896
130,130,21682.455327559896,21693.867097681508
130,132,21693.867097681508,21703.225438331654
130,134,21703.225438331654,21711.27647414503
130,76,21748.647239394391,21757.174759517293
130,78,21757.174759517293,21765.963285423673
130,80,21765.963285423673,21776.545217165793
131,135,69290.74042863831,69304.42369687531
131,133,69304.42369687531,69318.619889188223
131,131,69318.619889188223,69332.615685865996
131,129,69332.615685865996,69345.704110225037
131,127,69345.704110225037,69359.905426801299
131,125,69359.905426801299,69372.889767280139
131,123,69372.889767280139,69385.135938405467
131,121,69385.135938405467,69399.358616082201
133,128,70064.290645617599,70080.6691704064
133,130,70080.6691704064,70095.631732468028
133,132,70095.631732468028,70113.989529845669
133,134,70113.989529845669,70129.796682344589
133,104,70164.349179348341,70183.301266532275
134,15,51397.648816243258,51407.206167596487
134,13,51407.206167596487,51416.034899236285
134,11,51416.034899236285,51425.048500186815
135,62,26740.2791155337,26757.851728286023
135,64,26757.851728286023,26775.245941474492
135,66,26775.245941474492,26788.960331917093
135,68,26788.960331917093,26801.691528583549
135,70,26801.691528583549,26814.751957189994
135,72,26814.751957189994,26830.880703597675
135,74,26830.880703597675,26846.922007283367
135,76,26846.922007283367,26862.452133769293
135,78,26862.452133769293,26876.637540404405
135,80,26876.637540404405,26891.109442433095
135,82,26891.109442433095,26903.203200785669
136,83,26594.323990785906,26606.724598202643
136,81,26606.724598202643,26617.204620405715
136,79,26617.204620405715,26629.178455050627
136,77,26629.178455050627,26641.75121655755
136,75,26641.75121655755,26656.723424718839
136,73,26656.723424718839,26668.456682174055
136,71,26668.456682174055,26680.801009064249
136,69,26680.801009064249,26691.087550742417
137,62,67441.418523829241,67457.035764552391
137,64,67457.035764552391,67471.274529877803
137,66,67471.274529877803,67485.513014137294
137,68,67485.513014137294,67503.135631010984
137,70,67503.135631010984,67518.533412089484
137,72,67518.533412089484,67532.704412954277
137,74,67532.704412954277,67546.828189807973
137,76,67546.828189807973,67560.419997361911
137,78,67560.419997361911,67572.333579030921
137,80,67572.333579030921,67582.880057330898
138,72,31290.680365779404,31311.352508907537
138,74,31311.352508907537,31326.501237984106
138,76,31326.501237984106,31343.217521757906
138,78,31343.217521757906,31359.453221590375
138,80,31359.453221590375,31372.93305164338
138,82,31372.93305164338,31390.495520191093
139,79,28940.49127868174,28955.062577226727
139,77,28955.062577226727,28968.415774436198
139,75,28968.415774436198,28991.86329379505
139,73,28991.86329379505,29014.139934239032
139,71,29014.139934239032,29032.281098471154
139,69,29032.281098471154,29050.45145828462
139,67,29050.45145828462,29071.001660078091
139,65,29071.001660078091,29093.657071629084
140,77,41523.721463843001,41534.40223843306
140,75,41534.40223843306,41544.88273346085
140,73,41544.88273346085,41555.466866963565
140,71,41555.466866963565,41566.146117580683
140,69,41566.146117580683,41576.200923894627
142,133,33259.501723173642,33276.888844270601
142,131,33276.888844270601,33294.36455016712
142,129,33294.36455016712,33309.398961866493
142,127,33309.398961866493,33323.30295349002
142,125,33323.30295349002,33334.928012336699
142,123,33334.928012336699,33348.931950165832
142,121,33348.931950165832,33365.359500940038
143,92,67851.32800289795,67866.586989541494
145,99,79131.382209481482,79144.8850723082
145,68,79167.406215115261,79177.244304175605
145,70,79177.244304175605,79187.082393235949
146,128,27888.30050919834,27904.350386569855
146,130,27904.350386569855,27919.482973927723
147,128,33947.106050684146,33958.866198258038
147,130,33958.866198258038,33971.037663414652
147,132,33971.037663414652,33984.269325652516
147,134,33984.269325652516,33998.197288461684
147,76,34054.753424786752,34067.81881507911
149,120,44940.525946732014,44949.986643744684
149,122,44949.986643744684,44959.387349343277
149,124,44959.387349343277,44968.138620745536
149,126,44968.138620745536,44976.672162556519
150,62,66703.093908488881,66716.386025692875
150,64,66716.386025692875,66731.27150406265
150,66,66731.27150406265,66743.872664675771
153,43,70307.493977027261,70325.532631970011
154,124,35026.819251023415,35038.508423213563
154,126,35038.508423213563,35048.768837997042
154,100,35072.625557336112,35089.86437778073
155,62,56223.090477813763,56232.45518790331
155,64,56232.45518790331,56241.314644668651
155,66,56241.314644668651,56251.839503108618
155,68,56251.839503108618,56261.777242294949
155,70,56261.777242294949,56272.994232132143
155,72,56272.994232132143,56283.434533101477
155,74,56283.434533101477,56291.956230981101
155,76,56291.956230981101,56303.431013911177
155,78,56303.431013911177,56315.671437370518
155,80,56315.671437370518,56325.700345856079
155,82,56325.700345856079,56336.230652659186
156,120,57633.509237415106,57643.814728845078
156,122,57643.814728845078,57653.073067784389
156,124,57653.073067784389,57663.421251835352
156,126,57663.421251835352,57673.769435886308
157,120,24879.577275305306,24890.705472135185
157,122,24890.705472135185,24901.994918315126
157,124,24901.994918315126,24913.527676220066
157,126,24913.527676220066,24925.917713289247
157,128,24925.917713289247,24936.271321179847
157,130,24936.271321179847,24946.888249393403
157,132,24946.888249393403,24959.827986435048
157,134,24959.827986435048,24973.666781719905
158,75,27848.361030689037,27861.108657926779
158,73,27861.108657926779,27876.564824725192
158,71,27876.564824725192,27891.514763644165
158,69,27891.514763644165,27905.131838967554
160,27,21684.663339412902,21701.21064725611
161,143,64621.321838229327,64635.860023739573
161,141,64635.860023739573,64649.863669836101
161,139,64649.863669836101,64662.782572599288
161,137,64662.782572599288,64676.458360080607
161,135,64676.458360080607,64691.288207364742
162,131,58989.885739028679,59000.012568976257
162,129,59000.012568976257,59009.833140378847
163,143,35476.831533690121,35487.672566180918
163,141,35487.672566180918,35499.876070481354
163,139,35499.876070481354,35512.57749307363
163,137,35512.57749307363,35524.91439762964
163,135,35524.91439762964,35538.927994480713
163,133,35538.927994480713,35552.096549106602
163,131,35552.096549106602,35563.031063240596
163,129,35563.031063240596,35578.244761104535
163,127,35578.244761104535,35592.800297841815
163,125,35592.800297841815,35604.919167148335
163,123,35604.919167148335,35618.604502109818
163,121,35618.604502109818,35628.183167190691
164,83,42509.635282589756,42519.58343896101
164,81,42519.58343896101,42528.988686432778
164,79,42528.988686432778,42539.195396042131
164,77,42539.195396042131,42548.23841555597
165,129,24957.357417459058,24969.820243767812
166,143,41352.971902271973,41363.085063245177
166,141,41363.085063245177,41371.850971429922
166,139,41371.850971429922,41380.953460185643
166,137,41380.953460185643,41391.035623463431
167,76,68695.085514337072,68712.786994154463
167,78,68712.786994154463,68729.078468465741
167,80,68729.078468465741,68742.808563154205
168,129,24530.234772150827,24539.451806505636
168,67,24580.977943174988,24590.354326384822
169,67,62970.21529190927,62984.977709243736
169,65,62984.977709243736,62998.374693939775
170,83,64246.577168322896,64263.501491020645
170,81,64263.501491020645,64282.302723446497
170,79,64282.302723446497,64297.813332621306
171,74,30915.77907081279,30934.099528609644
171,16,31017.971684843356,31037.443146468457
173,122,30070.32488673761,30083.497259703105
173,124,30083.497259703105,30101.087167642883
174,128,58454.655268034548,58465.425080295223
174,130,58465.425080295223,58476.876604827899
174,132,58476.876604827899,58487.348133490974
174,134,58487.348133490974,58496.626108928685
175,68,37766.177869071864,37774.909569047515
175,70,37774.909569047515,37783.152745323183
175,72,37783.152745323183,37792.537340110473
175,74,37792.537340110473,37800.63374343302
175,76,37800.63374343302,37810.301472450374
175,78,37810.301472450374,37820.358390874797
175,80,37820.358390874797,37829.406361561654
175,82,37829.406361561654,37837.650407940971
176,49,28379.15003165435,28401.918129087549
176,48,28401.918129087549,28422.592592126981
177,120,34186.77832628756,34198.302910493927
177,122,34198.302910493927,34207.245429408686
177,124,34207.245429408686,34216.103768839705
177,126,34216.103768839705,34224.6456891321
178,99,31622.332073675694,31644.285687142445
178,100,31644.285687142445,31662.812385053996
178,101,31662.812385053996,31681.938667237919
178,102,31681.938667237919,31701.821686514413
178,103,31701.821686514413,31718.296458992096
179,122,77655.329824816246,77665.047984476754
179,124,77665.047984476754,77674.597273758845
179,126,77674.597273758845,77683.451180671225
179,128,77683.451180671225,77693.049668340813
179,130,77693.049668340813,77702.159005861889
179,132,77702.159005861889,77710.875276581923
179,134,77710.875276581923,77721.604577659105
179,76,77759.430087440429,77769.766486284585
179,78,77769.766486284585,77780.375770262472
179,80,77780.375770262472,77789.740810227828
179,82,77789.740810227828,77798.713553595691
180,60,60345.920318530545,60360.80523976931
180,62,60360.80523976931,60372.326325881419
180,64,60372.326325881419,60384.015409542451
180,66,60384.015409542451,60393.887463605781
180,68,60393.887463605781,60408.431989133809
180,70,60408.431989133809,60422.161050539275
180,72,60422.161050539275,60436.337873450771
181,64,49048.630079836672,49058.366521331358
181,66,49058.366521331358,49067.817502857557
182,0,49989.151351817018,49999.635820513569
182,2,49999.635820513569,50009.384768753363
183,128,58567.324197186266,58577.236511397641
183,130,58577.236511397641,58586.368591661419
183,132,58586.368591661419,58599.187330847002
185,86,39481.285797204757,39499.75081518379
185,85,39499.75081518379,39523.450205298286
187,71,30046.00356090306,30064.723376503738
187,69,30064.723376503738,30083.03629666254
187,147,30189.872674291193,30208.867857605226
188,60,22046.557775987552,22054.791823925287
188,62,22054.791823925287,22064.039194865043
188,64,22064.039194865043,22073.037260031222
188,66,22073.037260031222,22081.995062235637
188,128,22120.81853429375,22131.187524863723
189,147,31038.588874946654,31053.795864554886
189,125,31075.382565713586,31090.784261156579
190,83,60382.680517547626,60397.987028692958
190,81,60397.987028692958,60411.053613707081
190,79,60411.053613707081,60424.37171651575
191,120,33183.692144670989,33202.552672291284
191,122,33202.552672291284,33216.622595466681
191,124,33216.622595466681,33234.763822457207
191,126,33234.763822457207,33251.82458551223
191,100,33291.788131592642,33313.832140814004
191,101,33313.832140814004,33344.037553466987
191,102,33344.037553466987,33369.230457605197
193,135,74541.936292952334,74551.051225999225
193,133,74551.051225999225,74563.710587261652
194,83,28822.385762564874,28840.063694729848
194,81,28840.063694729848,28865.3874682524
194,79,28865.3874682524,28882.300921215072
194,77,28882.300921215072,28898.906432313775
194,15,28978.311120738108,28998.274989516103
194,13,28998.274989516103,29017.777044347047
196,111,63814.324580084329,63835.037982706301
196,110,63835.037982706301,63857.930258725501
200,80,35929.931369843565,35942.034964785424
200,82,35942.034964785424,35953.850569380236
201,137,30698.171870744191,30717.014958962423
201,135,30717.014958962423,30732.165331829612
201,133,30732.165331829612,30749.455829485687
201,131,30749.455829485687,30766.899163318525
201,129,30766.899163318525,30781.749980018918
202,141,32560.56175512855,32575.12122083977
202,139,32575.12122083977,32587.502857401167
202,137,32587.502857401167,32605.839271495632
202,135,32605.839271495632,32621.826910127907
202,133,32621.826910127907,32636.750044046828
202,131,32636.750044046828,32653.762142946784
202,129,32653.762142946784,32667.938728496094
202,127,32667.938728496094,32683.891727516464
202,125,32683.891727516464,32699.478434789256
202,123,32699.478434789256,32714.380045496167
202,121,32714.380045496167,32730.905065317569
203,136,73210.573004821737,73220.902368233888
203,138,73220.902368233888,73232.93343932477
203,140,73232.93343932477,73246.205664582987
203,142,73246.205664582987,73258.45744026023
204,68,49226.70894497924,49236.199662299456
204,70,49236.199662299456,49245.297494231389
204,72,49245.297494231389,49255.620287961065
205,139,44535.557672294322,44544.222798782896
205,137,44544.222798782896,44552.950309946769
205,135,44552.950309946769,44562.995758515339
205,133,44562.995758515339,44573.274002247519
205,131,44573.274002247519,44583.835359965422
205,129,44583.835359965422,44592.158103642927
206,120,70272.71036804888,70285.375086765314
206,122,70285.375086765314,70300.263319546269
206,124,70300.263319546269,70313.841530671445
206,126,70313.841530671445,70327.198952825711
206,68,70386.983954313328,70406.561185117316
206,70,70406.561185117316,70420.758953955767
208,42,71199.312751531092,71217.899250519826
208,43,71217.899250519826,71233.029113275057
209,36,24155.491013169605,24170.864244335542
209,37,24170.864244335542,24184.690195899471
209,38,24184.690195899471,24198.616569348014
210,62,79028.299347720051,79035.531629977952
210,64,79035.531629977952,79044.321204864595
210,66,79044.321204864595,79054.9982588149
210,68,79054.9982588149,79064.733729521366
210,70,79064.733729521366,79073.975458278655
210,72,79073.975458278655,79082.143471342308
210,74,79082.143471342308,79089.719129016157
210,76,79089.719129016157,79098.560872858885
211,135,64779.344709597048,64794.265309200222
211,133,64794.265309200222,64810.47211633651
211,131,64810.47211633651,64827.954943905519
211,129,64827.954943905519,64844.58573029573
212,78,71517.524259011581,71533.381633002093
212,80,71533.381633002093,71544.974179504148
213,79,68021.159641083956,68036.418149301768
213,77,68036.418149301768,68050.883158840865
214,135,71841.605237835451,71853.631546858422
214,133,71853.631546858422,71866.456808715375
214,131,71866.456808715375,71876.614101890329
214,129,71876.614101890329,71886.532804883289
215,15,70355.191847738359,70368.528979340364
215,13,70368.528979340364,70380.80077842575
215,11,70380.80077842575,70393.010877598193
215,9,70393.010877598193,70406.806195874829
215,7,70406.806195874829,70418.638714597662
215,5,70418.638714597662,70428.935277897253
215,3,70428.935277897253,70440.541219551364
215,1,70440.541219551364,70455.396279093082
216,130,62633.707493607486,62645.67299234958
216,132,62645.67299234958,62657.30756715234
216,134,62657.30756715234,62671.473075622176
216,76,62727.634307312372,62739.958258560997
216,78,62739.958258560997,62753.420284398089
216,80,62753.420284398089,62765.722723232051
217,81,28829.161150304819,28845.174104734277
217,79,28845.174104734277,28857.863796776826
217,77,28857.863796776826,28873.065904183928
217,75,28873.065904183928,28888.324183519759
217,73,28888.324183519759,28907.405986666385
217,71,28907.405986666385,28923.516799177771
217,69,28923.516799177771,28938.798251636956
218,124,63922.550164571549,63937.969776913073
218,126,63937.969776913073,63949.788009310512
219,152,25175.255295744562,25189.165109507041
220,120,36841.06110837897,36851.651704474767
220,122,36851.651704474767,36862.383741518286
220,124,36862.383741518286,36873.114795282279
220,126,36873.114795282279,36885.420542369124
220,128,36885.420542369124,36901.558890004409
220,130,36901.558890004409,36914.463103926391
220,132,36914.463103926391,36925.266006618265
220,134,36925.266006618265,36938.18678174189
220,136,36938.18678174189,36948.730608465135
220,138,36948.730608465135,36958.63092946617
221,66,32943.665734817449,32961.467078646223
221,68,32961.467078646223,32978.341606917325
221,70,32978.341606917325,32992.869752316241
221,72,32992.869752316241,33012.749875280417
221,74,33012.749875280417,33028.393042637741
221,44,33062.758431855997,33081.959508084088
223,138,67916.413001635898,67929.885651335644
223,140,67929.885651335644,67944.89834126897
223,142,67944.89834126897,67961.106554228245
224,136,70291.72106199371,70304.93746011355
224,138,70304.93746011355,70316.571404353628
225,120,71731.954409764265,71746.305419692362
225,122,71746.305419692362,71757.073495740566
225,124,71757.073495740566,71768.263001930361
225,126,71768.263001930361,71780.636263282606
225,128,71780.636263282606,71793.165583176349
225,130,71793.165583176349,71807.29448231445
225,132,71807.29448231445,71822.531816668125
225,134,71822.531816668125,71834.55353853316
225,76,71885.809014882383,71898.979773704006
225,78,71898.979773704006,71912.183181487359
225,80,71912.183181487359,71924.637128429138
226,79,61864.52468799302,61876.833829625575
226,77,61876.833829625575,61886.937030338675
226,135,61927.616925812334,61938.768487023306
226,133,61938.768487023306,61948.808030628752
226,131,61948.808030628752,61960.047889452966
226,129,61960.047889452966,61970.830612230944
226,127,61970.830612230944,61981.398990857837
226,125,61981.398990857837,61992.025227023136
226,123,61992.025227023136,62004.176131560751
226,121,62004.176131560751,62015.912992621365
227,70,66763.707367211056,66781.968225607226
227,72,66781.968225607226,66800.433621331307
227,74,66800.433621331307,66815.962303137567
227,76,66815.962303137567,66831.940585483637
227,78,66831.940585483637,66844.92764340993
227,80,66844.92764340993,66858.860796420908
227,82,66858.860796420908,66876.099758367505
228,9,28293.043272438797,28310.746789151057
228,7,28310.746789151057,28326.059704748241
228,5,28326.059704748241,28340.705267073638
229,28,36264.428973578746,36286.036605756584
230,21,66768.353650118108,66787.293217661689
230,19,66787.293217661689,66807.369055585979
230,17,66807.369055585979,66823.206160677015
231,0,46804.243931501704,46813.343156788811
231,2,46813.343156788811,46822.397907729719
231,4,46822.397907729719,46831.015246162235
231,6,46831.015246162235,46839.513377770701
231,8,46839.513377770701,46848.413613363635
231,10,46848.413613363635,46858.853570905099
231,12,46858.853570905099,46869.661156784932
231,14,46869.661156784932,46880.100926139174
231,16,46880.100926139174,46889.572577895538
233,120,67545.141647499971,67559.619785935953
233,122,67559.619785935953,67575.694012975742
233,124,67575.694012975742,67589.266735774785
233,126,67589.266735774785,67604.59503346133
233,128,67604.59503346133,67621.172424270597
233,130,67621.172424270597,67634.388583243417
233,132,67634.388583243417,67650.683973212159
233,134,67650.683973212159,67670.173759853293
233,136,67670.173759853293,67682.634919533215
234,17,31486.836644829524,31513.13130896226
234,135,31666.889239463278,31684.918556950848
234,133,31684.918556950848,31704.415060352872
235,128,69517.826062421664,69536.064353484748
236,69,66328.86859218734,66344.71523170665
236,27,66409.393930598977,66429.164546699729
236,26,66429.164546699729,66455.563712563962
237,66,26902.268190312996,26915.038587895808
237,128,26962.904141943822,26974.164539429188
237,130,26974.164539429188,26986.044168284705
237,132,26986.044168284705,26995.355158962411
237,134,26995.355158962411,27005.213148514289
237,136,27005.213148514289,27017.850578481317
237,138,27017.850578481317,27030.046617974942
237,140,27030.046617974942,27043.309106950685
237,142,27043.309106950685,27054.424044234584
238,120,43162.788433049966,43172.174565709487
238,122,43172.174565709487,43179.216006789939
239,70,72178.16573702867,72190.173168794121
239,72,72190.173168794121,72202.948143794085
239,74,72202.948143794085,72217.191267452479
239,16,72272.366436636818,72285.488450660603
239,18,72285.488450660603,72300.594576359988
240,72,32455.989805341556,32472.759578133951
240,74,32472.759578133951,32487.792540418141
240,136,32546.52830868254,32558.38276773665
240,138,32558.38276773665,32571.731282053894
240,140,32571.731282053894,32585.816493912476
240,142,32585.816493912476,32600.322739190709
241,75,22691.188118575275,22700.348958778413
241,73,22700.348958778413,22708.716583563622
241,71,22708.716583563622,22718.458101518416
242,35,30631.025514979567,30652.532611301878
243,74,56646.218010921555,56656.218550657206
245,83,26164.441588469919,26178.94613758643
246,6,29637.460114623893,29656.548971923374
246,8,29656.548971923374,29677.667524888857
246,10,29677.667524888857,29692.504572116351
246,12,29692.504572116351,29706.188103546228
246,14,29706.188103546228,29720.222208768482
247,152,69023.165463122146,69042.323082314033
247,135,69056.262287863938,69071.262071495759
247,133,69071.262071495759,69088.170188446442
247,131,69088.170188446442,69105.039008343258
247,129,69105.039008343258,69120.819932769416
247,67,69181.05323679054,69198.759121054682
247,65,69198.759121054682,69212.619265602189
247,63,69212.619265602189,69230.511236819933
248,143,76209.228836084119,76218.368868362115
248,141,76218.368868362115,76227.516394809863
248,139,76227.516394809863,76236.034690815533
248,137,76236.034690815533,76246.27188607135
248,135,76246.27188607135,76255.458488281351
248,133,76255.458488281351,76262.537190970979
248,131,76262.537190970979,76270.510593250641
248,129,76270.510593250641,76279.440268368548
248,127,76279.440268368548,76288.612337283659
248,125,76288.612337283659,76300.404353933569
248,123,76300.404353933569,76311.862223796852
249,36,29716.352606616736,29733.184294618408
249,37,29733.184294618408,29754.197922190418
251,77,64203.427219709316,64220.785377989254
252,32,26253.825419875833,26273.564096612452
252,75,26315.429035495232,26328.809114709402
252,73,26328.809114709402,26343.839211224978
254,53,66580.146827920209,66596.811877538901
254,52,66596.811877538901,66619.543394302935
254,51,66619.543394302935,66636.704212910598
254,50,66636.704212910598,66655.374537840573
255,76,64256.47663869409,64276.951012963844
255,78,64276.951012963844,64292.34085002551
255,80,64292.34085002551,64307.486578474345
255,82,64307.486578474345,64322.455362547327
256,72,49348.322366976543,49357.285461530621
256,74,49357.285461530621,49368.706317569631
257,78,67420.940405913381,67434.796566980454
257,80,67434.796566980454,67448.248331373907
257,82,67448.248331373907,67461.647485543159
258,142,69236.304452633151,69249.737636422942
259,19,33957.249952767546,33970.285051920153
259,17,33970.285051920153,33985.793910478889
259,135,34111.954978341797,34123.991437133118
259,133,34123.991437133118,34141.977336610595
259,131,34141.977336610595,34158.479993486253
259,129,34158.479993486253,34174.764545620703
260,122,31970.221798177416,31985.361727227853
260,124,31985.361727227853,31997.626151630902
260,126,31997.626151630902,32012.276239442566
261,60,77854.253958475412,77866.494869533941
261,62,77866.494869533941,77875.500547285716
261,64,77875.500547285716,77884.50622503749
261,66,77884.50622503749,77895.999209561502
261,68,77895.999209561502,77906.30917798153
261,70,77906.30917798153,77918.59462613317
261,72,77918.59462613317,77929.490848085887
261,74,77929.490848085887,77939.58077267294
261,76,77939.58077267294,77948.999798980512
261,78,77948.999798980512,77958.66020658589
261,80,77958.66020658589,77968.420049046021
262,149,49833.674058678989,49851.710068775006
262,148,49851.710068775006,49867.884345285274
263,61,42109.693783891678,42117.517773049229
263,120,42154.875849611948,42164.01408203187
263,122,42164.01408203187,42173.152314451792
264,120,73429.359243384199,73440.391339697409
264,122,73440.391339697409,73451.373110212546
264,124,73451.373110212546,73462.397630777399
264,126,73462.397630777399,73472.387133785334
264,128,73472.387133785334,73482.376636793255
264,130,73482.376636793255,73493.003471269025
264,132,73493.003471269025,73502.922178434514
264,134,73502.922178434514,73514.548867212943
266,23,66042.183872728143,66058.136762923037
266,21,66058.136762923037,66083.313003512376
266,19,66083.313003512376,66096.374106076546
266,17,66096.374106076546,66113.664797149526
266,15,66113.664797149526,66130.998262971116
266,13,66130.998262971116,66143.367575098018
266,11,66143.367575098018,66159.628851488073
267,143,68390.645689812256,68408.966371824441
267,141,68408.966371824441,68425.115839310238
267,139,68425.115839310238,68439.080847979407
267,137,68439.080847979407,68453.936823119395
267,135,68453.936823119395,68467.994699714225
267,133,68467.994699714225,68484.730152660719
267,131,68484.730152660719,68501.240626840096
267,129,68501.240626840096,68520.119190737169
267,127,68520.119190737169,68536.392805437907
267,125,68536.392805437907,68549.161071178518
267,123,68549.161071178518,68562.961846909428
267,121,68562.961846909428,68579.401473930164
268,143,68788.700165267132,68804.397977753964
268,141,68804.397977753964,68819.390682197423
268,139,68819.390682197423,68833.327845566411
268,137,68833.327845566411,68848.717997104482
269,73,64790.489077991762,64815.149259522696
269,71,64815.149259522696,64837.13598807474
269,69,64837.13598807474,64850.444105231181
269,67,64850.444105231181,64870.324756647016
269,65,64870.324756647016,64885.663960770929
269,63,64885.663960770929,64902.707468649722
272,127,68750.192775307267,68767.41001225746
272,125,68767.41001225746,68780.933440408233
273,120,68622.345522340474,68639.624671450787
274,159,25503.938812782249,25520.407551099801
275,75,78236.526949311767,78245.906365402931
275,73,78245.906365402931,78254.96664780697
275,71,78254.96664780697,78263.891522440215
275,69,78263.891522440215,78272.64930476906
275,67,78272.64930476906,78281.187714186002
275,65,78281.187714186002,78291.193359852899
275,63,78291.193359852899,78300.899887075793
276,91,67042.967807924055,67074.525267331832
276,90,67074.525267331832,67095.633527234357
276,89,67095.633527234357,67128.639854962734
276,88,67128.639854962734,67155.937126768869
276,87,67155.937126768869,67182.735935112956
276,86,67182.735935112956,67201.051774550608
277,156,27486.829004842446,27503.27880061528
277,157,27503.27880061528,27522.870579512502
277,158,27522.870579512502,27541.081882604678
278,120,65334.756769210129,65349.102289710252
278,122,65349.102289710252,65362.110851787613
278,124,65362.110851787613,65377.723509394476
278,126,65377.723509394476,65391.444065206437
279,15,64945.810337886571,64959.37862636034
279,13,64959.37862636034,64970.772975040389
279,11,64970.772975040389,64988.284662838043
279,9,64988.284662838043,65004.549081844038
279,7,65004.549081844038,65018.017727558719
279,5,65018.017727558719,65033.217446859766
280,135,52133.411442308949,52141.096682620628
280,133,52141.096682620628,52149.216590935815
280,131,52149.216590935815,52158.045651377659
280,129,52158.045651377659,52167.776938550764
281,27,34235.502729926433,34254.279126679292
281,26,34254.279126679292,34274.145143968104
282,122,55386.024830662725,55398.752899500505
282,124,55398.752899500505,55408.029196250405
282,126,55408.029196250405,55418.329297295131
282,128,55418.329297295131,55428.711308388367
282,130,55428.711308388367,55442.132092263011
282,132,55442.132092263011,55452.827978341222
283,71,29501.501581172095,29519.444449550741
283,69,29519.444449550741,29535.140126436094
283,127,29612.160040839201,29635.64829878508
283,125,29635.64829878508,29652.987006245923
283,123,29652.987006245923,29671.636953264777
283,121,29671.636953264777,29699.749279343247
284,63,40369.858166991042,40380.227750771504
284,61,40380.227750771504,40390.950580962177
285,64,61759.96510638242,61775.716489287144
285,66,61775.716489287144,61788.503514674725
285,128,61850.593108278175,61865.07326160885
285,130,61865.07326160885,61880.215187799316
285,132,61880.215187799316,61891.90185299018
285,134,61891.90185299018,61906.390293059587
285,136,61906.390293059587,61921.05487850785
285,138,61921.05487850785,61933.300711817217
286,62,65309.051376783864,65326.105362370239
286,64,65326.105362370239,65343.654140592516
286,66,65343.654140592516,65358.502851478763
286,68,65358.502851478763,65373.991633173115
286,70,65373.991633173115,65390.895991814708
286,72,65390.895991814708,65408.652174004841
286,74,65408.652174004841,65422.073850103639
287,141,56036.928613955075,56048.746722580894
287,139,56048.746722580894,56058.938317619599
287,137,56058.938317619599,56069.070953534138
287,31,56150.445488386002,56169.301719557778
288,0,70923.723404124525,70939.329586037638
288,2,70939.329586037638,70954.794266838013
289,115,71318.676485267279,71334.604155927023
290,124,72363.994864869019,72379.12701716469
290,126,72379.12701716469,72391.5036745283
291,65,60188.503537237128,60200.70628642309
291,63,60200.70628642309,60212.002873856007
291,61,60212.002873856007,60225.219909067244
292,64,32206.928306092745,32224.187481813526
292,66,32224.187481813526,32239.3641399177
293,135,24339.988100715935,24351.060592989281
293,133,24351.060592989281,24363.41308182495
293,131,24363.41308182495,24374.74353912313
293,129,24374.74353912313,24384.741587984692
293,127,24384.741587984692,24397.884857698209
293,125,24397.884857698209,24408.540412832113
293,123,24408.540412832113,24419.486716784981
293,121,24419.486716784981,24430.292037004259
294,78,59122.326061034335,59133.496328227753
294,80,59133.496328227753,59144.437204570204
295,8,53544.320121225406,53554.538277512271
295,10,53554.538277512271,53563.361284795166
295,12,53563.361284795166,53572.45005170731
295,14,53572.45005170731,53580.80336992025
295,16,53580.80336992025,53588.812272852534
295,18,53588.812272852534,53601.294708590969
296,16,22530.224528755196,22539.915017607989
297,139,28989.193773796582,29003.308730306864
297,137,29003.308730306864,29022.08573222837
299,64,66526.668172571255,66543.655445255252
299,66,66543.655445255252,66557.070686763589
299,68,66557.070686763589,66572.306549766596
299,70,66572.306549766596,66587.301240144458
299,72,66587.301240144458,66602.821293797955
300,126,71556.389582817501,71565.756446033483
300,40,71635.979651129703,71650.209429463692
302,111,43399.74049239677,43419.828195788104
303,52,59692.241552344552,59707.43245920811
303,7,59740.40534758992,59752.00977903045
303,5,59752.00977903045,59762.613832210081
303,3,59762.613832210081,59774.749777461468
304,68,40750.027405866043,40761.407999671334
304,70,40761.407999671334,40770.382301725811
304,72,40770.382301725811,40778.834833741064
305,117,23866.639690623917,23882.366294229312
305,116,23882.366294229312,23896.831789915268
305,115,23896.831789915268,23911.473871588751
306,143,48087.436925066031,48097.72170135747
306,141,48097.72170135747,48107.227075270712
306,139,48107.227075270712,48119.412533064904
306,137,48119.412533064904,48129.185019024415
308,87,36158.513860244908,36172.593154933784
308,86,36172.593154933784,36187.668653950313
309,136,72197.92727338204,72211.476149744471
309,138,72211.476149744471,72221.912617575159
309,140,72221.912617575159,72233.370575074252
309,142,72233.370575074252,72245.737917019418
310,2,73012.283902642332,73024.040421600745
310,4,73024.040421600745,73034.847727190412
310,6,73034.847727190412,73044.892496154891
311,72,23469.272060281382,23481.381491788794
311,74,23481.381491788794,23495.332592857176
312,116,41727.021438979515,41736.515303529522
313,127,61054.289037211602,61063.362627197501
313,125,61063.362627197501,61074.116399261598
313,123,61074.116399261598,61086.62045065673
314,6,41343.111012797657,41353.290005929251
314,128,41434.795930258078,41444.464322370513
315,135,77148.428006476024,77156.094555209958
315,133,77156.094555209958,77165.317539980417
316,72,33969.770091269944,33984.241989686656
317,130,71696.936103832733,71708.785485108223
317,132,71708.785485108223,71720.114993716226
317,134,71720.114993716226,71731.351887442055
317,104,71756.771695440213,71773.803952842121
318,60,35187.582280303279,35199.496539513835
318,62,35199.496539513835,35210.870085440976
318,64,35210.870085440976,35220.905506522715
318,66,35220.905506522715,35230.664288623731
318,68,35230.664288623731,35240.532961798155
318,70,35240.532961798155,35250.636214404723
318,72,35250.636214404723,35260.941176259119
318,74,35260.941176259119,35270.955775091512
319,83,70556.406299197566,70569.923270973464
321,64,69379.830450137117,69394.542541352566
321,66,69394.542541352566,69409.408969425902
325,71,38737.540065566864,38748.835118429211
325,69,38748.835118429211,38759.355058214125
326,32,28420.345575171905,28440.644566582174
326,115,28533.492708032783,28549.715424237165
326,114,28549.715424237165,28567.066487041149
327,120,33161.86103348367,33176.29706201909
327,122,33176.29706201909,33190.069454542601
327,124,33190.069454542601,33200.705067141214
327,126,33200.705067141214,33216.396745792008
328,79,53762.106089145171,53773.13471573656
328,77,53773.13471573656,53784.809726054104
328,135,53831.956453038962,53842.777116039353
328,133,53842.777116039353,53853.430303396519
328,131,53853.430303396519,53866.631246752353
328,129,53866.631246752353,53876.128015545968
330,99,48424.843432725298,48437.798297043046
330,128,48462.225051487309,48470.908210034213
330,130,48470.908210034213,48480.400188246211
330,132,48480.400188246211,48490.052136814527
331,68,71139.46365098274,71152.874818216325
331,70,71152.874818216325,71164.52938993198
331,72,71164.52938993198,71178.553003487134
331,74,71178.553003487134,71191.967486429698
331,76,71191.967486429698,71204.696238045886
331,78,71204.696238045886,71216.348676969763
331,80,71216.348676969763,71227.5398024366
331,82,71227.5398024366,71240.412264704282
332,130,30730.996152496027,30746.779784450115
332,132,30746.779784450115,30765.590422668665
332,134,30765.590422668665,30781.393837198138
334,15,70009.566248103074,70021.024006537496
334,13,70021.024006537496,70032.635877831184
334,11,70032.635877831184,70044.883001708149
334,9,70044.883001708149,70058.756765302664
334,7,70058.756765302664,70070.951613896119
334,5,70070.951613896119,70084.29948350678
335,139,36898.573174206358,36908.789721020672
335,137,36908.789721020672,36916.756463718193
335,135,36916.756463718193,36925.409484912692
335,133,36925.409484912692,36934.307373038566
335,131,36934.307373038566,36944.796544427772
335,129,36944.796544427772,36955.860450327047
335,111,36965.308905829996,36982.163308529634
336,71,25332.28308169599,25343.67556221718
336,69,25343.67556221718,25354.56214392736
336,67,25354.56214392736,25366.113131474202
336,65,25366.113131474202,25378.279053221919
336,63,25378.279053221919,25391.038715824361
336,61,25391.038715824361,25402.67649257915
337,122,68957.390024480934,68970.35491021692
337,124,68970.35491021692,68982.46923062735
338,97,65243.432493417466,65265.384020773781
338,98,65265.384020773781,65293.339827305092
338,99,65293.339827305092,65307.034359362115
338,100,65307.034359362115,65326.933301137527
338,101,65326.933301137527,65344.743378241874
338,102,65344.743378241874,65361.712108852298
338,103,65361.712108852298,65381.445925740001
339,62,49698.498269793825,49706.342170732205
339,64,49706.342170732205,49716.580432218296
339,66,49716.580432218296,49724.554755689591
339,68,49724.554755689591,49731.34653296871
339,70,49731.34653296871,49737.578458489268
339,72,49737.578458489268,49746.78891743283
339,74,49746.78891743283,49755.29861763613
339,76,49755.29861763613,49763.831165241711
339,78,49763.831165241711,49773.81262587387
340,127,73747.127295845887,73759.117717539804
340,125,73759.117717539804,73767.881493105306
340,123,73767.881493105306,73779.954393520617
340,121,73779.954393520617,73788.354814694016
341,75,32697.508868478879,32717.241053019836
341,73,32717.241053019836,32734.34043107976
341,71,32734.34043107976,32749.396060709525
341,69,32749.396060709525,32761.758152521903
342,138,65415.898845982992,65433.970875638886
342,140,65433.970875638886,65446.971059674659
342,142,65446.971059674659,65463.03923894187
343,141,62750.220116770579,62765.794392956173
343,139,62765.794392956173,62779.135038117187
343,137,62779.135038117187,62791.693367452179
344,64,39464.864093548764,39475.548316337299
344,66,39475.548316337299,39483.731354871452
344,68,39483.731354871452,39493.22663867176
344,70,39493.22663867176,39501.779162400511
344,72,39501.779162400511,39511.500641396349
344,74,39511.500641396349,39521.511157788133
345,102,67466.210238460757,67480.954671383224
345,103,67480.954671383224,67500.773450554363
345,104,67500.773450554363,67517.969442667454
346,152,27762.025215171529,27785.313500434469
347,72,34945.039026921579,34958.43895713611
347,74,34958.43895713611,34969.330654754296
348,21,51084.342508065791,51095.865255619537
348,19,51095.865255619537,51105.676040674356
348,17,51105.676040674356,51115.260302194532
348,15,51115.260302194532,51125.795127623751
348,13,51125.795127623751,51135.809048970594
348,11,51135.809048970594,51145.110392288851
348,9,51145.110392288851,51156.715857414289
348,7,51156.715857414289,51166.447552975769
348,5,51166.447552975769,51175.743536379749
348,3,51175.743536379749,51185.917463766702
348,1,51185.917463766702,51195.666253773335
350,6,66727.267438362469,66744.914156311177
351,120,25438.699072102743,25449.951259542067
351,122,25449.951259542067,25460.705601365073
351,124,25460.705601365073,25471.452266198525
351,126,25471.452266198525,25484.941477490327
351,128,25484.941477490327,25496.760307069257
351,130,25496.760307069257,25508.263767430897
351,132,25508.263767430897,25521.292157574324
351,134,25521.292157574324,25534.877144760678
352,143,61367.62335087487,61382.352169410216
352,141,61382.352169410216,61394.770347432233
352,139,61394.770347432233,61407.168069697938
352,137,61407.168069697938,61419.228168871581
352,135,61419.228168871581,61430.936901725778
352,133,61430.936901725778,61447.131759506876
352,131,61447.131759506876,61459.652677063896
352,129,61459.652677063896,61472.654262504038
352,127,61472.654262504038,61487.102747212542
352,125,61487.102747212542,61500.019460669369
352,123,61500.019460669369,61511.217676468492
353,111,29543.392129874512,29561.889723263335
354,62,39048.314307340959,39057.037389868288
354,64,39057.037389868288,39065.624795864213
354,66,39065.624795864213,39074.930716180155
355,130,76333.588349381898,76344.215995672654
355,132,76344.215995672654,76353.605234603237
355,134,76353.605234603237,76365.215986929601
356,135,32969.218667716916,32984.994975738693
356,133,32984.994975738693,33003.213515083204
356,131,33003.213515083204,33023.838708408606
356,129,33023.838708408606,33040.652833312459
357,66,27199.996911685099,27219.633890400364
357,68,27219.633890400364,27235.404838696322
357,70,27235.404838696322,27253.461428050843
357,72,27253.461428050843,27270.995253282119
357,74,27270.995253282119,27283.987821318482
357,136,27346.555279535401,27357.938462836722
357,138,27357.938462836722,27371.818657461521
358,135,73773.152598828558,73783.153013224321
358,133,73783.153013224321,73794.593378106001
358,131,73794.593378106001,73804.775588227509
358,129,73804.775588227509,73814.458650165267
359,120,31500.944915944572,31514.825712050417
359,122,31514.825712050417,31530.573155302347
360,66,60191.67582716146,60203.496885756023
360,68,60203.496885756023,60214.256254687665
360,70,60214.256254687665,60225.880899961077
360,72,60225.880899961077,60239.47095791332
361,126,33046.543467192452,33060.549384409234
361,128,33060.549384409234,33076.864942305248
361,130,33076.864942305248,33089.492917431962
361,132,33089.492917431962,33103.942936574502
361,134,33103.942936574502,33120.909056575292
361,136,33120.909056575292,33132.415224144759
361,138,33132.415224144759,33144.778553089229
361,140,33144.778553089229,33160.463948377372
362,75,74309.721830495386,74322.606637254808
363,130,66093.06947072297,66109.811478091957
363,132,66109.811478091957,66130.699591850382
364,12,67814.094644748984,67829.038910981966
364,14,67829.038910981966,67845.235285434566
364,76,67906.589085348198,67920.256822940326
365,124,27592.052378535165,27607.261426441815
365,126,27607.261426441815,27621.309192981964
366,127,37485.389519474498,37496.540547290344
366,125,37496.540547290344,37506.843747399864
367,75,69426.25836411021,69439.738441490947
367,73,69439.738441490947,69455.907729750819
367,71,69455.907729750819,69470.127194385583
367,69,69470.127194385583,69480.927925790631
367,67,69480.927925790631,69499.520649551676
367,65,69499.520649551676,69516.406272537482
367,63,69516.406272537482,69533.350710283397
367,61,69533.350710283397,69548.308647784914
369,60,27788.957702612941,27801.116376100395
369,62,27801.116376100395,27816.246762016443
369,64,27816.246762016443,27831.853535438597
369,66,27831.853535438597,27848.200665844426
370,129,69586.47791350761,69598.948922463416
371,75,32646.38170376105,32665.198332425782
372,122,59633.804156953614,59642.399110152983
372,124,59642.399110152983,59652.020948407982
372,126,59652.020948407982,59661.353997234677
372,128,59661.353997234677,59672.894154916787
375,76,51273.322756560759,51285.014520195582
375,78,51285.014520195582,51296.651723512448
375,80,51296.651723512448,51308.094396164997
375,58,51323.970969011054,51342.129414225368
376,66,62491.30875008741,62505.163707186417
376,68,62505.163707186417,62519.08523270343
376,70,62519.08523270343,62534.75364126583
376,72,62534.75364126583,62544.827928683306
376,74,62544.827928683306,62555.894843966897
376,44,62584.89964738649,62601.132342181962
377,10,67285.926797273554,67300.72598217467
377,12,67300.72598217467,67315.559702729879
377,14,67315.559702729879,67332.980961841808
377,136,67448.068756988403,67462.516819467419
377,138,67462.516819467419,67475.794742429935
378,83,73457.481145938989,73468.915474725116
378,81,73468.915474725116,73480.313425296263
378,79,73480.313425296263,73491.222462924168
378,77,73491.222462924168,73501.298873263149
378,104,73521.336116833831,73537.877658467827
380,51,64678.448546051543,64696.976663232352
381,126,34911.966261241789,34928.800730306742
381,128,34928.800730306742,34941.864644767644
381,130,34941.864644767644,34954.661996026436
381,132,34954.661996026436,34966.438200535871
381,134,34966.438200535871,34977.016682751426
381,136,34977.016682751426,34988.075903388781
381,138,34988.075903388781,34999.224631125748
381,140,34999.224631125748,35011.661174278481
381,142,35011.661174278481,35024.216678563855
382,120,71737.431435434657,71749.369612668292
382,122,71749.369612668292,71762.00662333236
382,124,71762.00662333236,71774.444746220921
382,126,71774.444746220921,71785.018355921391
382,128,71785.018355921391,71798.207488433007
382,130,71798.207488433007,71813.583370739289
382,132,71813.583370739289,71826.393290688575
382,134,71826.393290688575,71837.840936401641
382,76,71885.789510484581,71899.952881917416
382,78,71899.952881917416,71914.383934940692
382,80,71914.383934940692,71927.959327720033
383,120,36002.717023286954,36014.637730755101
383,122,36014.637730755101,36024.768508057037
383,124,36024.768508057037,36033.85444124131
383,126,36033.85444124131,36043.145616475304
383,128,36043.145616475304,36056.33267546611
383,130,36056.33267546611,36068.338022902775
383,132,36068.338022902775,36078.878434358536
383,134,36078.878434358536,36089.745960298038
383,76,36137.311092634001,36149.564751029124
384,64,24898.815561609106,24910.346529169346
384,66,24910.346529169346,24922.238257425619
384,68,24922.238257425619,24934.696819414545
384,70,24934.696819414545,24946.182657540503
384,72,24946.182657540503,24959.352683821162
384,74,24959.352683821162,24972.460588800335
384,76,24972.460588800335,24984.077927871152
384,78,24984.077927871152,24995.528971848693
384,80,24995.528971848693,25005.434508465034
384,82,25005.434508465034,25015.114542972602
385,118,30661.52914869013,30680.937619043161
385,139,30702.504474704681,30719.765501283673
385,137,30719.765501283673,30743.319330289807
385,135,30743.319330289807,30762.265618742487
385,133,30762.265618742487,30789.941752228715
385,131,30789.941752228715,30811.53641494496
385,129,30811.53641494496,30834.711162551368
385,147,30852.385362998753,30874.226830548916
386,79,29114.323571206096,29128.877146526975
386,77,29128.877146526975,29140.262512916626
386,115,29196.587736006386,29222.008308785262
386,114,29222.008308785262,29249.840880897522
387,64,62725.081587108369,62739.459513370282
387,66,62739.459513370282,62754.569982214533
388,64,28979.841477769744,29001.021072254502
388,66,29001.021072254502,29016.59457634699
388,68,29016.59457634699,29035.136833622626
388,70,29035.136833622626,29051.377449472682
388,72,29051.377449472682,29067.895829967172
388,74,29067.895829967172,29082.655571819356
389,122,46589.742024279985,46601.797622784972
389,124,46601.797622784972,46612.914734224942
390,75,35461.149108251579,35472.767365731357
392,136,33551.846484971458,33565.251190425261
392,138,33565.251190425261,33576.969202113163
392,140,33576.969202113163,33591.480935356092
392,142,33591.480935356092,33604.169573993655
394,79,34196.189064431746,34210.2725282799
394,77,34210.2725282799,34223.767137860625
394,75,34223.767137860625,34237.183135598214
394,73,34237.183135598214,34251.3577112809
394,71,34251.3577112809,34262.75031488089
394,69,34262.75031488089,34273.922966951315
394,67,34273.922966951315,34286.270108587101
394,65,34286.270108587101,34298.265536611711
396,70,63495.334880590701,63509.601140934188
396,72,63509.601140934188,63525.58117413272
397,62,53568.103046160541,53576.111400186513
397,64,53576.111400186513,53583.591663846491
397,66,53583.591663846491,53592.26640897918
397,68,53592.26640897918,53600.653953540692
397,70,53600.653953540692,53609.018724185989
397,72,53609.018724185989,53617.084278284667
397,74,53617.084278284667,53624.504271855956
399,76,28463.469109406804,28481.252541230162
399,78,28481.252541230162,28495.161870708351
399,80,28495.161870708351,28507.73976530915
399,82,28507.73976530915,28521.248875507466
400,17,67995.245221228848,68012.466089432026
400,75,68066.83455583101,68085.557962728111
400,73,68085.557962728111,68104.02263647021
400,71,68104.02263647021,68122.726008901824
400,69,68122.726008901824,68136.649791228439
400,67,68136.649791228439,68155.35208962785
401,130,56169.352754866122,56179.953002329428
401,132,56179.953002329428,56189.449336308673
401,134,56189.449336308673,56200.60661424548
401,104,56219.902913235273,56235.592231763221
402,79,76821.715003443038,76832.730136379832
402,77,76832.730136379832,76841.869928617874
402,135,76883.086988974916,76892.52386871948
402,133,76892.52386871948,76901.938500614429
402,131,76901.938500614429,76910.418449036923
402,129,76910.418449036923,76921.435187590003
402,127,76921.435187590003,76931.137831204105
402,125,76931.137831204105,76940.829819049264
402,123,76940.829819049264,76949.462519082153
403,47,77678.738581425278,77695.861599192052
403,83,77715.176875051751,77725.070121613549
403,81,77725.070121613549,77734.375919263213
403,79,77734.375919263213,77744.294700345097
403,77,77744.294700345097,77754.352018028643
403,75,77754.352018028643,77765.537414043094
403,73,77765.537414043094,77775.589537238789
403,71,77775.589537238789,77787.158464767883
403,69,77787.158464767883,77795.497865545316
403,51,77806.770315124319,77821.1745342512
405,60,60517.543860324782,60529.275749785978
405,62,60529.275749785978,60543.369685890342
406,2,31781.776851750954,31797.199954282034
406,4,31797.199954282034,31813.857621796578
406,6,31813.857621796578,31836.257252171032
406,8,31836.257252171032,31860.407474042426
406,10,31860.407474042426,31876.118263121778
406,12,31876.118263121778,31890.599068079271
406,14,31890.599068079271,31906.082265808684
406,136,32042.170261354873,32060.227940048793
406,138,32060.227940048793,32077.422789886445
407,66,64657.763288316462,64672.759192093596
408,0,29495.959951468129,29511.932643164106
408,2,29511.932643164106,29527.44466957634
408,4,29527.44466957634,29544.123166738951
408,6,29544.123166738951,29563.647469833522
408,8,29563.647469833522,29586.791159717457
409,62,57756.315212205911,57768.133453927512
409,64,57768.133453927512,57777.672471400467
409,66,57777.672471400467,57788.610629904128
409,68,57788.610629904128,57800.180692229973
409,70,57800.180692229973,57811.554826724649
409,72,57811.554826724649,57822.417764119331
409,74,57822.417764119331,57834.050979321335
409,76,57834.050979321335,57845.998483928852
409,78,57845.998483928852,57857.614671025061
409,80,57857.614671025061,57868.840993858663
409,82,57868.840993858663,57877.241305522955
410,99,65827.850565527478,65852.954266550296
410,8,66009.229582205648,66031.098517359351
410,10,66031.098517359351,66047.104573406672
411,60,57740.304106128198,57750.107164731548
411,62,57750.107164731548,57760.335285973255
411,64,57760.335285973255,57769.982071078972
411,66,57769.982071078972,57778.762418469218
411,128,57814.564132625354,57823.73437260888
411,130,57823.73437260888,57832.689633118738
411,132,57832.689633118738,57841.828122809828
411,134,57841.828122809828,57850.187962939162
411,136,57850.187962939162,57858.850731511069
411,138,57858.850731511069,57869.174985544269
411,140,57869.174985544269,57879.877864696718
412,33,33350.609341614952,33368.797273323151
412,32,33368.797273323151,33387.166581028621
412,75,33428.918472632977,33447.615148854522
412,73,33447.615148854522,33465.592945093355
413,134,65790.709277339993,65811.185996257074
413,136,65811.185996257074,65826.72222639322
413,138,65826.72222639322,65847.253485996727
413,140,65847.253485996727,65866.804113403283
413,142,65866.804113403283,65884.129832353981
414,68,73163.371478646892,73175.040298382621
414,70,73175.040298382621,73184.22364747111
414,72,73184.22364747111,73196.34294608279
415,78,33290.541839677142,33305.112993871175
415,80,33305.112993871175,33319.271254253654
416,64,27999.095551424682,28017.025070023145
416,66,28017.025070023145,28032.220430745947
416,128,28089.587748579754,28105.600143810414
416,130,28105.600143810414,28121.992771818859
417,127,40253.203660404622,40265.284962418293
417,125,40265.284962418293,40277.366264431963
417,123,40277.366264431963,40287.574358194579
418,131,40835.925375465944,40845.327362428885
418,129,40845.327362428885,40855.074342940046
418,27,40927.094336851973,40940.934867925098
418,26,40940.934867925098,40961.467441328918
419,60,39666.205685964189,39674.246483745737
419,62,39674.246483745737,39683.114652723547
419,64,39683.114652723547,39690.820611514602
419,66,39690.820611514602,39700.579182445828
419,68,39700.579182445828,39709.314852408745
419,70,39709.314852408745,39718.2007760493
419,72,39718.2007760493,39727.763567116883
419,74,39727.763567116883,39736.640408712316
419,76,39736.640408712316,39747.268402698472
419,78,39747.268402698472,39756.405781142581
422,98,25734.547814697111,25755.49846833586
422,99,25755.49846833586,25775.709715325916
422,128,25801.19468475035,25814.576122371582
422,130,25814.576122371582,25825.947272734167
423,68,22959.963696797749,22969.388659199463
423,70,22969.388659199463,22977.687938075127
423,72,22977.687938075127,22985.904608258596
423,74,22985.904608258596,22994.78780296454
424,75,49734.638756756853,49743.793585563253
424,73,49743.793585563253,49752.964441408105
424,71,49752.964441408105,49763.019293003992
424,69,49763.019293003992,49772.62869172245
427,39,64644.892889317394,64668.577618729876
427,8,64700.785462339722,64717.277111633666
427,10,64717.277111633666,64731.936048668118
428,32,34649.855988839954,34669.289684903015
428,75,34705.288158865427,34720.334192521674
428,73,34720.334192521674,34735.83470821783
428,71,34735.83470821783,34750.014044582953
428,69,34750.014044582953,34763.573377992485
428,67,34763.573377992485,34776.047624608
428,65,34776.047624608,34790.935315247953
428,63,34790.935315247953,34805.11736307809
428,61,34805.11736307809,34818.068960267454
429,32,28700.055608072264,28721.217116171632
429,115,28812.564377527553,28832.36637442583
429,114,28832.36637442583,28851.089554097307
430,70,72613.780571787909,72624.878675175612
430,72,72624.878675175612,72635.24926410224
430,74,72635.24926410224,72646.235087781548
430,76,72646.235087781548,72656.645525553817
430,78,72656.645525553817,72666.093954436888
430,80,72666.093954436888,72675.944218890058
430,82,72675.944218890058,72688.184178796204
432,83,34945.117787513678,34957.539525657383
432,81,34957.539525657383,34969.634211327946
432,79,34969.634211327946,34979.342462188528
432,77,34979.342462188528,34991.438016796943
432,75,34991.438016796943,35006.878674018175
432,73,35006.878674018175,35020.572009936812
432,71,35020.572009936812,35032.026146436474
432,69,35032.026146436474,35042.680447110521
432,127,35091.749168000184,35102.418190145356
433,147,24361.666488641389,24374.008716705906
433,146,24374.008716705906,24388.310295461841
434,83,60876.689361541561,60888.966712536872
434,81,60888.966712536872,60900.080664877751
434,79,60900.080664877751,60910.874314077446
434,77,60910.874314077446,60922.098958219445
435,135,31829.986197007358,31846.768723977646
435,133,31846.768723977646,31866.411612153781
436,66,66250.334871313898,66272.032315191202
438,139,68439.351599059592,68457.176146796817
438,137,68457.176146796817,68473.300404271227
440,64,66753.174846818933,66771.751320450829
440,66,66771.751320450829,66787.246071178539
442,2,36112.943109557847,36125.191947629988
442,4,36125.191947629988,36140.23412033062
442,6,36140.23412033062,36152.580816349924
442,8,36152.580816349924,36163.24236511124
442,10,36163.24236511124,36173.200877092007
442,12,36173.200877092007,36185.579753336853
442,14,36185.579753336853,36198.080640147193
442,16,36198.080640147193,36210.206616736104
442,18,36210.206616736104,36221.536967045628
442,20,36221.536967045628,36232.505590893597
442,22,36232.505590893597,36244.58910242108
444,81,40558.986091150524,40569.236568347544
444,79,40569.236568347544,40578.284921804785
444,77,40578.284921804785,40587.545611434398
444,75,40587.545611434398,40597.505566372682
444,73,40597.505566372682,40607.501953735627
444,71,40607.501953735627,40619.770579643424
445,64,31061.884777158186,31082.236212727206
445,66,31082.236212727206,31100.862019427088
447,83,75730.662449910902,75741.071746577654
447,81,75741.071746577654,75752.135553374173
448,83,26429.061114353532,26447.700076554444
448,81,26447.700076554444,26462.361429018027
448,79,26462.361429018027,26474.768911091851
448,77,26474.768911091851,26488.729668116859
448,75,26488.729668116859,26504.978176349079
448,73,26504.978176349079,26520.368221554749
448,71,26520.368221554749,26539.341576021096
448,69,26539.341576021096,26553.829765238032
448,67,26553.829765238032,26568.151627659579
448,65,26568.151627659579,26582.285849790147
448,63,26582.285849790147,26596.313671094947
449,68,51246.453601947636,51256.217865383653
449,70,51256.217865383653,51265.789119609857
451,128,47418.15423088894,47428.927157541162
451,130,47428.927157541162,47440.358083786952
452,51,45265.870238994132,45279.716955905635
453,77,53645.62855128698,53654.896274691782
453,75,53654.896274691782,53662.970646844806
453,73,53662.970646844806,53673.202902007986
453,71,53673.202902007986,53681.998114925103
453,69,53681.998114925103,53691.526066405095
453,67,53691.526066405095,53701.531022823539
453,65,53701.531022823539,53710.4804559775
453,63,53710.4804559775,53719.327968822385
453,61,53719.327968822385,53728.529612762024
454,75,28682.087766743702,28699.37514748202
455,83,30856.783717916915,30876.836744127533
455,81,30876.836744127533,30897.38446799733
455,79,30897.38446799733,30910.922925590075
455,77,30910.922925590075,30928.189791350487
455,75,30928.189791350487,30954.35625121367
455,73,30954.35625121367,30983.837600812571
455,71,30983.837600812571,31001.825704631465
455,69,31001.825704631465,31016.213878627528
455,51,31039.655536388156,31063.507460123994
456,119,64200.471147745455,64221.225749305733
457,6,60345.952394048778,60358.063779476586
458,92,32049.751494622895,32069.866603016733
458,75,32094.030283840191,32118.05727386081
458,73,32118.05727386081,32142.748579170904
458,71,32142.748579170904,32166.55383204962
458,69,32166.55383204962,32183.173094747723
458,67,32183.173094747723,32203.517625089629
458,65,32203.517625089629,32224.364768306579
458,63,32224.364768306579,32243.1041744631
458,61,32243.1041744631,32267.985755621758
459,128,49045.604905593063,49055.206724964235
459,130,49055.206724964235,49065.183026622755
459,132,49065.183026622755,49074.518234413925
459,134,49074.518234413925,49083.924857444275
460,75,77965.534968350097,77974.288045200665
460,73,77974.288045200665,77983.11195151521
460,71,77983.11195151521,77991.927770744893
460,69,77991.927770744893,78000.743589974561
460,7,78034.09448654436,78043.559091421412
460,5,78043.559091421412,78052.991712307456
461,134,31342.928159818533,31361.60319103963
461,16,31504.112579540586,31523.560913016609
461,18,31523.560913016609,31536.825646201629
462,159,68382.421017305591,68406.976269474093
463,13,73795.946425534625,73806.760245266341
463,11,73806.760245266341,73816.238247718196
463,9,73816.238247718196,73825.196518357072
463,7,73825.196518357072,73837.037438274652
463,5,73837.037438274652,73847.856590656418
463,3,73847.856590656418,73858.094029630389
463,1,73858.094029630389,73867.976169112968
465,90,29658.276671044554,29685.01949324469
465,89,29685.01949324469,29709.086397179592
468,136,63809.170683294637,63821.685836334495
468,138,63821.685836334495,63834.704405715165
468,140,63834.704405715165,63846.928354900025
468,142,63846.928354900025,63858.793699373389
469,79,69008.081088285369,69021.952883848819
469,77,69021.952883848819,69038.145084002885
469,75,69038.145084002885,69057.806580896839
469,73,69057.806580896839,69077.191579734339
469,71,69077.191579734339,69092.910145145332
470,79,51491.85248406235,51506.169172784066
470,77,51506.169172784066,51516.492953441921
470,75,51516.492953441921,51526.561656446465
470,73,51526.561656446465,51536.675135530604
470,71,51536.675135530604,51546.626824751955
470,69,51546.626824751955,51556.175393461272
471,131,22226.520050589112,22237.766735165464
471,129,22237.766735165464,22251.47820691434
472,68,24987.929951948598,24998.951657317917
472,70,24998.951657317917,25009.445007538874
473,60,67790.895661246774,67807.115835734774
473,62,67807.115835734774,67824.119600221151
474,75,55662.051793204402,55675.197801952592
474,73,55675.197801952592,55687.725201300083
474,71,55687.725201300083,55697.200276975607
474,69,55697.200276975607,55707.526636757393
474,67,55707.526636757393,55718.2241344008
474,65,55718.2241344008,55727.890909006186
474,63,55727.890909006186,55735.878313090005
474,61,55735.878313090005,55743.829920389762
475,120,72736.72059357776,72746.857251085021
475,122,72746.857251085021,72756.878827700697
475,124,72756.878827700697,72767.982243351493
475,126,72767.982243351493,72779.041595564966
476,128,70013.674553455581,70029.229275226346
476,130,70029.229275226346,70042.050359411529
476,132,70042.050359411529,70057.547029187932
476,134,70057.547029187932,70070.070104037964
476,136,70070.070104037964,70082.824259459449
476,138,70082.824259459449,70097.394795527885
476,140,70097.394795527885,70112.377483537974
476,142,70112.377483537974,70125.804243884224
477,8,62392.376424322203,62406.722143538631
477,10,62406.722143538631,62420.694149259216
477,12,62420.694149259216,62432.826119276338
478,41,59884.320489501486,59901.125778624002
478,42,59901.125778624002,59918.28869215132
478,43,59918.28869215132,59935.564319750723
479,74,67058.008893824517,67074.96817365801
480,64,29888.852683113844,29904.626221478658
480,66,29904.626221478658,29924.830629034492
480,100,29959.645829973357,29975.334927733344
480,101,29975.334927733344,29993.450246765864
480,102,29993.450246765864,30009.471891400673
480,103,30009.471891400673,30029.458188208213
480,136,30060.088303617224,30073.024935835572
480,138,30073.024935835572,30086.050049971822
480,140,30086.050049971822,30099.059788322567
480,142,30099.059788322567,30112.457032958464
482,79,62257.145870463122,62268.066634997806
482,77,62268.066634997806,62278.933487501941
482,75,62278.933487501941,62290.732305983183
482,73,62290.732305983183,62304.56670884027
483,67,53152.294412412251,53161.568893712283
483,65,53161.568893712283,53170.722837819427
483,63,53170.722837819427,53180.350425228055
483,61,53180.350425228055,53190.622858897383
485,152,34437.267419817988,34453.491873355735
485,75,34524.387413948236,34539.350425727585
485,73,34539.350425727585,34553.956975158391
485,71,34553.956975158391,34568.188649263531
485,69,34568.188649263531,34581.139647529053
485,67,34581.139647529053,34592.526889485212
485,65,34592.526889485212,34604.135366793686
486,133,29436.212624833035,29456.555975069146
486,131,29456.555975069146,29471.366964908892
486,129,29471.366964908892,29488.909634730673
486,127,29488.909634730673,29513.231430685984
486,125,29513.231430685984,29529.010239186464
486,123,29529.010239186464,29544.371357997228
486,121,29544.371357997228,29564.209352890586
487,104,69185.729044729218,69201.502250050034
489,17,62650.275222795448,62666.25852067845
490,96,30257.791422451668,30282.559953395146
490,97,30282.559953395146,30305.718898360901
490,98,30305.718898360901,30330.938712539322
490,99,30330.938712539322,30349.416587583284
490,100,30349.416587583284,30366.917771973211
490,101,30366.917771973211,30385.770316928607
490,102,30385.770316928607,30405.658932415772
490,103,30405.658932415772,30424.55601551319
490,104,30424.55601551319,30446.513367029853
490,105,30446.513367029853,30468.808954610809
491,122,28582.532074108552,28600.310702922932
491,124,28600.310702922932,28612.708713568274
491,126,28612.708713568274,28626.673879145841
491,128,28626.673879145841,28643.296555746736
491,130,28643.296555746736,28658.669204883274
491,132,28658.669204883274,28677.319206735865
492,57,24639.648108605143,24653.386552957611
492,56,24653.386552957611,24669.357066708799
493,6,36975.942902429902,36989.931934209781
493,8,36989.931934209781,37001.56126511089
493,10,37001.56126511089,37011.725508300049
493,12,37011.725508300049,37021.613935900248
493,14,37021.613935900248,37032.670595506177
493,16,37032.670595506177,37041.813892529688
493,18,37041.813892529688,37053.75088102946
493,20,37053.75088102946,37065.031159455895
493,22,37065.031159455895,37077.442457661287
494,62,68878.266961334695,68891.342857965501
494,64,68891.342857965501,68907.385682899432
494,66,68907.385682899432,68923.428627516754
494,68,68923.428627516754,68939.801639269514
494,70,68939.801639269514,68953.098915404058
494,72,68953.098915404058,68969.147771537158
494,74,68969.147771537158,68983.205234722525
495,4,72814.249047557343,72823.913731646171
495,6,72823.913731646171,72836.076709134824
495,8,72836.076709134824,72847.470367339469
495,10,72847.470367339469,72857.280221943787
495,12,72857.280221943787,72869.093947662011
495,14,72869.093947662011,72880.663635981546
495,136,72965.009140250375,72975.545692803877
495,138,72975.545692803877,72985.78054362908
495,140,72985.78054362908,72996.294101089545
495,142,72996.294101089545,73007.27634721082
496,136,55751.144552641323,55761.748788823061
496,138,55761.748788823061,55773.845743478741
496,140,55773.845743478741,55784.359246849133
497,128,69742.336609901598,69754.389087437274
497,130,69754.389087437274,69766.396550590303
497,132,69766.396550590303,69777.770654006701
497,134,69777.770654006701,69789.439435564695
498,128,63056.535510723377,63070.488094683984
498,130,63070.488094683984,63083.06605881398
498,132,63083.06605881398,63097.264867019199
498,134,63097.264867019199,63112.181037110691
498,136,63112.181037110691,63126.202859160148
498,138,63126.202859160148,63142.271454747126
499,16,75328.254151869987,75339.412208294772
499,18,75339.412208294772,75352.194981786583
501,143,32079.502936390643,32097.972584278436
501,141,32097.972584278436,32114.139253493311
501,139,32114.139253493311,32130.746339506364
501,137,32130.746339506364,32149.524989102403
501,135,32149.524989102403,32165.24384713878
501,133,32165.24384713878,32182.334470194131
502,120,33239.017968473039,33250.629394995049
502,122,33250.629394995049,33264.167752066518
502,124,33264.167752066518,33277.176654925795
502,126,33277.176654925795,33291.316667681065
502,128,33291.316667681065,33305.70199562655
502,130,33305.70199562655,33316.810151506863
502,132,33316.810151506863,33328.597222456665
502,134,33328.597222456665,33340.327792855067
502,136,33340.327792855067,33353.883720693681
502,138,33353.883720693681,33366.028698661656
503,136,68818.693413506728,68835.029074550097
503,138,68835.029074550097,68849.040320258398
503,140,68849.040320258398,68863.104368130473
503,142,68863.104368130473,68876.568274892838
504,74,73317.490774709862,73328.402685408946
504,136,73375.885270684113,73386.341911168478
504,138,73386.341911168478,73395.32072042342
504,140,73395.32072042342,73404.583558353115
504,142,73404.583558353115,73417.44450773776
504,155,73430.200932971449,73445.321457068581
506,60,74797.365110038794,74805.305877567007
506,62,74805.305877567007,74813.864579604444
506,64,74813.864579604444,74822.423281641881
506,66,74822.423281641881,74830.400653647594
506,68,74830.400653647594,74838.317253134257
506,70,74838.317253134257,74846.230018413058
506,72,74846.230018413058,74854.142783691874
506,74,74854.142783691874,74862.101298814086
508,23,29116.961719436116,29135.201023133046
508,21,29135.201023133046,29150.679681678044
511,75,37494.30989489163,37505.045562626212
511,73,37505.045562626212,37514.985338228435
511,71,37514.985338228435,37525.047382578436
511,69,37525.047382578436,37535.45212447433
511,111,37565.94995197832,37580.195751902073
511,110,37580.195751902073,37599.70951194482
512,131,40809.233832964863,40822.959552688611
512,129,40822.959552688611,40835.693279612002
512,127,40835.693279612002,40847.118024447715
512,125,40847.118024447715,40857.447052300755
512,123,40857.447052300755,40867.861874970004
513,139,29050.362485037953,29068.758817909518
513,137,29068.758817909518,29086.016074902684
513,135,29086.016074902684,29099.938916542698
513,133,29099.938916542698,29116.919633508503
513,131,29116.919633508503,29140.762125530935
513,129,29140.762125530935,29155.77186452282
513,127,29155.77186452282,29177.235778770388
513,125,29177.235778770388,29189.764377368916
513,123,29189.764377368916,29204.424803301798
513,121,29204.424803301798,29221.245928334753
514,15,54810.747969498421,54819.558659313887
514,13,54819.558659313887,54827.794391087366
514,11,54827.794391087366,54836.026012770541
514,9,54836.026012770541,54845.086432375771
514,67,54878.656001311509,54887.114492684166
514,65,54887.114492684166,54894.796086793845
514,63,54894.796086793845,54902.477680903525
514,61,54902.477680903525,54910.159275013197
515,149,63601.358336887875,63623.512055245948
515,130,63642.226733120442,63654.299991368549
515,132,63654.299991368549,63667.736943658994
515,134,63667.736943658994,63682.782533899634
515,136,63682.782533899634,63696.708786455769
515,138,63696.708786455769,63708.633398010235
515,140,63708.633398010235,63721.118470815476
515,142,63721.118470815476,63733.742248597679
517,64,29267.223051129058,29284.218653308308
517,66,29284.218653308308,29301.323175441139
517,128,29371.816451507941,29392.295015611926
518,133,78100.47224940118,78113.344956834451
518,131,78113.344956834451,78123.883854537242
518,129,78123.883854537242,78135.265480544826
518,127,78135.265480544826,78145.643956212589
518,125,78145.643956212589,78155.352858964543
518,123,78155.352858964543,78166.433309214044
520,141,42565.085455194298,42574.223103235592
520,139,42574.223103235592,42581.491409767426
520,137,42581.491409767426,42589.176352302915
520,135,42589.176352302915,42597.212239821485
520,133,42597.212239821485,42605.551637247459
520,131,42605.551637247459,42613.857460802821
520,129,42613.857460802821,42623.831832100492
520,127,42623.831832100492,42634.153759438108
520,125,42634.153759438108,42643.51502331152
520,123,42643.51502331152,42652.411053119453
520,121,42652.411053119453,42661.029860907853
521,127,71911.442455546814,71922.478600924878
521,125,71922.478600924878,71934.30755592577
522,137,28887.60153420184,28906.488153749433
523,141,42502.559587136995,42513.781663813861
523,139,42513.781663813861,42522.053781186434
523,137,42522.053781186434,42531.986488080671
524,40,36504.369572687508,36520.328671084731
525,81,27375.401644292706,27388.876066530982
525,79,27388.876066530982,27401.120042807299
525,77,27401.120042807299,27413.125785453987
525,31,27454.884889963487,27475.483107415123
525,30,27475.483107415123,27493.529802200319
526,122,24487.07265771669,24498.617372191777
526,124,24498.617372191777,24508.482903334996
526,126,24508.482903334996,24518.431116430431
528,141,52365.741858612186,52376.393597525137
528,139,52376.393597525137,52386.601877802495
528,137,52386.601877802495,52394.984584066144
528,135,52394.984584066144,52403.889855965062
528,133,52403.889855965062,52415.111440899447
529,98,25037.20981393999,25053.453985523363
529,99,25053.453985523363,25070.478098999247
529,100,25070.478098999247,25085.206000301281
529,101,25085.206000301281,25103.58570059665
530,135,30679.623637519609,30691.797149044745
530,133,30691.797149044745,30709.303452388991
532,68,49799.874027050369,49808.687406981269
532,70,49808.687406981269,49817.331426842349
532,72,49817.331426842349,49826.187300406666
532,74,49826.187300406666,49834.439964556674
533,81,33157.519580008891,33174.958767594333
533,79,33174.958767594333,33188.627746663013
533,77,33188.627746663013,33204.14971595817
533,75,33204.14971595817,33223.790171307475
533,73,33223.790171307475,33242.501646139644
533,71,33242.501646139644,33260.257132491417
533,69,33260.257132491417,33276.722961340194
533,67,33276.722961340194,33295.972636005907
533,65,33295.972636005907,33311.392362660335
533,63,33311.392362660335,33329.377175685797
535,140,65095.502173377259,65112.146853155922
535,142,65112.146853155922,65128.738521324616
536,136,36162.81260874703,36176.088637626417
536,138,36176.088637626417,36187.388365339553
536,140,36187.388365339553,36197.236752014796
536,142,36197.236752014796,36208.772078722046
538,130,25087.105304830093,25097.776347460636
538,132,25097.776347460636,25110.31784589497
538,134,25110.31784589497,25123.478680429278
538,136,25123.478680429278,25136.248531621954
538,138,25136.248531621954,25147.742204165326
538,140,25147.742204165326,25160.121858409071
538,142,25160.121858409071,25172.714585116682
538,155,25186.063859003443,25204.609281549394
539,139,34410.245849342369,34422.858372184521
539,137,34422.858372184521,34436.890977633862
539,135,34436.890977633862,34448.914020407603
539,133,34448.914020407603,34462.681513044488
539,131,34462.681513044488,34475.452497299077
539,129,34475.452497299077,34486.935369648054
539,127,34486.935369648054,34501.807516085399
539,125,34501.807516085399,34514.146810209633
539,123,34514.146810209633,34526.788904962465
539,121,34526.788904962465,34539.498354648778
541,144,54704.832249716346,54719.685531431285
542,68,27893.283413101188,27905.340776051682
542,70,27905.340776051682,27919.708234682374
542,72,27919.708234682374,27938.203297565706
542,74,27938.203297565706,27951.750178411112
542,76,27951.750178411112,27970.894957062246
542,78,27970.894957062246,27984.201761243465
542,80,27984.201761243465,27995.837210409951
543,135,27123.023523236861,27135.815860646311
543,133,27135.815860646311,27150.766109766788
543,131,27150.766109766788,27164.656425688852
543,129,27164.656425688852,27176.999965279134
544,21,73811.377805982382,73820.835412377128
544,19,73820.835412377128,73830.052891512387
544,17,73830.052891512387,73840.149617326824
544,15,73840.149617326824,73849.886566617046
544,13,73849.886566617046,73858.68183387522
544,11,73858.68183387522,73868.164137758955
544,9,73868.164137758955,73878.024001489073
544,7,73878.024001489073,73888.042254712171
544,5,73888.042254712171,73898.389103142879
544,3,73898.389103142879,73909.131302388254
544,1,73909.131302388254,73918.223281658866
545,143,38482.66495449096,38492.812427628727
545,141,38492.812427628727,38502.038374843949
545,139,38502.038374843949,38511.677643056551
545,137,38511.677643056551,38522.368843774348
545,135,38522.368843774348,38531.947605085836
545,133,38531.947605085836,38540.316764554525
545,131,38540.316764554525,38548.845872431128
545,129,38548.845872431128,38559.049127085193
546,2,70543.054887330407,70554.905389332955
546,4,70554.905389332955,70568.195438509982
546,6,70568.195438509982,70581.70608668137
546,68,70638.692002238371,70653.738475810635
546,70,70653.738475810635,70669.327917859031
546,72,70669.327917859031,70685.104287938972
546,74,70685.104287938972,70700.016132486649
547,75,31826.508162363825,31844.650146764627
547,54,31864.929969135635,31886.287774979166
548,122,60053.836166186928,60064.22315830864
548,124,60064.22315830864,60073.246168110112
548,126,60073.246168110112,60083.017036568825
548,128,60083.017036568825,60094.290530226586
549,68,32461.457536430218,32483.216883523321
550,60,70218.985138703487,70233.702415655265
550,62,70233.702415655265,70251.275254102395
550,64,70251.275254102395,70268.004893032936
550,66,70268.004893032936,70281.407868376613
550,68,70281.407868376613,70297.644919322629
550,70,70297.644919322629,70310.382737746942
550,72,70310.382737746942,70322.313970942851
550,74,70322.313970942851,70336.074390404916
550,76,70336.074390404916,70352.004854479848
550,78,70352.004854479848,70363.596678851653
551,120,67923.279731595976,67940.383214073678
552,139,76341.333194303428,76353.195437085131
552,137,76353.195437085131,76366.761094631336
553,143,50554.870472745264,50562.194320751303
553,141,50562.194320751303,50572.103239542899
553,139,50572.103239542899,50581.450184114343
553,137,50581.450184114343,50591.809873667262
554,128,67176.049099180411,67192.154614045503
554,130,67192.154614045503,67205.087799031025
554,132,67205.087799031025,67225.245767780201
554,134,67225.245767780201,67243.82613850871
554,76,67312.736056577574,67328.229476636159
554,78,67328.229476636159,67344.682783654906
554,80,67344.682783654906,67359.135533729845
555,132,27076.226980126859,27092.299929259418
555,134,27092.299929259418,27110.155264360958
556,128,60355.50275765064,60368.779857657311
556,130,60368.779857657311,60382.044341651024
556,132,60382.044341651024,60392.830175176765
556,134,60392.830175176765,60405.462058881683
556,136,60405.462058881683,60418.765225965159
556,138,60418.765225965159,60429.670792155906
556,140,60429.670792155906,60440.274329373642
556,142,60440.274329373642,60451.448946512879
557,91,66262.313279854381,66288.585388951804
558,19,66223.460691896078,66243.181707161333
558,17,66243.181707161333,66259.778420575589
559,21,32741.54567891423,32761.321307221748
559,19,32761.321307221748,32780.632569896698
559,17,32780.632569896698,32800.787378953384
559,55,32848.00944295901,32869.937109992476
560,75,22787.176670672969,22796.576525151304
561,143,61475.136381351156,61487.55537643806
561,141,61487.55537643806,61499.14888791016
561,139,61499.14888791016,61510.309425891151
561,137,61510.309425891151,61521.74431587835
562,39,66004.421968777649,66028.538276096777
562,40,66028.538276096777,66049.59170646625
562,41,66049.59170646625,66074.059230213767
562,42,66074.059230213767,66107.67228184198
562,43,66107.67228184198,66129.71160820112
562,44,66129.71160820112,66153.774012360213
562,45,66153.774012360213,66176.529125971501
562,46,66176.529125971501,66197.735920027844
562,47,66197.735920027844,66221.579225143258
563,143,55304.391258868767,55313.92285846905
563,141,55313.92285846905,55322.491949046474
563,139,55322.491949046474,55331.69454036776
563,137,55331.69454036776,55341.35246558136
563,135,55341.35246558136,55350.90357190284
563,133,55350.90357190284,55361.374890636405
563,131,55361.374890636405,55371.396925393055
563,129,55371.396925393055,55383.029604493189
563,127,55383.029604493189,55393.004596425068
563,125,55393.004596425068,55402.350043462124
563,123,55402.350043462124,55413.407674844813
564,83,30594.636034723873,30614.003464807614
564,81,30614.003464807614,30633.265503726205
564,79,30633.265503726205,30648.604079198703
564,77,30648.604079198703,30667.519248730481
564,75,30667.519248730481,30697.733322903929
564,73,30697.733322903929,30726.956281431023
564,71,30726.956281431023,30743.689140425289
564,69,30743.689140425289,30756.820675439139
565,83,41267.932466898965,41278.33245176472
566,14,30858.394108155127,30877.312466670555
566,136,31012.669207574625,31028.865536168869
566,138,31028.865536168869,31043.5850874631
566,140,31043.5850874631,31059.768790683705
566,142,31059.768790683705,31075.111452383175
567,62,70735.286023352455,70748.46866842483
567,64,70748.46866842483,70763.664981329071
567,66,70763.664981329071,70777.150777273055
567,68,70777.150777273055,70790.005763793713
567,70,70790.005763793713,70804.710487976859
567,72,70804.710487976859,70818.737141760124
567,74,70818.737141760124,70829.718127346103
567,76,70829.718127346103,70845.939747934637
567,78,70845.939747934637,70859.7708205456
567,80,70859.7708205456,70871.219646207479
567,82,70871.219646207479,70883.287684662704
569,29,61211.369117868511,61231.267085537867
569,28,61231.267085537867,61250.967425748146
570,128,64964.784743844146,64978.735847175754
570,130,64978.735847175754,64992.601974293422
570,132,64992.601974293422,65006.539124058698
570,134,65006.539124058698,65017.603939641507
572,39,74886.631549290338,74897.88544716964
573,158,22724.730723810513,22740.501192556549
573,159,22740.501192556549,22756.633310267196
574,2,24935.140963364978,24948.270288899301
574,4,24948.270288899301,24959.114419044443
574,6,24959.114419044443,24972.976691428921
574,8,24972.976691428921,24983.207595438071
574,10,24983.207595438071,24993.415784176777
574,12,24993.415784176777,25004.022524196756
574,14,25004.022524196756,25013.821887066748
574,16,25013.821887066748,25025.933003635288
574,18,25025.933003635288,25037.631737510452
574,20,25037.631737510452,25049.889935589061
574,22,25049.889935589061,25062.317109469259
575,133,78392.218558229943,78400.914898401083
575,131,78400.914898401083,78409.353753953808
575,129,78409.353753953808,78418.453540653398
576,124,38601.760223911915,38610.159594234661
576,126,38610.159594234661,38618.765490546204
576,128,38618.765490546204,38628.660067752702
576,130,38628.660067752702,38641.568145154073
576,132,38641.568145154073,38653.292065301488
577,138,66189.63985474706,66202.592750750206
577,140,66202.592750750206,66220.844003570455
578,27,38400.647806536508,38418.021261934329
579,83,68331.820631897848,68348.004433904178
579,81,68348.004433904178,68363.479686846185
579,79,68363.479686846185,68375.550988341303
579,77,68375.550988341303,68386.138440925439
579,75,68386.138440925439,68402.097925641734
579,54,68418.180847050622,68437.101244575868
579,53,68437.101244575868,68455.267256027946
580,68,66251.714662214974,66269.485379301812
580,70,66269.485379301812,66285.522069158091
580,72,66285.522069158091,66306.665014701284
581,36,33919.83146179191,33935.482580378091
581,37,33935.482580378091,33955.842935286346
581,38,33955.842935286346,33975.824070039336
581,39,33975.824070039336,33994.861419835266
581,40,33994.861419835266,34011.700609012463
582,63,65539.016453771968,65556.282226229945
582,61,65556.282226229945,65572.992918836695
583,60,23746.893957835324,23757.373016207719
583,62,23757.373016207719,23767.711395525977
583,64,23767.711395525977,23778.514691620705
583,66,23778.514691620705,23790.005535369037
584,60,25035.710369808472,25045.990287971763
584,62,25045.990287971763,25055.586664754843
585,90,52978.087182357987,52995.737160901364
585,89,52995.737160901364,53011.464654543706
585,88,53011.464654543706,53025.492712217114
586,83,72681.1931537247,72692.249206337598
586,81,72692.249206337598,72706.456616332507
586,79,72706.456616332507,72715.47442316504
586,77,72715.47442316504,72726.661874639423
586,135,72767.877150708955,72779.513731897168
586,133,72779.513731897168,72789.030030020673
586,131,72789.030030020673,72800.310131250066
586,129,72800.310131250066,72811.099037237203
586,127,72811.099037237203,72822.088082611343
586,125,72822.088082611343,72834.640723273682
587,93,78762.658241652302,78779.183559774901
587,92,78779.183559774901,78791.097441306832
587,135,78817.849872522929,78826.697235668034
587,133,78826.697235668034,78837.082701935797
587,131,78837.082701935797,78844.322066836539
587,129,78844.322066836539,78851.855981578934
587,127,78851.855981578934,78859.929707765652
587,125,78859.929707765652,78869.493625272444
588,30,25238.709344063376,25255.198737751682
588,29,25255.198737751682,25273.172093873276
588,28,25273.172093873276,25293.659618639653
588,27,25293.659618639653,25316.204961925563
588,26,25316.204961925563,25333.617610593843
589,92,34525.668999365582,34539.378320409676
589,75,34550.829684027107,34562.980179415841
589,73,34562.980179415841,34574.328560763417
589,71,34574.328560763417,34585.695007698589
589,69,34585.695007698589,34596.593565821218
590,10,28255.327370896855,28268.0453302157
591,143,70974.943296660669,70988.215098135479
591,141,70988.215098135479,70998.757757366315
591,139,70998.757757366315,71010.011529174721
591,137,71010.011529174721,71024.15075162609
592,126,39980.692857618429,39992.370228727159
593,27,34519.814027687775,34536.21283881885
594,0,44862.042268455225,44871.222813054359
594,2,44871.222813054359,44879.195322272717
594,4,44879.195322272717,44886.285242504018
594,6,44886.285242504018,44894.601959026935
594,8,44894.601959026935,44903.727929311863
594,10,44903.727929311863,44912.367935239185
594,12,44912.367935239185,44920.425811800538
594,14,44920.425811800538,44927.815430020652
594,16,44927.815430020652,44935.617582620485
594,18,44935.617582620485,44944.250941876635
596,60,54217.529026557357,54226.341335534002
596,62,54226.341335534002,54235.293875578311
596,64,54235.293875578311,54244.282129521176
596,66,54244.282129521176,54253.547303882347
596,68,54253.547303882347,54263.130226526235
596,70,54263.130226526235,54272.83814863817
596,72,54272.83814863817,54283.185357752089
596,74,54283.185357752089,54292.395859652832
597,67,26431.138526658677,26443.504595188762
597,65,26443.504595188762,26456.613070005544
598,60,27804.759750761965,27825.136117451144
599,147,32943.366418419544,32959.390422499047
600,57,28384.467688246983,28403.467509807389
600,56,28403.467509807389,28426.562710666149
600,55,28426.562710666149,28449.851627128457
600,54,28449.851627128457,28467.263274665955
600,53,28467.263274665955,28487.570414908208
600,52,28487.570414908208,28506.06609427365
600,51,28506.06609427365,28526.649473218393
600,50,28526.649473218393,28549.832629153683
600,49,28549.832629153683,28571.683545642263
601,33,75998.066900954305,76013.629422441474
601,32,76013.629422441474,76028.795746405609
603,68,71260.733757737486,71271.470797113274
603,70,71271.470797113274,71282.663036053564
603,72,71282.663036053564,71295.363318561547
603,74,71295.363318561547,71306.083727585676
603,104,71327.284216040236,71342.433142638823
604,124,33898.265171817526,33908.922395942354
604,126,33908.922395942354,33922.818068180182
604,128,33922.818068180182,33936.800131362797
604,130,33936.800131362797,33949.104309576534
604,132,33949.104309576534,33963.11309645947
604,134,33963.11309645947,33974.180253875282
604,136,33974.180253875282,33985.440718981699
604,138,33985.440718981699,33996.956384918929
604,140,33996.956384918929,34008.33522452342
604,142,34008.33522452342,34019.944639739784
605,136,78346.557572025777,78357.442806661187
605,138,78357.442806661187,78369.764136236452
605,140,78369.764136236452,78382.237377362137
607,81,58705.447048489026,58716.347350931945
607,79,58716.347350931945,58725.310038776304
607,77,58725.310038776304,58735.809206621045
607,75,58735.809206621045,58748.005966099554
608,81,64826.268944019583,64846.291907866209
608,79,64846.291907866209,64863.125535679494
608,77,64863.125535679494,64879.443874207296
608,75,64879.443874207296,64896.015720454161
608,73,64896.015720454161,64919.275478405587
608,71,64919.275478405587,64938.973838225051
608,69,64938.973838225051,64957.087653510796
609,140,23504.112409087189,23513.942366979565
609,142,23513.942366979565,23524.566130083909
610,148,56559.521066413174,56577.44356213155
610,68,56629.70222536951,56640.86555628536
610,70,56640.86555628536,56653.616034683459
611,137,50507.695502128707,50517.241233957684
611,135,50517.241233957684,50526.786965786669
611,133,50526.786965786669,50533.440161052189
611,131,50533.440161052189,50543.975223634217
611,129,50543.975223634217,50551.845165010112
611,127,50551.845165010112,50559.715106386007
611,125,50559.715106386007,50567.766079993162
611,123,50567.766079993162,50576.889678464067
612,134,68272.872259415875,68288.252981393656
612,136,68288.252981393656,68301.172976682472
614,66,51213.974075972234,51223.220976226461
614,68,51223.220976226461,51232.603041629838
614,70,51232.603041629838,51240.538076705343
614,72,51240.538076705343,51249.373049073445
614,74,51249.373049073445,51258.805757312315
615,79,23768.846239310711,23778.084803136593
615,77,23778.084803136593,23789.033035446679
615,75,23789.033035446679,23801.197496169545
615,73,23801.197496169545,23811.026068230018
615,71,23811.026068230018,23819.347456279407
615,69,23819.347456279407,23830.666411816153
615,67,23830.666411816153,23841.575086918321
615,65,23841.575086918321,23850.978313732037
615,63,23850.978313732037,23860.785698523734
615,61,23860.785698523734,23870.718991423808
616,143,64618.445196720138,64632.014039563815
616,141,64632.014039563815,64646.117274961078
616,139,64646.117274961078,64659.163702910781
616,137,64659.163702910781,64674.742700505878
617,120,75783.33221337921,75791.917262805742
617,122,75791.917262805742,75800.469419814821
617,124,75800.469419814821,75811.627177550079
617,126,75811.627177550079,75822.434728941109
617,128,75822.434728941109,75830.769643065942
617,130,75830.769643065942,75841.385975784957
617,132,75841.385975784957,75850.476750157351
617,134,75850.476750157351,75859.484557231335
617,136,75859.484557231335,75869.415282695831
617,138,75869.415282695831,75879.99391417361
617,140,75879.99391417361,75889.89323317277
617,142,75889.89323317277,75899.751503868567
618,133,66873.594951766689,66893.70169469362
618,131,66893.70169469362,66913.304966394891
619,40,68391.41045020007,68407.349451363189
620,128,66605.701883793561,66621.859488760922
620,130,66621.859488760922,66638.500282719207
620,132,66638.500282719207,66658.645053440749
620,134,66658.645053440749,66679.988229308612
620,136,66679.988229308612,66693.552310214844
620,138,66693.552310214844,66707.519529465892
620,140,66707.519529465892,66726.730369306097
621,85,31636.671386711139,31662.511702569725
622,141,74468.075174965663,74479.108309898758
622,139,74479.108309898758,74487.542020800771
622,137,74487.542020800771,74497.049344453175
622,135,74497.049344453175,74505.617988146652
622,133,74505.617988146652,74515.989290894679
622,131,74515.989290894679,74526.734849348359
624,17,49301.404802802048,49309.678747866754
625,143,69156.034179332259,69168.696877690265
625,141,69168.696877690265,69179.812155503067
625,139,69179.812155503067,69191.410464002445
625,137,69191.410464002445,69204.608163260462
625,135,69204.608163260462,69218.38453911549
625,133,69218.38453911549,69233.920000758371
625,131,69233.920000758371,69251.329800885447
625,129,69251.329800885447,69264.494609610134
626,39,65158.773534292603,65182.239947376103
626,40,65182.239947376103,65199.677782354382
626,41,65199.677782354382,65217.425706980845
627,64,31825.070639309804,31842.372558345283
627,66,31842.372558345283,31860.080471938909
628,134,33718.147792891796,33729.550128152354
630,71,38135.559216617818,38146.91500850091
630,69,38146.91500850091,38159.577180623921
631,128,29134.362772435416,29154.942372728918
631,130,29154.942372728918,29169.90284261401
631,132,29169.90284261401,29184.303227302145
631,134,29184.303227302145,29203.462286625538
632,139,32763.826178605454,32777.403737450055
632,137,32777.403737450055,32793.788390225738
632,135,32793.788390225738,32807.512636336891
632,133,32807.512636336891,32822.656488397268
632,131,32822.656488397268,32840.707411717951
633,79,66561.169776939976,66574.627017815728
633,77,66574.627017815728,66589.259172760707
634,70,46089.880799504324,46101.322725875354
634,72,46101.322725875354,46111.912181833417
634,74,46111.912181833417,46121.302746486959
634,76,46121.302746486959,46130.637044557217
634,78,46130.637044557217,46141.204593540184
634,80,46141.204593540184,46151.357082786235
634,82,46151.357082786235,46162.147030712098
635,135,52408.574389749629,52418.508341713823
635,133,52418.508341713823,52428.631953888122
635,131,52428.631953888122,52439.225894763949
635,129,52439.225894763949,52449.549113664558
635,127,52449.549113664558,52460.277552357496
635,125,52460.277552357496,52470.275752185982
635,123,52470.275752185982,52480.617573416712
635,121,52480.617573416712,52488.294273057916
637,23,23735.308519081922,23746.126295381731
637,21,23746.126295381731,23755.493190615951
637,19,23755.493190615951,23766.246777454675
637,17,23766.246777454675,23776.694423695586
637,15,23776.694423695586,23787.886490575325
637,13,23787.886490575325,23799.2855437904
637,11,23799.2855437904,23809.399652743792
637,9,23809.399652743792,23818.565519418018
637,7,23818.565519418018,23828.713495110489
637,5,23828.713495110489,23839.968116033331
638,139,71569.76909680356,71583.1298940821
638,137,71583.1298940821,71595.760118751467
638,135,71595.760118751467,71609.341126211642
638,133,71609.341126211642,71623.10086988633
638,131,71623.10086988633,71636.28690243201
638,129,71636.28690243201,71649.365057298259
638,127,71649.365057298259,71661.608784897384
638,125,71661.608784897384,71676.854006727706
639,139,69966.570636511475,69979.949667209366
639,137,69979.949667209366,69994.04565951199
640,143,51268.940739636266,51277.867066991137
640,141,51277.867066991137,51288.463407768511
640,139,51288.463407768511,51297.863131730293
640,137,51297.863131730293,51307.473932051827
640,135,51307.473932051827,51317.890575142388
640,133,51317.890575142388,51329.877923055494
640,131,51329.877923055494,51340.856209376245
642,122,63929.307916199992,63941.814661820725
642,124,63941.814661820725,63954.036295847749
642,126,63954.036295847749,63971.540441010264
642,128,63971.540441010264,63987.729199392517
642,130,63987.729199392517,64001.261929608765
642,132,64001.261929608765,64016.359496785597
642,134,64016.359496785597,64032.585850624004
642,76,64101.778650917848,64118.134516898768
642,78,64118.134516898768,64133.097538380338
643,6,45641.010995110817,45651.154170674941
643,8,45651.154170674941,45659.74051033712
643,10,45659.74051033712,45669.418707152014
643,12,45669.418707152014,45678.400498827155
643,14,45678.400498827155,45687.372586795536
643,16,45687.372586795536,45695.815053123406
643,18,45695.815053123406,45704.257519451268
643,20,45704.257519451268,45712.126936852088
643,22,45712.126936852088,45720.220117202647
644,83,27534.877976681393,27549.872033920248
644,81,27549.872033920248,27565.268307634386
644,79,27565.268307634386,27580.126500879083
644,77,27580.126500879083,27594.647573576731
644,104,27623.356936511587,27640.903545888021
645,70,24112.564422286046,24123.953464490718
645,72,24123.953464490718,24133.594427596439
645,74,24133.594427596439,24144.632318738102
645,16,24180.66890575771,24189.246461390918
645,18,24189.246461390918,24197.838551225334
646,141,66580.225979835217,66595.682530211881
646,139,66595.682530211881,66611.911090426132
646,137,66611.911090426132,66633.030147099533
646,135,66633.030147099533,66648.551381103578
646,133,66648.551381103578,66670.608825854157
646,131,66670.608825854157,66690.289343690383
646,129,66690.289343690383,66710.422597000113
646,67,66787.494709139835,66805.653942841309
648,69,26389.2638697031,26402.584786267042
648,67,26402.584786267042,26414.987459551889
648,65,26414.987459551889,26428.619277583111
648,63,26428.619277583111,26440.227891870021
648,61,26440.227891870021,26451.013585152981
649,38,67539.310807884554,67558.941673644978
649,39,67558.941673644978,67580.468203432509
649,40,67580.468203432509,67601.566449893406
649,41,67601.566449893406,67621.432043401001
649,42,67621.432043401001,67649.053548430631
649,43,67649.053548430631,67669.675572277381
651,127,70586.575009516382,70599.982853210531
651,125,70599.982853210531,70615.589635462034
651,123,70615.589635462034,70630.620958321655
652,98,51316.159701740064,51330.805574798032
652,99,51330.805574798032,51347.505422650785
652,128,51370.947167466162,51382.578782037781
652,130,51382.578782037781,51394.458284677115
653,92,50925.590520092032,50938.02551389896
653,75,50948.530968307037,50957.263824328962
653,73,50957.263824328962,50966.596463654903
653,71,50966.596463654903,50976.772322383476
653,69,50976.772322383476,50987.486224049302
655,66,66607.68412534571,66626.615860743987
655,40,66659.925088728167,66677.366531875756
656,78,54455.182751117827,54466.455986352317
656,80,54466.455986352317,54477.29384138935
657,44,69819.08615376713,69840.278540336352
658,68,45674.023797629656,45683.220908690251
658,70,45683.220908690251,45691.819527965425
658,72,45691.819527965425,45701.179028927116
658,74,45701.179028927116,45710.263403808938
659,95,33152.32131683483,33177.681707939781
660,134,68298.92288666073,68315.137087415715
661,79,69286.967241616847,69301.610244635725
661,77,69301.610244635725,69312.833575452096
661,115,69355.20812502355,69370.080418109545
662,122,62032.915353558405,62042.231355652744
662,124,62042.231355652744,62051.507704167743
662,126,62051.507704167743,62060.347745443527
662,128,62060.347745443527,62070.204209390919
662,130,62070.204209390919,62077.525244090226
662,132,62077.525244090226,62085.902543606513
662,134,62085.902543606513,62094.871869940871
663,142,33197.745273625842,33211.182038135463
663,23,33322.754242565381,33336.86139854847
663,21,33336.86139854847,33348.243818815608
664,133,77673.928045684719,77684.326357446203
664,131,77684.326357446203,77694.358511641869
664,129,77694.358511641869,77704.56934146308
665,71,67682.620610176717,67697.742474557526
665,69,67697.742474557526,67713.849885126037
665,67,67713.849885126037,67728.305713433962
665,65,67728.305713433962,67745.877909004048
665,63,67745.877909004048,67762.221685752898
665,61,67762.221685752898,67780.347944263907
666,73,30590.47261389808,30619.014313003601
666,71,30619.014313003601,30637.293449132354
666,69,30637.293449132354,30655.941140498708
666,27,30720.134649283555,30738.997080755773
666,26,30738.997080755773,30764.079688745056
667,141,62980.849063782654,62998.56070231786
667,139,62998.56070231786,63011.114473196722
667,137,63011.114473196722,63024.666323638805
667,75,63087.284966665065,63103.534965728941
667,73,63103.534965728941,63120.78070273457
667,71,63120.78070273457,63138.129078404862
667,69,63138.129078404862,63152.195894016935
668,16,58966.095492434171,58976.970442374994
668,18,58976.970442374994,58987.915006423282
668,20,58987.915006423282,58998.615538785562
669,120,24655.429348796282,24665.131846319211
669,122,24665.131846319211,24674.422819077547
669,124,24674.422819077547,24682.683356859114
669,126,24682.683356859114,24691.952092077627
669,68,24731.59248281287,24742.686014677533
669,70,24742.686014677533,24753.678744225806
669,72,24753.678744225806,24762.638615109576
669,74,24762.638615109576,24771.601783741833
669,16,24811.645255309602,24821.642932978422
670,17,64671.862725505365,64686.874348520658
670,75,64745.54139876581,64762.749049111779
670,73,64762.749049111779,64780.731703575038
670,71,64780.731703575038,64797.189623620616
670,69,64797.189623620616,64810.657462126735
670,67,64810.657462126735,64829.508260610841
670,65,64829.508260610841,64844.185059495991
671,136,27720.292797623657,27735.943396855007
672,59,63551.400388550581,63573.117070631415
672,58,63573.117070631415,63593.659090119305
672,57,63593.659090119305,63612.71622187263
674,149,70832.741860060254,70850.820015796373
674,148,70850.820015796373,70870.627241817259
674,147,70870.627241817259,70889.696173289689
674,146,70889.696173289689,70903.875006216214
675,144,33975.297959911368,33996.66231284391
676,134,59259.80394850119,59268.612693239636
676,136,59268.612693239636,59277.788612747412
676,138,59277.788612747412,59287.632764097099
676,140,59287.632764097099,59297.532479723399
676,142,59297.532479723399,59306.407014176577
677,19,65369.351095837839,65386.216854660364
677,17,65386.216854660364,65401.084520458382
677,15,65401.084520458382,65415.370628527802
677,13,65415.370628527802,65430.466145922932
677,11,65430.466145922932,65446.178648311863
677,9,65446.178648311863,65459.21237796075
677,7,65459.21237796075,65471.668053995163
677,5,65471.668053995163,65485.853067726588
677,3,65485.853067726588,65498.014569929503
677,1,65498.014569929503,65516.32802124328
678,131,25739.764308328424,25751.395122883867
678,129,25751.395122883867,25763.02593743931
678,127,25763.02593743931,25775.232943954365
678,125,25775.232943954365,25789.281372622703
678,123,25789.281372622703,25801.30961493215
678,121,25801.30961493215,25811.979615434495
680,79,60324.353146199544,60335.94716151421
680,77,60335.94716151421,60344.80177394679
680,135,60377.910868526065,60387.111856046366
680,133,60387.111856046366,60396.995031511397
681,16,69331.613450704361,69343.521439963908
681,18,69343.521439963908,69356.504436015879
682,133,43858.499626342891,43868.287214990007
682,131,43868.287214990007,43878.074803637115
682,129,43878.074803637115,43887.410381589631
682,67,43930.360337049133,43941.009064726735
682,65,43941.009064726735,43952.793686634315
683,62,74981.656916027787,74991.470663674409
683,64,74991.470663674409,75001.947641529114
683,66,75001.947641529114,75012.747784770341
683,68,75012.747784770341,75025.378022653924
683,70,75025.378022653924,75035.824079993865
683,72,75035.824079993865,75046.340887913873
683,74,75046.340887913873,75056.8386916335
683,76,75056.8386916335,75066.965495411074
683,78,75066.965495411074,75076.700320459553
683,80,75076.700320459553,75088.83495396284
685,68,39671.770407384836,39681.590739411586
685,70,39681.590739411586,39690.337423534853
685,72,39690.337423534853,39698.376159725871
685,74,39698.376159725871,39706.900242910568
685,76,39706.900242910568,39717.011606119886
686,137,37350.514857591166,37360.642834368016
686,135,37360.642834368016,37371.586020864219
686,133,37371.586020864219,37383.13948794789
686,131,37383.13948794789,37396.297205006544
686,129,37396.297205006544,37408.92783598564
687,60,63632.148832926614,63647.10118212839
687,62,63647.10118212839,63660.664170225005
687,64,63660.664170225005,63672.525101009422
687,66,63672.525101009422,63684.382562879153
687,68,63684.382562879153,63700.637212034198
687,70,63700.637212034198,63714.864546880242
687,72,63714.864546880242,63729.14498668231
687,74,63729.14498668231,63743.663241637456
687,76,63743.663241637456,63757.797121902353
687,78,63757.797121902353,63768.280692208471
687,80,63768.280692208471,63780.549034321572
688,92,62177.378570540866,62195.271329073352
688,15,62264.004115751806,62277.430918866623
688,13,62277.430918866623,62291.19434152035
688,11,62291.19434152035,62303.17008742207
688,9,62303.17008742207,62315.006899457927
688,7,62315.006899457927,62327.461972936166
688,5,62327.461972936166,62338.763039173391
689,7,72864.268527027802,72874.424726999205
690,75,30933.280184410229,30956.599419415896
690,73,30956.599419415896,30981.47570814778
690,71,30981.47570814778,31000.50902634484
690,69,31000.50902634484,31015.740157785436
691,133,72390.756241212846,72404.020899768686
691,131,72404.020899768686,72414.982505059612
691,129,72414.982505059612,72425.773909357522
692,64,47807.952857516713,47816.953883601629
692,66,47816.953883601629,47827.876534803552
692,68,47827.876534803552,47837.080828017322
692,70,47837.080828017322,47846.953650427946
692,72,47846.953650427946,47856.807877530067
692,74,47856.807877530067,47865.520610559965
694,64,38832.865900243261,38843.00615540654
694,66,38843.00615540654,38853.062261800194
695,146,30888.24114066151,30905.53501932029
695,145,30905.53501932029,30925.890334826901
699,136,70347.677545115585,70360.220211624473
699,138,70360.220211624473,70374.392862178618
700,67,63271.131051129742,63286.288805763172
700,65,63286.288805763172,63303.084711856594
700,63,63303.084711856594,63321.410100122273
701,32,40600.470235483044,40617.75245259521
701,75,40649.62621203759,40659.060930241307
701,73,40659.060930241307,40670.350399343501
701,71,40670.350399343501,40681.74253962926
701,69,40681.74253962926,40691.3667447966
702,67,40533.037364003758,40541.949268847769
702,65,40541.949268847769,40551.879297487729
702,63,40551.879297487729,40563.094924715697
704,148,60735.994891943039,60751.159490494756
705,136,33738.337958685588,33749.906021176415
705,138,33749.906021176415,33762.699507690035
705,140,33762.699507690035,33777.020476712896
706,68,24241.02374591324,24253.077579062974
706,70,24253.077579062974,24263.775152010745
706,72,24263.775152010745,24274.20557052939
706,74,24274.20557052939,24284.313437991757
706,76,24284.313437991757,24293.587901991152
706,78,24293.587901991152,24303.024736778585
706,80,24303.024736778585,24313.831343726975
706,82,24313.831343726975,24324.923959452266
707,1,58127.903211679739,58137.095332953162
708,83,35092.578110608403,35105.064020915757
708,81,35105.064020915757,35120.652806130871
708,79,35120.652806130871,35132.249721144683
708,77,35132.249721144683,35143.899718349079
708,75,35143.899718349079,35157.441147315352
708,73,35157.441147315352,35172.058806765715
708,71,35172.058806765715,35185.385673490287
709,63,66903.747574479377,66922.091857378968
709,61,66922.091857378968,66947.764111784723
710,66,70979.280506809169,70993.60460910479
710,128,71049.419959197839,71062.459304778211
710,130,71062.459304778211,71080.171950580945
710,132,71080.171950580945,71095.825770836542
710,134,71095.825770836542,71109.973849669012
710,136,71109.973849669012,71123.695275760765
711,122,36036.030037663055,36049.984493034142
711,124,36049.984493034142,36061.590291227651
711,126,36061.590291227651,36072.280513523263
711,128,36072.280513523263,36082.833915621908
711,130,36082.833915621908,36092.437624972052
711,132,36092.437624972052,36102.910919087321
711,134,36102.910919087321,36112.958686915896
711,76,36164.246097914518,36175.190896940585
711,78,36175.190896940585,36187.700003979291
712,83,36452.492001309809,36460.160478943311
712,81,36460.160478943311,36468.415483212739
712,79,36468.415483212739,36476.32190840604
712,77,36476.32190840604,36484.372846206177
712,75,36484.372846206177,36493.554943780829
712,73,36493.554943780829,36504.114510229672
712,71,36504.114510229672,36514.658003261909
713,68,78095.270323851961,78105.210782859547
713,70,78105.210782859547,78114.138473538915
713,72,78114.138473538915,78125.039187985982
713,74,78125.039187985982,78135.584631351419
714,51,66804.399018962053,66828.885885487325
714,50,66828.885885487325,66846.055633342694
715,124,66953.330358232866,66969.584132246717
715,126,66969.584132246717,66985.003857746153
716,36,31956.744746512632,31974.222506575272
716,37,31974.222506575272,31991.265727474318
717,10,72848.66393411922,72857.445039703947
717,12,72857.445039703947,72866.042493203728
717,14,72866.042493203728,72876.272875071416
717,136,72952.591434939415,72962.64488936917
717,138,72962.64488936917,72972.042583285307
717,140,72972.042583285307,72980.715112392572
717,142,72980.715112392572,72991.200228882357
718,83,60331.111090799801,60341.83469229209
718,81,60341.83469229209,60353.262790127657
718,79,60353.262790127657,60362.810062732824
718,77,60362.810062732824,60372.534993484733
719,68,48204.864827211008,48212.613406102086
719,70,48212.613406102086,48222.644325743931
719,72,48222.644325743931,48230.673943774651
719,74,48230.673943774651,48238.458649649307
720,135,31623.198687352884,31643.123182831077
720,133,31643.123182831077,31664.39710146849
720,131,31664.39710146849,31686.304776905359
720,129,31686.304776905359,31704.354750665643
720,127,31704.354750665643,31727.816960501063
720,125,31727.816960501063,31740.835873285527
720,123,31740.835873285527,31756.736071366617
720,121,31756.736071366617,31778.063485455699
721,141,63932.656332856859,63945.924323914631
721,139,63945.924323914631,63958.196878386116
721,137,63958.196878386116,63976.202017986558
722,83,68022.509103360615,68039.436621431742
722,81,68039.436621431742,68058.032158439746
722,79,68058.032158439746,68075.372347857614
722,77,68075.372347857614,68089.559071059964
722,15,68156.7114017352,68173.178923860411
722,13,68173.178923860411,68188.876988427175
722,11,68188.876988427175,68204.655770266792
722,9,68204.655770266792,68223.520037825627
722,7,68223.520037825627,68238.89259317056
722,5,68238.89259317056,68255.799836329548
722,3,68255.799836329548,68271.284703232523
723,133,41989.409289305448,41998.984790267285
723,131,41998.984790267285,42007.033007340266
723,129,42007.033007340266,42014.957534138019
724,120,66981.936141249418,66994.601460276826
724,122,66994.601460276826,67010.921637934662
724,124,67010.921637934662,67024.771649578048
724,126,67024.771649578048,67042.070075579861
724,68,67118.693777505163,67141.364687141933
724,70,67141.364687141933,67158.144193118191
724,72,67158.144193118191,67178.53435065801
726,135,32719.497337560435,32729.206332607038
726,133,32729.206332607038,32744.36567346927
726,131,32744.36567346927,32758.558900478591
726,129,32758.558900478591,32769.917735462252
727,55,64598.394134120637,64621.675590390201
727,54,64621.675590390201,64641.44787585899
727,53,64641.44787585899,64665.542040070904
727,52,64665.542040070904,64689.584518198841
729,125,51576.009753215774,51585.9491645694
729,123,51585.9491645694,51594.998323342414
729,121,51594.998323342414,51604.077231465584
730,75,52866.561911658355,52876.872092930542
730,73,52876.872092930542,52886.159578886647
730,71,52886.159578886647,52896.256123135412
730,69,52896.256123135412,52907.282376728632
730,67,52907.282376728632,52917.700016738949
730,65,52917.700016738949,52928.276041755584
730,63,52928.276041755584,52941.337210636761
730,61,52941.337210636761,52952.140442054944
731,115,66063.532298057471,66081.614193203335
731,114,66081.614193203335,66097.768493613999
732,71,66114.069189986636,66132.380529217466
732,69,66132.380529217466,66145.70864064827
732,67,66145.70864064827,66162.502218861657
732,65,66162.502218861657,66180.530370563079
732,63,66180.530370563079,66194.552505546322
733,83,58945.63334810087,58955.010332439131
733,81,58955.010332439131,58965.885374908416
733,79,58965.885374908416,58976.094979195994
733,77,58976.094979195994,58986.310285329426
733,75,58986.310285329426,58996.523197126131
733,73,58996.523197126131,59006.720246974794
733,71,59006.720246974794,59017.152651154727
733,69,59017.152651154727,59026.450007710999
734,135,22753.957664884463,22763.052163224886
734,133,22763.052163224886,22772.183370301518
734,131,22772.183370301518,22781.965050885501
735,68,28627.606458019269,28645.881721191272
735,70,28645.881721191272,28663.791678611651
735,72,28663.791678611651,28682.49561640076
735,74,28682.49561640076,28696.802721795273
735,76,28696.802721795273,28714.783392019097
735,78,28714.783392019097,28728.40723556724
736,128,61520.568721522337,61530.960902593994
736,130,61530.960902593994,61541.175066651733
736,132,61541.175066651733,61552.319147595597
736,134,61552.319147595597,61566.0905732846
736,136,61566.0905732846,61577.735216106048
736,138,61577.735216106048,61589.600194435101
737,83,70739.342699917659,70753.43780497722
738,142,25685.244523007696,25697.506894050552
740,138,52203.897238336431,52211.729683606478
740,140,52211.729683606478,52220.318549720083
740,142,52220.318549720083,52229.843204070567
741,36,63872.713199732789,63890.546242659693
742,75,23751.398249340149,23763.689597251636
742,73,23763.689597251636,23775.881789715342
742,71,23775.881789715342,23786.194665093673
742,69,23786.194665093673,23797.679769080554
743,128,41208.926983530837,41219.630481399734
743,130,41219.630481399734,41230.385440167731
743,132,41230.385440167731,41239.654041586349
743,134,41239.654041586349,41249.141449461124
743,104,41272.040237134948,41286.43721074822
744,96,73529.331240306317,73545.972949026429
745,128,29650.435024240916,29671.515005847286
745,130,29671.515005847286,29687.09801053776
745,132,29687.09801053776,29703.100703562235
745,134,29703.100703562235,29720.61184904497
745,136,29720.61184904497,29732.965221446822
745,138,29732.965221446822,29747.330529327632
746,153,31267.09382862422,31285.668293372128
746,152,31285.668293372128,31303.339799205911
747,23,40097.498333718497,40108.48482079526
747,21,40108.48482079526,40118.20284794912
747,19,40118.20284794912,40128.384509296506
747,17,40128.384509296506,40138.144069757931
747,15,40138.144069757931,40148.116760148754
747,13,40148.116760148754,40158.631133539071
747,11,40158.631133539071,40168.313108277762
747,9,40168.313108277762,40177.990663002667
747,7,40177.990663002667,40187.657009761198
747,5,40187.657009761198,40198.519382882354
747,3,40198.519382882354,40209.844257149314
747,1,40209.844257149314,40222.112170650682
748,79,49125.505946000456,49136.382430025675
748,77,49136.382430025675,49147.245092470323
748,75,49147.245092470323,49158.317172434668
748,73,49158.317172434668,49169.088015340698
748,71,49169.088015340698,49178.658555162416
748,69,49178.658555162416,49188.631287372387
752,60,22503.349157317356,22512.757129031968
752,62,22512.757129031968,22522.295170247929
753,130,31959.916248971189,31975.840371452749
755,132,32350.705603597427,32369.625531031972
755,134,32369.625531031972,32391.453031395155
755,136,32391.453031395155,32406.94405911849
755,138,32406.94405911849,32421.868916333904
755,140,32421.868916333904,32439.304683267837
756,120,72408.117295315838,72420.352359896162
756,122,72420.352359896162,72431.536193167311
756,124,72431.536193167311,72442.903845369612
756,126,72442.903845369612,72456.738729763354
757,35,31115.849302616924,31136.272104121294
758,75,62583.962031146504,62593.577144548675
758,73,62593.577144548675,62603.589181849668
758,71,62603.589181849668,62614.433693313564
758,69,62614.433693313564,62625.949419276396
758,67,62625.949419276396,62636.281684453512
758,65,62636.281684453512,62645.295838883743
758,63,62645.295838883743,62657.378868702261
759,142,30458.280708131282,30471.952273412597
760,136,72269.522092405052,72280.849184824168
761,132,65920.992141635477,65937.222160852863
761,134,65937.222160852863,65956.633698173493
761,136,65956.633698173493,65973.203825870209
761,138,65973.203825870209,65990.841830740974
762,128,30667.236476454967,30688.065278924329
762,130,30688.065278924329,30705.711900636648
762,132,30705.711900636648,30723.75537902808
762,134,30723.75537902808,30744.94457116018
762,136,30744.94457116018,30766.248386896998
762,138,30766.248386896998,30783.036375081934
762,140,30783.036375081934,30800.089519583496
762,142,30800.089519583496,30817.423673051177
763,135,58897.161724183446,58907.619710931664
763,133,58907.619710931664,58918.296454889372
764,103,57153.687062591511,57168.356424342797
765,79,21641.858800499034,21651.260364262926
765,77,21651.260364262926,21662.38856505185
765,75,21662.38856505185,21672.623001048269
765,73,21672.623001048269,21681.06147955123
765,71,21681.06147955123,21689.367276406785
765,69,21689.367276406785,21696.887693516455
766,16,69578.98031320372,69591.104414558329
767,27,32124.178196280973,32141.287651317965
767,26,32141.287651317965,32162.64076732628
768,141,63989.148099871418,64004.782478924884
768,139,64004.782478924884,64020.710199679139
768,137,64020.710199679139,64035.246202786002
768,135,64035.246202786002,64047.274627136874
768,133,64047.274627136874,64064.562399045855
768,131,64064.562399045855,64081.193799255256
768,129,64081.193799255256,64096.467948364829
769,136,27134.273572448976,27146.778336895739
769,138,27146.778336895739,27160.106871520511
769,140,27160.106871520511,27177.20437695118
769,142,27177.20437695118,27193.653510993361
770,35,47635.479105571983,47650.644109093926
770,34,47650.644109093926,47666.815418789447
771,143,38349.626860997203,38359.456311697679
771,141,38359.456311697679,38368.197466586389
771,139,38368.197466586389,38377.07885001754
771,137,38377.07885001754,38387.207573147352
771,135,38387.207573147352,38397.397564987252
771,133,38397.397564987252,38408.334879538183
772,147,65195.841064688429,65213.774964067416
773,116,32632.734208780417,32652.640988860221
773,31,32764.718944333283,32785.395666962853
773,30,32785.395666962853,32808.645467586663
774,122,27613.619774100589,27627.864730062731
774,124,27627.864730062731,27640.976872130683
774,126,27640.976872130683,27654.354469184844
774,100,27684.549059634621,27705.339565814098
774,101,27705.339565814098,27725.199982558144
775,124,32792.972313053986,32806.27205799966
775,126,32806.27205799966,32823.291097546229
775,8,32965.680451428205,32985.614424003972
776,136,25550.339843629557,25561.938063367434
776,138,25561.938063367434,25572.92139664193
776,140,25572.92139664193,25584.69829284618
776,142,25584.69829284618,25597.106350024373
777,16,78118.585176461958,78129.05883718135
777,18,78129.05883718135,78137.807552122933
778,68,35478.902320529589,35494.145666112359
778,70,35494.145666112359,35505.376561720404
778,72,35505.376561720404,35517.244366195657
778,74,35517.244366195657,35529.252573658472
778,76,35529.252573658472,35541.377063229396
778,78,35541.377063229396,35554.137558172457
779,129,71481.954240806648,71493.469700036119
782,75,49590.073219733327,49598.405669290551
782,73,49598.405669290551,49609.679531416456
783,10,30544.823490474864,30559.479528157372
783,12,30559.479528157372,30573.799887241406
783,14,30573.799887241406,30597.0805362543
783,16,30597.0805362543,30616.676947160206
783,18,30616.676947160206,30635.066641287416
784,15,32155.455668906878,32173.235754753801
784,13,32173.235754753801,32186.071292279121
785,99,41480.648538996218,41491.308878109696
785,128,41512.873933757393,41522.138926505846
785,130,41522.138926505846,41531.473337407799
785,132,41531.473337407799,41541.187887905457
785,134,41541.187887905457,41550.748279599706
785,136,41550.748279599706,41560.746109809588
785,138,41560.746109809588,41571.221123584379
786,14,28301.923401894372,28314.779712036059
786,76,28368.79386402974,28388.701733411548
787,152,62501.22609521608,62513.534259886714
787,135,62523.306156564169,62535.898345081325
787,133,62535.898345081325,62547.983771823529
787,131,62547.983771823529,62561.54299587111
788,27,26623.603308046346,26636.469173644404
789,126,47822.039668396334,47833.467792353651
789,67,47871.08558343086,47883.673802926409
790,8,55938.457539063042,55947.294847379941
790,10,55947.294847379941,55956.853046107462
790,12,55956.853046107462,55967.168487770214
790,14,55967.168487770214,55976.062971990235
790,16,55976.062971990235,55985.74894493341
790,18,55985.74894493341,55996.843704677274
791,64,75540.01568595189,75550.197918152233
791,66,75550.197918152233,75561.492320223289
792,60,42688.373753329201,42697.540173847359
792,62,42697.540173847359,42707.266705239716
792,64,42707.266705239716,42716.140451861189
792,66,42716.140451861189,42727.080395857818
793,120,70587.874954370986,70601.040378327933
793,122,70601.040378327933,70612.14701425824
793,124,70612.14701425824,70622.612322074332
793,126,70622.612322074332,70634.306022657576
793,128,70634.306022657576,70646.829194097852
793,130,70646.829194097852,70661.185667875805
793,132,70661.185667875805,70673.038844321127
793,134,70673.038844321127,70685.699159186988
793,136,70685.699159186988,70696.294724619089
793,138,70696.294724619089,70708.021397700737
793,140,70708.021397700737,70719.05810259741
793,142,70719.05810259741,70729.546697586135
794,10,51617.143782680279,51624.965131835052
794,12,51624.965131835052,51633.74003376843
794,14,51633.74003376843,51642.580390673545
796,82,68806.103706396505,68818.052098504937
797,130,56415.217588318788,56427.197362055587
799,47,70838.359431435063,70850.409486201068
801,62,66293.475658328869,66309.862236036119
801,64,66309.862236036119,66326.170141074661
801,66,66326.170141074661,66341.620660975401
801,8,66411.998642169812,66426.740946266567
801,10,66426.740946266567,66440.763758016139
802,120,29085.746070773814,29104.80429698668
803,139,32400.555338075395,32416.782214319486
803,137,32416.782214319486,32432.363058910851
805,122,33928.632247590271,33941.37211855303
805,124,33941.37211855303,33954.67217035019
805,126,33954.67217035019,33966.959596704604
805,128,33966.959596704604,33979.378663796793
805,130,33979.378663796793,33993.1584257227
805,132,33993.1584257227,34006.04901555612
805,134,34006.04901555612,34019.234665603384
806,72,73216.81448575134,73228.453884905306
808,40,48846.572556711697,48858.712960923651
809,120,29878.513231457266,29895.023722546532
809,122,29895.023722546532,29910.083165857603
809,124,29910.083165857603,29929.510294133393
810,90,65526.420346766958,65550.319559728116
811,16,63060.252184051991,63076.242847589405
811,18,63076.242847589405,63089.668566992579
812,78,34390.884844336033,34403.011881394064
812,80,34403.011881394064,34412.684749293825
812,82,34412.684749293825,34423.94611335131
813,120,30201.079698609639,30216.312586877346
813,122,30216.312586877346,30229.443125523725
813,124,30229.443125523725,30242.215875132708
813,126,30242.215875132708,30256.976254367582
813,128,30256.976254367582,30278.3099871003
813,130,30278.3099871003,30292.445938578978
813,132,30292.445938578978,30311.029504879796
813,134,30311.029504879796,30326.002706739488
813,136,30326.002706739488,30340.837157061276
813,138,30340.837157061276,30357.240570889975
814,128,73839.696751372059,73849.20848280174
814,130,73849.20848280174,73859.031729072332
815,62,63311.527535620866,63325.827588171436
815,64,63325.827588171436,63338.681927115875
815,66,63338.681927115875,63350.869945857019
815,68,63350.869945857019,63366.453377728962
815,70,63366.453377728962,63381.637686262904
815,72,63381.637686262904,63395.740572615017
815,74,63395.740572615017,63407.659531190373
816,60,60385.871684557234,60400.492217344086
816,62,60400.492217344086,60412.550628824931
816,64,60412.550628824931,60423.316059390905
816,66,60423.316059390905,60434.91048858939
816,68,60434.91048858939,60448.984835392293
817,64,65411.867994502463,65429.827051801076
817,66,65429.827051801076,65446.205392179785
817,68,65446.205392179785,65458.965130094308
817,70,65458.965130094308,65474.800784084058
817,72,65474.800784084058,65492.623074649593
817,74,65492.623074649593,65509.089605153553
817,76,65509.089605153553,65524.750253525577
817,78,65524.750253525577,65541.907101130229
818,8,22577.029804023896,22586.336517728185
818,10,22586.336517728185,22596.330229803974
819,2,27610.796263388649,27624.893839752123
819,4,27624.893839752123,27637.756925879286
819,6,27637.756925879286,27650.963297354429
819,8,27650.963297354429,27666.78144178386
819,10,27666.78144178386,27679.769783493473
819,12,27679.769783493473,27691.251720881482
819,14,27691.251720881482,27706.361118981305
819,136,27813.615973613498,27825.717928036764
819,138,27825.717928036764,27839.514176380202
819,140,27839.514176380202,27855.700461645785
819,142,27855.700461645785,27870.803343849846
820,33,70197.922279089049,70219.429797522229
820,32,70219.429797522229,70242.020585852355
821,81,36221.438278251168,36234.617818822713
821,79,36234.617818822713,36243.011229661191
821,77,36243.011229661191,36254.263340192578
821,75,36254.263340192578,36265.510075957187
821,73,36265.510075957187,36276.245982813678
823,128,71814.134130406412,71824.63183274967
823,130,71824.63183274967,71833.54858056987
823,132,71833.54858056987,71844.637089532102
823,134,71844.637089532102,71853.946353039777
824,67,74119.350750002428,74129.460801178328
824,65,74129.460801178328,74139.414541997976
824,63,74139.414541997976,74150.61100957093
824,61,74150.61100957093,74160.908239579119
827,72,33469.103279229865,33487.390430780957
827,74,33487.390430780957,33501.374805296779
827,76,33501.374805296779,33517.496090834997
827,78,33517.496090834997,33530.780557494538
827,80,33530.780557494538,33543.412509830887
828,128,67326.718923786058,67341.978799639764
828,130,67341.978799639764,67358.283768756184
828,132,67358.283768756184,67373.518326834121
828,134,67373.518326834121,67390.400401131759
829,134,65577.531030196013,65592.397736019921
830,62,42210.172150230414,42220.799654581358
830,64,42220.799654581358,42231.684613582293
830,66,42231.684613582293,42243.043377744718
830,68,42243.043377744718,42252.694673939426
830,70,42252.694673939426,42261.684959698738
830,72,42261.684959698738,42271.081857567646
830,74,42271.081857567646,42280.998580275009
830,76,42280.998580275009,42290.05628932712
830,78,42290.05628932712,42301.489691986193
830,80,42301.489691986193,42311.285429724143
831,111,69335.507232081916,69350.576393928699
833,139,30121.85295948471,30139.290949415576
833,137,30139.290949415576,30163.597278911642
833,135,30163.597278911642,30176.643835563442
833,133,30176.643835563442,30200.719370281866
833,131,30200.719370281866,30222.368478037155
833,129,30222.368478037155,30240.946943146759
834,70,60216.507298988356,60227.530735466586
834,72,60227.530735466586,60237.601023543823
834,74,60237.601023543823,60250.012411891024
835,28,28565.529064934715,28585.882665087211
835,27,28585.882665087211,28605.115731835933
835,26,28605.115731835933,28625.902913113827
835,25,28625.902913113827,28646.381882845777
836,38,74531.595958210717,74553.1555749689
836,39,74553.1555749689,74569.892576356782
836,128,74648.557151601141,74660.445976449118
836,130,74660.445976449118,74671.431321206954
836,132,74671.431321206954,74682.340301727207
836,134,74682.340301727207,74692.508254465793
836,136,74692.508254465793,74704.71980593192
837,135,27161.208170289101,27175.959012836232
837,133,27175.959012836232,27194.813137123365
837,131,27194.813137123365,27213.862121948718
837,129,27213.862121948718,27228.214099032
838,136,34063.178043442269,34078.247097594969
838,138,34078.247097594969,34093.069072789731
839,143,38500.108332363983,38508.391859958945
839,141,38508.391859958945,38517.104981476899
839,139,38517.104981476899,38526.132139298694
839,137,38526.132139298694,38535.552165023924
839,135,38535.552165023924,38544.422054470284
839,133,38544.422054470284,38553.323358793088
839,131,38553.323358793088,38562.842096255219
839,129,38562.842096255219,38571.90208077681
839,127,38571.90208077681,38579.73550912393
839,125,38579.73550912393,38588.018579363023
839,123,38588.018579363023,38596.890530378441
840,83,28731.664992440441,28752.274078763494
840,81,28752.274078763494,28769.863569734218
840,79,28769.863569734218,28786.391424912068
840,77,28786.391424912068,28798.612625010919
841,129,40634.640144542667,40644.773431181537
841,51,40691.692034250169,40702.821503450075
842,17,46300.732948522833,46311.74731106047
842,75,46346.922177151151,46355.387085762137
842,73,46355.387085762137,46363.657383509293
842,71,46363.657383509293,46373.402074221296
842,69,46373.402074221296,46383.236536307864
843,75,23486.653720430164,23496.180177624716
843,73,23496.180177624716,23507.082297068911
844,15,27025.241554417724,27037.975174776086
844,13,27037.975174776086,27051.8368736628
845,70,51685.455521165575,51695.684742991158
845,72,51695.684742991158,51704.84173300676
845,74,51704.84173300676,51713.386868506168
845,76,51713.386868506168,51721.650823763179
845,78,51721.650823763179,51729.238163557719
846,83,34323.505094897417,34341.201679104597
846,81,34341.201679104597,34356.548644154798
846,79,34356.548644154798,34370.651070060441
846,77,34370.651070060441,34384.604655361029
846,75,34384.604655361029,34401.073332292384
846,73,34401.073332292384,34418.682538434237
846,71,34418.682538434237,34435.939032213166
846,69,34435.939032213166,34451.680988005588
846,67,34451.680988005588,34467.597088572082
847,90,69846.830748546359,69864.858643383501
847,89,69864.858643383501,69891.434135212039
847,88,69891.434135212039,69911.620778433207
847,87,69911.620778433207,69937.919773480156
847,86,69937.919773480156,69960.888801362147
847,85,69960.888801362147,69980.898419013232
848,62,24789.539941256906,24798.471313175341
848,64,24798.471313175341,24810.451449695556
848,66,24810.451449695556,24822.431586215767
848,68,24822.431586215767,24834.010514754344
848,70,24834.010514754344,24844.454472188627
848,72,24844.454472188627,24856.249505323322
848,74,24856.249505323322,24865.240308181106
849,66,73532.698255571318,73542.229857776416
849,68,73542.229857776416,73551.414870818495
849,70,73551.414870818495,73560.547534577243
849,72,73560.547534577243,73569.860145019076
849,74,73569.860145019076,73579.121448483435
849,104,73599.989915551632,73614.895653125001
852,124,53053.044799141797,53063.248484133619
852,126,53063.248484133619,53070.950554959127
853,127,72141.200001246689,72153.401987516889
853,125,72153.401987516889,72165.223700713686
853,123,72165.223700713686,72178.698916439113
853,121,72178.698916439113,72192.366905620613
854,42,60462.10151908316,60484.438084165027
854,43,60484.438084165027,60504.598645565064
854,76,60529.018340352122,60539.190642875976
854,78,60539.190642875976,60552.141307658239
854,80,60552.141307658239,60562.984861586461
854,82,60562.984861586461,60576.345445851846
855,141,30220.476321963961,30235.1025163052
855,139,30235.1025163052,30249.240690050301
855,137,30249.240690050301,30270.413726702143
859,128,56101.201010184683,56111.345966613866
859,130,56111.345966613866,56121.490923043042
859,132,56121.490923043042,56131.335598056772
859,134,56131.335598056772,56141.256858554123
859,136,56141.256858554123,56153.350454743057
859,138,56153.350454743057,56165.474491592118
859,140,56165.474491592118,56176.609767935755
860,24,67885.069383954571,67904.232827600252
860,120,68037.788141013225,68051.570461670461
860,122,68051.570461670461,68066.792757889256
860,124,68066.792757889256,68079.177048038779
860,126,68079.177048038779,68096.372184829335
860,128,68096.372184829335,68112.876885583159
860,130,68112.876885583159,68128.563022611997
860,132,68128.563022611997,68143.22706411728
860,134,68143.22706411728,68158.264960549262
860,136,68158.264960549262,68171.655091760607
860,138,68171.655091760607,68183.821154802892
860,140,68183.821154802892,68197.328865245319
860,142,68197.328865245319,68211.676342528124
861,113,67128.753158341555,67152.880768486881
861,112,67152.880768486881,67178.251821465572
861,67,67237.758618113498,67261.759960198877
861,65,67261.759960198877,67279.504319484113
862,88,34682.412316140959,34699.162226546192
862,127,34737.233887103961,34750.588741848384
863,147,34228.836516532167,34245.663549132412
864,122,42132.94497047396,42145.616696509678
864,124,42145.616696509678,42157.295689324739
864,126,42157.295689324739,42167.833970316286
864,128,42167.833970316286,42179.050394036429
864,130,42179.050394036429,42189.450130795201
864,132,42189.450130795201,42199.633896496409
864,134,42199.633896496409,42209.222217237795
864,136,42209.222217237795,42218.755842492697
864,138,42218.755842492697,42227.939354145681
864,140,42227.939354145681,42237.543868426139
864,142,42237.543868426139,42247.457145092383
866,49,26289.931424351835,26306.138195047017
866,48,26306.138195047017,26326.686039726053
867,132,28970.297780613761,28986.311598558423
868,130,28346.761434688786,28365.234364630182
868,132,28365.234364630182,28382.791225344652
868,134,28382.791225344652,28405.232885915731
869,40,62441.051797137872,62458.734489165181
869,41,62458.734489165181,62479.97569484893
869,42,62479.97569484893,62504.866492436988
869,43,62504.866492436988,62522.815134017997
869,44,62522.815134017997,62543.329562653838
869,45,62543.329562653838,62563.396991565081
870,130,60847.884623352416,60861.628161360015
870,132,60861.628161360015,60875.371699367621
871,135,72059.66987324768,72072.126901607218
871,133,72072.126901607218,72086.537473472257
871,131,72086.537473472257,72101.135418012767
871,129,72101.135418012767,72114.321963249633
872,142,32892.002247081109,32907.266950398611
873,120,37404.706025750522,37414.788465868376
873,122,37414.788465868376,37425.052781517319
873,124,37425.052781517319,37434.087590496747
873,126,37434.087590496747,37444.01042884693
873,128,37444.01042884693,37453.956249721654
873,130,37453.956249721654,37463.254086265137
873,132,37463.254086265137,37473.755697763801
873,134,37473.755697763801,37484.536804392141
874,68,78499.701994277028,78508.314359155673
876,60,62908.167403212719,62923.132666511417
876,62,62923.132666511417,62937.268144268215
876,64,62937.268144268215,62951.992870627837
876,66,62951.992870627837,62964.991290965663
876,100,62991.812353100395,63005.587166659781
877,133,29851.721290695205,29872.587676769555
877,131,29872.587676769555,29893.411833085011
877,129,29893.411833085011,29912.506153959901
878,130,67459.889883344993,67477.354256909442
878,132,67477.354256909442,67492.18128891915
878,134,67492.18128891915,67513.095892988335
878,136,67513.095892988335,67527.790090312599
880,64,68827.31575676451,68844.503365753088
880,66,68844.503365753088,68859.733568934811
880,68,68859.733568934811,68874.441779939341
880,70,68874.441779939341,68891.623585061854
881,68,35446.829956250251,35457.957845836027
881,70,35457.957845836027,35467.394614133394
881,72,35467.394614133394,35478.916480389991
881,74,35478.916480389991,35489.225412045176
881,76,35489.225412045176,35499.973153374929
881,78,35499.973153374929,35511.091822162991
882,71,63420.983033509692,63437.576578487169
882,69,63437.576578487169,63453.98022473634
883,152,64838.284576213722,64853.402052131118
884,119,31683.246905772641,31699.222792854827
884,118,31699.222792854827,31712.433017512471
884,117,31712.433017512471,31729.658874578043
885,2,32740.599860243914,32753.965534459116
885,4,32753.965534459116,32774.652289452613
885,6,32774.652289452613,32791.373267540504
885,68,32868.935130200371,32887.206828503746
886,9,24745.172303303978,24757.615487605144
886,67,24800.723402024083,24811.694560772728
886,65,24811.694560772728,24826.059660935582
887,70,42719.005593417322,42728.202312531372
887,72,42728.202312531372,42738.143651649792
887,74,42738.143651649792,42748.447778744659
887,76,42748.447778744659,42758.608302438464
887,78,42758.608302438464,42768.588115981416
887,80,42768.588115981416,42777.985486562058
887,82,42777.985486562058,42789.16824545867
888,133,42308.257312627575,42319.548676034334
888,131,42319.548676034334,42328.549324524618
888,129,42328.549324524618,42338.396083292741
889,119,59284.805072156589,59300.459066120478
890,39,28213.63209604194,28238.415152428905
890,40,28238.415152428905,28259.439249087281
890,41,28259.439249087281,28280.145353774904
890,42,28280.145353774904,28305.592435965511
890,43,28305.592435965511,28327.314762559323
891,90,32808.017937788762,32825.763099059273
891,89,32825.763099059273,32842.864769124433
891,88,32842.864769124433,32861.971461734509
894,43,33384.423073359714,33399.584625235351
894,76,33426.420633997746,33439.176204909032
894,78,33439.176204909032,33451.365973135922
894,80,33451.365973135922,33464.736528773217
894,82,33464.736528773217,33475.843321436638
895,130,66180.590311536653,66196.807115615768
895,132,66196.807115615768,66215.849639025473
896,60,53686.213219568453,53696.877140998957
896,62,53696.877140998957,53707.384004398933
896,64,53707.384004398933,53719.067002506483
896,66,53719.067002506483,53729.466778741364
896,128,53771.538519948139,53783.183905845355
896,130,53783.183905845355,53797.929298702766
897,122,66536.60467606911,66547.750243527509
897,124,66547.750243527509,66560.688847971629
899,79,31602.280838914903,31619.631978507132
899,77,31619.631978507132,31635.465726879498
899,75,31635.465726879498,31656.979393513826
899,73,31656.979393513826,31681.17474380599
899,71,31681.17474380599,31701.489747490559
899,69,31701.489747490559,31715.989837910212
899,111,31771.073723208621,31795.558091037234
899,110,31795.558091037234,31821.486416925643
899,109,31821.486416925643,31839.088467405996
900,135,67312.629095072771,67329.81134233452
900,133,67329.81134233452,67351.285326448269
900,131,67351.285326448269,67371.395547167573
900,129,67371.395547167573,67389.734590001652
901,135,41050.208371287714,41060.485853346734
901,133,41060.485853346734,41071.997882161515
901,131,41071.997882161515,41083.15710723144
902,61,69216.343546078075,69230.747390840275
903,136,54081.127179465337,54089.850951748413
903,138,54089.850951748413,54098.592410972153
904,79,67969.537202220759,67983.732734599194
904,77,67983.732734599194,67997.690749213201
904,75,67997.690749213201,68016.699666918081
904,73,68016.699666918081,68035.82702158553
904,71,68035.82702158553,68053.468085733664
904,69,68053.468085733664,68071.007002414379
904,67,68071.007002414379,68095.127228043653
904,65,68095.127228043653,68109.570481347182
905,126,55028.040355341625,55038.87490732158
905,128,55038.87490732158,55049.709459301528
905,130,55049.709459301528,55059.271454783084
905,132,55059.271454783084,55069.666295201809
905,134,55069.666295201809,55080.411017186096
905,136,55080.411017186096,55089.622429974108
906,83,27420.954847336649,27435.659237897562
906,81,27435.659237897562,27452.120385481874
906,79,27452.120385481874,27464.600923918228
906,77,27464.600923918228,27478.952516787784
906,135,27538.433840854315,27553.404787064632
907,21,50137.452449967932,50147.454929841442
907,19,50147.454929841442,50155.847255438704
907,17,50155.847255438704,50165.933139228924
908,73,25977.084873847325,25994.539983718263
908,71,25994.539983718263,26006.2161695549
908,69,26006.2161695549,26016.93274556251
908,67,26016.93274556251,26029.19226927471
908,65,26029.19226927471,26041.094989283494
909,14,67013.376661926435,67031.255421627837
910,87,68765.225120160045,68786.276005044303
910,86,68786.276005044303,68810.367090214088
911,75,26334.357428991472,26350.498803048027
911,73,26350.498803048027,26362.846648869428
911,71,26362.846648869428,26375.69713580481
911,69,26375.69713580481,26388.096753412039
912,122,67484.398517493071,67498.30866472963
912,124,67498.30866472963,67511.997472197705
912,126,67511.997472197705,67527.311806752186
912,128,67527.311806752186,67543.300815295763
912,130,67543.300815295763,67556.343110028334
912,132,67556.343110028334,67570.962546221694
912,134,67570.962546221694,67586.575378572321
912,136,67586.575378572321,67600.792627349976
912,138,67600.792627349976,67617.126730231117
913,83,46740.737710866022,46750.983759676179
913,81,46750.983759676179,46761.023985191219
913,79,46761.023985191219,46771.037752744152
913,77,46771.037752744152,46781.416358590512
913,75,46781.416358590512,46795.590288679356
913,73,46795.590288679356,46806.753215707075
913,71,46806.753215707075,46817.186189177839
913,69,46817.186189177839,46827.561315563064
913,67,46827.561315563064,46837.576349100644
913,65,46837.576349100644,46846.925106574541
913,63,46846.925106574541,46856.756172008107
913,61,46856.756172008107,46867.226341938513
914,140,63845.689024447718,63858.984169105664
914,142,63858.984169105664,63873.041063535238
915,79,62630.145377796449,62642.96264954732
915,77,62642.96264954732,62655.874640261951
915,135,62713.923758831588,62727.703757187228
915,133,62727.703757187228,62741.761971655593
915,131,62741.761971655593,62754.184821501214
915,129,62754.184821501214,62768.999852912901
917,60,68939.037762261389,68957.351877272173
917,62,68957.351877272173,68972.189296777651
917,64,68972.189296777651,68986.776806568319
917,66,68986.776806568319,68999.096118241912
917,68,68999.096118241912,69011.80526006635
917,70,69011.80526006635,69026.564890243797
917,72,69026.564890243797,69040.041818930826
918,83,23230.435414155847,23240.237261167051
918,81,23240.237261167051,23249.774782190587
918,79,23249.774782190587,23260.324294429982
918,77,23260.324294429982,23272.25725780414
918,135,23313.582723403269,23323.946733912882
918,133,23323.946733912882,23334.310744422495
918,131,23334.310744422495,23344.674754932108
918,129,23344.674754932108,23355.172861056977
918,127,23355.172861056977,23363.57835448239
918,125,23363.57835448239,23372.676950488178
918,123,23372.676950488178,23381.775546493966
918,121,23381.775546493966,23390.874142499753
919,62,77534.527181375845,77547.824948834706
919,64,77547.824948834706,77559.447968452048
919,66,77559.447968452048,77572.719025355662
919,8,77613.893829710432,77626.996640159283
919,10,77626.996640159283,77638.644119982506
919,12,77638.644119982506,77649.139016372763
919,14,77649.139016372763,77660.999111189318
919,16,77660.999111189318,77671.677735888588
919,18,77671.677735888588,77680.233708390384
919,20,77680.233708390384,77691.528629360619
920,22,43392.637888211022,43402.657505616873
921,81,73414.48171890153,73425.651595022136
921,79,73425.651595022136,73435.258795081041
921,77,73435.258795081041,73445.067340525828
921,55,73455.014503158789,73468.351867780133
922,75,31284.28705332059,31313.243167121753
922,73,31313.243167121753,31335.205417805093
922,71,31335.205417805093,31361.059788763927
922,69,31361.059788763927,31378.881571164489
922,67,31378.881571164489,31407.108598811974
922,65,31407.108598811974,31428.721968152753
922,85,31448.335881478684,31473.599590016765
922,84,31473.599590016765,31491.171746213575
923,128,70182.455523546916,70196.6034738569
923,130,70196.6034738569,70209.991673232435
923,132,70209.991673232435,70220.635321051959
923,134,70220.635321051959,70233.923756205681
923,136,70233.923756205681,70246.883187126805
923,138,70246.883187126805,70256.733454092901
923,140,70256.733454092901,70269.210145906181
923,142,70269.210145906181,70281.434506272111
924,135,32261.395696436855,32278.717862310368
924,133,32278.717862310368,32305.401005427499
924,131,32305.401005427499,32325.117956357873
924,129,32325.117956357873,32347.414906972153
924,111,32367.01451989001,32390.173942518439
925,34,69779.477900861457,69795.602452261854
926,135,66401.572672090639,66418.793492938334
927,7,71736.532190447819,71746.252769459068
927,5,71746.252769459068,71756.156547674313
928,144,64183.498552059675,64201.258845644923
928,36,64312.672314790922,64329.681929606384
929,125,28289.661942005372,28303.170270418654
929,123,28303.170270418654,28317.645789147176
929,121,28317.645789147176,28340.958902519284
930,31,26809.200321226774,26826.722385030946
930,30,26826.722385030946,26848.304469381565
931,143,63419.946140136119,63437.016826979685
931,141,63437.016826979685,63453.562895032119
933,19,69354.136083690493,69366.846090996798
933,17,69366.846090996798,69380.69942694428
933,135,69477.26372352289,69489.201935459001
933,133,69489.201935459001,69503.372108264666
935,16,75960.765641521124,75971.165041047716
935,18,75971.165041047716,75980.914651999425
937,75,35724.815680006323,35739.234169481009
937,73,35739.234169481009,35753.332458243851
937,71,35753.332458243851,35768.524473601363
937,69,35768.524473601363,35783.392589031922
937,67,35783.392589031922,35795.063844765667
938,74,25402.635164610561,25413.354301447911
938,136,25453.844443649781,25463.418058828454
938,138,25463.418058828454,25477.793866401156
939,71,70159.305992043868,70174.212738349801
939,69,70174.212738349801,70186.283607355217
939,127,70238.027538861148,70250.302335393964
939,125,70250.302335393964,70262.270984801493
939,123,70262.270984801493,70275.03393702858
939,121,70275.03393702858,70287.642318877188
940,62,32392.79953170129,32408.891331082523
940,64,32408.891331082523,32425.548198570305
940,66,32425.548198570305,32440.602673843743
940,68,32440.602673843743,32458.237677895231
940,70,32458.237677895231,32475.82294942013
940,72,32475.82294942013,32493.898838906345
940,74,32493.898838906345,32509.949048453618
940,76,32509.949048453618,32527.867320347814
940,78,32527.867320347814,32543.74461374943
940,80,32543.74461374943,32556.801752527197
941,77,65521.920361641729,65541.459724785978
941,75,65541.459724785978,65560.619023910578
941,73,65560.619023910578,65579.778323035163
941,71,65579.778323035163,65595.828308683776
941,69,65595.828308683776,65611.856288279319
941,67,65611.856288279319,65631.614236509442
941,65,65631.614236509442,65648.925044448333
941,63,65648.925044448333,65667.167243508506
942,12,63579.354861335807,63592.823649976512
942,14,63592.823649976512,63606.654391801174
943,68,66001.792564423944,66020.844014032657
943,70,66020.844014032657,66035.031837662245
943,72,66035.031837662245,66049.923580841249
943,74,66049.923580841249,66067.911303998422
943,76,66067.911303998422,66086.982191852818
943,78,66086.982191852818,66101.101442579369
943,80,66101.101442579369,66118.171947113311
943,82,66118.171947113311,66133.748271664808
945,66,27842.697937878205,27853.702605220125
945,68,27853.702605220125,27869.123496247808
945,70,27869.123496247808,27884.677902403469
945,72,27884.677902403469,27900.900046696162
945,74,27900.900046696162,27918.362754986974
946,122,69709.427898325521,69724.726203282888
946,124,69724.726203282888,69735.728131923039
946,126,69735.728131923039,69747.874151648095
946,128,69747.874151648095,69758.939892620692
946,130,69758.939892620692,69771.122643265524
946,132,69771.122643265524,69784.710784115901
946,134,69784.710784115901,69796.542121955397
946,44,69884.987810815597,69902.19287492118
948,9,27840.664911102325,27861.682148328826
950,124,61864.715640914153,61879.932971511575
950,126,61879.932971511575,61889.779961539927
950,128,61889.779961539927,61900.584184087762
950,130,61900.584184087762,61912.16241389481
950,132,61912.16241389481,61923.806711564546
950,134,61923.806711564546,61938.61467879462
950,136,61938.61467879462,61951.256073501478
950,138,61951.256073501478,61963.257420774455
950,140,61963.257420774455,61975.184176205163
950,142,61975.184176205163,61987.066919176519
951,103,68433.261918415024,68449.428801694885
951,16,68567.622265454309,68583.402994769946
951,18,68583.402994769946,68597.45568130193
952,38,71683.607001111333,71700.530356762159
952,39,71700.530356762159,71718.024829546062
952,40,71718.024829546062,71732.326162601617
952,41,71732.326162601617,71752.027606809192
952,42,71752.027606809192,71767.689636240189
952,43,71767.689636240189,71785.310423261559
953,141,67883.780711360421,67901.352935449599
953,139,67901.352935449599,67918.809332504577
953,137,67918.809332504577,67940.256785103076
954,143,45031.445700143093,45040.676335350094
954,141,45040.676335350094,45049.62753502823
954,139,45049.62753502823,45058.539678466128
954,137,45058.539678466128,45069.058195108482
954,135,45069.058195108482,45077.653313860057
954,133,45077.653313860057,45086.248432611639
954,131,45086.248432611639,45094.843551363214
954,129,45094.843551363214,45104.134872096241
954,67,45139.775875407562,45150.445231317193
954,65,45150.445231317193,45159.868404244116
954,63,45159.868404244116,45170.556348429804
955,135,64404.131426714412,64419.54193111544
955,133,64419.54193111544,64437.007258023317
955,131,64437.007258023317,64454.436438596051
955,129,64454.436438596051,64471.693494846862
956,92,25587.206960841304,25602.225579403294
956,91,25602.225579403294,25617.575388597146
956,90,25617.575388597146,25631.637751165119
957,60,38828.52637701518,38838.319085460498
957,62,38838.319085460498,38847.859120657842
957,64,38847.859120657842,38857.712019037717
959,99,22182.740078155344,22197.577600118304
959,8,22266.669433203278,22277.080235903337
959,10,22277.080235903337,22289.225878952133
959,12,22289.225878952133,22299.409218218178
959,14,22299.409218218178,22308.973857762143
959,16,22308.973857762143,22318.610952191924
960,42,68334.942115188343,68359.413580939523
960,43,68359.413580939523,68380.637414978861
960,136,68489.080705117973,68504.198284500846
960,138,68504.198284500846,68520.847664763845
961,93,67440.119411185515,67457.87488318453
961,92,67457.87488318453,67476.02479224281
961,91,67476.02479224281,67495.305868305426
962,63,46531.109300874967,46540.645856009447
962,61,46540.645856009447,46549.192042934454
963,77,32738.596906061877,32753.047612071259
963,75,32753.047612071259,32772.258403138243
963,73,32772.258403138243,32788.406686852657
963,71,32788.406686852657,32804.674228724631
963,69,32804.674228724631,32819.04167301589
964,122,27660.586188015601,27674.486577399413
964,124,27674.486577399413,27687.888767729961
964,126,27687.888767729961,27701.699509688213
964,128,27701.699509688213,27716.77604213823
964,130,27716.77604213823,27730.266430765656
964,132,27730.266430765656,27743.895166591152
964,134,27743.895166591152,27758.842627080718
964,136,27758.842627080718,27776.14618958559
964,138,27776.14618958559,27789.542162673799
964,140,27789.542162673799,27806.251885701917
966,120,28326.753969865385,28342.662972939372
966,122,28342.662972939372,28358.482632782081
966,124,28358.482632782081,28372.142962860398
966,126,28372.142962860398,28386.326733722046
966,100,28421.016024130608,28440.53741108923
966,101,28440.53741108923,28460.864586001295
968,64,36239.282279467072,36249.071948075667
968,66,36249.071948075667,36259.912928707286
970,120,24490.955177346743,24501.86669971616
970,122,24501.86669971616,24510.622886860157
970,124,24510.622886860157,24522.56193957018
970,126,24522.56193957018,24532.289738243529
970,128,24532.289738243529,24543.22464423229
970,130,24543.22464423229,24555.065471050406
970,132,24555.065471050406,24567.079774998605
970,134,24567.079774998605,24577.827316867191
971,68,26258.151662370328,26269.70933854382
971,70,26269.70933854382,26283.761195724346
971,72,26283.761195724346,26297.017911005718
971,74,26297.017911005718,26310.004256268548
971,104,26333.461516805684,26347.979234689927
971,105,26347.979234689927,26367.839156600399
972,2,33811.144392827475,33823.791669480444
972,4,33823.791669480444,33836.886869508831
972,6,33836.886869508831,33854.177896374393
972,8,33854.177896374393,33869.840074693864
972,10,33869.840074693864,33885.103689831391
972,12,33885.103689831391,33896.779617804328
972,14,33896.779617804328,33911.295398905328
973,159,44765.38044743221,44778.777517008479
973,128,44797.203060058768,44805.316947684019
973,130,44805.316947684019,44814.75999485606
973,132,44814.75999485606,44824.175467129833
973,134,44824.175467129833,44832.768593296321
973,136,44832.768593296321,44843.144340760249
973,138,44843.144340760249,44854.526066776227
973,140,44854.526066776227,44864.506361002896
973,142,44864.506361002896,44873.750774632746
974,141,66364.407730474355,66378.270247816661
974,139,66378.270247816661,66391.535511550013
974,137,66391.535511550013,66408.218951511444
974,135,66408.218951511444,66425.281503846098
975,75,31570.368006629644,31587.58094894249
975,73,31587.58094894249,31609.74139670952
975,71,31609.74139670952,31630.553251344227
976,92,40359.197559930435,40373.100516873412
976,75,40387.566255296704,40397.043208230367
976,73,40397.043208230367,40406.657157995687
976,71,40406.657157995687,40417.222644038498
976,69,40417.222644038498,40427.805100784695
976,67,40427.805100784695,40440.003575959177
977,17,68637.148361905653,68657.12086244789
980,11,69299.336070452395,69312.031642142218
980,9,69312.031642142218,69324.906421138221
980,7,69324.906421138221,69339.540712772417
980,5,69339.540712772417,69353.442456468649
980,3,69353.442456468649,69367.769280325665
980,1,69367.769280325665,69383.76456550564
981,135,64937.442425802539,64949.494275868361
981,133,64949.494275868361,64965.389275445319
981,131,64965.389275445319,64982.469300743789
981,129,64982.469300743789,64997.995599517017
982,38,74886.961589004175,74903.207001346469
982,39,74903.207001346469,74920.134463525916
983,60,69093.329673379223,69111.219794419419
983,62,69111.219794419419,69129.173311407489
983,64,69129.173311407489,69146.132717325338
985,77,26687.465033275843,26698.865500141867
985,75,26698.865500141867,26714.534548578486
985,73,26714.534548578486,26728.965513333816
985,71,26728.965513333816,26742.570571798486
985,69,26742.570571798486,26756.37823384444
985,67,26756.37823384444,26771.276226706108
985,65,26771.276226706108,26783.491083277975
985,63,26783.491083277975,26799.312443766135
985,61,26799.312443766135,26812.341191641895
986,69,27115.69408657337,27129.426017385995
986,67,27129.426017385995,27145.015020945499
987,122,31676.435245274712,31688.096872687674
987,124,31688.096872687674,31701.020760109615
987,126,31701.020760109615,31715.391068319605
987,128,31715.391068319605,31732.528252278917
987,130,31732.528252278917,31746.503923685043
987,132,31746.503923685043,31760.453596275947
987,134,31760.453596275947,31778.124276203511
988,143,67243.319972423764,67262.066071086461
988,141,67262.066071086461,67277.441554807971
988,139,67277.441554807971,67290.639025079436
988,137,67290.639025079436,67309.66330525509
988,135,67309.66330525509,67325.168763016991
988,133,67325.168763016991,67340.567019359311
988,131,67340.567019359311,67359.010223981648
989,2,35957.719093641987,35969.145502481813
989,4,35969.145502481813,35979.783273249064
989,6,35979.783273249064,35993.146638436767
989,8,35993.146638436767,36003.1437401597
989,10,36003.1437401597,36014.891541660298
989,12,36014.891541660298,36025.261063745362
989,14,36025.261063745362,36036.858720253214
989,16,36036.858720253214,36046.157466588949
989,18,36046.157466588949,36055.250279501546
990,130,25389.650472760961,25401.358266699252
990,132,25401.358266699252,25412.936130980706
990,134,25412.936130980706,25425.590132689435
990,136,25425.590132689435,25435.830175501636
990,138,25435.830175501636,25446.660156212096
990,140,25446.660156212096,25458.885233914127
993,71,24695.762168596259,24706.706222720608
993,69,24706.706222720608,24715.919146539727
996,75,33951.366135428689,33971.250195494802
997,10,28558.668032132093,28571.01218486263
997,12,28571.01218486263,28584.883270070161
997,14,28584.883270070161,28597.522713850067
998,10,66468.026296880344,66482.868223061188
999,83,25687.014632628081,25696.98940295049
999,81,25696.98940295049,25709.99883888942
999,79,25709.99883888942,25720.713474554148
1001,4,53153.446992782585,53162.161243557523
1001,6,53162.161243557523,53170.301137257389
1001,8,53170.301137257389,53177.995507314394
1001,10,53177.995507314394,53185.322870203301
1001,12,53185.322870203301,53194.617412246669
1001,14,53194.617412246669,53205.484136908184
1003,74,36445.720441073754,36456.979701836797
1003,76,36456.979701836797,36468.613382588002
1003,78,36468.613382588002,36478.45118807473
1003,80,36478.45118807473,36489.526103994634
1005,92,61120.203857089742,61139.633451259069
1005,75,61148.094479120744,61163.892731212625
1005,73,61163.892731212625,61176.651458238615
1005,71,61176.651458238615,61189.728661215711
1005,69,61189.728661215711,61200.680979697834
1006,75,34973.612523388234,34989.158219471661
1006,73,34989.158219471661,35002.285976349369
1006,71,35002.285976349369,35015.98711005575
1006,69,35015.98711005575,35026.956484556213
1008,99,38912.583871232768,38926.482754756762
1008,68,38951.136644267186,38959.984315640904
1008,70,38959.984315640904,38969.985431181682
1008,72,38969.985431181682,38979.997516980664
1008,74,38979.997516980664,38990.545229999036
1009,81,38355.939061378886,38365.740277896191
1009,79,38365.740277896191,38374.939098783165
1009,77,38374.939098783165,38383.324396159216
1010,71,31236.32529944272,31262.397998263717
1010,69,31262.397998263717,31279.594020976663
1010,67,31279.594020976663,31309.87618255891
1010,65,31309.87618255891,31330.555394846404
1011,152,58232.314963487217,58246.913671856819
1011,135,58257.598770178622,58267.362586019801
1011,133,58267.362586019801,58276.375798150417
1011,131,58276.375798150417,58285.15199099241
1011,129,58285.15199099241,58294.142339086924
1011,127,58294.142339086924,58304.130023265097
1011,125,58304.130023265097,58315.611937065405
1011,123,58315.611937065405,58324.218536227047
1011,121,58324.218536227047,58334.660118546773
1012,6,43420.148844149742,43430.043899301963
1013,83,38206.683982800234,38215.095460103425
1013,81,38215.095460103425,38223.856676515185
1013,79,38223.856676515185,38232.617892926944
1013,77,38232.617892926944,38242.472951095544
1014,124,24348.134243885994,24359.785777877671
1014,126,24359.785777877671,24368.877782137417
1014,68,24412.468574617935,24423.510086617731
1014,70,24423.510086617731,24434.124298203766
1014,72,24434.124298203766,24445.608969144112
1014,74,24445.608969144112,24457.303051957209
1016,2,33075.074705062652,33091.100063548525
1016,4,33091.100063548525,33108.107792572198
1016,6,33108.107792572198,33129.060506579772
1016,68,33212.410899133858,33233.55710010085
1017,138,76596.76342467322,76607.415282674061
1017,140,76607.415282674061,76615.992065149927
1017,142,76615.992065149927,76626.332913968945
1018,77,31203.82331133843,31221.493488179425
1018,135,31293.646957126937,31308.381335073322
1018,133,31308.381335073322,31326.338392521127
1018,131,31326.338392521127,31345.916694967829
1018,129,31345.916694967829,31364.449286261468
1018,127,31364.449286261468,31388.741373373472
1018,125,31388.741373373472,31406.697700850738
1018,123,31406.697700850738,31421.738144508414
1019,83,21735.052365460979,21744.96608677386
1019,81,21744.96608677386,21755.556658172329
1019,79,21755.556658172329,21766.550484851032
1019,77,21766.550484851032,21776.235664430184
1022,62,67327.951063666696,67342.274713640698
1022,64,67342.274713640698,67362.502253047409
1022,66,67362.502253047409,67378.190592219165
1022,68,67378.190592219165,67395.951226218196
1022,70,67395.951226218196,67414.074746494516
1022,72,67414.074746494516,67435.025192227287
1022,74,67435.025192227287,67452.223921404729
1022,76,67452.223921404729,67466.426164572942
1022,78,67466.426164572942,67480.731444321762
1022,80,67480.731444321762,67499.142890371411
1023,79,40635.126023491532,40645.215671521539
1023,77,40645.215671521539,40654.246926533648
1023,75,40654.246926533648,40663.583537456252
1023,73,40663.583537456252,40673.385226274862
1023,71,40673.385226274862,40682.209975150487
1023,69,40682.209975150487,40692.534466388977
1023,67,40692.534466388977,40701.686667695583
1023,65,40701.686667695583,40713.054519994359
1023,63,40713.054519994359,40723.260335711966
1023,61,40723.260335711966,40732.376764049797
1024,62,21988.549765519056,21999.031656230971
1024,64,21999.031656230971,22009.392019793191
1024,66,22009.392019793191,22018.543191534762
1024,68,22018.543191534762,22029.841417053867
1024,70,22029.841417053867,22039.148069104791
1024,72,22039.148069104791,22048.690486536256
1024,74,22048.690486536256,22059.022538947393
1024,76,22059.022538947393,22068.390422349068
1024,78,22068.390422349068,22077.644252944359
1024,80,22077.644252944359,22087.472052369067
1025,153,67004.347449638735,67023.348723761825
1025,152,67023.348723761825,67040.246349960755
1026,120,72877.11765347558,72886.799811452438
1026,122,72886.799811452438,72898.046090686883
1026,124,72898.046090686883,72911.700120698821
1026,126,72911.700120698821,72923.418349135638
1026,128,72923.418349135638,72934.881951809541
1026,130,72934.881951809541,72945.876629693288
1026,132,72945.876629693288,72956.232831043846
1026,134,72956.232831043846,72966.310924652527
1026,136,72966.310924652527,72976.448858238728
1026,138,72976.448858238728,72987.540057213278
1026,140,72987.540057213278,72999.203759648895
1026,142,72999.203759648895,73010.185037734598
1027,23,44418.102126135913,44426.425667390664
1027,21,44426.425667390664,44434.202934401445
1027,19,44434.202934401445,44443.284251802266
1027,17,44443.284251802266,44452.615771192701
1027,15,44452.615771192701,44461.129286502743
1027,13,44461.129286502743,44469.642801812784
1027,11,44469.642801812784,44477.358392741371
1028,136,27748.409590410709,27761.901642576839
1028,138,27761.901642576839,27774.90245370473
1028,140,27774.90245370473,27785.141178777481
1028,142,27785.141178777481,27800.228108317246
1029,64,34684.37350184266,34696.287636850466
1029,66,34696.287636850466,34708.664143675123
1029,128,34760.681431167854,34771.491833506312
1029,130,34771.491833506312,34783.197653446841
1030,39,74034.782767779107,74050.564939854434
1030,8,74074.507880390229,74086.312495165446
1030,10,74086.312495165446,74097.06344520612
1030,12,74097.06344520612,74107.885821465752
1031,43,23047.213944646199,23061.871955639246
1032,76,38367.683331528831,38375.011974301509
1032,78,38375.011974301509,38383.022384440723
1032,80,38383.022384440723,38392.962695226015
1032,82,38392.962695226015,38400.857584759913
1033,128,29657.678265527829,29681.539282732992
1033,130,29681.539282732992,29699.744924510946
1035,64,68066.144370653041,68087.314207148724
1035,66,68087.314207148724,68103.901654466172
1035,128,68174.067074546794,68192.483505362106
1035,130,68192.483505362106,68206.974353160083
1036,137,51899.743260360927,51909.683628552768
1037,141,65327.345806361467,65344.56650056057
1037,139,65344.56650056057,65359.725779532448
1037,137,65359.725779532448,65378.036587310293
1037,135,65378.036587310293,65394.429402821079
1037,133,65394.429402821079,65412.083018273785
1038,124,77243.400034795064,77252.884048261345
1038,126,77252.884048261345,77261.382396067769
1038,128,77261.382396067769,77270.719402221424
1038,130,77270.719402221424,77279.2670213237
1038,132,77279.2670213237,77287.105800279838
1038,134,77287.105800279838,77296.1450992389
1039,120,33683.521502623553,33694.770056936475
1039,122,33694.770056936475,33707.675890209204
1039,124,33707.675890209204,33720.290314768776
1039,126,33720.290314768776,33733.647822030194
1039,128,33733.647822030194,33748.0877174454
1039,130,33748.0877174454,33761.840453475204
1039,132,33761.840453475204,33773.812904934741
1039,134,33773.812904934741,33789.499257819763
1040,71,55820.856016407728,55829.053452237858
1040,69,55829.053452237858,55836.673131988486
1040,111,55862.910721047301,55879.440953410485
1041,135,70000.615060107128,70012.489696697347
1041,133,70012.489696697347,70031.557141447905
1041,131,70031.557141447905,70048.464072647679
1043,143,67276.469781751279,67293.566317595032
1043,141,67293.566317595032,67307.729744675264
1043,139,67307.729744675264,67321.674160884562
1043,137,67321.674160884562,67338.402304788746
1043,135,67338.402304788746,67354.119866995708
1043,133,67354.119866995708,67372.623743359552
1043,131,67372.623743359552,67393.352383289588
1043,129,67393.352383289588,67411.810162674534
1043,127,67411.810162674534,67430.919183023987
1043,125,67430.919183023987,67447.13487503276
1043,123,67447.13487503276,67462.96412831948
1043,121,67462.96412831948,67482.565241160002
1045,16,32484.257179131324,32500.094330397893
1045,18,32500.094330397893,32516.03655873262
1045,20,32516.03655873262,32535.073108234872
1046,122,28947.444451802672,28961.599074529353
1046,124,28961.599074529353,28976.679285588529
1046,126,28976.679285588529,28996.24181185765
1046,128,28996.24181185765,29016.212494319552
1046,130,29016.212494319552,29033.064367657396
1046,132,29033.064367657396,29047.083196423915
1046,134,29047.083196423915,29066.885892534665
1046,76,29159.078839140242,29177.585434076092
1046,78,29177.585434076092,29193.544207904986
1046,80,29193.544207904986,29210.687456751861
1047,60,48447.992316289776,48459.704282503495
1047,62,48459.704282503495,48471.567892953623
1048,126,61330.301326737281,61342.937049612803
1048,128,61342.937049612803,61357.052030137194
1048,130,61357.052030137194,61368.047287468878
1048,132,61368.047287468878,61379.94347406771
1048,134,61379.94347406771,61393.444747437927
1048,76,61441.914592931556,61454.966997022784
1049,120,33508.335936396288,33519.598414322987
1049,122,33519.598414322987,33531.259026051361
1049,124,33531.259026051361,33545.914587934742
1049,126,33545.914587934742,33560.169466706189
1049,128,33560.169466706189,33573.80381071227
1049,130,33573.80381071227,33586.174523898175
1049,132,33586.174523898175,33600.975220897548
1049,134,33600.975220897548,33616.262591559745
1050,120,54453.674834534686,54461.898384125314
1050,122,54461.898384125314,54471.767376790034
1050,124,54471.767376790034,54481.971482433037
1050,126,54481.971482433037,54492.94713078277
1050,128,54492.94713078277,54503.893647266123
1050,130,54503.893647266123,54515.319907917699
1051,83,28387.615702964897,28404.29370475484
1051,81,28404.29370475484,28420.858771608095
1051,79,28420.858771608095,28435.115800854033
1051,77,28435.115800854033,28448.041483132518
1051,135,28512.218072997915,28528.471955731991
1051,133,28528.471955731991,28548.121499489338
1051,131,28548.121499489338,28566.600128827875
1051,129,28566.600128827875,28582.806340689007
1052,22,62095.888786686432,62110.058471472395
1053,122,46954.263574717297,46965.403333263908
1053,124,46965.403333263908,46976.00870318769
1053,126,46976.00870318769,46985.886457881476
1053,128,46985.886457881476,46995.650072370154
1053,130,46995.650072370154,47006.62852988713
1053,132,47006.62852988713,47016.550431296157
1053,134,47016.550431296157,47025.798320202666
1055,141,55702.395020224256,55709.965493542033
1055,139,55709.965493542033,55719.057662643274
1055,137,55719.057662643274,55728.057957814955
1055,31,55785.485409151763,55796.515801519745
1055,30,55796.515801519745,55809.218199174749
1057,67,37080.03005049577,37090.471561890365
1057,65,37090.471561890365,37100.521915430858
1057,63,37100.521915430858,37109.523279850153
1058,71,53739.584939570057,53747.313779692515
1058,69,53747.313779692515,53756.102205269199
1058,67,53756.102205269199,53764.869660174096
1058,65,53764.869660174096,53773.613658034272
1058,63,53773.613658034272,53782.357655894448
1058,61,53782.357655894448,53791.267881624626
1059,136,57335.925824260681,57346.287680914909
1060,120,48608.57515615099,48618.595601791487
1060,122,48618.595601791487,48629.277766007501
1060,124,48629.277766007501,48638.52913519607
1060,126,48638.52913519607,48647.828618063395
1061,75,27818.405575631459,27831.761591832717
1061,73,27831.761591832717,27846.096048416708
1061,71,27846.096048416708,27860.319845269591
1061,69,27860.319845269591,27872.411021519336
1061,67,27872.411021519336,27886.434986602657
1061,65,27886.434986602657,27901.578886021289
1061,63,27901.578886021289,27920.570947983986
1061,61,27920.570947983986,27939.669858453763
1062,139,23467.088968429591,23476.063087042887
1062,137,23476.063087042887,23485.0952438647
1062,135,23485.0952438647,23494.549055401814
1062,133,23494.549055401814,23504.431954265798
1062,131,23504.431954265798,23514.583273357814
1062,129,23514.583273357814,23524.807687679837
1063,42,37571.061201901219,37586.926662434089
1063,43,37586.926662434089,37601.091802438023
1065,32,69186.894863794922,69206.655264349713
1065,55,69233.794727156506,69258.94710922263
1065,54,69258.94710922263,69278.952946456397
1065,53,69278.952946456397,69301.583114621521
1065,52,69301.583114621521,69322.934497302849
1066,136,53872.50635230045,53881.208831292133
1066,138,53881.208831292133,53890.505055514463
1066,140,53890.505055514463,53901.656496968819
1069,139,34723.833910632929,34735.76956306208
1069,137,34735.76956306208,34748.92619974773
1069,75,34809.196452508448,34821.891303407487
1069,73,34821.891303407487,34834.144737429931
1070,76,73734.548282922158,73744.935520527681
1070,78,73744.935520527681,73755.837081936188
1070,80,73755.837081936188,73767.933929519204
1070,82,73767.933929519204,73778.217723976646
1072,143,35654.228222981903,35665.543903723024
1072,141,35665.543903723024,35674.697690227302
1072,139,35674.697690227302,35684.078616775027
1072,137,35684.078616775027,35695.11370677135
1072,135,35695.11370677135,35705.363903343641
1072,133,35705.363903343641,35718.931310372333
1072,131,35718.931310372333,35728.340246829881
1072,129,35728.340246829881,35737.903611562077
1073,134,72038.146082923646,72050.831518601946
1073,104,72072.032473034356,72086.594486222559
1074,81,32588.740710780086,32604.342889894589
1074,79,32604.342889894589,32618.891029603186
1074,77,32618.891029603186,32631.675277178256
1075,83,61176.210790091747,61185.867267260386
1075,81,61185.867267260386,61195.284626632936
1075,79,61195.284626632936,61205.382594257702
1076,117,35226.97095368163,35243.808423816001
1076,116,35243.808423816001,35258.793147372104
1076,75,35292.170743944997,35303.76930246134
1077,8,74258.699269495992,74269.772465195463
1077,10,74269.772465195463,74280.834784464489
1079,64,26051.995594173484,26065.653476953376
1079,66,26065.653476953376,26078.395261080223
1079,68,26078.395261080223,26090.660447950711
1079,70,26090.660447950711,26102.803584286467
1079,72,26102.803584286467,26116.941729931565
1079,74,26116.941729931565,26131.188873164265
1079,76,26131.188873164265,26145.479003127115
1079,78,26145.479003127115,26161.168779512675
1079,80,26161.168779512675,26175.784190944356
1079,82,26175.784190944356,26190.253341867941
1081,62,30862.206929983924,30882.597209884316
1081,64,30882.597209884316,30902.937236921727
1081,66,30902.937236921727,30923.403057371557
1081,68,30923.403057371557,30944.808239692509
1081,70,30944.808239692509,30963.336364558862
1081,72,30963.336364558862,30991.298093783298
1081,74,30991.298093783298,31006.111400938291
1081,76,31006.111400938291,31023.934322238685
1083,62,63714.655264135137,63728.560952009007
1083,64,63728.560952009007,63743.167457215815
1083,66,63743.167457215815,63754.718750758024
1083,68,63754.718750758024,63768.004469195264
1083,70,63768.004469195264,63785.704329497537
1085,128,67141.927464977649,67157.96328311901
1085,130,67157.96328311901,67174.073349636092
1085,132,67174.073349636092,67190.103601446201
1085,134,67190.103601446201,67206.58321816886
1085,136,67206.58321816886,67220.893226054526
1085,138,67220.893226054526,67233.336153276163
1085,140,67233.336153276163,67254.421552904081
1085,142,67254.421552904081,67272.468443241305
1086,81,56329.382956249472,56340.026404037962
1086,79,56340.026404037962,56349.66358051174
1086,77,56349.66358051174,56358.573185033725
1086,75,56358.573185033725,56367.839497147281
1086,73,56367.839497147281,56378.606849411117
1086,71,56378.606849411117,56387.619277630925
1086,69,56387.619277630925,56397.815958400832
1087,37,65087.690189967565,65104.725909053588
1087,38,65104.725909053588,65124.2915802754
1087,39,65124.2915802754,65145.819174435201
1087,40,65145.819174435201,65163.681626218939
1087,41,65163.681626218939,65185.813890126723
1087,42,65185.813890126723,65213.29622528069
1088,83,23376.823319505769,23386.920247727681
1088,81,23386.920247727681,23400.782081282541
1088,79,23400.782081282541,23411.066120571719
1088,77,23411.066120571719,23420.721647407194
1088,75,23420.721647407194,23432.780762439339
1088,73,23432.780762439339,23446.14050316238
1089,31,59155.272172040619,59169.533143761037
1089,30,59169.533143761037,59189.125435241876
1090,16,62029.94858937442,62042.782480804315
1090,18,62042.782480804315,62053.696799513295
1090,20,62053.696799513295,62065.367821122665
1090,22,62065.367821122665,62079.608435749869
1092,149,40831.55504638252,40849.828869495876
1092,148,40849.828869495876,40863.087471088962
1094,67,58327.029619035791,58338.359298606752
1094,65,58338.359298606752,58351.144615448036
1094,63,58351.144615448036,58363.263219981432
1095,135,41981.5373577828,41990.198871223191
1095,133,41990.198871223191,41998.283660875502
1095,131,41998.283660875502,42006.378810469265
1096,130,58174.33443055283,58183.700566248772
1096,132,58183.700566248772,58191.789709586665
1096,134,58191.789709586665,58201.454075637834
1096,16,58278.744293820935,58288.791571774724
1097,57,26072.734469277158,26090.040684037052
1097,56,26090.040684037052,26106.771590468856
1099,143,58810.499807464519,58821.578181143232
1099,141,58821.578181143232,58833.047443995965
1099,139,58833.047443995965,58842.160561922639
1099,137,58842.160561922639,58852.015340747028
1100,32,66029.805776934503,66050.677090693178
1100,135,66151.46370336898,66165.313883480805
1101,128,61625.947133402733,61637.664971268459
1101,130,61637.664971268459,61648.298902408482
1101,132,61648.298902408482,61657.788259909241
1101,134,61657.788259909241,61669.43353788853
1101,136,61669.43353788853,61679.161963278239
1103,40,61704.430973448223,61720.498170134539
1104,140,71049.158384444658,71065.633445156185
1105,126,68460.878900075259,68472.769281935354
1105,128,68472.769281935354,68489.894469809515
1105,130,68489.894469809515,68504.602629913512
1105,132,68504.602629913512,68519.400967526075
1106,77,68983.376578271535,68995.665623806955
1106,75,68995.665623806955,69010.072480300572
1106,73,69010.072480300572,69027.296458269091
1106,71,69027.296458269091,69041.842504102475
1106,69,69041.842504102475,69057.325755488171
1106,67,69057.325755488171,69075.577779415398
1106,65,69075.577779415398,69092.529939120708
1106,63,69092.529939120708,69109.159374160852
1106,61,69109.159374160852,69126.363598294964
1109,8,36105.25408720487,36115.754215017892
1109,10,36115.754215017892,36127.073066901285
1109,12,36127.073066901285,36140.826003612681
1109,14,36140.826003612681,36150.697192687112
1109,16,36150.697192687112,36161.405651298221
1109,18,36161.405651298221,36173.201519696493
1111,77,28329.668115238179,28343.90735053422
1111,75,28343.90735053422,28363.850631977632
1111,73,28363.850631977632,28381.699073109976
1112,99,25336.197159905074,25356.58963202926
1112,68,25387.470776672206,25403.257292578441
1112,70,25403.257292578441,25415.437084313329
1112,72,25415.437084313329,25429.492439864633
1112,74,25429.492439864633,25439.746377546035
1113,99,29902.030350786081,29922.481550873305
1113,100,29922.481550873305,29941.68388208736
1113,101,29941.68388208736,29959.716741259192
1113,102,29959.716741259192,29982.499677679039
1113,103,29982.499677679039,29998.665550417212
1113,76,30037.63509061042,30058.426309724506
1113,78,30058.426309724506,30072.796422764022
1113,80,30072.796422764022,30087.695005465484
1113,82,30087.695005465484,30104.156183299929
1114,122,60915.328838580041,60924.318525342991
1114,124,60924.318525342991,60934.429415211867
1114,126,60934.429415211867,60945.213246181767
1114,128,60945.213246181767,60956.581783831003
1114,130,60956.581783831003,60967.174637674652
1114,132,60967.174637674652,60977.057316152059
1114,134,60977.057316152059,60986.478797550022
1115,62,70473.130885225022,70485.561854537315
1115,64,70485.561854537315,70497.605005010104
1115,66,70497.605005010104,70509.091204711091
1115,68,70509.091204711091,70522.753792223986
1115,70,70522.753792223986,70539.261021720973
1115,72,70539.261021720973,70553.341786292731
1115,74,70553.341786292731,70568.975517696002
1115,76,70568.975517696002,70580.899389240614
1115,78,70580.899389240614,70594.721473629121
1116,150,29602.675715682635,29626.628191648786
1116,149,29626.628191648786,29648.460096037543
1116,148,29648.460096037543,29678.949351418873
1117,4,55459.466196291767,55469.617899237484
1117,6,55469.617899237484,55479.037408846329
1118,135,24169.3720397012,24179.640485524302
1118,133,24179.640485524302,24189.796363046371
1118,131,24189.796363046371,24199.00734692585
1118,129,24199.00734692585,24207.684761252971
1119,70,40274.178005972062,40283.845612058387
1119,72,40283.845612058387,40292.998172270876
1119,74,40292.998172270876,40301.808631409534
1119,76,40301.808631409534,40311.588068609635
1119,78,40311.588068609635,40323.808876392577
1120,128,67316.548648010881,67335.28164827876
1120,130,67335.28164827876,67349.652093844779
1120,132,67349.652093844779,67367.35446421153
1120,134,67367.35446421153,67384.52897280101
1120,136,67384.52897280101,67401.829488349817
1120,138,67401.829488349817,67415.647168716168
1121,124,66854.716485534009,66869.78579503388
1121,126,66869.78579503388,66882.620473003801
1121,128,66882.620473003801,66898.250848186392
1121,130,66898.250848186392,66911.214702171899
1121,132,66911.214702171899,66923.674521063949
1121,134,66923.674521063949,66940.321389060322
1121,136,66940.321389060322,66953.62190520615
1121,138,66953.62190520615,66966.643094587387
1121,140,66966.643094587387,66981.880826379711
1121,142,66981.880826379711,66999.761649403881
1122,83,67427.588617829562,67443.496561041029
1122,81,67443.496561041029,67458.104614599055
1122,79,67458.104614599055,67472.122968715834
1122,77,67472.122968715834,67484.936192221721
1122,75,67484.936192221721,67503.782588341099
1122,73,67503.782588341099,67521.795871729351
1122,71,67521.795871729351,67538.195290597636
1122,69,67538.195290597636,67550.579141004579
1123,132,55842.203279210284,55852.525611918281
1123,134,55852.525611918281,55862.355633375097
1124,140,25056.926179782891,25070.008254958942
1124,142,25070.008254958942,25080.876469613733
1127,60,38528.71169428029,38539.279062522859
1127,62,38539.279062522859,38549.514625452204
1127,64,38549.514625452204,38559.294784131162
1127,66,38559.294784131162,38568.124657820932
1127,68,38568.124657820932,38579.325316368209
1128,96,76659.654990498297,76674.820274542362
1129,6,65885.71733916238,65902.603440307008
1129,8,65902.603440307008,65923.063816867798
1129,10,65923.063816867798,65939.220372656797
1129,12,65939.220372656797,65956.208475944324
1129,14,65956.208475944324,65974.026141003007
1129,136,66101.620563849385,66118.662481730818
1129,138,66118.662481730818,66137.134518211169
1130,62,57309.073230984628,57321.375830213336
1130,64,57321.375830213336,57332.558847447988
1130,66,57332.558847447988,57342.443396334493
1130,68,57342.443396334493,57353.09621503151
1130,70,57353.09621503151,57364.731890725387
1130,72,57364.731890725387,57376.199498625625
1130,74,57376.199498625625,57387.259685589161
1130,44,57413.279907674922,57431.207040412817
1131,0,25838.412947351371,25848.548203588805
1131,2,25848.548203588805,25857.584237693456
1131,4,25857.584237693456,25868.657796573279
1131,6,25868.657796573279,25879.128266348704
1132,62,23838.604046449225,23849.498568453218
1132,64,23849.498568453218,23860.393090457208
1132,66,23860.393090457208,23871.313570321861
1132,8,23918.837033029042,23932.341135916511
1132,10,23932.341135916511,23941.419133715852
1133,72,52483.153539721898,52491.383937890845
1133,74,52491.383937890845,52499.924420345429
1133,76,52499.924420345429,52509.310842509854
1133,78,52509.310842509854,52518.697264674287
1133,80,52518.697264674287,52527.228491138325
1134,73,54932.932089147755,54945.373712044326
1134,71,54945.373712044326,54955.80553336443
1134,69,54955.80553336443,54965.543753897633
1134,67,54965.543753897633,54974.513706745944
1134,65,54974.513706745944,54982.665455532515
1134,63,54982.665455532515,54991.570373823255
1134,61,54991.570373823255,54999.919518089642
1135,75,61577.810677542962,61591.049479856818
1135,73,61591.049479856818,61602.607965890529
1136,128,62912.18100092165,62925.706555524914
1136,130,62925.706555524914,62935.399380897645
1136,132,62935.399380897645,62948.53341935682
1136,134,62948.53341935682,62961.142746806283
1136,136,62961.142746806283,62973.89894517303
1136,138,62973.89894517303,62987.466126876941
1137,136,68550.602483215232,68563.133174340546
1137,138,68563.133174340546,68574.899568872803
1137,140,68574.899568872803,68589.027880738824
1138,44,63562.209877116096,63587.418935716843
1138,45,63587.418935716843,63607.661672502079
1138,46,63607.661672502079,63629.523851690967
1140,132,35717.225653378468,35730.047917268916
1140,134,35730.047917268916,35741.770305713253
1140,136,35741.770305713253,35753.094183396672
1140,138,35753.094183396672,35761.670866105807
1140,140,35761.670866105807,35773.742280111721
1140,142,35773.742280111721,35785.381362122622
1141,100,40656.333046239197,40667.716786016623
1142,143,34412.904532543944,34427.980797968914
1142,141,34427.980797968914,34440.139811882204
1142,139,34440.139811882204,34451.653745251344
1142,137,34451.653745251344,34463.348976564885
1142,135,34463.348976564885,34477.732043859309
1142,133,34477.732043859309,34493.671729404981
1142,131,34493.671729404981,34508.963467985028
1142,129,34508.963467985028,34521.202579104676
1142,127,34521.202579104676,34534.072397623378
1142,125,34534.072397623378,34547.388323633342
1143,127,73334.577749324148,73345.743572088104
1143,125,73345.743572088104,73357.199847245545
1143,123,73357.199847245545,73367.135081193424
1144,138,30134.394160536114,30150.872945951847
1144,140,30150.872945951847,30167.377712618916
1145,141,30976.241989529328,30994.190107987848
1145,139,30994.190107987848,31008.052394976159
1145,137,31008.052394976159,31029.734406633645
1145,135,31029.734406633645,31048.551713548761
1145,133,31048.551713548761,31075.589399443295
1145,131,31075.589399443295,31097.762389841646
1145,129,31097.762389841646,31114.833349973749
1146,70,59591.797178203436,59602.2042200098
1146,72,59602.2042200098,59613.104175003362
1146,74,59613.104175003362,59624.839949674126
1146,76,59624.839949674126,59637.152948050425
1147,40,33289.38379008718,33305.996422155287
1147,41,33305.996422155287,33323.479026441448
1148,51,34876.683028733474,34890.650771593391
1149,159,54940.621612452684,54957.455082120447
1151,12,69633.973944485449,69646.547538994026
1151,14,69646.547538994026,69656.722607427582
1151,136,69756.963798744779,69767.878841873608
1151,138,69767.878841873608,69780.171242099881
1152,143,53404.470326037525,53414.547706037862
1152,141,53414.547706037862,53424.625086038192
1152,139,53424.625086038192,53434.702466038529
1152,137,53434.702466038529,53444.704427310142
1153,117,70707.657578928134,70724.613716833599
1153,116,70724.613716833599,70741.556194274672
1153,115,70741.556194274672,70760.806621382057
1153,114,70760.806621382057,70778.931518970945
1153,113,70778.931518970945,70797.308146754483
1153,112,70797.308146754483,70815.562405961668
1153,87,70839.247949552504,70856.460861357627
1153,86,70856.460861357627,70876.753711718324
1154,135,38469.038073096301,38479.239632882614
1154,133,38479.239632882614,38489.549564767949
1155,75,30171.338590316638,30192.334953995149
1155,54,30210.791744823327,30233.224290043625
1156,99,56781.864221660107,56798.674413914814
1156,68,56820.324974796051,56830.362483986246
1156,70,56830.362483986246,56839.756578142449
1156,72,56839.756578142449,56850.657165111879
1156,74,56850.657165111879,56861.366447767039
1156,76,56861.366447767039,56871.301120619588
1156,78,56871.301120619588,56881.420579964135
1156,80,56881.420579964135,56892.463380857604
1157,123,67539.806836161093,67552.00128167824
1158,120,23119.781482962302,23128.37374241852
1158,122,23128.37374241852,23137.241332690744
1158,124,23137.241332690744,23147.636742058381
1158,126,23147.636742058381,23157.416845834545
1158,128,23157.416845834545,23167.558671307444
1158,130,23167.558671307444,23177.28703574188
1159,112,57424.359452992088,57439.370789933513
1160,135,28890.598024221079,28907.319345690667
1160,133,28907.319345690667,28927.363511275329
1160,131,28927.363511275329,28947.474202227269
1160,129,28947.474202227269,28964.419324004859
1160,127,28964.419324004859,28985.325498449052
1160,125,28985.325498449052,29003.003401928701
1160,123,29003.003401928701,29017.496487684944
1161,64,64711.907423510354,64727.053160451294
1161,66,64727.053160451294,64741.574118656703
1161,128,64798.072895314966,64814.717502665822
1161,130,64814.717502665822,64828.177452511758
1161,132,64828.177452511758,64845.042637832237
1161,134,64845.042637832237,64859.966047562913
1161,136,64859.966047562913,64872.81282184623
1161,138,64872.81282184623,64886.069290341242
1161,140,64886.069290341242,64901.755255610595
1161,142,64901.755255610595,64918.390710072534
1162,128,76767.318999363328,76777.478336310931
1162,130,76777.478336310931,76786.611813224037
1162,132,76786.611813224037,76796.007194598555
1162,134,76796.007194598555,76806.110095878976
1162,136,76806.110095878976,76815.184309466174
1162,138,76815.184309466174,76823.926265078306
1162,140,76823.926265078306,76833.4962645216
1162,142,76833.4962645216,76843.719098229994
1163,122,68231.583809987118,68246.710084094942
1163,124,68246.710084094942,68259.418405025848
1163,126,68259.418405025848,68272.23774800064
1163,68,68344.287319159426,68362.082135499237
1164,128,66297.965190737727,66317.501732270102
1164,130,66317.501732270102,66333.180910229785
1164,132,66333.180910229785,66349.524362432188
1164,134,66349.524362432188,66363.879066404974
1164,136,66363.879066404974,66377.447420796103
1164,138,66377.447420796103,66392.232516614327
1165,135,61433.470746187406,61444.948704483933
1165,133,61444.948704483933,61455.737458658055
1165,131,61455.737458658055,61470.888416581613
1165,129,61470.888416581613,61482.937581784252
1166,141,70011.190763157647,70025.554681911599
1166,139,70025.554681911599,70038.447826344272
1166,137,70038.447826344272,70052.824622766304
1166,135,70052.824622766304,70067.393341277071
1166,133,70067.393341277071,70080.251976627158
1166,131,70080.251976627158,70097.836078787004
1166,129,70097.836078787004,70113.841713775182
1166,67,70171.690260813732,70187.872798652985
1166,65,70187.872798652985,70202.459528912659
1166,63,70202.459528912659,70220.709102525114
1167,127,65266.026877127995,65285.700011884837
1167,125,65285.700011884837,65301.262295071167
1167,123,65301.262295071167,65317.052453696488
1167,121,65317.052453696488,65338.169274719432
1168,75,52207.713933364364,52216.105581175565
1168,73,52216.105581175565,52225.087486881057
1168,71,52225.087486881057,52235.106540882131
1168,69,52235.106540882131,52244.691821094391
1169,159,36590.225867522706,36604.784042767744
1169,128,36626.857713422753,36637.545274318429
1169,130,36637.545274318429,36648.171288312311
1169,132,36648.171288312311,36659.109179131345
1169,134,36659.109179131345,36668.883957013022
1169,136,36668.883957013022,36678.964655632568
1169,138,36678.964655632568,36690.473538033439
1169,140,36690.473538033439,36700.995665351875
1169,142,36700.995665351875,36712.051562045948
1170,72,33628.554840627992,33640.499474905155
1170,74,33640.499474905155,33654.641904949145
1170,136,33711.966351749135,33724.451063586748
1170,138,33724.451063586748,33737.040181971737
1171,136,66927.596761776818,66939.007686061697
1171,138,66939.007686061697,66951.416264469866
1171,140,66951.416264469866,66963.895435962608
1171,142,66963.895435962608,66979.026171662306
1172,83,26277.193858617917,26294.452261959323
1172,81,26294.452261959323,26305.961256703533
1172,79,26305.961256703533,26319.405191562579
1172,77,26319.405191562579,26328.966052265761
1172,151,26396.727608725709,26413.045081563767
1173,81,47969.129016914536,47980.474645031565
1173,79,47980.474645031565,47992.061161202284
1173,77,47992.061161202284,48002.669872665807
1175,61,50159.955240049756,50169.537159873275
1176,36,45001.147313497429,45013.758572578823
1178,120,30685.005115045093,30700.41239551334
1178,122,30700.41239551334,30715.49524700339
1178,124,30715.49524700339,30730.578098493443
1178,126,30730.578098493443,30745.844088114904
1178,128,30745.844088114904,30767.209551800126
1178,130,30767.209551800126,30788.584327413249
1178,132,30788.584327413249,30808.862147540829
1178,134,30808.862147540829,30830.059988683341
1178,136,30830.059988683341,30843.983482560765
1178,138,30843.983482560765,30863.1921905606
1179,51,73026.195518049339,73044.56425896642
1183,23,31398.069393931248,31417.020502623065
1183,21,31417.020502623065,31439.977366872823
1184,120,56285.20259465721,56294.526930345375
1184,122,56294.526930345375,56304.605038883114
1186,79,29715.25099344342,29728.146869350116
1186,77,29728.146869350116,29743.290800137613
1186,115,29795.53394022051,29814.881431354719
1187,2,67987.133114531185,68000.813138644255
1187,4,68000.813138644255,68015.08141919531
1187,6,68015.08141919531,68028.01092578299
1187,40,68066.824442321289,68082.408772712661
1187,41,68082.408772712661,68101.726450400543
1187,42,68101.726450400543,68121.824954291806
1187,43,68121.824954291806,68139.115210031086
1187,44,68139.115210031086,68158.403397440212
1187,45,68158.403397440212,68178.161080088277
1188,130,45197.782587445639,45209.993650127806
1188,132,45209.993650127806,45219.736482472523
1188,134,45219.736482472523,45229.02793120969
1188,44,45288.362145243933,45301.768121442117
1189,159,63666.564638595941,63687.49073434309
1189,128,63714.846243090295,63726.11747761759
1189,130,63726.11747761759,63740.476711340656
1189,132,63740.476711340656,63754.524866348336
1189,134,63754.524866348336,63768.062543267457
1190,68,57592.328212257715,57601.843487669161
1190,70,57601.843487669161,57609.67354492328
1190,72,57609.67354492328,57619.105702551016
1190,74,57619.105702551016,57629.952025928753
1191,124,36443.393611966196,36455.978194620962
1191,126,36455.978194620962,36466.149931161155
1191,128,36466.149931161155,36477.470421804486
1191,130,36477.470421804486,36491.372635376596
1191,132,36491.372635376596,36501.535196166922
1191,134,36501.535196166922,36514.042344249479
1191,136,36514.042344249479,36525.868405849236
1191,138,36525.868405849236,36537.973411657586
1192,62,69828.969244549648,69846.335429051542
1192,64,69846.335429051542,69862.620111150492
1192,66,69862.620111150492,69877.444476608376
1193,143,24677.633398307804,24687.717749802534
1193,141,24687.717749802534,24696.393371048587
1193,139,24696.393371048587,24704.687442244303
1195,103,25911.004798555041,25929.962103078153
1195,136,25954.702169693286,25965.465090075555
1195,138,25965.465090075555,25977.257542419371
1196,19,66766.042855514825,66783.834435402314
1196,17,66783.834435402314,66810.374639611837
1196,75,66878.454910663539,66896.250354085016
1196,73,66896.250354085016,66915.133782020654
1196,71,66915.133782020654,66934.441716121859
1196,69,66934.441716121859,66951.739427985071
1197,75,60008.719334079615,60018.284065029002
1197,73,60018.284065029002,60029.450549522269
1197,71,60029.450549522269,60040.336477615267
1197,69,60040.336477615267,60050.157835096463
1199,6,73392.126594479341,73402.991704468703
1199,8,73402.991704468703,73414.176241117078
1199,10,73414.176241117078,73424.263857876023
1200,72,75504.989761538614,75516.191284625878
1200,74,75516.191284625878,75524.908823841877
1200,76,75524.908823841877,75537.535129293086
1200,78,75537.535129293086,75547.278006944151
1201,81,71328.498789093224,71342.125058172169
1201,79,71342.125058172169,71354.524188721363
1201,77,71354.524188721363,71367.769564530507
1201,75,71367.769564530507,71380.933605032638
1201,73,71380.933605032638,71395.290740543016
1201,71,71395.290740543016,71410.104549980577
1201,69,71410.104549980577,71424.480036360765
1201,67,71424.480036360765,71439.062685329991
1201,65,71439.062685329991,71454.061824164091
1201,63,71454.061824164091,71466.966123306673
1201,61,71466.966123306673,71479.485823432085
1202,128,66522.612959790014,66541.520969292629
1202,130,66541.520969292629,66556.73473316223
1202,132,66556.73473316223,66572.443304215049
1202,134,66572.443304215049,66589.373610079085
1203,139,71707.519052443764,71720.021522507275
1203,137,71720.021522507275,71732.523992570787
1203,135,71732.523992570787,71744.171997928002
1203,133,71744.171997928002,71754.457232034416
1203,131,71754.457232034416,71766.306029336018
1203,129,71766.306029336018,71777.094018629112
1203,127,71777.094018629112,71787.887376274331
1203,125,71787.887376274331,71799.542304238072
1204,76,68717.799657999232,68731.061833574975
1204,78,68731.061833574975,68745.844249496964
1205,126,66377.753574461851,66395.878237030076
1205,128,66395.878237030076,66418.33682892553
1205,130,66418.33682892553,66435.101961296416
1206,120,36078.828405665721,36087.521198951967
1206,122,36087.521198951967,36096.588335650915
1207,95,57894.648833438703,57908.31567978816
1208,122,44590.903603037608,44601.850925756044
1208,124,44601.850925756044,44610.88957267331
1208,126,44610.88957267331,44619.28573515678
1208,68,44656.727076188035,44668.724704045024
1209,23,65139.792261298986,65159.829551181945
1210,45,68060.018590310239,68083.048337038708
1210,46,68083.048337038708,68105.805142683777
1210,47,68105.805142683777,68130.673317397624
1212,67,40293.393231245136,40305.819786726315
1213,74,55820.335301461135,55829.823946262921
1213,16,55865.471100342766,55874.234922895208
1213,18,55874.234922895208,55883.324361620973
1213,20,55883.324361620973,55893.452049748332
1214,15,25083.401036337535,25094.28194236807
1214,13,25094.28194236807,25104.972373636247
1214,11,25104.972373636247,25117.386263608139
1214,9,25117.386263608139,25129.371299873234
1214,7,25129.371299873234,25139.168028885902
1214,5,25139.168028885902,25151.835595506152
1214,3,25151.835595506152,25160.642602550859
1214,1,25160.642602550859,25169.467153230515
1215,4,65058.835441176285,65073.888078087104
1215,6,65073.888078087104,65090.215850671004
1215,8,65090.215850671004,65107.999698954394
1215,10,65107.999698954394,65122.285025348945
1215,12,65122.285025348945,65134.781723332191
1215,14,65134.781723332191,65147.520245367261
1215,76,65198.313569689461,65211.519868243959
1215,78,65211.519868243959,65225.325829023423
1216,40,30052.040665348675,30072.174879479189
1217,128,31820.439333792201,31839.322094157189
1217,130,31839.322094157189,31854.98771160973
1217,132,31854.98771160973,31871.873572832908
1217,134,31871.873572832908,31888.05908167404
1217,136,31888.05908167404,31902.981934532549
1217,138,31902.981934532549,31920.190017534289
1217,140,31920.190017534289,31937.071507860561
1217,142,31937.071507860561,31952.002571295849
1219,68,64806.090800958162,64822.132143973817
1219,70,64822.132143973817,64837.988748641947
1219,72,64837.988748641947,64856.591193245316
1219,74,64856.591193245316,64872.378730103235
1219,76,64872.378730103235,64887.201590377321
1219,78,64887.201590377321,64899.051056691664
1219,80,64899.051056691664,64913.557717885044
1219,82,64913.557717885044,64928.522204136701
1220,2,35030.95471335754,35043.619482552916
1220,4,35043.619482552916,35055.045870957678
1220,6,35055.045870957678,35068.325291501678
1220,8,35068.325291501678,35079.26265335003
1220,10,35079.26265335003,35089.123023023596
1220,12,35089.123023023596,35100.145923347336
1220,14,35100.145923347336,35112.287730880329
1220,16,35112.287730880329,35125.129498323855
1220,18,35125.129498323855,35137.963851539374
1221,143,57161.697079351274,57176.146276315209
1221,141,57176.146276315209,57183.800208374603
1221,139,57183.800208374603,57193.629699909754
1221,137,57193.629699909754,57204.631068945993
1221,135,57204.631068945993,57214.901443658891
1221,133,57214.901443658891,57226.907213372906
1221,131,57226.907213372906,57237.087147170794
1221,129,57237.087147170794,57247.099850726401
1221,127,57247.099850726401,57257.1211219748
1221,125,57257.1211219748,57267.142393223206
1221,123,57267.142393223206,57277.163664471605
1221,121,57277.163664471605,57285.924492755687
1222,133,31582.799265580183,31611.274311101923
1222,131,31611.274311101923,31632.877915008787
1222,129,31632.877915008787,31650.69883585897
1223,83,28658.459569497634,28675.376054877066
1223,81,28675.376054877066,28691.069715781203
1223,79,28691.069715781203,28706.823812228646
1223,77,28706.823812228646,28721.010797003491
1223,115,28768.61021259597,28789.536350157337
1223,114,28789.536350157337,28810.406228743228
1225,141,38268.80613236221,38280.06341409024
1225,139,38280.06341409024,38293.704324162238
1225,137,38293.704324162238,38306.130455872051
1225,135,38306.130455872051,38318.641806583335
1225,133,38318.641806583335,38330.186756979776
1225,131,38330.186756979776,38342.649008410699
1225,129,38342.649008410699,38354.699568348522
1225,67,38403.661356385695,38415.767237176267
1225,65,38415.767237176267,38426.46829986028
1225,63,38426.46829986028,38437.688691143143
1226,135,64897.820917247671,64910.206299667792
1226,133,64910.206299667792,64928.403917016258
1226,131,64928.403917016258,64942.044789469139
1227,79,26044.157466736255,26054.058558202869
1227,77,26054.058558202869,26062.317599131376
1227,75,26062.317599131376,26072.637415988695
1227,73,26072.637415988695,26084.662646215882
1227,71,26084.662646215882,26097.459555014015
1227,69,26097.459555014015,26108.694094520288
1228,117,28118.270802243947,28138.849578307505
1228,116,28138.849578307505,28157.385607496901
1228,115,28157.385607496901,28171.512298258363
1228,114,28171.512298258363,28187.274888980442
1228,113,28187.274888980442,28209.51520114515
1228,112,28209.51520114515,28227.720901863981
1231,81,58434.910812742819,58447.260911520963
1231,79,58447.260911520963,58456.664064614699
1231,77,58456.664064614699,58469.454224255358
1231,75,58469.454224255358,58482.098820551364
1231,73,58482.098820551364,58493.464823591756
1231,71,58493.464823591756,58505.074818626774
1233,124,33419.967513267591,33430.8255079558
1233,126,33430.8255079558,33445.242059643184
1233,128,33445.242059643184,33460.961681030851
1233,130,33460.961681030851,33474.720410135022
1233,132,33474.720410135022,33490.256813532447
1233,134,33490.256813532447,33503.919789032407
1233,136,33503.919789032407,33518.700890519904
1233,138,33518.700890519904,33531.782100668497
1233,140,33531.782100668497,33545.048441966152
1233,142,33545.048441966152,33559.386085855076
1234,135,67134.222206880324,67148.300694962702
1234,133,67148.300694962702,67163.643574038753
1234,131,67163.643574038753,67188.824702981277
1234,129,67188.824702981277,67202.617727116813
1234,127,67202.617727116813,67225.284790590376
1234,125,67225.284790590376,67238.430131938425
1234,123,67238.430131938425,67255.509669363833
1234,121,67255.509669363833,67278.88619325764
1235,79,67459.786098880722,67475.091711186324
1235,77,67475.091711186324,67488.41131159103
1235,75,67488.41131159103,67507.439483456095
1235,73,67507.439483456095,67526.445294990743
1235,71,67526.445294990743,67546.176300797626
1235,69,67546.176300797626,67561.911093517687
1236,135,66523.756270740574,66541.611409504098
1236,133,66541.611409504098,66568.903433157204
1236,131,66568.903433157204,66592.209606733988
1236,129,66592.209606733988,66611.098916515635
1238,32,67831.564220641929,67853.523973627511
1239,139,66898.947862812667,66914.189417260553
1239,137,66914.189417260553,66933.692202086997
1240,136,64877.106469608269,64892.91939431573
1240,138,64892.91939431573,64906.310664807861
1240,140,64906.310664807861,64919.340603371573
1241,138,49355.135310358892,49366.609984777038
1243,141,54630.253724521928,54641.084935732346
1243,139,54641.084935732346,54653.242126051315
1243,137,54653.242126051315,54664.313576999688
1243,135,54664.313576999688,54674.384834273515
1243,133,54674.384834273515,54686.488269534711
1243,131,54686.488269534711,54696.716765909718
1244,120,70371.244808845091,70379.859158219624
1244,122,70379.859158219624,70390.463185667526
1244,124,70390.463185667526,70401.562810875141
1244,126,70401.562810875141,70412.76840988161
1244,40,70486.176862111446,70500.483546766569
1245,152,78387.543497217484,78403.197686891479
1246,140,33668.71889823307,33688.970666564201
1246,142,33688.970666564201,33704.377016553837
1247,136,70939.109382760042,70949.842716515865
1247,138,70949.842716515865,70961.379241582938
1247,140,70961.379241582938,70974.252469757499
1248,39,30481.70742591512,30505.343479131952
1248,40,30505.343479131952,30525.110118005225
1248,10,30564.324247101838,30578.646060417854
1248,12,30578.646060417854,30592.364452451406
1248,14,30592.364452451406,30607.204856727079
1248,16,30607.204856727079,30627.851997356174
1248,18,30627.851997356174,30643.909825682978
1249,70,27886.822292752626,27900.590510987524
1249,72,27900.590510987524,27917.986716320745
1250,136,66124.859261795849,66138.380443255766
1251,96,31220.845641218617,31250.344260133479
1251,62,31304.469932562959,31327.836126270919
1251,64,31327.836126270919,31347.874505421616
1251,66,31347.874505421616,31368.26668379677
1253,125,31958.249470569252,31972.611091179158
1253,123,31972.611091179158,31983.865726771804
1254,77,79031.827264170133,79042.497547653125
1254,75,79042.497547653125,79050.184999356599
1254,73,79050.184999356599,79059.348486964358
1254,71,79059.348486964358,79069.319899718757
1254,69,79069.319899718757,79077.765706552978
1255,79,28854.154868928024,28867.856086486376
1255,77,28867.856086486376,28882.23525464625
1255,75,28882.23525464625,28900.483208003883
1255,73,28900.483208003883,28919.925746781326
1255,71,28919.925746781326,28936.686414387445
1255,69,28936.686414387445,28950.390007167403
1256,92,42188.344778249913,42204.96805389542
1256,75,42216.010989122282,42227.045361869423
1256,73,42227.045361869423,42237.135410131756
1256,71,42237.135410131756,42247.058455957427
1256,69,42247.058455957427,42257.137982650813
1256,67,42257.137982650813,42267.369953694957
1256,65,42267.369953694957,42277.66621289152
1257,135,77652.728432099233,77661.763786668656
1257,133,77661.763786668656,77671.362282653019
1257,131,77671.362282653019,77679.771756801987
1257,129,77679.771756801987,77688.208440454822
1257,127,77688.208440454822,77695.988560229904
1259,64,71310.626464751404,71320.874998072279
1259,66,71320.874998072279,71331.697020249645
1260,62,30417.635118022044,30434.872657404037
1260,64,30434.872657404037,30449.636935515355
1260,66,30449.636935515355,30463.917466305385
1260,68,30463.917466305385,30484.85803410723
1260,70,30484.85803410723,30502.849618036227
1260,72,30502.849618036227,30521.396776623191
1260,74,30521.396776623191,30536.245246556813
1260,76,30536.245246556813,30551.021111156428
1260,78,30551.021111156428,30563.040373024258
1260,80,30563.040373024258,30576.074391821734
1260,58,30594.154176793243,30609.64184976805
1261,143,64281.12093067258,64296.762221212724
1261,141,64296.762221212724,64311.667323033078
1263,79,22730.369965854527,22742.979190891099
1263,77,22742.979190891099,22753.070607849531
1263,135,22794.583260438645,22806.125864496687
1263,133,22806.125864496687,22817.00693020481
1263,131,22817.00693020481,22827.684026981031
1263,129,22827.684026981031,22838.922255810048
1263,127,22838.922255810048,22848.247902411498
1264,15,35013.016134706369,35025.436686307366
1264,13,35025.436686307366,35039.277413327603
1264,11,35039.277413327603,35054.178278157007
1266,131,39816.699138899072,39825.53752846321
1266,129,39825.53752846321,39836.247822995516
1266,27,39903.070196417444,39914.963425903617
1266,26,39914.963425903617,39930.836409262585
1267,34,50701.808477958664,50713.306449092597
1267,79,50760.870088920012,50772.401587100816
1267,77,50772.401587100816,50782.099714693286
1267,75,50782.099714693286,50791.148103792591
1267,73,50791.148103792591,50802.226931880585
1269,2,61462.495267217018,61474.454473904312
1269,4,61474.454473904312,61487.491606067342
1269,6,61487.491606067342,61501.678794191903
1269,8,61501.678794191903,61515.723484763861
1269,10,61515.723484763861,61529.768420218606
1269,12,61529.768420218606,61541.999382124341
1269,14,61541.999382124341,61554.731073428171
1269,16,61554.731073428171,61568.209243253339
1269,18,61568.209243253339,61583.875310869247
1269,20,61583.875310869247,61594.418041965582
1269,22,61594.418041965582,61612.254277280175
1270,7,75219.239760871686,75227.672628700602
1270,5,75227.672628700602,75236.961267822116
1270,3,75236.961267822116,75245.988486287504
1270,1,75245.988486287504,75254.930495177949
1271,18,66609.213434911479,66625.121563234788
1272,141,63174.41465681071,63190.658436270613
1272,139,63190.658436270613,63201.965960279027
1272,137,63201.965960279027,63213.477255282625
1272,135,63213.477255282625,63224.390307744754
1272,133,63224.390307744754,63240.950909082385
1272,131,63240.950909082385,63253.538603091765
1272,129,63253.538603091765,63265.38887694561
1272,127,63265.38887694561,63278.684316224302
1274,75,29061.487872270456,29084.26445537218
1275,75,36593.379920048392,36604.205348673131
1275,73,36604.205348673131,36616.362001112124
1276,73,61278.244491874131,61296.12803793529
1276,71,61296.12803793529,61308.707817350834
1276,69,61308.707817350834,61323.859461274966
1277,78,35880.582723792002,35892.709141079278
1277,80,35892.709141079278,35905.00519090148
1278,62,38248.754414235191,38261.587115404538
1278,64,38261.587115404538,38271.956180271118
1278,66,38271.956180271118,38282.912694750499
1278,8,38323.437154221399,38333.79878327778
1278,10,38333.79878327778,38342.875475248104
1278,12,38342.875475248104,38352.209965652248
1278,14,38352.209965652248,38362.710418656134
1278,16,38362.710418656134,38372.47937387709
1279,77,36267.364176744173,36279.226969715317
1279,55,36290.543544475666,36306.079418852169
1281,128,60965.614186994004,60978.898316684143
1281,130,60978.898316684143,60987.549681200173
1281,132,60987.549681200173,60998.34471727709
1282,66,29114.82839351154,29133.240305465431
1282,128,29210.413948963844,29228.529729186172
1282,130,29228.529729186172,29243.203075268924
1282,132,29243.203075268924,29260.504300152545
1282,134,29260.504300152545,29272.836292751494
1283,128,66845.554244091036,66863.589287441631
1284,99,48197.646817992209,48215.618493727889
1284,68,48236.005501042178,48243.418273610499
1284,70,48243.418273610499,48252.751783142267
1284,72,48252.751783142267,48261.738067221158
1284,74,48261.738067221158,48271.679959509667
1284,76,48271.679959509667,48280.900087582013
1284,78,48280.900087582013,48291.678475344917
1286,77,54978.84051578158,54992.243095033147
1286,75,54992.243095033147,55001.609872293506
1286,73,55001.609872293506,55011.997986707269
1286,71,55011.997986707269,55024.799199962079
1286,69,55024.799199962079,55036.219772494107
1286,67,55036.219772494107,55045.955323179689
1286,65,55045.955323179689,55058.882756121551
1288,71,57824.272052411587,57836.854438794784
1288,69,57836.854438794784,57846.086669926226
1288,127,57884.873587195863,57895.512466156928
1288,125,57895.512466156928,57906.315391884767
1289,27,41020.506883312293,41033.557712316731
1290,72,25559.817593994605,25577.072218542624
1290,74,25577.072218542624,25591.013517304338
1291,141,47401.540221725074,47412.295665415892
1291,139,47412.295665415892,47421.262039707617
1291,137,47421.262039707617,47431.607672976228
1291,135,47431.607672976228,47440.977441201976
1291,133,47440.977441201976,47451.429793752337
1291,131,47451.429793752337,47460.301479720139
1291,129,47460.301479720139,47469.833059764547
1291,127,47469.833059764547,47479.835883034611
1291,125,47479.835883034611,47488.589395717579
1291,123,47488.589395717579,47497.338964600538
1291,121,47497.338964600538,47507.605599590286
1292,120,72464.558806912028,72473.706975814508
1292,122,72473.706975814508,72483.063672282908
1292,124,72483.063672282908,72493.121401056967
1292,126,72493.121401056967,72503.291103113195
1294,83,70341.72023169024,70355.510168674577
1294,81,70355.510168674577,70366.693817591629
1294,79,70366.693817591629,70375.944715537029
1294,77,70375.944715537029,70388.018449316864
1295,15,33687.432072969044,33700.779231547
1295,13,33700.779231547,33715.480406778493
1295,11,33715.480406778493,33731.660128087962
1295,9,33731.660128087962,33748.111997646876
1295,7,33748.111997646876,33761.083878031081
1295,5,33761.083878031081,33773.95025669258
1295,3,33773.95025669258,33787.783341508264
1295,1,33787.783341508264,33803.523948414761
1296,120,66324.517992079767,66338.98590143591
1296,122,66338.98590143591,66353.741209400599
1296,124,66353.741209400599,66367.530494401668
1296,126,66367.530494401668,66381.027353395577
1296,128,66381.027353395577,66399.871278982289
1296,130,66399.871278982289,66413.381718542616
1296,132,66413.381718542616,66430.737023940848
1296,134,66430.737023940848,66443.326301055029
1296,76,66514.946596181733,66537.156755856151
1296,78,66537.156755856151,66551.706156318221
1297,133,69876.843483587785,69893.892125978207
1297,131,69893.892125978207,69913.92780020558
1297,129,69913.92780020558,69929.777513334499
1297,67,69989.078884486269,70008.602726823316
1297,65,70008.602726823316,70023.038554240702
1297,63,70023.038554240702,70040.228442965614
1298,143,69523.955832935637,69541.334822766061
1298,141,69541.334822766061,69555.111115715481
1298,139,69555.111115715481,69567.702055383939
1298,137,69567.702055383939,69587.567968549411
1298,135,69587.567968549411,69601.42363143996
1298,133,69601.42363143996,69617.368790435416
1298,131,69617.368790435416,69632.436134913994
1298,129,69632.436134913994,69647.147283131868
1299,28,63291.685214888479,63313.431581561315
1299,27,63313.431581561315,63333.426840816297
1299,26,63333.426840816297,63353.733521719594
1300,60,59740.180548923898,59752.26076476524
1300,62,59752.26076476524,59762.56919416631
1300,64,59762.56919416631,59772.626741890119
1300,66,59772.626741890119,59783.333000550141
1300,68,59783.333000550141,59794.450132309204
1300,70,59794.450132309204,59805.670800997461
1300,72,59805.670800997461,59816.904431060349
1300,74,59816.904431060349,59828.018206378074
1300,104,59848.098541499479,59871.059624826266
1301,82,42408.441961338103,42416.353164557033
1301,23,42448.811821581126,42457.11188266598
1302,62,64396.832781770565,64410.637232781788
1302,64,64410.637232781788,64425.807742909834
1303,14,61434.693326100452,61445.817826631399
1303,16,61445.817826631399,61458.159401634519
1303,18,61458.159401634519,61472.11864486758
1303,20,61472.11864486758,61481.011622944323
1303,22,61481.011622944323,61492.022868556909
1304,138,62282.186706786895,62298.257227132264
1304,140,62298.257227132264,62311.927206289874
1305,39,33214.527995401666,33239.611547510467
1306,68,24923.738189830114,24933.844791039697
1306,70,24933.844791039697,24942.758961556083
1306,72,24942.758961556083,24951.618517793253
1306,74,24951.618517793253,24960.398265857842
1306,76,24960.398265857842,24968.405694891582
1306,78,24968.405694891582,24976.413123925322
1306,80,24976.413123925322,24985.161866924122
1307,129,25496.988927749564,25508.139176310644
1307,127,25508.139176310644,25518.147913120061
1307,125,25518.147913120061,25528.408082992926
1308,77,25905.281940097342,25917.388608314293
1308,75,25917.388608314293,25931.088386804968
1308,73,25931.088386804968,25943.078996186468
1308,71,25943.078996186468,25956.652161067268
1308,69,25956.652161067268,25968.995177835561
1308,67,25968.995177835561,25982.582760082481
1308,65,25982.582760082481,25996.268394594703
1308,63,25996.268394594703,26006.540566011503
1308,61,26006.540566011503,26019.311825199522
1309,128,36194.951821741539,36206.050712412136
1309,130,36206.050712412136,36216.560836784716
1309,132,36216.560836784716,36226.231207374309
1309,134,36226.231207374309,36236.268273503003
1309,136,36236.268273503003,36249.286114171082
1310,127,55974.454726031421,55983.125438534778
1310,125,55983.125438534778,55992.614927227194
1310,123,55992.614927227194,56003.834537221599
1311,135,65815.372223880418,65830.610012613382
1311,133,65830.610012613382,65847.633817917493
1311,131,65847.633817917493,65866.724158661134
1311,129,65866.724158661134,65883.085430520034
1312,64,34441.595048362949,34457.0589045046
1312,66,34457.0589045046,34469.72382970382
1312,100,34497.453634602563,34513.609702576607
1313,64,71326.802647380828,71343.738645103425
1313,66,71343.738645103425,71354.560700836708
1314,128,32058.538569451131,32074.287872245648
1314,130,32074.287872245648,32087.187447026168
1314,132,32087.187447026168,32100.327360779676
1314,134,32100.327360779676,32115.235794581957
1314,136,32115.235794581957,32129.890004913363
1314,138,32129.890004913363,32143.363797608385
1314,140,32143.363797608385,32157.998902204254
1314,142,32157.998902204254,32172.035184209566
1315,70,70269.601805716578,70282.542514040149
1315,72,70282.542514040149,70297.825019822776
1315,74,70297.825019822776,70309.092914354173
1315,76,70309.092914354173,70325.552225087697
1315,78,70325.552225087697,70338.743640289744
1315,80,70338.743640289744,70352.591767882841
1316,67,64862.692169892762,64881.465400680034
1316,65,64881.465400680034,64899.342969950463
1318,130,33037.560580013946,33053.631714068753
1318,132,33053.631714068753,33068.615981818009
1318,134,33068.615981818009,33085.107543436425
1318,136,33085.107543436425,33096.907887644978
1318,138,33096.907887644978,33110.807053643017
1318,140,33110.807053643017,33125.131342703557
1318,142,33125.131342703557,33139.025287974924
1319,64,34958.985008433418,34971.416017552539
1319,66,34971.416017552539,34987.37647753831
1319,68,34987.37647753831,35002.278544469809
1319,70,35002.278544469809,35014.053426475119
1319,72,35014.053426475119,35025.189935852002
1319,74,35025.189935852002,35037.814033996139
1320,92,31644.224816878017,31665.657664882237
1320,135,31718.316519582437,31737.26549944211
1320,133,31737.26549944211,31754.000072308958
1321,138,73613.905389919062,73626.901041517092
1321,140,73626.901041517092,73639.393541854661
1321,142,73639.393541854661,73649.672841815409
1322,148,30698.946325071753,30719.242360047836
1322,147,30719.242360047836,30736.497109975135
1322,146,30736.497109975135,30754.844293803675
1323,57,47286.11607468329,47299.957643003996
1323,56,47299.957643003996,47313.456426193516
1324,128,32411.360454443216,32430.35331493599
1324,130,32430.35331493599,32447.088455639227
1325,135,63168.169810630585,63185.516435195124
1325,133,63185.516435195124,63201.399931501168
1325,131,63201.399931501168,63222.715513725016
1325,129,63222.715513725016,63239.720807461192
1326,127,68031.147341135191,68052.195596485311
1326,125,68052.195596485311,68067.82409148314
1326,123,68067.82409148314,68083.388837847524
1326,121,68083.388837847524,68100.778323641149
1327,147,62238.789230549832,62252.338514849318
1327,146,62252.338514849318,62271.252214495427
1328,135,53088.707231939268,53096.659328529087
1328,133,53096.659328529087,53107.427387070165
1328,131,53107.427387070165,53115.910962804584
1328,129,53115.910962804584,53125.553358645069
1328,87,53159.229697303977,53173.232576068513
1328,86,53173.232576068513,53189.496452965926
1329,60,28951.247379713193,28972.25239434799
1329,62,28972.25239434799,28989.786421353507
1329,64,28989.786421353507,29006.579959491955
1329,66,29006.579959491955,29023.427124480892
1329,68,29023.427124480892,29043.115687771911
1329,70,29043.115687771911,29059.132370762789
1329,72,29059.132370762789,29076.577795905654
1329,74,29076.577795905654,29089.098480091485
1329,76,29089.098480091485,29108.821948964571
1330,122,45811.581387913888,45824.573368332771
1330,124,45824.573368332771,45835.518351864041
1330,126,45835.518351864041,45846.686738760247
1330,128,45846.686738760247,45857.706481099151
1330,130,45857.706481099151,45869.380933100641
1330,132,45869.380933100641,45878.913512206142
1330,134,45878.913512206142,45887.802717258084
1330,76,45933.707321078589,45945.946467900911
1330,78,45945.946467900911,45957.819220512385
1330,80,45957.819220512385,45969.225507762414
1330,82,45969.225507762414,45980.399722974493
1331,100,28859.950682388157,28875.481339399903
1331,101,28875.481339399903,28896.140418858573
1331,102,28896.140418858573,28920.179649770151
1331,103,28920.179649770151,28939.938303018698
1334,44,59059.028327187705,59071.913392788963
1335,60,42410.001451337477,42418.644909605384
1335,62,42418.644909605384,42428.837897990401
1335,64,42428.837897990401,42436.73407098218
1335,66,42436.73407098218,42445.911400885991
1335,68,42445.911400885991,42454.358236780274
1335,70,42454.358236780274,42463.471425401585
1335,72,42463.471425401585,42472.999127494921
1335,74,42472.999127494921,42482.382554507662
1335,136,42517.292870866193,42526.428080035672
1335,138,42526.428080035672,42535.563289205144
1335,140,42535.563289205144,42544.109091148981
1335,142,42544.109091148981,42552.573400105874
1337,135,28519.866250053583,28533.596317191852
1337,133,28533.596317191852,28550.402748727491
1337,131,28550.402748727491,28572.548113674322
1337,129,28572.548113674322,28587.610953102929
1339,129,76983.782778447276,76993.615980427072
1339,127,76993.615980427072,77003.116180911326
1339,125,77003.116180911326,77011.863778281331
1339,123,77011.863778281331,77019.883624118447
1339,121,77019.883624118447,77028.41484932015
1340,79,30114.661395756091,30131.669997089659
1340,77,30131.669997089659,30148.208853072851
1340,135,30235.893746073634,30254.885503052745
1340,133,30254.885503052745,30276.604174865068
1341,103,23682.365264588232,23695.314468600343
1341,136,23715.605376012583,23724.521509473383
1341,138,23724.521509473383,23734.512314660951
1341,140,23734.512314660951,23742.100280449897
1341,142,23742.100280449897,23751.225682500532
1342,15,62040.40342634415,62052.711076080872
1342,13,62052.711076080872,62064.532619652928
1342,11,62064.532619652928,62078.4765838448
1342,9,62078.4765838448,62089.737474631358
1342,7,62089.737474631358,62100.75939048185
1343,80,62522.241911505342,62536.016776539465
1343,82,62536.016776539465,62547.633630265344
1344,128,31916.644589389831,31934.47968845574
1344,130,31934.47968845574,31949.470301272584
1344,132,31949.470301272584,31964.460914089424
1344,134,31964.460914089424,31982.599947102801
1344,136,31982.599947102801,31993.971645700582
1344,138,31993.971645700582,32009.220290823752
1344,140,32009.220290823752,32022.987334319245
1344,142,32022.987334319245,32036.395030455591
1345,135,58174.983709094216,58185.334934101811
1345,133,58185.334934101811,58196.389868173675
1345,131,58196.389868173675,58207.569824835904
1345,129,58207.569824835904,58219.408048245743
1345,67,58260.025769468462,58272.197555132028
1345,65,58272.197555132028,58282.7902985705
1347,43,70120.621245355826,70137.479206779812
1349,2,65379.70607969007,65395.233521460541
1349,4,65395.233521460541,65411.53416793733
1349,6,65411.53416793733,65430.507644355079
1350,143,60302.570893473538,60316.512439551399
1351,60,37587.607688324366,37597.397475057849
1351,62,37597.397475057849,37606.3755110907
1351,64,37606.3755110907,37615.065011936706
1351,66,37615.065011936706,37625.009809255316
1351,68,37625.009809255316,37634.893535141593
1351,70,37634.893535141593,37645.857932160521
1351,72,37645.857932160521,37656.557388724912
1351,74,37656.557388724912,37666.69365179853
1351,136,37705.781837946313,37715.952811855517
1351,138,37715.952811855517,37725.12768997439
1351,140,37725.12768997439,37734.152137086006
1351,142,37734.152137086006,37743.146439701261
1352,138,65397.035824967614,65414.193860985288
1352,140,65414.193860985288,65429.9790215088
1352,142,65429.9790215088,65448.348351196124
1353,60,29755.928786304732,29785.77593191744
1353,62,29785.77593191744,29806.424710777588
1353,64,29806.424710777588,29825.767074757121
1353,66,29825.767074757121,29847.040279601926
1353,68,29847.040279601926,29867.50094552205
1353,70,29867.50094552205,29884.628338163591
1353,72,29884.628338163591,29905.957561262345
1355,143,35539.772888394233,35549.8945850745
1355,141,35549.8945850745,35562.169105769834
1355,139,35562.169105769834,35575.656217139018
1355,137,35575.656217139018,35591.970236960682
1355,135,35591.970236960682,35603.971987149365
1356,102,67595.533192542949,67614.453268173675
1356,103,67614.453268173675,67636.337279588799
1356,136,67664.452402218216,67681.867107258382
1356,138,67681.867107258382,67699.14655225107
1357,83,34253.191195668995,34268.144768208374
1357,81,34268.144768208374,34283.44417412558
1357,79,34283.44417412558,34297.996911921931
1357,77,34297.996911921931,34311.285264477359
1357,75,34311.285264477359,34325.307192146247
1358,79,29081.498491729973,29097.304254841889
1358,77,29097.304254841889,29112.608463199729
1358,75,29112.608463199729,29132.715026942951
1358,73,29132.715026942951,29150.110097086315
1359,132,67506.393503555213,67522.881972666306
1359,134,67522.881972666306,67537.339235331689
1359,76,67603.508042875648,67617.108112398972
1360,78,29347.224311365946,29364.473473966973
1360,80,29364.473473966973,29378.515407641695
1361,70,31574.248715453094,31592.939454488776
1361,72,31592.939454488776,31612.480348579749
1361,74,31612.480348579749,31627.628192151355
1362,128,71421.134435113199,71437.824618127517
1362,130,71437.824618127517,71449.838541673642
1363,75,58168.178957420467,58177.762662247042
1364,69,25369.686287571647,25381.405495606694
1364,67,25381.405495606694,25392.061527089547
1364,65,25392.061527089547,25402.712904385706
1364,63,25402.712904385706,25413.26476893725
1365,139,62989.448760582265,63005.34848534983
1365,137,63005.34848534983,63021.682803227377
1365,135,63021.682803227377,63035.848167020704
1365,133,63035.848167020704,63053.453170391891
1365,131,63053.453170391891,63069.390477596891
1365,129,63069.390477596891,63084.214959749115
1366,159,46142.498852559918,46159.475752605598
1366,68,46220.003865879822,46229.384946376354
1366,70,46229.384946376354,46240.021807376732
1366,72,46240.021807376732,46250.756869826313
1366,74,46250.756869826313,46260.673275922425
1366,76,46260.673275922425,46270.04772868225
1366,78,46270.04772868225,46280.388035891585
1366,80,46280.388035891585,46290.66550156039
1367,62,38728.066862302192,38737.813197171861
1367,64,38737.813197171861,38747.295684752389
1367,66,38747.295684752389,38756.557314651596
1367,68,38756.557314651596,38765.005719130306
1367,70,38765.005719130306,38774.237467600527
1368,77,36485.926990085507,36497.578976271376
1368,135,36547.860723649093,36558.939721520175
1368,133,36558.939721520175,36570.219136231499
1368,131,36570.219136231499,36580.188073237507
1368,129,36580.188073237507,36589.681568491018
1368,127,36589.681568491018,36599.273448033775
1368,125,36599.273448033775,36608.945250234756
1369,68,68098.615417327033,68114.410034902859
1369,70,68114.410034902859,68129.293495492675
1369,72,68129.293495492675,68147.610563495618
1370,133,31632.434422911978,31651.468952424268
1372,10,65053.343914385303,65065.278751675214
1372,12,65065.278751675214,65078.064997174937
1372,14,65078.064997174937,65093.210775158106
1372,16,65093.210775158106,65106.562774970698
1372,18,65106.562774970698,65122.78363176273
1373,141,27544.858038157767,27557.918678210182
1373,139,27557.918678210182,27571.191661195553
1373,137,27571.191661195553,27587.424896871282
1373,75,27642.868571755873,27657.847895382787
1374,6,69034.776995133187,69047.423711896161
1374,68,69113.187416539702,69126.004373480697
1374,70,69126.004373480697,69139.810468628246
1374,72,69139.810468628246,69152.547628849468
1374,74,69152.547628849468,69165.00792850912
1374,136,69214.112899217391,69229.879206176527
1374,138,69229.879206176527,69241.236749082644
1374,140,69241.236749082644,69254.008950199044
1374,142,69254.008950199044,69267.27285728186
1375,111,65901.596888407963,65927.043665741308
1375,110,65927.043665741308,65952.188870144266
1378,28,78549.559395655946,78564.058105841308
1378,67,78593.488937404749,78603.151212331693
1378,65,78603.151212331693,78612.833569738767
1379,29,59023.009876352306,59038.138881298109
1379,28,59038.138881298109,59053.655520689805
1379,127,59127.139305563374,59137.331253647921
1379,125,59137.331253647921,59149.523048201598
1381,120,71987.657000874751,71998.472658101629
1381,122,71998.472658101629,72009.198527932502
1381,124,72009.198527932502,72021.970262755087
1381,126,72021.970262755087,72032.547110263142
1382,66,62476.13501536812,62491.06086648444
1383,14,53586.462705767422,53596.132787756644
1383,76,53634.574878558291,53644.839663892584
1383,78,53644.839663892584,53654.661513293257
1383,80,53654.661513293257,53663.805655191674
1383,82,53663.805655191674,53674.143001433338
1384,133,67296.002129658678,67315.415486148253
1384,131,67315.415486148253,67343.312377617243
1384,129,67343.312377617243,67361.992580778562
1385,68,29110.896436990399,29132.996839277075
1385,70,29132.996839277075,29150.131537612269
1385,72,29150.131537612269,29166.832689566701
1385,74,29166.832689566701,29182.933165354461
1386,148,26743.180433223239,26761.887721356932
1387,79,55109.266683785121,55118.566010772563
1387,77,55118.566010772563,55128.09389295998
1387,135,55163.441844919122,55173.232298360745
1387,133,55173.232298360745,55182.853143906119
1388,15,69615.03559547945,69629.153823051354
1388,13,69629.153823051354,69647.048032088598
1388,11,69647.048032088598,69662.826224668868
1389,120,33325.767346642097,33336.960818416766
1389,122,33336.960818416766,33349.801596920646
1389,124,33349.801596920646,33359.724365790884
1389,126,33359.724365790884,33372.932968252659
1389,128,33372.932968252659,33387.307549539641
1389,130,33387.307549539641,33398.885804452017
1389,132,33398.885804452017,33412.352356171919
1389,134,33412.352356171919,33424.744408243067
1389,136,33424.744408243067,33436.400399106045
1389,138,33436.400399106045,33447.696745612666
1390,135,30060.083635797982,30078.233914579949
1390,133,30078.233914579949,30104.614991527356
1390,131,30104.614991527356,30128.470831075905
1390,129,30128.470831075905,30145.52711941193
1391,74,32542.354806421183,32558.978236451218
1391,76,32558.978236451218,32575.045289652626
1391,78,32575.045289652626,32592.128471371023
1392,68,27825.022755574737,27838.93749906027
1392,70,27838.93749906027,27853.205809995008
1392,72,27853.205809995008,27868.625233709347
1392,74,27868.625233709347,27881.572777257432
1392,76,27881.572777257432,27894.308829874364
1392,78,27894.308829874364,27907.069118892672
1392,80,27907.069118892672,27921.018529232966
1392,82,27921.018529232966,27936.545079900792
1393,130,33980.830206614512,33992.953040571068
1393,132,33992.953040571068,34006.514657350264
1393,134,34006.514657350264,34021.359231273193
1393,16,34119.216045250243,34133.173498235323
1393,18,34133.173498235323,34144.700568078057
1394,120,70899.14660751613,70910.976547763668
1394,122,70910.976547763668,70923.385494587419
1394,124,70923.385494587419,70937.540179242031
1394,126,70937.540179242031,70949.377728932377
1395,42,72955.633098681079,72970.324828548662
1395,43,72970.324828548662,72984.332456740347
1395,76,73002.269625529807,73014.543242231623
1395,78,73014.543242231623,73024.153644998965
1395,80,73024.153644998965,73033.046086836577
1395,82,73033.046086836577,73041.940419391685
1396,143,54152.382798514394,54161.45924704981
1396,141,54161.45924704981,54170.448908587299
1396,139,54170.448908587299,54179.522597062729
1396,137,54179.522597062729,54189.116204459344
1396,135,54189.116204459344,54198.741731109345
1396,133,54198.741731109345,54206.968540389789
1396,131,54206.968540389789,54215.195349670241
1396,129,54215.195349670241,54223.877615689795
1396,127,54223.877615689795,54232.817594531902
1396,125,54232.817594531902,54241.444992806748
1396,123,54241.444992806748,54250.322368870577
1396,121,54250.322368870577,54259.855208038724
1397,58,30858.088960096866,30876.985466044101
1397,57,30876.985466044101,30894.292847911132
1397,56,30894.292847911132,30915.148102974155
1397,31,30943.988375115092,30962.658846485592
1397,30,30962.658846485592,30985.402206800944
1397,29,30985.402206800944,31003.606407707946
1398,120,45302.345763873564,45313.791679310634
1398,122,45313.791679310634,45324.280012636314
1398,124,45324.280012636314,45333.324891251686
1398,126,45333.324891251686,45343.052358305998
1398,128,45343.052358305998,45353.493075378152
1398,130,45353.493075378152,45366.193516859406
1399,152,72958.124574878137,72969.091878291176
1399,135,72980.964261711677,72992.465681065078
1399,133,72992.465681065078,73003.160503646141
1399,131,73003.160503646141,73013.026959587878
1399,129,73013.026959587878,73022.885711233408
1399,127,73022.885711233408,73032.954326808715
1400,99,70486.557815750566,70501.47250843294
1400,100,70501.47250843294,70519.380459657201
1400,101,70519.380459657201,70539.872561389217
1400,102,70539.872561389217,70558.889529306223
1400,103,70558.889529306223,70578.023724966319
1400,104,70578.023724966319,70598.286009848234
1400,105,70598.286009848234,70622.634782382389
1400,106,70622.634782382389,70644.522341133372
1401,73,65865.4574067949,65889.0540308372
1401,71,65889.0540308372,65904.539523529034
1401,69,65904.539523529034,65919.761579495855
1401,67,65919.761579495855,65945.323321343589
1401,65,65945.323321343589,65962.448222508421
1401,63,65962.448222508421,65982.772076234818
1401,61,65982.772076234818,66000.791542086285
1402,70,34513.592172088604,34526.868820060539
1402,72,34526.868820060539,34541.367288399982
1402,74,34541.367288399982,34550.955617702195
1402,76,34550.955617702195,34565.920630854242
1402,78,34565.920630854242,34577.310457811574
1402,80,34577.310457811574,34587.439675231239
1402,82,34587.439675231239,34599.817118542516
1403,128,63554.969221166451,63568.657129460698
1403,130,63568.657129460698,63580.187975310204
1403,132,63580.187975310204,63596.359458250321
1403,134,63596.359458250321,63613.850186312178
1404,75,37224.596158011387,37234.460303763903
1404,73,37234.460303763903,37242.5468868975
1405,21,45024.609409318931,45034.161983634658
1405,19,45034.161983634658,45042.996623223255
1405,17,45042.996623223255,45051.236026724335
1405,15,45051.236026724335,45060.524782553635
1406,68,53771.913882259927,53783.616082679066
1406,70,53783.616082679066,53793.964022210544
1406,72,53793.964022210544,53805.168184066366
1406,74,53805.168184066366,53816.97622009406
1409,14,60937.627633191187,60951.17883833051
1410,83,67196.778895221069,67216.022866234867
1410,81,67216.022866234867,67233.14715317807
1410,79,67233.14715317807,67245.878334416921
1410,77,67245.878334416921,67261.511284295368
1410,75,67261.511284295368,67281.575823829917
1410,73,67281.575823829917,67301.012725751178
1411,15,31446.7594678403,31466.014862722241
1412,140,48010.695948104491,48019.2558828685
1412,142,48019.2558828685,48030.254520077084
1413,2,29693.698373713487,29708.722602872112
1414,83,64625.852029447546,64643.329673550172
1414,81,64643.329673550172,64658.876779534236
1414,79,64658.876779534236,64670.842251746319
1414,77,64670.842251746319,64688.199356873018
1414,75,64688.199356873018,64703.23698083459
1414,73,64703.23698083459,64725.149242377112
1414,71,64725.149242377112,64741.290053152916
1414,69,64741.290053152916,64754.139606614466
1414,67,64754.139606614466,64774.301918609141
1414,65,64774.301918609141,64790.773644005756
1415,73,22968.939379029285,22978.220763168625
1415,71,22978.220763168625,22986.035250215071
1415,69,22986.035250215071,22995.721923710713
1415,67,22995.721923710713,23005.347222986467
1415,65,23005.347222986467,23014.955154131789
1415,63,23014.955154131789,23024.195834592047
1415,61,23024.195834592047,23033.199425909093
1416,136,61342.164117300345,61357.605668275421
1416,138,61357.605668275421,61369.509585365719
1416,140,61369.509585365719,61383.732511992872
1416,142,61383.732511992872,61398.913550014775
1417,128,74336.76984766376,74345.871421576521
1417,130,74345.871421576521,74357.005512063915
1417,132,74357.005512063915,74368.26588077526
1417,134,74368.26588077526,74378.465139103238
1417,136,74378.465139103238,74388.906187061395
1417,138,74388.906187061395,74400.901131492559
1418,43,28586.42785745559,28605.17084747395
1418,76,28638.630243942105,28658.758183070513
1418,78,28658.758183070513,28676.863826755642
1418,80,28676.863826755642,28690.917363797358
1418,82,28690.917363797358,28705.339318896051
1419,152,25927.26776459195,25940.611504148303
1419,135,25951.098972829375,25962.159771495568
1419,133,25962.159771495568,25972.247708342922
1419,131,25972.247708342922,25984.889782139282
1419,129,25984.889782139282,25996.04606450523
1419,127,25996.04606450523,26009.75970363729
1419,125,26009.75970363729,26022.926048103829
1419,123,26022.926048103829,26033.608337001744
1419,121,26033.608337001744,26048.331435077151
1420,2,60971.357484541244,60984.323945641074
1420,4,60984.323945641074,60997.684089869028
1420,6,60997.684089869028,61011.225388883053
1420,8,61011.225388883053,61023.289439864006
1420,10,61023.289439864006,61036.129717308322
1420,12,61036.129717308322,61047.229766393335
1420,14,61047.229766393335,61057.093163142024
1421,130,36447.002177070433,36455.901677694383
1421,132,36455.901677694383,36466.080471770292
1423,121,36817.870780809921,36829.806728665128
1424,36,67176.414777438709,67197.219318319068
1425,120,57380.71649059475,57389.44482466286
1425,122,57389.44482466286,57397.981887115493
1425,124,57397.981887115493,57406.518949568126
1425,126,57406.518949568126,57417.551651339185
1425,128,57417.551651339185,57428.589198214177
1425,130,57428.589198214177,57437.634680447212
1425,132,57437.634680447212,57446.780630329122
1425,134,57446.780630329122,57455.695635193406
1425,136,57455.695635193406,57465.058619653704
1425,138,57465.058619653704,57475.101072435114
1425,140,57475.101072435114,57484.632891995258
1428,21,53499.828394174132,53509.592212077376
1428,19,53509.592212077376,53519.252020405409
1428,17,53519.252020405409,53530.365740382214
1428,15,53530.365740382214,53540.725499775166
1428,13,53540.725499775166,53549.198586910694
1428,11,53549.198586910694,53558.977721558636
1428,9,53558.977721558636,53568.092672948922
1428,7,53568.092672948922,53576.44244392516
1428,5,53576.44244392516,53585.065720233026
1430,128,48320.381118066842,48329.584082665388
1430,130,48329.584082665388,48338.026850282869
1430,132,48338.026850282869,48346.132206714261
1430,134,48346.132206714261,48354.203699370904
1430,104,48373.805950004702,48387.553349374713
1430,105,48387.553349374713,48402.054044450291
1430,106,48402.054044450291,48418.323525118576
1430,107,48418.323525118576,48432.223766318653
1431,55,30358.514271705873,30378.803648228237
1431,54,30378.803648228237,30399.69108298108
1431,53,30399.69108298108,30420.852743533724
1431,52,30420.852743533724,30442.888358474498
1431,51,30442.888358474498,30460.648576801377
1431,50,30460.648576801377,30477.514214931067
1431,49,30477.514214931067,30498.815816318525
1432,64,58867.828670143099,58878.796244233366
1432,66,58878.796244233366,58891.044947206035
1432,68,58891.044947206035,58901.924109161191
1432,70,58901.924109161191,58912.234927416423
1432,72,58912.234927416423,58925.697744623743
1432,74,58925.697744623743,58937.092039347575
1432,151,58998.881908552466,59015.396749288455
1434,64,68527.90525345596,68541.97712141501
1434,66,68541.97712141501,68553.788888204115
1436,67,27044.606079853849,27057.14231905001
1436,65,27057.14231905001,27072.366103666885
1436,63,27072.366103666885,27087.035368018664
1437,143,74808.377183826262,74821.072674208248
1437,141,74821.072674208248,74830.084222636535
1437,139,74830.084222636535,74839.095771064822
1437,137,74839.095771064822,74847.778854552089
1437,135,74847.778854552089,74856.779075118029
1437,133,74856.779075118029,74866.044111810334
1437,131,74866.044111810334,74875.549913098483
1437,129,74875.549913098483,74885.532726933976
1438,136,39413.432680899554,39425.349248389684
1438,138,39425.349248389684,39436.648171093548
1438,140,39436.648171093548,39447.656319612375
1438,142,39447.656319612375,39459.623952644361
1440,74,33649.030781897447,33663.370445723442
1440,16,33715.977723444012,33730.259130460043
1440,18,33730.259130460043,33743.204204383546
1441,75,74000.776290521157,74010.826985976761
1441,73,74010.826985976761,74021.709953592319
1441,71,74021.709953592319,74032.257134919346
1441,69,74032.257134919346,74041.4728940528
1441,67,74041.4728940528,74051.72006324766
1441,65,74051.72006324766,74062.206311847229
1441,63,74062.206311847229,74074.140591603718
1442,77,65391.393420358487,65407.550967259747
1442,31,65456.966588555297,65473.8055394564
1442,30,65473.8055394564,65499.156013901411
1444,99,26177.615528405651,26197.627065222787
1444,128,26228.972269896512,26241.058678151498
1444,130,26241.058678151498,26255.895691586025
1444,132,26255.895691586025,26269.589798151468
1444,134,26269.589798151468,26281.762125458128
1444,136,26281.762125458128,26293.095800211151
1444,138,26293.095800211151,26306.505180316894
1445,120,52851.443482813767,52860.275805798447
1445,122,52860.275805798447,52869.417595145336
1445,124,52869.417595145336,52878.60810347482
1445,126,52878.60810347482,52887.238311702524
1445,128,52887.238311702524,52895.563427739282
1445,130,52895.563427739282,52904.048554204608
1445,132,52904.048554204608,52913.460448913196
1445,134,52913.460448913196,52920.460354961913
1445,136,52920.460354961913,52930.945614044809
1446,127,65491.247149223338,65507.506351506563
1446,125,65507.506351506563,65519.126453026736
1446,123,65519.126453026736,65531.483519122994
1447,128,55275.877591112345,55287.50860556605
1447,130,55287.50860556605,55297.883185724808
1447,132,55297.883185724808,55308.900519424147
1448,22,64592.901463607486,64613.946407191004
1449,61,39333.579193654405,39344.231677251759
1450,137,46530.049565762973,46543.233127130115
1452,143,56325.307206143603,56334.917560802409
1452,141,56334.917560802409,56343.375448584455
1452,139,56343.375448584455,56352.200489017225
1452,137,56352.200489017225,56360.323877541501
1452,135,56360.323877541501,56371.51496310009
1452,133,56371.51496310009,56380.052434942801
1452,131,56380.052434942801,56388.311488000487
1452,129,56388.311488000487,56396.870998075807
1452,7,56471.491323046605,56481.76318524126
1453,67,43380.837585561887,43391.589546584903
1453,65,43391.589546584903,43401.526200734486
1453,63,43401.526200734486,43410.795429008365
1453,61,43410.795429008365,43419.855863109762
1455,116,58645.133166859749,58660.000312479584
1455,75,58690.481267489631,58699.497196611825
1455,73,58699.497196611825,58709.622660648325
1455,71,58709.622660648325,58720.224156138836
1455,69,58720.224156138836,58729.479581474574
1455,67,58729.479581474574,58739.95902113487
1455,65,58739.95902113487,58749.920317678851
1455,63,58749.920317678851,58759.543035528979
1456,68,65108.228819091375,65125.02487999689
1456,70,65125.02487999689,65143.44581436571
1456,72,65143.44581436571,65160.56019504695
1456,74,65160.56019504695,65176.730084415271
1457,71,27234.202831103958,27248.129575820883
1457,69,27248.129575820883,27263.047660393102
1458,39,27405.385190566987,27421.819414263708
1458,68,27455.32311563626,27473.189388431394
1458,70,27473.189388431394,27485.405886258406
1458,72,27485.405886258406,27498.037784359596
1458,74,27498.037784359596,27508.991749576977
1460,76,64182.123799657878,64196.387193446441
1460,78,64196.387193446441,64208.875218934852
1460,80,64208.875218934852,64219.968687229055
1462,116,28623.957640634773,28640.305052450523
1462,75,28692.857062180105,28704.213876573758
1462,73,28704.213876573758,28722.002868075666
1463,76,74670.482759501523,74681.855576985065
1463,78,74681.855576985065,74693.958276291974
1464,136,69394.528334234317,69409.622209697554
1464,138,69409.622209697554,69423.720981199411
1465,68,34700.551031296178,34712.041508674498
1465,70,34712.041508674498,34724.569196963297
1465,72,34724.569196963297,34739.638452641309
1465,74,34739.638452641309,34749.297394097986
1465,76,34749.297394097986,34762.453586334894
1465,78,34762.453586334894,34772.795469080113
1465,80,34772.795469080113,34783.134803303576
1466,122,64920.373192905732,64934.963343708536
1466,124,64934.963343708536,64946.284408493331
1467,135,41325.945018743048,41332.743236795133
1467,133,41332.743236795133,41339.541454847218
1467,131,41339.541454847218,41346.616347215822
1467,129,41346.616347215822,41353.612153748894
1467,67,41379.04735722622,41386.078153620052
1467,65,41386.078153620052,41393.358689791523
1468,93,23396.417859811314,23412.965708601943
1468,92,23412.965708601943,23428.73082514745
1468,135,23462.610746428534,23473.455719871872
1469,71,36703.007949189676,36717.44802795702
1469,69,36717.44802795702,36727.551844637353
1470,120,34550.183409940881,34561.858958726851
1470,122,34561.858958726851,34571.646610931457
1470,124,34571.646610931457,34581.987459681215
1470,126,34581.987459681215,34593.73149337271
1471,75,32683.939758897937,32703.113299594053
1472,129,52206.993880635557,52217.009800569933
1472,127,52217.009800569933,52227.87958820627
1472,125,52227.87958820627,52238.104275392063
1472,123,52238.104275392063,52247.761563178952
1472,121,52247.761563178952,52256.960777445347
1473,92,46653.12407339699,46668.222664182496
1474,120,45458.911659945552,45468.486508315509
1474,122,45468.486508315509,45479.340120897963
1474,124,45479.340120897963,45490.280512948193
1474,126,45490.280512948193,45501.846424528303
1474,128,45501.846424528303,45511.65312543344
1474,130,45511.65312543344,45520.420773913072
1474,132,45520.420773913072,45529.188422392705
1474,134,45529.188422392705,45538.81778324092
1474,104,45561.027339702974,45582.394630666502
1474,105,45582.394630666502,45602.598391698397
1475,131,57181.497656230065,57195.127078712903
1475,129,57195.127078712903,57205.214959732235
1476,64,57340.534592757911,57352.48588139427
1476,66,57352.48588139427,57362.696401295856
1476,68,57362.696401295856,57373.151589906207
1476,70,57373.151589906207,57381.677348315679
1476,72,57381.677348315679,57390.173075978957
1476,74,57390.173075978957,57398.488786314323
1477,64,26838.549358838049,26853.746957316984
1477,66,26853.746957316984,26865.168254233082
1477,68,26865.168254233082,26876.000703551192
1477,70,26876.000703551192,26888.635087704366
1477,72,26888.635087704366,26901.332417480597
1477,74,26901.332417480597,26913.043004105741
1477,76,26913.043004105741,26925.330887055712
1478,64,70167.02549490676,70184.585498356158
1478,66,70184.585498356158,70197.889288535778
1478,68,70197.889288535778,70215.12440137162
1478,70,70215.12440137162,70228.800845773338
1478,72,70228.800845773338,70241.168342978024
1478,74,70241.168342978024,70257.42524328077
1478,76,70257.42524328077,70271.346116365326
1479,60,57223.856837011714,57234.420368137035
1479,62,57234.420368137035,57245.77351650464
1479,64,57245.77351650464,57259.613102291041
1479,66,57259.613102291041,57270.996821089539
1479,68,57270.996821089539,57280.357955512787
1479,70,57280.357955512787,57291.01032914807
1479,72,57291.01032914807,57302.352913907001
1479,74,57302.352913907001,57314.073081427887
1479,136,57358.937653850764,57371.840823110484
1480,79,27492.247972228735,27508.389727445625
1480,77,27508.389727445625,27521.17733909906
1481,23,27313.817475701038,27333.719598799762
1481,21,27333.719598799762,27348.452069747153
1481,19,27348.452069747153,27362.731484443542
1482,67,69325.329781388267,69343.927746461719
1483,136,66119.04479043273,66134.406538608149
1483,138,66134.406538608149,66148.170220532615
1484,60,46425.850880724254,46434.352182136405
1484,62,46434.352182136405,46441.673491455593
1484,64,46441.673491455593,46449.995389428841
1484,66,46449.995389428841,46459.35502606145
1484,68,46459.35502606145,46468.008321685898
1484,70,46468.008321685898,46475.847784641017
1484,72,46475.847784641017,46483.947596157406
1484,74,46483.947596157406,46493.274074945199
1484,76,46493.274074945199,46502.037100479582
1484,78,46502.037100479582,46512.872195059375
1484,80,46512.872195059375,46520.951717634824
1484,82,46520.951717634824,46528.759059638811
1486,63,29129.354242564626,29150.013464108011
1486,61,29150.013464108011,29165.773825268734
1487,124,79168.701534668755,79178.169916290921
1487,126,79178.169916290921,79187.534302844113
1487,128,79187.534302844113,79196.492254672616
1488,41,38027.036237799854,38042.739875634907
1488,72,38075.478184448155,38088.231913372983
1488,74,38088.231913372983,38098.1008789802
1488,136,38140.867372992463,38150.018039445917
1489,76,64039.81934872597,64054.234642502881
1490,141,57391.055437231509,57400.216275346545
1490,139,57400.216275346545,57410.108614989193
1490,137,57410.108614989193,57419.697716661234
1490,31,57493.946999526452,57510.792297420143
1490,30,57510.792297420143,57526.180313431716
1492,141,38714.985748458144,38726.333243022244
1492,139,38726.333243022244,38735.208306163528
1492,137,38735.208306163528,38744.812091484608
1492,135,38744.812091484608,38754.498743561293
1492,133,38754.498743561293,38763.996478974172
1492,131,38763.996478974172,38772.540119368481
1492,129,38772.540119368481,38781.911642286017
1492,127,38781.911642286017,38792.289174500416
1493,81,32790.371021427272,32804.359943456555
1493,79,32804.359943456555,32816.01491158759
1493,77,32816.01491158759,32828.538739348522
1493,75,32828.538739348522,32846.362295666135
1493,73,32846.362295666135,32862.631602105859
1493,71,32862.631602105859,32877.658679064298
1493,69,32877.658679064298,32891.0486433068
1493,67,32891.0486433068,32908.918144245785
1493,65,32908.918144245785,32923.086647004449
1493,63,32923.086647004449,32936.297121944728
1493,61,32936.297121944728,32952.42489700827
1494,67,29361.636448696077,29382.515691972902
1494,65,29382.515691972902,29402.146471780285
1494,63,29402.146471780285,29422.784873237957
1495,75,48644.822966094369,48656.282141071795
1495,73,48656.282141071795,48665.517150562722
1495,71,48665.517150562722,48674.445931672759
1495,69,48674.445931672759,48683.374712782788
1495,67,48683.374712782788,48692.945453887958
1495,65,48692.945453887958,48703.559386818684
1495,63,48703.559386818684,48712.384941517434
1495,61,48712.384941517434,48721.210496216176
1496,23,46599.474186337531,46609.263300071158
1496,21,46609.263300071158,46617.827889207059
1497,120,37265.094456761348,37273.997522355166
1497,122,37273.997522355166,37281.995162014282
1497,124,37281.995162014282,37290.645454496349
1497,126,37290.645454496349,37298.715315009627
1497,128,37298.715315009627,37305.69219660003
1497,130,37305.69219660003,37314.332119205654
1497,132,37314.332119205654,37323.604521995527
1497,134,37323.604521995527,37333.225524347021
1497,136,37333.225524347021,37343.483674894567
1497,138,37343.483674894567,37352.961407949653
1497,140,37352.961407949653,37362.872597724439
1498,22,65336.019940103542,65354.967280260258
1499,124,74561.301284976435,74572.155685858117
1499,126,74572.155685858117,74582.297558731341
1499,128,74582.297558731341,74591.752772080858
1501,66,28411.356931639802,28426.907591102874
1501,68,28426.907591102874,28441.830576947817
1501,70,28441.830576947817,28457.467795897835
1501,72,28457.467795897835,28472.725204042425
1501,74,28472.725204042425,28487.668186810468
1501,76,28487.668186810468,28504.30754736633
1501,78,28504.30754736633,28519.215197424972
1501,80,28519.215197424972,28532.209256875725
1501,82,28532.209256875725,28549.386593911309
1502,141,63990.054001181008,64004.525707769455
1502,139,64004.525707769455,64018.041827969959
1502,137,64018.041827969959,64031.126265509789
1502,15,64161.786518587411,64177.685435616979
1503,132,74941.332237801384,74953.630012106005
1503,134,74953.630012106005,74962.48579851161
1504,40,67489.49590629217,67509.656758974728
1506,81,30113.349161458824,30137.852898473982
1506,79,30137.852898473982,30153.435768109786
1506,77,30153.435768109786,30168.292336092025
1506,115,30225.654904894905,30245.670044871305
1506,114,30245.670044871305,30264.574903028253
1506,113,30264.574903028253,30290.931026616578
1507,32,52102.777587547687,52117.104882938591
1508,62,22766.787950715119,22775.56931225619
1508,64,22775.56931225619,22784.490579673668
1508,66,22784.490579673668,22793.637743296535
1508,40,22813.043368805971,22827.183033881476
1510,77,36274.5395062147,36286.104183452306
1510,75,36286.104183452306,36295.891892902735
1510,73,36295.891892902735,36306.025302509428
1510,71,36306.025302509428,36317.923866162113
1510,69,36317.923866162113,36329.043236859019
1510,67,36329.043236859019,36339.682670913695
1510,65,36339.682670913695,36350.305994051218
1510,63,36350.305994051218,36360.653083060984
1511,71,66530.761219960885,66550.913777497844
1511,69,66550.913777497844,66567.289601015844
1513,83,62995.665622317152,63009.784033658347
1513,81,63009.784033658347,63024.35743431568
1513,79,63024.35743431568,63039.876575788665
1513,77,63039.876575788665,63051.877425881801
1514,125,36098.387369282675,36108.897473744277
1514,123,36108.897473744277,36116.598065024511
1514,121,36116.598065024511,36126.252048703602
1515,62,41853.877128391723,41865.177224352388
1515,64,41865.177224352388,41874.284950688278
1516,19,27625.051424108133,27636.889368883305
1516,17,27636.889368883305,27650.815406686183
1516,55,27689.813005629338,27707.653716441066
1516,54,27707.653716441066,27722.980167707268
1517,137,68968.675074173458,68983.515247509626
1518,141,34070.977852178337,34087.017260502158
1518,139,34087.017260502158,34100.362544230797
1518,137,34100.362544230797,34115.218757096402
1518,31,34208.553912410134,34223.851090115619
1518,30,34223.851090115619,34241.091771863103
1519,57,33142.390654312178,33157.873846987321
1519,56,33157.873846987321,33183.224139066886
1519,31,33213.062027134867,33231.113757175663
1519,30,33231.113757175663,33252.17897602517
1520,21,72200.108435551781,72212.470606412098
1520,19,72212.470606412098,72223.252317443796
1520,17,72223.252317443796,72234.753170152006
1520,15,72234.753170152006,72248.150233822365
1520,13,72248.150233822365,72258.711779127509
1520,11,72258.711779127509,72270.408611096107
1520,9,72270.408611096107,72281.015207830002
1523,71,30329.355639768186,30353.675281861164
1523,69,30353.675281861164,30374.04858711316
1526,141,68693.91879882761,68707.527454942858
1526,139,68707.527454942858,68724.808160960805
1526,137,68724.808160960805,68740.360177675262
1526,135,68740.360177675262,68753.126189272254
1526,133,68753.126189272254,68770.426754335625
1526,131,68770.426754335625,68786.578869227727
1526,129,68786.578869227727,68802.331942074074
1526,127,68802.331942074074,68824.270751905904
1526,125,68824.270751905904,68838.899663207863
1526,123,68838.899663207863,68853.202008631881
1526,121,68853.202008631881,68869.704127907244
1527,83,30100.475420936571,30121.639728908918
1527,81,30121.639728908918,30142.557827219716
1527,79,30142.557827219716,30158.685898103111
1527,77,30158.685898103111,30176.852614590771
1527,135,30245.941937756143,30263.680895584508
1527,133,30263.680895584508,30287.074614224628
1530,135,49754.360150026172,49762.440591860322
1530,133,49762.440591860322,49770.379904081259
1530,131,49770.379904081259,49778.319216302196
1531,62,67999.245306664889,68016.286398626311
1531,64,68016.286398626311,68032.851514501453
1531,66,68032.851514501453,68046.363623644225
1531,40,68081.851002945623,68097.792604282586
1532,100,62703.1853954076,62718.630984511612
1532,101,62718.630984511612,62737.433850199806
1533,11,61045.009180843401,61057.159046355926
1533,9,61057.159046355926,61067.309400443104
1533,7,61067.309400443104,61076.973221157437
1533,5,61076.973221157437,61087.865905711835
1533,3,61087.865905711835,61099.88294380968
1533,1,61099.88294380968,61109.775409928741
1534,66,74458.800705788846,74470.989642313798
1534,68,74470.989642313798,74483.218711751091
1534,70,74483.218711751091,74495.256404836269
1534,72,74495.256404836269,74506.931640176597
1534,74,74506.931640176597,74518.132981120565
1534,76,74518.132981120565,74529.150832430867
1534,78,74529.150832430867,74540.864825501645
1535,153,56183.865407095509,56199.436792306071
1535,152,56199.436792306071,56212.624988674674
1536,22,76523.356478520087,76534.211703231107
1536,155,76624.460804067639,76636.702995292362
1538,133,62316.977096095376,62330.89567765731
1538,131,62330.89567765731,62346.489279191082
1538,129,62346.489279191082,62361.39843376325
1538,127,62361.39843376325,62374.779485864594
1538,125,62374.779485864594,62387.485275996158
1539,76,39732.470169950386,39741.425390276709
1539,78,39741.425390276709,39750.968258889727
1540,126,68107.536181566873,68117.425203460531
1541,136,65608.288425522318,65621.62961070257
1541,138,65621.62961070257,65633.672628019092
1541,140,65633.672628019092,65650.400500011325
1541,142,65650.400500011325,65665.750177036331
1543,79,61641.420488078023,61652.582560109789
1543,77,61652.582560109789,61663.933040524549
1544,143,72098.076193217363,72113.783621011316
1544,141,72113.783621011316,72123.256183841469
1544,139,72123.256183841469,72133.473587504501
1544,137,72133.473587504501,72143.079628588966
1544,135,72143.079628588966,72154.500196395587
1544,133,72154.500196395587,72165.582422062012
1544,131,72165.582422062012,72178.007469609263
1544,129,72178.007469609263,72188.391082473536
1544,127,72188.391082473536,72200.316109750464
1544,125,72200.316109750464,72212.851475298099
1545,15,57329.628849980727,57341.925261760713
1545,13,57341.925261760713,57351.461319892376
1545,11,57351.461319892376,57361.575243930936
1545,9,57361.575243930936,57373.863339224401
1545,7,57373.863339224401,57385.29655739291
1545,5,57385.29655739291,57396.091946320754
1545,3,57396.091946320754,57406.9205694825
1545,1,57406.9205694825,57417.868262740441
1548,143,34074.60339274838,34086.451626538161
1548,141,34086.451626538161,34098.040982170729
1548,139,34098.040982170729,34111.175409616262
1548,137,34111.175409616262,34124.309837061788
1548,135,34124.309837061788,34136.674142748554
1548,133,34136.674142748554,34153.011758419481
1548,131,34153.011758419481,34166.362204587873
1548,129,34166.362204587873,34178.804571420798
1548,127,34178.804571420798,34195.801394743008
1548,125,34195.801394743008,34207.889526552339
1548,123,34207.889526552339,34217.897996858293
1548,121,34217.897996858293,34229.282597670433
1549,83,67575.898145356085,67596.280873779891
1549,81,67596.280873779891,67614.400183917198
1549,79,67614.400183917198,67628.294962897897
1549,77,67628.294962897897,67643.893411036479
1549,135,67701.990933943496,67715.217777068858
1549,133,67715.217777068858,67737.715002635145
1549,131,67737.715002635145,67758.81176327687
1549,129,67758.81176327687,67770.812052168985
1549,127,67770.812052168985,67791.285670155048
1549,125,67791.285670155048,67802.989894212486
1549,123,67802.989894212486,67817.515160588213
1549,121,67817.515160588213,67836.418604224702
1550,122,25902.006236311532,25910.920284932381
1550,124,25910.920284932381,25919.482009133175
1550,126,25919.482009133175,25929.602197992375
1551,72,31868.482654447256,31885.865268031994
1551,74,31885.865268031994,31899.577384070941
1552,122,67815.926922107974,67828.393708080679
1552,124,67828.393708080679,67841.377997204516
1552,126,67841.377997204516,67856.92802501173
1552,128,67856.92802501173,67872.478052818944
1552,130,67872.478052818944,67885.285002494507
1552,132,67885.285002494507,67899.878480991145
1552,134,67899.878480991145,67917.001572361725
1552,136,67917.001572361725,67928.627555013227
1552,138,67928.627555013227,67944.354283928478
1552,140,67944.354283928478,67960.930984389925
1553,133,72995.8769113585,73010.159451039013
1553,131,73010.159451039013,73022.060079548479
1553,129,73022.060079548479,73037.021596179999
1555,128,65347.461356428146,65364.622733921911
1555,130,65364.622733921911,65380.333497921776
1555,132,65380.333497921776,65395.152651929813
1556,20,46903.753802806081,46915.999201050334
1556,22,46915.999201050334,46924.047721322102
1559,36,29130.060899344702,29152.194718274972
1559,37,29152.194718274972,29171.422384463443
1559,38,29171.422384463443,29190.156366712014
1559,39,29190.156366712014,29214.053430639789
1559,40,29214.053430639789,29233.780984307548
1559,41,29233.780984307548,29262.041519973362
1560,29,60040.837096108888,60058.429938101683
1560,28,60058.429938101683,60074.912334419736
1561,57,66672.874894731736,66694.331177575237
1561,56,66694.331177575237,66718.642437632763
1563,131,71210.226574788874,71222.38418453747
1563,129,71222.38418453747,71234.261960757649
1564,38,33702.208190143327,33722.44384084476
1564,39,33722.44384084476,33747.931247723754
1564,40,33747.931247723754,33766.678213963576
1564,41,33766.678213963576,33788.421796152434
1564,42,33788.421796152434,33811.160115083148
1565,132,39652.246944784478,39663.188433948002
1565,134,39663.188433948002,39674.003164153306
1565,76,39711.730305537902,39724.026493689358
1565,78,39724.026493689358,39736.611575058385
1565,80,39736.611575058385,39748.441262341999
1566,70,29465.502353338368,29479.507050058397
1566,72,29479.507050058397,29500.138051383386
1566,74,29500.138051383386,29512.782805886378
1566,76,29512.782805886378,29530.305532038714
1566,78,29530.305532038714,29542.929463718694
1566,80,29542.929463718694,29555.912366603799
1566,82,29555.912366603799,29570.499529449706
1567,136,35665.415902950052,35679.072840223489
1567,138,35679.072840223489,35691.936323317714
1568,133,70093.081684026271,70109.37616522421
1568,131,70109.37616522421,70127.412558403172
1568,129,70127.412558403172,70139.518033839558
1568,7,70253.804710653538,70267.46877867241
1569,64,51134.417836077228,51148.238967397541
1569,66,51148.238967397541,51157.172174786734
1569,128,51193.973174735373,51204.247823365535
1570,2,48650.751309354237,48660.239404454594
1570,4,48660.239404454594,48668.754015054648
1570,6,48668.754015054648,48676.707417890997
1571,136,60240.89840887818,60248.538199754134
1571,138,60248.538199754134,60256.796624662929
1571,140,60256.796624662929,60266.196638212248
1571,142,60266.196638212248,60275.126875969509
1572,36,41230.572271760197,41249.04106847832
1572,37,41249.04106847832,41269.598367758066
1573,133,61039.445214173953,61054.181131044796
1573,131,61054.181131044796,61068.072516431879
1573,129,61068.072516431879,61079.1301067194
1573,127,61079.1301067194,61088.985402856088
1573,125,61088.985402856088,61100.569695945793
1573,123,61100.569695945793,61113.852343921746
1573,121,61113.852343921746,61127.396183077886
1574,62,64049.020265190047,64067.932667733003
1574,64,64067.932667733003,64084.362467498315
1574,66,64084.362467498315,64099.674144746015
1575,62,31466.191934555551,31481.58436173814
1575,64,31481.58436173814,31498.86295888717
1575,66,31498.86295888717,31515.065315304582
1575,68,31515.065315304582,31533.120507685548
1575,70,31533.120507685548,31549.964510528232
1575,72,31549.964510528232,31569.358778964808
1575,74,31569.358778964808,31585.057522369007
1575,76,31585.057522369007,31605.113155154533
1576,128,48704.393729332172,48713.689471771148
1576,130,48713.689471771148,48725.234303018056
1577,127,32240.561563973093,32257.732623474476
1577,125,32257.732623474476,32271.973895969564
1577,123,32271.973895969564,32289.979550162294
1578,92,22870.696863474674,22882.071676044718
1579,99,64164.271333249882,64180.379225118188
1579,68,64213.789264462648,64233.92007264719
1579,70,64233.92007264719,64250.202851937662
1579,72,64250.202851937662,64267.357018005816
1579,74,64267.357018005816,64283.601628349279
1580,78,75593.777056569423,75604.241901680754
1580,80,75604.241901680754,75614.466071889939
1582,57,49237.358447542501,49253.517840424727
1582,56,49253.517840424727,49270.003751585988
1582,31,49295.001135856051,49312.242610759909
1582,30,49312.242610759909,49329.432269677018
1583,21,30829.199732430003,30855.73058770187
1584,137,74204.064770927449,74214.766940162779
1584,135,74214.766940162779,74223.962680114942
1584,133,74223.962680114942,74233.642559053522
1584,131,74233.642559053522,74244.592259783778
1584,129,74244.592259783778,74255.636883992527
1585,10,57196.008541805189,57205.653108996201
1585,12,57205.653108996201,57214.965480767845
1585,14,57214.965480767845,57224.080883451774
1585,44,57243.76261144325,57262.929730185548
1585,45,57262.929730185548,57276.532567251663
1586,83,70727.199151649766,70741.668457462409
1586,81,70741.668457462409,70757.927382000664
1586,79,70757.927382000664,70772.579729489546
1586,77,70772.579729489546,70781.394510628452
1586,135,70835.031479333862,70849.73730605343
1586,133,70849.73730605343,70866.238558039957
1588,32,63899.110276671148,63919.236603578858
1588,55,63954.229083455619,63974.073173476776
1588,54,63974.073173476776,63998.677319753733
1588,53,63998.677319753733,64018.721869408342
1588,52,64018.721869408342,64044.222717786302
1588,51,64044.222717786302,64067.95689829909
1588,50,64067.95689829909,64085.884393027292
1591,122,35257.239377644641,35269.52589802185
1591,124,35269.52589802185,35281.703445968364
1591,126,35281.703445968364,35292.484556387142
1592,129,74994.081942995181,75002.988131510821
1593,120,65617.379300572138,65633.354049579022
1593,122,65633.354049579022,65648.137040625486
1594,64,30738.571712301076,30758.65119753082
1594,66,30758.65119753082,30777.317594708282
1594,68,30777.317594708282,30800.951235059278
1594,70,30800.951235059278,30818.322779122773
1594,72,30818.322779122773,30843.334354454426
1595,36,30173.152617439024,30190.179675172356
1595,37,30190.179675172356,30206.428970598066
1595,38,30206.428970598066,30221.730212317263
1595,39,30221.730212317263,30243.592537752003
1595,40,30243.592537752003,30259.675454106844
1595,41,30259.675454106844,30277.424563151199
1595,42,30277.424563151199,30296.986350177114
1595,43,30296.986350177114,30314.043615575534
1595,44,30314.043615575534,30331.315007208352
1597,60,30996.508408205256,31027.459283526321
1597,62,31027.459283526321,31048.573433442463
1597,64,31048.573433442463,31069.164517154542
1597,66,31069.164517154542,31088.74233340201
1597,68,31088.74233340201,31109.185419267294
1597,70,31109.185419267294,31131.026886982021
1597,72,31131.026886982021,31155.105974645012
1597,74,31155.105974645012,31174.926872315245
1598,64,32648.174556820744,32664.271777722053
1598,66,32664.271777722053,32681.28845247953
1599,139,53335.35278514176,53343.43190399318
1599,137,53343.43190399318,53352.139724880144
1599,135,53352.139724880144,53360.146031946235
1599,133,53360.146031946235,53367.653642977057
1599,131,53367.653642977057,53375.161254007879
1599,129,53375.161254007879,53384.503194357727
1599,127,53384.503194357727,53395.35350651198
1599,125,53395.35350651198,53405.623751655585
1599,123,53405.623751655585,53413.703718553879
1599,121,53413.703718553879,53422.444606621328
1601,102,29816.642559595592,29840.843482122513
1601,103,29840.843482122513,29861.00664108733
1601,136,29903.00912756336,29921.469281287944
1602,144,36966.633514736925,36981.950263158738
1604,99,34485.942144237073,34499.000791273036
1604,128,34525.482080781811,34537.265084333914
1604,130,34537.265084333914,34548.27273330366
1604,132,34548.27273330366,34562.141541210331
1604,134,34562.141541210331,34572.615437511486
1604,136,34572.615437511486,34582.91710762008
1604,138,34582.91710762008,34593.967427610973
1604,140,34593.967427610973,34604.961505321284
1604,142,34604.961505321284,34616.683855573669
1605,68,66690.951896180864,66709.615741169197
1605,70,66709.615741169197,66723.662870564774
1605,72,66723.662870564774,66745.598377190952
1606,2,26155.211995302157,26165.400112558425
1606,4,26165.400112558425,26177.979376811974
1606,6,26177.979376811974,26190.812330183631
1606,8,26190.812330183631,26202.594652767202
1606,10,26202.594652767202,26212.387487339503
1606,12,26212.387487339503,26222.372324226893
1606,14,26222.372324226893,26234.786679786295
1607,83,45503.596224173438,45509.74414254546
1607,81,45509.74414254546,45519.10326610085
1608,128,66340.008512433837,66359.445853995567
1608,130,66359.445853995567,66376.201240242008
1608,132,66376.201240242008,66391.811221216238
1608,134,66391.811221216238,66406.449376649762
1608,136,66406.449376649762,66420.560077586852
1608,138,66420.560077586852,66434.165365577384
1608,140,66434.165365577384,66446.618767598527
1608,142,66446.618767598527,66461.804535985444
1609,120,55997.225024580766,56007.466312769306
1609,122,56007.466312769306,56017.712821806461
1609,124,56017.712821806461,56028.218798957765
1609,126,56028.218798957765,56039.863932522232
1611,128,24320.47164710112,24331.491312948845
1611,130,24331.491312948845,24342.283344322263
1611,132,24342.283344322263,24352.966985742747
1611,134,24352.966985742747,24363.096152805094
1611,136,24363.096152805094,24372.840208379119
1611,138,24372.840208379119,24382.367242407185
1612,61,68030.544665450274,68045.876045164434
1613,60,63607.528140561182,63622.430432278008
1613,62,63622.430432278008,63634.11160552143
1613,64,63634.11160552143,63644.771503169824
1614,60,60381.494637311567,60395.138306243243
1614,62,60395.138306243243,60408.811964522429
1614,64,60408.811964522429,60423.121394054375
1614,66,60423.121394054375,60434.408844863196
1614,68,60434.408844863196,60450.549988706385
1614,70,60450.549988706385,60466.063295559747
1614,72,60466.063295559747,60482.254363192878
1614,74,60482.254363192878,60495.886909464381
1614,104,60525.516996227008,60544.565776580101
1615,13,35944.451694629839,35958.134078456176
1615,11,35958.134078456176,35971.591385948799
1615,9,35971.591385948799,35984.92871377938
1615,7,35984.92871377938,35997.60421007486
1615,5,35997.60421007486,36011.895653938387
1615,3,36011.895653938387,36024.801124901038
1615,1,36024.801124901038,36039.158301707037
1617,75,41812.93823790492,41822.360220706854
1617,73,41822.360220706854,41834.05659568539
1617,71,41834.05659568539,41842.020705825431
1617,69,41842.020705825431,41853.388462083036
1618,122,36052.737527812569,36067.832011360704
1618,124,36067.832011360704,36078.948677564287
1618,126,36078.948677564287,36089.858595570542
1618,68,36137.680641293155,36146.949159804208
1619,71,66321.803440797448,66338.295389141422
1619,69,66338.295389141422,66355.576558454486
1619,67,66355.576558454486,66374.221280534039
1619,65,66374.221280534039,66393.266957580126
1619,63,66393.266957580126,66411.344266347311
1619,61,66411.344266347311,66429.370673057201
1620,132,31707.160305634516,31734.391035939771
1620,134,31734.391035939771,31751.612476213217
1621,72,43716.747887030098,43726.188497940828
1621,74,43726.188497940828,43735.151821477186
1622,120,64345.365082219301,64360.410637980574
1622,122,64360.410637980574,64375.038577134903
1622,124,64375.038577134903,64390.663705886283
1622,126,64390.663705886283,64404.254076573234
1622,128,64404.254076573234,64422.364568286495
1622,130,64422.364568286495,64436.210805995863
1622,132,64436.210805995863,64453.683678167363
1622,134,64453.683678167363,64469.526937935305
1623,14,56312.518710674958,56321.554367649791
1627,76,77553.298376556806,77561.62060908592
1627,78,77561.62060908592,77569.477454698674
1627,80,77569.477454698674,77578.957693266493
1628,72,65511.669358014275,65536.115513182041
1628,74,65536.115513182041,65556.297317847566
1629,128,77151.552700238084,77160.437240942541
1629,130,77160.437240942541,77172.325214381577
1629,132,77172.325214381577,77181.56107303148
1630,127,64534.607156659156,64551.641112563993
1630,125,64551.641112563993,64562.579232183656
1631,24,66981.038957401077,67000.470180011587
1632,40,71134.523971072238,71151.894876242717
1632,10,71185.109408606018,71196.412634888955
1632,12,71196.412634888955,71207.855403876267
1633,75,72688.526225734866,72702.692379159344
1633,73,72702.692379159344,72713.86608834294
1633,71,72713.86608834294,72726.479113227018
1633,69,72726.479113227018,72737.887595727356
1633,67,72737.887595727356,72750.848409152255
1633,65,72750.848409152255,72767.269901131149
1633,63,72767.269901131149,72779.397112808219
1633,61,72779.397112808219,72791.226089207616
1635,70,71123.862962154657,71140.595967742047
1635,72,71140.595967742047,71156.241851425002
1635,74,71156.241851425002,71169.430990076668
1635,76,71169.430990076668,71181.824562158756
1635,78,71181.824562158756,71195.476946137249
1637,136,26963.94207916818,26976.300541664066
1637,138,26976.300541664066,26990.275600800072
1638,68,27385.704859296835,27397.795065730254
1638,70,27397.795065730254,27409.505427249544
1638,72,27409.505427249544,27426.50082060101
1638,74,27426.50082060101,27438.962568966941
1638,76,27438.962568966941,27451.785962381462
1638,78,27451.785962381462,27465.543773132966
1638,80,27465.543773132966,27478.836671540368
1639,75,49669.749546215462,49679.855036249122
1639,73,49679.855036249122,49689.726150588045
1639,71,49689.726150588045,49701.344106211356
1639,69,49701.344106211356,49712.822267452415
1639,67,49712.822267452415,49723.108500341674
1639,65,49723.108500341674,49732.08236673777
1639,63,49732.08236673777,49742.151944647565
1640,131,25721.541901594141,25734.119346482206
1640,129,25734.119346482206,25743.547338741486
1640,27,25829.314778013715,25845.623528689553
1641,70,23166.826448157732,23175.832815328602
1641,72,23175.832815328602,23184.494575899636
1641,74,23184.494575899636,23192.763175615208
1642,143,42699.930522495422,42709.477865166038
1642,141,42709.477865166038,42718.390576146005
1642,139,42718.390576146005,42727.324130370645
1642,137,42727.324130370645,42735.568687111896
1642,135,42735.568687111896,42744.198027254432
1642,133,42744.198027254432,42753.675900541581
1642,131,42753.675900541581,42764.526636978095
1642,129,42764.526636978095,42774.625990601526
1643,79,31677.422401934484,31692.415346342095
1643,77,31692.415346342095,31709.576145983548
1643,75,31709.576145983548,31726.858803262214
1643,73,31726.858803262214,31749.520332996512
1643,71,31749.520332996512,31768.945144171481
1643,69,31768.945144171481,31787.373786232951
1643,67,31787.373786232951,31804.189603910108
1643,65,31804.189603910108,31820.159917764755
1644,72,24402.950952823157,24412.074496076992
1644,74,24412.074496076992,24420.349768372536
1644,76,24420.349768372536,24428.477087451352
1644,78,24428.477087451352,24436.566156645866
1644,80,24436.566156645866,24444.857561044253
1644,82,24444.857561044253,24453.771339351173
1645,47,70038.912781646097,70057.753559393983
1645,83,70090.146111092443,70105.884687748447
1645,81,70105.884687748447,70123.828252655512
1645,79,70123.828252655512,70140.17586771879
1645,77,70140.17586771879,70155.489320554814
1646,128,52215.818524068127,52223.951588604301
1646,130,52223.951588604301,52233.250293774312
1646,149,52245.980253308742,52259.250938203142
1647,21,76470.44301838387,76478.407405705773
1647,19,76478.407405705773,76486.216620892126
1647,17,76486.216620892126,76494.634732030419
1648,136,72855.357177893733,72868.74015707252
1648,138,72868.74015707252,72881.704531617201
1648,140,72881.704531617201,72894.237234175438
1648,142,72894.237234175438,72907.569703844027
1649,14,47246.010253617045,47256.915660754559
1649,44,47278.613664450633,47294.974159966252
1650,128,32247.484202417163,32265.648083549826
1650,130,32265.648083549826,32281.608347886548
1650,132,32281.608347886548,32300.603348475684
1650,134,32300.603348475684,32315.936737626249
1650,136,32315.936737626249,32329.645767627768
1650,138,32329.645767627768,32347.329038801035
1650,140,32347.329038801035,32365.765994316942
1650,142,32365.765994316942,32380.924831469041
1651,60,35546.677370466721,35556.786668061643
1651,62,35556.786668061643,35567.70440146044
1651,64,35567.70440146044,35578.622134859244
1651,66,35578.622134859244,35590.213191585877
1651,68,35590.213191585877,35602.572971450165
1651,70,35602.572971450165,35612.719490163639
1651,72,35612.719490163639,35625.119277877806
1651,74,35625.119277877806,35636.250145253034
1651,76,35636.250145253034,35647.359208553244
1651,78,35647.359208553244,35658.034942515405
1651,80,35658.034942515405,35667.824825430427
1652,10,75187.593071405194,75200.329827420093
1652,12,75200.329827420093,75210.43065120079
1652,14,75210.43065120079,75220.77199495463
1652,76,75263.318283798202,75274.582468300359
1652,78,75274.582468300359,75284.141015364308
1652,80,75284.141015364308,75293.500530824604
1652,82,75293.500530824604,75302.332514243157
1653,28,66789.110454613212,66815.02546506458
1653,51,66862.147463622823,66884.149675545457
1654,103,48719.807833406121,48736.88509009283
1654,76,48755.115595253206,48764.423505895254
1654,78,48764.423505895254,48774.688439441059
1654,80,48774.688439441059,48784.288057091006
1654,82,48784.288057091006,48793.904780606033
1655,143,67389.312830674971,67404.603834774229
1655,141,67404.603834774229,67418.040037404382
1655,139,67418.040037404382,67431.581181792251
1655,137,67431.581181792251,67448.08291666182
1655,135,67448.08291666182,67464.030399525582
1655,133,67464.030399525582,67483.86996040729
1655,131,67483.86996040729,67500.827491040065
1655,129,67500.827491040065,67520.124997370323
1656,128,67385.6703074697,67404.448519841695
1656,130,67404.448519841695,67417.546852159241
1656,132,67417.546852159241,67433.889570586252
1656,134,67433.889570586252,67454.065413485543
1656,76,67526.923512838926,67548.50510288353
1656,78,67548.50510288353,67559.300629793492
1656,80,67559.300629793492,67574.376853048059
1657,122,50992.573173149925,51002.661393205039
1657,124,51002.661393205039,51012.515942097329
1657,126,51012.515942097329,51021.866125921464
1657,128,51021.866125921464,51031.347528938699
1657,130,51031.347528938699,51041.610443490397
1657,132,51041.610443490397,51051.840022602286
1657,134,51051.840022602286,51060.945645063635
1657,16,51138.55894137724,51148.157132761837
1658,77,29621.316664344293,29637.77947955548
1658,75,29637.77947955548,29658.887236244227
1658,73,29658.887236244227,29685.174886370973
1658,71,29685.174886370973,29702.493570651783
1658,69,29702.493570651783,29721.754630982705
1658,51,29745.244470240308,29767.718356155921
1658,50,29767.718356155921,29787.761264717246
1658,49,29787.761264717246,29815.605920480146
1659,92,72222.282746005294,72235.053207133635
1659,75,72245.798631906349,72255.283984182897
1659,73,72255.283984182897,72268.895454367666
1659,71,72268.895454367666,72282.08425846677
1659,69,72282.08425846677,72292.105727586197
1659,67,72292.105727586197,72301.716683571154
1660,60,53856.281088216158,53864.95818658088
1660,62,53864.95818658088,53872.581149778525
1660,64,53872.581149778525,53880.478588097001
1660,66,53880.478588097001,53888.959878537666
1660,128,53925.935026980493,53932.744050207439
1660,130,53932.744050207439,53941.927621756935
1661,68,65262.761196153653,65280.730342589159
1661,70,65280.730342589159,65295.222156435615
1661,72,65295.222156435615,65309.702108131714
1661,74,65309.702108131714,65325.940082123911
1661,76,65325.940082123911,65341.773235876833
1661,78,65341.773235876833,65355.347644095389
1662,126,30196.401578179568,30211.421178276585
1662,128,30211.421178276585,30228.642441585558
1662,130,30228.642441585558,30245.268937984009
1662,132,30245.268937984009,30263.004629546016
1662,134,30263.004629546016,30279.895634913904
1662,136,30279.895634913904,30296.004868238146
1662,138,30296.004868238146,30307.843310365894
1664,143,34928.932739782918,34944.549252522134
1664,141,34944.549252522134,34955.9922263513
1666,126,77580.329733135979,77588.943930604408
1667,68,29479.456259896859,29500.349879499296
1667,70,29500.349879499296,29517.143382859424
1667,72,29517.143382859424,29534.403264884535
1667,74,29534.403264884535,29550.167629702093
1670,133,76281.754563245515,76294.721903568614
1670,131,76294.721903568614,76303.799655883035
1670,129,76303.799655883035,76314.461877655063
1670,7,76393.308515993282,76403.696118509703
1670,5,76403.696118509703,76414.700888886335
1670,3,76414.700888886335,76423.575039430885
1672,100,30262.757281420316,30280.595414568808
1672,101,30280.595414568808,30300.674624163621
1672,102,30300.674624163621,30322.090270176508
1672,103,30322.090270176508,30345.450995729389
1672,136,30382.321260523328,30398.662588630483
1672,138,30398.662588630483,30414.185173637081
1673,102,32774.895947953883,32795.846609430897
1673,103,32795.846609430897,32814.120460867678
1674,28,36990.377544562529,37005.147924225399
1674,67,37037.962910116206,37047.724845633631
1674,65,37047.724845633631,37057.486781151048
1674,63,37057.486781151048,37068.209459328966
1674,61,37068.209459328966,37079.855978789725
1675,13,68777.1718441103,68793.97329728042
1675,11,68793.97329728042,68808.45895677009
1675,9,68808.45895677009,68823.141634287444
1675,7,68823.141634287444,68838.748843110719
1675,5,68838.748843110719,68855.118838813185
1675,3,68855.118838813185,68870.977499206347
1675,1,68870.977499206347,68897.782059244506
1676,141,37203.75936351571,37215.620391122327
1676,139,37215.620391122327,37228.503895283189
1677,139,71637.604383310128,71648.500702994221
1677,137,71648.500702994221,71661.318576077741
1677,135,71661.318576077741,71673.282806661111
1677,133,71673.282806661111,71683.11346346412
1678,81,31440.203399379992,31456.370598226385
1678,79,31456.370598226385,31472.289239983489
1678,77,31472.289239983489,31485.561499654261
1679,152,66440.553980598212,66462.147141758949
1680,128,24715.949015283866,24725.954958528
1680,130,24725.954958528,24737.765424545989
1680,132,24737.765424545989,24746.901710164864
1680,134,24746.901710164864,24756.466699259458
1681,100,63291.282069077621,63308.780787109827
1681,101,63308.780787109827,63327.174916964912
1681,102,63327.174916964912,63343.995292146348
1683,64,76215.569812162343,76224.684640294668
1683,66,76224.684640294668,76235.263286069618
1683,128,76278.70419374833,76288.591210525643
1683,130,76288.591210525643,76300.120058894157
1683,132,76300.120058894157,76309.628767603484
1683,134,76309.628767603484,76319.564435349152
1683,136,76319.564435349152,76330.527141678482
1683,138,76330.527141678482,76341.487308484429
1683,140,76341.487308484429,76351.33506795032
1683,142,76351.33506795032,76362.209509910928
1683,155,76373.448148639742,76387.190212948277
1684,135,29870.98999676128,29884.493466010947
1684,133,29884.493466010947,29909.809324163984
1684,131,29909.809324163984,29929.015968410182
1685,75,33867.642671622489,33882.319028638107
1685,73,33882.319028638107,33896.151325988561
1685,71,33896.151325988561,33909.841249921905
1685,69,33909.841249921905,33922.879174884729
1685,67,33922.879174884729,33939.313882809787
1686,118,67289.048669859141,67307.225494672763
1686,117,67307.225494672763,67328.581771828613
1686,116,67328.581771828613,67348.05403493355
1686,115,67348.05403493355,67371.760936353981
1687,135,24859.0663673001,24870.08526247567
1687,133,24870.08526247567,24881.533872353179
1687,131,24881.533872353179,24891.141323299813
1687,129,24891.141323299813,24901.351303534215
1687,127,24901.351303534215,24913.131217731752
1688,42,29748.406942499016,29768.696160420732
1688,43,29768.696160420732,29788.830577861077
1688,76,29819.977883929747,29839.067987689337
1688,78,29839.067987689337,29853.305142487287
1688,80,29853.305142487287,29866.42770435159
1689,69,70458.070902645821,70471.311313054204
1689,111,70518.480190814356,70533.24213614894
1690,122,66216.212209763078,66234.470257114619
1690,124,66234.470257114619,66249.532254378879
1690,126,66249.532254378879,66263.297864571476
1690,128,66263.297864571476,66282.643909525272
1690,130,66282.643909525272,66297.80153033635
1690,132,66297.80153033635,66313.595666484427
1690,134,66313.595666484427,66332.372095986138
1690,136,66332.372095986138,66344.87300695361
1690,138,66344.87300695361,66361.232197824138
1692,62,62259.876759066872,62273.740823992819
1692,64,62273.740823992819,62288.429351517312
1692,66,62288.429351517312,62301.032840653512
1693,9,34591.285324233744,34604.835546208669
1693,127,34708.644941768667,34721.896373807969
1693,125,34721.896373807969,34736.823860123812
1693,123,34736.823860123812,34748.751582872028
1693,121,34748.751582872028,34761.690189627407
1694,130,31957.114221442116,31971.832086403643
1694,132,31971.832086403643,31988.320656895226
1694,134,31988.320656895226,32003.686055779435
1694,44,32115.338042687774,32132.20442726613
1695,11,25644.169322136524,25655.552011407468
1695,9,25655.552011407468,25666.714572772555
1695,51,25703.451739130149,25717.977364292328
1697,9,41114.856693947142,41125.260684439374
1698,135,64042.474680117593,64055.650287984899
1698,133,64055.650287984899,64070.243990155082
1698,131,64070.243990155082,64086.905435839741
1698,129,64086.905435839741,64096.915583275608
1701,135,33832.753330258136,33850.09482812912
1701,133,33850.09482812912,33863.569547631632
1701,131,33863.569547631632,33879.662553233225
1701,129,33879.662553233225,33891.765520769877
1702,128,67916.765115186907,67934.946016527349
1702,130,67934.946016527349,67950.117464877534
1702,132,67950.117464877534,67964.422902633363
1702,134,67964.422902633363,67981.138998826209
1703,133,38650.559367816604,38662.850230573793
1703,131,38662.850230573793,38672.993535699185
1703,129,38672.993535699185,38682.096214829107
1704,116,50713.775908464529,50730.971826415334
1704,75,50759.340718969674,50768.007747471667
1704,73,50768.007747471667,50777.667022821508
1704,71,50777.667022821508,50785.845762007877
1704,69,50785.845762007877,50795.808427836055
1704,67,50795.808427836055,50805.729986900507
1704,65,50805.729986900507,50814.744022331899
1704,63,50814.744022331899,50823.502485149882
1704,61,50823.502485149882,50832.212959917058
1705,99,64261.923735048978,64283.977089108885
1705,68,64324.048764780702,64345.690872301333
1705,70,64345.690872301333,64364.549884850654
1706,62,77486.929821603757,77495.893744447472
1706,64,77495.893744447472,77504.113528473943
1706,66,77504.113528473943,77513.133352392324
1709,126,65394.626419495944,65406.450058769398
1709,128,65406.450058769398,65420.683836928125
1709,130,65420.683836928125,65433.796554736531
1709,132,65433.796554736531,65448.323691980411
1709,134,65448.323691980411,65461.414900946089
1709,136,65461.414900946089,65474.464978181633
1710,6,23539.982564031816,23550.251913598884
1710,128,23635.091174690162,23645.518408696877
1710,130,23645.518408696877,23657.383992427061
1710,132,23657.383992427061,23667.628936590478
1710,134,23667.628936590478,23677.239746417683
1710,136,23677.239746417683,23686.758607313663
1710,138,23686.758607313663,23698.817117606788
1710,140,23698.817117606788,23711.140304374789
1711,75,45975.773468594125,45985.044120355473
1711,73,45985.044120355473,45993.501876262671
1711,71,45993.501876262671,46001.311406530032
1711,69,46001.311406530032,46009.35660665539
1711,67,46009.35660665539,46016.629246151519
1711,65,46016.629246151519,46023.686246815916
1711,63,46023.686246815916,46031.696444222041
1711,61,46031.696444222041,46040.256247741105
1712,141,77425.573929980193,77434.331620915676
1712,139,77434.331620915676,77441.898119708552
1712,137,77441.898119708552,77449.657705406134
1713,127,57565.722086284164,57574.542867899392
1713,125,57574.542867899392,57585.097486452731
1713,123,57585.097486452731,57593.75362595074
1714,152,30269.485754288242,30288.254033387282
1714,31,30428.968288400203,30447.890184768265
1714,30,30447.890184768265,30475.247494180669
1715,100,35844.968168076724,35858.882393889384
1716,141,31673.334138221755,31689.816479168883
1716,139,31689.816479168883,31706.241351894139
1716,137,31706.241351894139,31724.243771124642
1716,135,31724.243771124642,31741.754944747205
1716,133,31741.754944747205,31759.190110924472
1717,8,64940.493464769199,64961.570569007679
1719,77,34745.70679599743,34755.034528601544
1719,75,34755.034528601544,34767.624806584179
1719,73,34767.624806584179,34778.418861013721
1719,71,34778.418861013721,34788.795013304632
1719,69,34788.795013304632,34798.738893820919
1721,135,42758.448974055333,42766.304374338186
1721,133,42766.304374338186,42776.737463261285
1721,131,42776.737463261285,42787.008511780004
1721,129,42787.008511780004,42795.751884331083
1721,67,42830.138085459424,42838.14194669688
1721,65,42838.14194669688,42847.123464613695
1721,63,42847.123464613695,42858.224395622223
1721,61,42858.224395622223,42869.906808117928
1722,64,30436.318903644598,30453.068500800553
1722,66,30453.068500800553,30467.210677889198
1722,100,30499.13977413678,30514.75630226095
1722,101,30514.75630226095,30529.855080725178
1722,102,30529.855080725178,30546.681369803871
1724,100,31108.493977307378,31123.922356083131
1724,101,31123.922356083131,31143.435258805013
1724,102,31143.435258805013,31160.199230115311
1724,103,31160.199230115311,31183.598856622462
1726,115,67371.133583415562,67389.952308024614
1726,114,67389.952308024614,67414.520635534107
1726,113,67414.520635534107,67436.563164351202
1726,112,67436.563164351202,67456.424977487026
1728,153,66535.822615563447,66554.646764069752
1728,152,66554.646764069752,66574.284961423138
1728,151,66574.284961423138,66594.806077393456
1728,150,66594.806077393456,66610.69692070203
1728,149,66610.69692070203,66635.559452029032
1728,148,66635.559452029032,66658.205409629561
1729,83,46270.313287387653,46278.705296395608
1729,81,46278.705296395608,46287.191926022264
1729,79,46287.191926022264,46296.281918650173
1729,77,46296.281918650173,46306.446634855056
1730,70,71311.72873088911,71325.801427043698
1730,72,71325.801427043698,71338.931764971217
1730,74,71338.931764971217,71351.022886608043
1730,76,71351.022886608043,71362.666021168727
1730,78,71362.666021168727,71376.073786239198
1731,42,67062.989250926723,67085.268186656467
1731,43,67085.268186656467,67106.190622829585
1733,120,33489.745261487988,33503.221405486744
1733,122,33503.221405486744,33514.779657386542
1733,124,33514.779657386542,33526.67364075753
1733,126,33526.67364075753,33539.076446403902
1734,138,31176.103669588872,31191.775403710144
1734,140,31191.775403710144,31206.918801689488
1734,142,31206.918801689488,31227.324292252189
1735,124,63392.241683196822,63405.417861542322
1735,126,63405.417861542322,63416.912962767929
1735,128,63416.912962767929,63428.144683174265
1735,130,63428.144683174265,63440.449897998777
1736,83,69800.14016200167,69815.963856813105
1736,81,69815.963856813105,69828.036788972982
1736,79,69828.036788972982,69842.615096072142
1736,77,69842.615096072142,69856.47919004166
1736,75,69856.47919004166,69873.329072398439
1736,73,69873.329072398439,69886.88118565816
1736,71,69886.88118565816,69901.830177575146
1736,69,69901.830177575146,69918.006390022449
1737,11,36190.106007690891,36201.796075794497
1737,9,36201.796075794497,36212.056131408055
1737,51,36247.713101977548,36262.430616045982
1738,79,38828.484262357313,38838.261169292658
1738,77,38838.261169292658,38846.642791166079
1739,39,30939.974232918325,30965.762835531776
1739,40,30965.762835531776,30989.59743514824
1739,41,30989.59743514824,31007.574918433162
1739,42,31007.574918433162,31035.149403310857
1739,43,31035.149403310857,31056.676966817762
1739,44,31056.676966817762,31079.287844742885
1739,45,31079.287844742885,31105.106527909982
1739,46,31105.106527909982,31125.48880856327
1739,47,31125.48880856327,31141.652760292105
1740,133,28672.046145189219,28687.455842993801
1740,131,28687.455842993801,28706.449114297779
1740,129,28706.449114297779,28720.615500732634
1740,127,28720.615500732634,28735.168668728631
1740,125,28735.168668728631,28748.350585350963
1740,123,28748.350585350963,28759.981442095101
1740,121,28759.981442095101,28779.131146340082
1741,69,33688.752316174825,33700.347384288478
1741,67,33700.347384288478,33715.247244117236
1741,65,33715.247244117236,33728.497848951934
1741,63,33728.497848951934,33741.754975262207
1741,61,33741.754975262207,33755.008797816306
1742,81,65638.365154349522,65651.764730190684
1742,79,65651.764730190684,65666.328232293425
1742,77,65666.328232293425,65680.087515250925
1742,15,65741.417166311279,65757.377227374032
1742,13,65757.377227374032,65775.635979360086
1742,11,65775.635979360086,65791.753129308185
1743,143,43702.086228913111,43712.041971310209
1743,141,43712.041971310209,43722.054353767293
1743,139,43722.054353767293,43731.995779064964
1743,137,43731.995779064964,43742.542953232783
1743,135,43742.542953232783,43750.406084197661
1743,133,43750.406084197661,43760.09705563524
1743,131,43760.09705563524,43769.979827591378
1743,129,43769.979827591378,43779.222744006598
1743,87,43808.329199408035,43822.569247678097
1745,81,68010.299447008598,68022.858249889774
1745,79,68022.858249889774,68037.066230046636
1745,77,68037.066230046636,68053.444897702502
1745,75,68053.444897702502,68068.938228317755
1745,73,68068.938228317755,68088.230045600038
1745,71,68088.230045600038,68108.19635590096
1745,69,68108.19635590096,68120.685888185617
1745,67,68120.685888185617,68136.306967761309
1748,75,74366.337523444439,74375.154505133411
1748,73,74375.154505133411,74383.653507685463
1748,71,74383.653507685463,74394.125729498628
1748,69,74394.125729498628,74404.761949214997
1749,132,64209.770959254492,64226.770783787353
1749,134,64226.770783787353,64241.598954044857
1750,135,52808.075770485972,52817.981244042785
1750,133,52817.981244042785,52829.715116799824
1751,62,25814.235231689396,25824.898009917411
1751,64,25824.898009917411,25833.897019006723
1751,66,25833.897019006723,25842.710310022474
1751,68,25842.710310022474,25853.351136978301
1752,96,26831.30208634365,26847.30846418818
1752,97,26847.30846418818,26866.16923739286
1752,98,26866.16923739286,26884.095405222637
1752,99,26884.095405222637,26898.423191370104
1752,100,26898.423191370104,26912.14189547065
1753,71,66768.403757913213,66786.229103105667
1753,69,66786.229103105667,66802.79188343187
1755,72,58136.767916426259,58148.417809966813
1755,74,58148.417809966813,58160.339198752175
1755,76,58160.339198752175,58171.266819409917
1755,78,58171.266819409917,58183.392522123169
1756,135,29655.845756202783,29670.011039772042
1756,133,29670.011039772042,29690.636496728479
1756,131,29690.636496728479,29711.492276272667
1756,129,29711.492276272667,29726.244845581256
1756,27,29891.247207132117,29912.067987617167
1756,26,29912.067987617167,29933.477888716909
1756,25,29933.477888716909,29949.409428227613
1757,67,69128.054075428561,69147.433628932515
1757,65,69147.433628932515,69161.781153939213
1758,130,65328.525165294785,65344.916019401804
1758,132,65344.916019401804,65360.735252565777
1758,134,65360.735252565777,65378.393727277617
1758,16,65526.979026659857,65543.192825972423
1758,18,65543.192825972423,65561.352917257944
1759,77,32904.818965281716,32917.607595567446
1759,75,32917.607595567446,32931.732973838421
1759,73,32931.732973838421,32951.371180558264
1759,71,32951.371180558264,32970.278088401348
1759,69,32970.278088401348,32983.416859574914
1759,67,32983.416859574914,33002.763785860167
1759,65,33002.763785860167,33016.623194213498
1759,63,33016.623194213498,33035.941488098106
1759,61,33035.941488098106,33052.771776862472
1761,72,56562.498073469214,56571.457489898603
1761,74,56571.457489898603,56580.06507985077
1761,76,56580.06507985077,56588.089018371822
1761,78,56588.089018371822,56596.112956892881
1761,80,56596.112956892881,56604.838143817047
1761,82,56604.838143817047,56613.627957379424
1762,120,35615.558656759204,35627.291235863631
1762,122,35627.291235863631,35638.499194086682
1762,124,35638.499194086682,35651.073871720422
1762,126,35651.073871720422,35661.693703224606
1763,18,56514.982662988252,56524.205880506488
1763,20,56524.205880506488,56533.904488073575
1763,22,56533.904488073575,56541.650333087295
1765,79,30614.032149668186,30631.461034628774
1765,77,30631.461034628774,30644.778455874555
1765,135,30719.218181540036,30737.154964948633
1765,133,30737.154964948633,30756.189673768687
1765,131,30756.189673768687,30777.016331548402
1765,129,30777.016331548402,30794.986332143875
1766,128,70020.815625571107,70036.068060385966
1766,130,70036.068060385966,70049.812520439213
1766,132,70049.812520439213,70062.654145544759
1766,134,70062.654145544759,70075.245746337881
1766,136,70075.245746337881,70088.999268765619
1767,57,24768.805098004505,24784.990052879359
1767,56,24784.990052879359,24800.929106073101
1767,31,24826.110383504187,24840.614200996883
1768,122,28830.458858913866,28845.198922591775
1768,124,28845.198922591775,28857.238665455843
1768,126,28857.238665455843,28876.623621125171
1768,128,28876.623621125171,28895.599800408163
1768,130,28895.599800408163,28912.992681171192
1768,132,28912.992681171192,28929.265340803595
1768,134,28929.265340803595,28948.662659126214
1768,136,28948.662659126214,28962.467094475487
1768,138,28962.467094475487,28981.130098632621
1768,140,28981.130098632621,28999.583975758647
1768,142,28999.583975758647,29015.310180408131
1769,120,29599.657173079402,29613.832908927616
1769,122,29613.832908927616,29627.781521305522
1769,124,29627.781521305522,29640.897847811524
1769,126,29640.897847811524,29654.394304836933
1769,128,29654.394304836933,29674.060920004402
1769,130,29674.060920004402,29691.650424666139
1769,132,29691.650424666139,29708.942090166725
1769,134,29708.942090166725,29727.604570776337
1769,16,29881.156357961667,29896.886215367442
1769,18,29896.886215367442,29914.007824572869
1770,79,50844.334273648165,50853.94590193867
1770,77,50853.94590193867,50861.439926200699
1770,75,50861.439926200699,50869.709142865308
1770,73,50869.709142865308,50878.138796221938
1770,71,50878.138796221938,50886.306943706724
1770,69,50886.306943706724,50893.720890165365
1770,127,50933.837750993283,50942.93471722582
1770,125,50942.93471722582,50951.451467456165
1770,123,50951.451467456165,50960.11674349237
1770,121,50960.11674349237,50969.539669012534
1771,2,75360.63386033698,75371.515498016437
1771,4,75371.515498016437,75383.600669880339
1771,6,75383.600669880339,75394.953290487567
1771,68,75439.079474749291,75451.003816171098
1773,128,32002.164344817902,32017.244362242778
1774,98,56342.854971618348,56359.102432668624
1774,99,56359.102432668624,56374.555254265666
1774,100,56374.555254265666,56390.629368727416
1774,101,56390.629368727416,56405.888830983436
1775,120,31093.744386273655,31110.597010539743
1775,122,31110.597010539743,31128.125350617487
1775,124,31128.125350617487,31141.291566558812
1775,126,31141.291566558812,31155.984305536465
1776,71,57305.883215485308,57316.23071158371
1776,69,57316.23071158371,57325.372906100485
1777,32,33229.843518045818,33252.483413459922
1777,55,33282.72059019094,33303.3414193313
1779,130,33897.172269774805,33909.071504788779
1779,132,33909.071504788779,33923.794051062592
1779,134,33923.794051062592,33938.744776988649
1779,136,33938.744776988649,33950.906074170554
1779,138,33950.906074170554,33961.194827187544
1780,128,26456.296797281015,26470.179655218824
1780,130,26470.179655218824,26481.246706044622
1780,132,26481.246706044622,26493.219587800104
1780,134,26493.219587800104,26505.400057128063
1780,136,26505.400057128063,26517.06242881955
1780,138,26517.06242881955,26528.29639688446
1780,140,26528.29639688446,26541.393264583938
1780,142,26541.393264583938,26553.973390092622
1781,99,68876.313717503625,68897.348464421128
1781,68,68923.367965894548,68937.17353189479
1781,70,68937.17353189479,68950.233332305201
1781,72,68950.233332305201,68964.663676323544
1781,74,68964.663676323544,68976.970551915088
1782,77,32191.09489452004,32205.752158794323
1782,75,32205.752158794323,32234.4624921984
1782,73,32234.4624921984,32258.734952034389
1782,71,32258.734952034389,32278.594842038434
1782,69,32278.594842038434,32296.252880842698
1783,152,32660.531739707298,32679.229708564631
1783,135,32692.206027573036,32707.368532385601
1783,133,32707.368532385601,32727.549585740202
1783,131,32727.549585740202,32747.110359597533
1783,129,32747.110359597533,32763.478867091944
1783,127,32763.478867091944,32783.090209463546
1783,125,32783.090209463546,32799.465886937774
1783,123,32799.465886937774,32812.51273835163
1783,121,32812.51273835163,32832.604827731651
1784,139,22557.847271914034,22569.482933654715
1784,137,22569.482933654715,22579.171973812576
1784,135,22579.171973812576,22589.824349993778
1784,133,22589.824349993778,22602.569630728118
1784,131,22602.569630728118,22612.080503100573
1784,129,22612.080503100573,22621.691681555803
1784,127,22621.691681555803,22630.835666434999
1784,125,22630.835666434999,22642.670899140012
1785,6,52735.829579882789,52744.132035208888
1785,68,52780.638202116883,52790.516904601791
1785,70,52790.516904601791,52799.370004507684
1785,72,52799.370004507684,52808.154752251205
1785,74,52808.154752251205,52816.736991572521
1785,136,52854.597537033616,52863.001269513617
1785,138,52863.001269513617,52871.270881015393
1785,140,52871.270881015393,52881.230802945414
1785,107,52910.267988618645,52924.812140121372
1788,152,67424.778330442234,67442.634110228639
1791,136,57219.278758366636,57229.022475031532
1791,138,57229.022475031532,57242.522388828715
1792,83,30693.164716153969,30714.04627647483
1792,81,30714.04627647483,30734.704700679449
1793,143,70104.472964394401,70117.247354719162
1793,141,70117.247354719162,70132.21162273307
1793,139,70132.21162273307,70146.067190741189
1794,28,56511.017032997828,56526.57029046656
1795,139,78804.86851821786,78815.142276387298
1795,137,78815.142276387298,78827.340471300296
1796,129,69874.657369212408,69887.739245384975
1797,40,34468.113367672064,34490.606202734802
1797,41,34490.606202734802,34509.247627677352
1797,42,34509.247627677352,34532.450198220627
1797,43,34532.450198220627,34555.038655421682
1798,135,72952.198196968224,72964.574576780215
1798,133,72964.574576780215,72976.088161683845
1798,131,72976.088161683845,72985.977577880985
1798,129,72985.977577880985,72996.591435678056
1798,127,72996.591435678056,73008.847463446902
1798,125,73008.847463446902,73017.525260943439
1798,123,73017.525260943439,73027.50009182551
1798,121,73027.50009182551,73038.883941037915
1799,64,68515.482022588301,68532.801606576424
1799,66,68532.801606576424,68549.383463185921
1800,8,67051.381517276313,67069.022144300659
1800,10,67069.022144300659,67087.128894580688
1800,12,67087.128894580688,67102.448896345217
1800,14,67102.448896345217,67116.751533670176
1800,16,67116.751533670176,67130.153733637504
1801,136,74404.206299755155,74416.349803047793
1801,138,74416.349803047793,74427.958601924314
1802,136,70987.962383264094,70999.678176358808
1802,138,70999.678176358808,71010.978365558069
1803,120,64767.300148698603,64783.503500035455
1803,122,64783.503500035455,64798.19684429402
1803,124,64798.19684429402,64812.70419984679
1804,64,65177.551317335281,65190.497716599508
1804,66,65190.497716599508,65205.203645168593
1805,83,39435.728322366449,39445.210174353284
1805,81,39445.210174353284,39454.642299038314
1805,79,39454.642299038314,39464.323297533563
1805,77,39464.323297533563,39474.098147459568
1805,75,39474.098147459568,39483.194433088334
1805,73,39483.194433088334,39491.796074388163
1805,71,39491.796074388163,39500.502635182413
1805,69,39500.502635182413,39509.952245807995
1805,67,39509.952245807995,39520.65818083311
1805,65,39520.65818083311,39531.277148339002
1805,63,39531.277148339002,39543.037235220756
1805,61,39543.037235220756,39552.355253729576
1806,60,69313.754951488081,69334.280137234688
1806,62,69334.280137234688,69348.465032880675
1806,64,69348.465032880675,69361.439201674861
1806,66,69361.439201674861,69375.678191378131
1807,103,65113.316361103411,65137.055402072096
1807,104,65137.055402072096,65164.863730582627
1807,105,65164.863730582627,65188.980461730833
1807,106,65188.980461730833,65206.194790844289
1808,28,40008.102045389984,40022.960537881161
1808,67,40055.044129923801,40064.399004726547
1808,65,40064.399004726547,40074.762015168875
1808,63,40074.762015168875,40085.66809153201
1808,61,40085.66809153201,40094.723478285086
1809,60,41988.608203624353,41998.168153666404
1809,62,41998.168153666404,42008.370270682637
1809,64,42008.370270682637,42019.821131879246
1809,66,42019.821131879246,42029.273219765324
1809,68,42029.273219765324,42036.529102857254
1809,70,42036.529102857254,42045.945959586184
1809,72,42045.945959586184,42055.48692541755
1809,74,42055.48692541755,42066.692984703797
1809,44,42086.988921656353,42104.269899284525
1810,7,62290.777934229038,62303.361713962695
1810,5,62303.361713962695,62316.176718758194
1811,98,38495.778692478947,38512.032860658794
1811,99,38512.032860658794,38526.907590190218
1812,17,66259.154260942683,66282.001331227206
1812,75,66352.563447986176,66374.020647723621
1812,73,66374.020647723621,66399.096580250902
1812,71,66399.096580250902,66419.762621561749
1812,69,66419.762621561749,66439.247012861902
1812,67,66439.247012861902,66463.083237728788
1812,65,66463.083237728788,66483.546801644305
1812,63,66483.546801644305,66505.579362102246
1812,61,66505.579362102246,66525.732337523819
1813,138,32103.74290787393,32121.311116815225
1813,140,32121.311116815225,32137.594070801464
1813,142,32137.594070801464,32156.637488080487
1814,120,27966.489487535833,27980.170911951267
1814,122,27980.170911951267,27995.061263026095
1814,124,27995.061263026095,28008.806136165585
1814,126,28008.806136165585,28022.55100930508
1815,128,26779.358823100869,26791.853065546016
1815,130,26791.853065546016,26803.67492750386
1815,132,26803.67492750386,26816.191666878356
1815,134,26816.191666878356,26828.885706117628
1815,136,26828.885706117628,26842.139699718398
1817,0,38265.78546051414,38274.401939118296
1817,2,38274.401939118296,38283.992070082277
1817,4,38283.992070082277,38293.364535547269
1819,75,29320.25204480617,29346.431709383731
1819,73,29346.431709383731,29372.134493403795
1819,71,29372.134493403795,29394.252491719817
1819,69,29394.252491719817,29407.539329402265
1819,67,29407.539329402265,29431.237372835349
1819,65,29431.237372835349,29450.390241504225
1819,63,29450.390241504225,29467.980968330252
1819,61,29467.980968330252,29484.832044559455
1820,136,69856.916117690038,69875.480373787519
1820,138,69875.480373787519,69893.624061405324
1821,19,37378.564583920888,37388.660620973977
1821,17,37388.660620973977,37399.236925838894
1821,135,37482.473580472004,37492.492868522859
1821,133,37492.492868522859,37503.055954320429
1821,131,37503.055954320429,37512.498425398611
1821,129,37512.498425398611,37522.398459869961
1822,122,69823.307816600951,69834.432772003842
1822,124,69834.432772003842,69844.978050571211
1822,126,69844.978050571211,69855.523329138581
1823,143,73688.737336891238,73698.111516249817
1823,141,73698.111516249817,73707.183849677996
1823,139,73707.183849677996,73717.651063952682
1823,137,73717.651063952682,73726.885088238007
1823,135,73726.885088238007,73735.745785262887
1823,133,73735.745785262887,73745.038004570088
1823,131,73745.038004570088,73754.469175689272
1823,129,73754.469175689272,73764.314789493015
1823,127,73764.314789493015,73773.70134210847
1823,125,73773.70134210847,73781.738840858001
1823,123,73781.738840858001,73790.664818680423
1823,121,73790.664818680423,73800.116614914761
1824,124,62424.609446934744,62436.544837312882
1824,126,62436.544837312882,62446.597468034633
1824,128,62446.597468034633,62457.150486733568
1824,130,62457.150486733568,62466.813469809895
1824,132,62466.813469809895,62476.809043657304
1824,134,62476.809043657304,62487.359303811405
1825,140,70788.635054176048,70803.051663314909
1825,142,70803.051663314909,70812.637601810522
1826,122,60572.191962864126,60584.120003000782
1826,124,60584.120003000782,60596.279076988823
1826,126,60596.279076988823,60608.444127778996
1827,124,67484.087202212861,67495.926938827033
1827,126,67495.926938827033,67507.54486578166
1827,128,67507.54486578166,67523.545772469151
1827,130,67523.545772469151,67537.104618392375
1829,79,23220.692401350007,23230.44038924684
1829,77,23230.44038924684,23238.721665960122
1829,135,23274.114177480882,23283.655817072107
1829,133,23283.655817072107,23292.356909363243
1829,131,23292.356909363243,23300.948092300983
1829,129,23300.948092300983,23308.964243543069
1830,75,65694.951941801759,65713.853783202037
1830,73,65713.853783202037,65738.407602702529
1830,71,65738.407602702529,65759.227292492826
1830,69,65759.227292492826,65778.006933605109
1830,111,65848.708207557807,65872.480025075405
1830,110,65872.480025075405,65907.990819156097
1831,139,62972.20976412102,62982.98410721976
1831,137,62982.98410721976,62994.711789220171
1831,75,63053.971030437504,63069.790478378796
1832,141,65212.665309687058,65226.405905072381
1832,139,65226.405905072381,65241.474353109996
1832,137,65241.474353109996,65256.957498630407
1833,21,29487.166412355171,29510.258525361325
1833,19,29510.258525361325,29526.411469801289
1833,17,29526.411469801289,29545.038961607097
1833,135,29672.218884973849,29686.607333601543
1833,133,29686.607333601543,29703.966913891261
1833,131,29703.966913891261,29724.277327210915
1833,129,29724.277327210915,29739.765064849758
1833,127,29739.765064849758,29757.975728670543
1834,72,24332.425722878197,24348.211674783346
1834,74,24348.211674783346,24361.324734651571
1834,76,24361.324734651571,24374.790628478146
1834,78,24374.790628478146,24385.686835320517
1834,80,24385.686835320517,24396.84438936695
1834,82,24396.84438936695,24409.858215416138
1835,68,33781.688893600702,33798.859527340719
1835,70,33798.859527340719,33813.243774881536
1835,72,33813.243774881536,33827.627581735331
1835,74,33827.627581735331,33840.860151297267
1835,104,33865.983735961912,33891.603996970684
1836,66,47033.200673836334,47041.778397928661
1836,68,47041.778397928661,47049.518413552207
1836,70,47049.518413552207,47058.530793089092
1836,72,47058.530793089092,47069.346529619732
1836,74,47069.346529619732,47079.893406212097
1837,75,37465.224425863002,37473.709102085733
1837,73,37473.709102085733,37484.10526425673
1837,71,37484.10526425673,37493.545119852635
1837,69,37493.545119852635,37504.301597158679
1837,67,37504.301597158679,37514.766539766359
1837,65,37514.766539766359,37524.047882878374
1837,63,37524.047882878374,37533.059487867016
1837,61,37533.059487867016,37542.655498588349
1838,137,35167.670411834115,35180.547908695895
1838,135,35180.547908695895,35193.971636560236
1838,133,35193.971636560236,35205.166485736321
1838,131,35205.166485736321,35217.340130567427
1838,129,35217.340130567427,35231.763002221473
1838,127,35231.763002221473,35242.028905353684
1838,125,35242.028905353684,35253.740411607592
1838,123,35253.740411607592,35266.262688473915
1839,95,33185.471212471894,33201.21215267833
1839,94,33201.21215267833,33218.446628285703
1840,88,57997.383796309412,58011.544034364342
1840,67,58022.640144010911,58032.989840565227
1840,65,58032.989840565227,58044.525225862875
1840,63,58044.525225862875,58054.695312242722
1840,61,58054.695312242722,58063.619039959252
1841,139,31314.544108208709,31333.814302554645
1841,137,31333.814302554645,31361.731408996351
1841,115,31386.870494722811,31409.754436792806
1842,67,70923.61595535485,70934.436945119131
1842,65,70934.436945119131,70947.203718433419
1842,63,70947.203718433419,70959.20953723781
1842,61,70959.20953723781,70972.880886141545
1843,71,69909.820450564832,69924.829913765119
1843,69,69924.829913765119,69936.447973285744
1844,128,70433.284489917773,70446.054126644623
1844,130,70446.054126644623,70459.118644504793
1844,132,70459.118644504793,70472.445611305389
1844,134,70472.445611305389,70482.780317339071
1844,136,70482.780317339071,70497.496390182612
1844,138,70497.496390182612,70510.426165919562
1844,140,70510.426165919562,70523.540745353166
1844,142,70523.540745353166,70534.306882116041
1845,35,47060.986928025966,47078.757019126679
1845,34,47078.757019126679,47093.506069046074
1846,126,32819.095220203933,32835.33475631084
1846,128,32835.33475631084,32854.622262168799
1846,130,32854.622262168799,32868.686210995751
1846,132,32868.686210995751,32885.376269085922
1846,134,32885.376269085922,32901.305549070494
1846,136,32901.305549070494,32915.030484189672
1847,141,62866.586236779593,62878.450725807219
1847,139,62878.450725807219,62890.106217821536
1847,137,62890.106217821536,62903.718142372221
1848,139,75404.033013241889,75416.927499367346
1848,137,75416.927499367346,75424.350878313096
1848,135,75424.350878313096,75432.049367660802
1848,133,75432.049367660802,75443.294833313994
1848,131,75443.294833313994,75451.780090752538
1848,129,75451.780090752538,75461.230930526479
1848,127,75461.230930526479,75472.656736927383
1848,125,75472.656736927383,75483.756752295041
1848,123,75483.756752295041,75494.625509863035
1849,68,46811.173379632186,46819.907321823266
1850,14,67266.967995434126,67281.59454247843
1851,127,30553.597739392044,30578.859112843555
1851,125,30578.859112843555,30594.845864153976
1851,123,30594.845864153976,30608.126084185707
1851,121,30608.126084185707,30629.881269832054
1853,120,46572.662780126382,46582.249345708136
1853,122,46582.249345708136,46593.457711732204
1854,21,61640.578066779934,61652.56662312898
1855,14,65186.067792579495,65201.520477126403
1855,76,65265.255941747644,65282.866272421357
1855,78,65282.866272421357,65298.197410584035
1856,70,37712.577115986423,37722.855665182491
1856,72,37722.855665182491,37730.802891233026
1856,74,37730.802891233026,37738.977136019625
1857,126,30344.323723067788,30363.250479641738
1857,128,30363.250479641738,30384.175081887402
1857,130,30384.175081887402,30401.748774419593
1857,132,30401.748774419593,30423.84759616703
1857,134,30423.84759616703,30441.961248051542
1857,136,30441.961248051542,30455.921925552309
1857,138,30455.921925552309,30474.778598239809
1857,140,30474.778598239809,30496.89343890045
1858,14,69410.931601444041,69426.691797176958
1858,16,69426.691797176958,69441.031054933177
1858,18,69441.031054933177,69455.636492257865
1858,20,69455.636492257865,69470.858834408311
1859,75,65280.147277483316,65298.621898006
1859,73,65298.621898006,65320.3861082406
1859,71,65320.3861082406,65338.706840994637
1859,69,65338.706840994637,65353.715653754341
1859,67,65353.715653754341,65374.36722168282
1859,65,65374.36722168282,65394.489450458597
1859,63,65394.489450458597,65414.250631954106
1859,61,65414.250631954106,65431.304649530248
1860,135,43697.777078005165,43707.918029696979
1860,133,43707.918029696979,43721.965722470602
1860,131,43721.965722470602,43733.8892990846
1860,129,43733.8892990846,43747.751117002059
1860,127,43747.751117002059,43756.943578343737
1860,125,43756.943578343737,43767.031486493936
1860,123,43767.031486493936,43777.433700645997
1862,83,43551.028725671604,43561.355462644235
1862,81,43561.355462644235,43571.760685024572
1862,79,43571.760685024572,43582.795760628942
1862,77,43582.795760628942,43593.400931750155
1862,75,43593.400931750155,43604.347503905941
1862,73,43604.347503905941,43613.382053830079
1862,71,43613.382053830079,43623.417720699363
1862,69,43623.417720699363,43633.179269114953
1862,67,43633.179269114953,43642.225818632309
1862,65,43642.225818632309,43651.785778444922
1862,63,43651.785778444922,43662.125992105
1862,61,43662.125992105,43670.723722925577
1864,81,61136.936656917263,61149.884791998666
1864,79,61149.884791998666,61162.447303169043
1864,77,61162.447303169043,61173.761983942313
1864,75,61173.761983942313,61185.642134276903
1864,73,61185.642134276903,61197.559217754388
1864,71,61197.559217754388,61212.076145475723
1865,79,65888.022385954842,65904.461779951976
1865,77,65904.461779951976,65918.948207900234
1865,135,65987.801453745473,66001.005330231856
1865,133,66001.005330231856,66020.564840959632
1865,131,66020.564840959632,66037.893814918789
1865,129,66037.893814918789,66055.169959196704
1865,127,66055.169959196704,66077.153449691803
1865,125,66077.153449691803,66094.400254767723
1865,123,66094.400254767723,66110.367033010698
1866,135,78521.357616998022,78531.459131224299
1866,133,78531.459131224299,78544.711440719257
1866,131,78544.711440719257,78557.73338492497
1866,129,78557.73338492497,78569.597497001829
1867,42,70166.800440354418,70190.168388374514
1867,43,70190.168388374514,70203.597503678728
1867,136,70287.239321827932,70298.32240819055
1867,138,70298.32240819055,70311.957579718888
1868,8,63444.308073784407,63461.701978136705
1868,10,63461.701978136705,63475.156999625025
1869,143,58379.824620474159,58389.836141859494
1869,141,58389.836141859494,58400.757424982454
1869,139,58400.757424982454,58411.715376437103
1869,137,58411.715376437103,58421.913262775153
1869,135,58421.913262775153,58433.445320398576
1869,133,58433.445320398576,58447.621822424051
1869,131,58447.621822424051,58457.581368844883
1869,129,58457.581368844883,58469.610545132593
1870,136,65313.541972268526,65326.280905276224
1871,152,31615.494335207288,31631.592339472823
1871,135,31647.381233548916,31663.193294463203
1871,133,31663.193294463203,31684.659361881084
1871,131,31684.659361881084,31703.111049280589
1871,129,31703.111049280589,31719.49950544244
1873,113,64450.281120375694,64473.199359403952
1873,112,64473.199359403952,64489.737538611167
1875,70,42318.002500226707,42326.79356302676
1875,72,42326.79356302676,42334.426440749739
1875,74,42334.426440749739,42341.644264539835
1877,60,62202.285921424336,62214.237184413287
1877,62,62214.237184413287,62226.134612871341
1877,64,62226.134612871341,62237.777862248309
1877,66,62237.777862248309,62248.660437274513
1877,68,62248.660437274513,62260.56240267845
1877,70,62260.56240267845,62274.328985496046
1877,72,62274.328985496046,62286.127417432312
1877,74,62286.127417432312,62299.517319027545
1878,123,63341.15667084125,63356.017105168088
1878,121,63356.017105168088,63370.581471094396
1880,135,55309.185979586196,55318.327140053887
1880,133,55318.327140053887,55328.478473602561
1880,131,55328.478473602561,55339.304520953439
1880,129,55339.304520953439,55347.509235480808
1881,100,26845.22673469759,26858.63312387732
1881,101,26858.63312387732,26872.817151686035
1883,17,65367.499555412433,65387.071273948677
1884,72,61962.576623528665,61974.869116787355
1884,74,61974.869116787355,61988.002995933188
1884,136,62039.549107437,62048.554498174948
1884,138,62048.554498174948,62057.728732479118
1884,140,62057.728732479118,62069.045852406372
1884,142,62069.045852406372,62081.996899776699
1887,128,66275.789434262144,66301.911837185209
1887,130,66301.911837185209,66322.975486031792
1887,132,66322.975486031792,66343.096110530591
1888,129,26588.999867335206,26602.823976110762
1888,127,26602.823976110762,26614.891366598553
1888,125,26614.891366598553,26625.537812492134
1888,123,26625.537812492134,26636.864422969848
1888,121,26636.864422969848,26648.959781633821
1889,64,53363.617688655853,53372.46828429382
1889,66,53372.46828429382,53382.490989087935
1889,68,53382.490989087935,53392.586827607709
1889,70,53392.586827607709,53402.302899522678
1889,72,53402.302899522678,53410.337715572452
1889,74,53410.337715572452,53419.256954509729
1889,76,53419.256954509729,53427.971581733225
1889,78,53427.971581733225,53436.173516368937
1889,80,53436.173516368937,53447.220129524794
1890,128,47031.251681713889,47040.513824642148
1890,130,47040.513824642148,47050.106908356436
1890,132,47050.106908356436,47059.136888592089
1890,134,47059.136888592089,47067.721364049918
1891,115,30837.008739133071,30857.700202639757
1891,114,30857.700202639757,30876.422061143305
1892,141,62782.744725013668,62795.715177475846
1892,139,62795.715177475846,62808.381712967042
1892,137,62808.381712967042,62818.380645941055
1892,15,62925.158407347473,62938.793973966363
1892,13,62938.793973966363,62952.936267104902
1892,11,62952.936267104902,62965.540225715347
1892,9,62965.540225715347,62980.674174655695
1893,64,68076.01220872697,68095.540303741931
1893,66,68095.540303741931,68110.98275975186
1893,128,68187.109662434887,68206.888249841868
1893,130,68206.888249841868,68220.851799764772
1893,132,68220.851799764772,68237.874571092223
1893,134,68237.874571092223,68252.717436260995
1894,135,47999.846417606466,48010.123454667075
1894,133,48010.123454667075,48020.055973120492
1894,131,48020.055973120492,48031.521233834748
1894,129,48031.521233834748,48043.690474694129
1895,137,66149.065709780116,66166.37303955041
1895,135,66166.37303955041,66182.408289879153
1895,133,66182.408289879153,66204.701165231614
1895,131,66204.701165231614,66223.556730308323
1895,129,66223.556730308323,66239.251539501318
1895,111,66263.954771278848,66282.756680171515
1896,143,68970.276864992309,68991.51254670498
1896,141,68991.51254670498,69007.749402223577
1896,139,69007.749402223577,69025.80548277717
1896,137,69025.80548277717,69043.983207163124
1896,115,69058.220498901675,69080.347087076618
1897,134,71483.722815867281,71493.572608675662
1898,124,74561.298705497946,74573.276957448063
1898,126,74573.276957448063,74584.045997365349
1898,128,74584.045997365349,74594.671743607527
1898,130,74594.671743607527,74604.375236135718
1898,132,74604.375236135718,74614.003516069177
1898,134,74614.003516069177,74624.919683174914
1899,75,62600.095376042475,62616.529644451635
1899,73,62616.529644451635,62632.935108700563
1900,124,65455.689550770992,65474.428415131842
1900,126,65474.428415131842,65490.038062892316
1900,128,65490.038062892316,65504.873872097662
1900,130,65504.873872097662,65519.740046389466
1900,132,65519.740046389466,65538.026975887304
1900,134,65538.026975887304,65553.288747660539
1900,136,65553.288747660539,65568.234945057236
1900,138,65568.234945057236,65582.971919006857
1901,79,55983.628753461788,55993.572825685049
1901,77,55993.572825685049,56003.136499391054
1901,135,56040.291730292796,56050.110368390153
1901,133,56050.110368390153,56058.321456792473
1901,131,56058.321456792473,56066.079599734097
1901,129,56066.079599734097,56074.243439822196
1902,128,27829.10415891284,27845.582433685115
1902,130,27845.582433685115,27861.099894220239
1903,6,68674.656897431982,68691.909820132641
1903,68,68763.994421881886,68784.874050840444
1903,70,68784.874050840444,68800.986501125415
1903,72,68800.986501125415,68819.793419380439
1903,74,68819.793419380439,68839.418552726289
1903,136,68906.064072374444,68921.138339095254
1903,138,68921.138339095254,68937.317922478964
1904,92,77436.006892898076,77450.152723883599
1904,115,77467.083598909318,77479.486950020815
1907,122,78252.508359810367,78262.341738764197
1907,124,78262.341738764197,78273.177115909202
1907,126,78273.177115909202,78282.210292321673
1908,83,38981.584125457906,38990.044037780237
1908,81,38990.044037780237,38999.183975231128
1908,79,38999.183975231128,39008.04802683022
1908,77,39008.04802683022,39018.619036306081
1910,58,29632.825336383376,29650.648355866739
1910,57,29650.648355866739,29669.561875514151
1910,56,29669.561875514151,29693.069995422014
1910,55,29693.069995422014,29722.333309077247
1911,83,24748.848709602666,24758.565367882158
1911,81,24758.565367882158,24767.523358712409
1911,79,24767.523358712409,24776.48674757548
1913,136,33878.262458897487,33889.844010646601
1913,138,33889.844010646601,33900.106406856976
1913,140,33900.106406856976,33915.965638746042
1913,142,33915.965638746042,33929.426300963569
1914,60,30951.165193160101,30969.919719860583
1914,62,30969.919719860583,30987.703385546032
1914,64,30987.703385546032,31009.390141433516
1915,95,62614.635113522098,62631.686549985243
1915,81,62648.282989908759,62661.907185702454
1915,79,62661.907185702454,62673.01861369059
1916,88,65118.093619988831,65141.785158618688
1916,87,65141.785158618688,65164.744116454967
1916,86,65164.744116454967,65193.04581799185
1916,85,65193.04581799185,65211.413718944335
1919,122,65336.08887191971,65351.258661947075
1919,124,65351.258661947075,65365.610879053304
1920,120,33933.853769340341,33948.048772161223
1920,122,33948.048772161223,33957.440381515815
1920,124,33957.440381515815,33968.787589992025
1920,126,33968.787589992025,33978.601591612452
1921,128,36839.506841204762,36847.897324106343
1921,130,36847.897324106343,36859.506973154443
1921,132,36859.506973154443,36869.491446226748
1921,134,36869.491446226748,36880.879744336453
1921,44,36946.989663448912,36961.105155530218
1923,27,62504.164070774023,62521.467850221539
1923,26,62521.467850221539,62540.468103581501
1923,25,62540.468103581501,62556.658553724308
1924,156,31578.848066770955,31597.604525773215
1924,157,31597.604525773215,31619.304506376691
1924,158,31619.304506376691,31638.303603164873
1924,159,31638.303603164873,31667.296774344934
1925,128,71620.832479394376,71632.530060700548
1925,130,71632.530060700548,71646.997451384668
1925,132,71646.997451384668,71662.006674625402
1925,134,71662.006674625402,71673.749446054848
1925,76,71728.773989336463,71742.328206798164
1925,78,71742.328206798164,71756.993015627857
1925,80,71756.993015627857,71770.353103767789
1926,64,31425.554440754655,31444.226372457677
1926,66,31444.226372457677,31462.83629595138
1926,68,31462.83629595138,31491.343275836822
1926,70,31491.343275836822,31516.822390652833
1926,72,31516.822390652833,31537.075466038576
1926,74,31537.075466038576,31554.108387523287
1926,136,31626.20364825935,31646.115498048377
1926,138,31646.115498048377,31664.09983454195
1927,124,62767.886185382995,62781.765488812896
1927,126,62781.765488812896,62794.322601609158
1927,128,62794.322601609158,62808.545783221089
1927,130,62808.545783221089,62821.631682525483
1927,132,62821.631682525483,62834.912776370526
1927,134,62834.912776370526,62849.599033213461
1927,136,62849.599033213461,62862.548425874047
1927,138,62862.548425874047,62877.740601913756
1927,140,62877.740601913756,62891.453536621164
1927,142,62891.453536621164,62903.785961676957
1928,23,62261.296762822778,62274.111580768556
1928,21,62274.111580768556,62284.10929360256
1928,19,62284.10929360256,62295.797582188643
1929,153,55157.14732831622,55169.519728179665
1929,152,55169.519728179665,55184.178088098888
1930,15,66637.147270119691,66653.391292807777
1930,13,66653.391292807777,66669.598293260729
1930,11,66669.598293260729,66689.361870486333
1930,9,66689.361870486333,66708.004804537472
1930,7,66708.004804537472,66722.646236674322
1931,137,60384.647325463549,60398.735130100402
1931,135,60398.735130100402,60408.703713011026
1931,133,60408.703713011026,60419.767096581403
1931,131,60419.767096581403,60432.671304235671
1934,68,34897.987916748549,34910.408562592675
1936,60,36171.269541481299,36183.314268931339
1936,62,36183.314268931339,36195.479816998544
1937,99,28497.746906446835,28514.066966730377
1937,128,28549.556888034393,28568.190763540057
1937,130,28568.190763540057,28579.216446307226
1937,132,28579.216446307226,28594.827771031931
1937,134,28594.827771031931,28610.439095756636
1937,136,28610.439095756636,28623.745780103789
1937,138,28623.745780103789,28639.036907846752
1938,62,42020.848409742342,42033.734794872173
1938,64,42033.734794872173,42042.743099534411
1938,66,42042.743099534411,42053.394469229694
1938,8,42097.105216882293,42108.632950949708
1938,10,42108.632950949708,42120.386471598962
1939,94,64755.784219932364,64775.421659282139
1939,93,64775.421659282139,64794.726007633166
1939,92,64794.726007633166,64813.714601899912
1939,91,64813.714601899912,64835.626085546945
1940,126,37961.301515193722,37970.889948590404
1940,68,38011.823218071695,38022.238249510861
1940,70,38022.238249510861,38032.281101881708
1940,72,38032.281101881708,38042.101107824601
1940,74,38042.101107824601,38053.123094168164
1942,64,58814.798824099766,58827.082647942771
1942,66,58827.082647942771,58838.446574115143
1942,68,58838.446574115143,58849.893950428872
1942,70,58849.893950428872,58860.755986641612
1942,72,58860.755986641612,58871.178706218467
1942,74,58871.178706218467,58881.392116817879
1942,136,58923.874876239293,58932.643679803215
1942,138,58932.643679803215,58943.378197789723
1943,83,28276.022678007059,28294.83913445556
1943,81,28294.83913445556,28311.783113701986
1943,79,28311.783113701986,28325.316116099792
1943,77,28325.316116099792,28341.430978985714
1943,75,28341.430978985714,28357.663923500677
1943,73,28357.663923500677,28378.121947491181
1943,71,28378.121947491181,28394.908903680949
1943,69,28394.908903680949,28412.712712974819
1944,87,38713.129129963032,38721.471857234421
1945,75,29446.76407049565,29469.578632218796
1945,73,29469.578632218796,29492.116011813439
1945,71,29492.116011813439,29512.187632264402
1945,69,29512.187632264402,29525.775795085909
1945,67,29525.775795085909,29546.094907254083
1945,65,29546.094907254083,29562.410285915226
1945,63,29562.410285915226,29580.908677811007
1945,61,29580.908677811007,29598.209661214471
1947,6,62857.875314538585,62875.265543937821
1947,128,62990.80310950923,63006.786023892128
1947,130,63006.786023892128,63018.946550602064
1948,139,48623.17991063786,48632.656191371214
1948,137,48632.656191371214,48640.093155306662
1948,135,48640.093155306662,48648.87097006425
1948,133,48648.87097006425,48659.177099168919
1949,2,26565.025205236539,26578.248512495324
1949,4,26578.248512495324,26592.203308226595
1949,6,26592.203308226595,26606.449682328363
1949,8,26606.449682328363,26620.633190711076
1949,10,26620.633190711076,26633.919024787283
1949,12,26633.919024787283,26647.322110786848
1949,14,26647.322110786848,26657.193612559808
1949,136,26766.333773634906,26777.129448545096
1949,138,26777.129448545096,26790.706844146505
1950,36,29865.020486261164,29884.158279452018
1951,143,34030.49705791787,34049.782498994609
1951,141,34049.782498994609,34064.594430311365
1951,139,34064.594430311365,34076.000162694196
1951,137,34076.000162694196,34093.45646769242
1951,135,34093.45646769242,34106.760935687977
1952,75,61963.098847440917,61978.581608782988
1952,73,61978.581608782988,61992.817287229343
1952,71,61992.817287229343,62005.222084895955
1952,69,62005.222084895955,62018.405448215635
1952,111,62057.229212308921,62077.350462241884
1952,110,62077.350462241884,62101.898595194631
1954,2,23368.95198279127,23380.127089059701
1954,4,23380.127089059701,23391.164677634875
1954,6,23391.164677634875,23402.079466181625
1954,8,23402.079466181625,23413.145968565517
1954,10,23413.145968565517,23424.32323258066
1954,12,23424.32323258066,23434.837985107672
1954,14,23434.837985107672,23443.661259555163
1955,120,69799.206167615965,69813.219675462402
1955,122,69813.219675462402,69825.206627248146
1955,124,69825.206627248146,69837.150448703833
1955,126,69837.150448703833,69850.05774107913
1955,128,69850.05774107913,69863.733916497004
1955,130,69863.733916497004,69877.703598008011
1955,132,69877.703598008011,69889.505521958446
1955,134,69889.505521958446,69902.065838070135
1955,136,69902.065838070135,69914.78459048341
1955,138,69914.78459048341,69926.841034213459
1955,140,69926.841034213459,69938.448629156817
1955,142,69938.448629156817,69949.899663423654
1956,99,66298.772881785495,66315.191350142617
1956,128,66357.219905955222,66378.329997186578
1956,130,66378.329997186578,66394.589120155564
1957,14,31953.864457140589,31969.547822225744
1957,136,32121.189199811128,32136.016139042567
1957,138,32136.016139042567,32151.353646095944
1957,140,32151.353646095944,32167.062032958827
1957,142,32167.062032958827,32186.025658839659
1959,141,59121.865117872178,59131.181743293062
1959,139,59131.181743293062,59141.041042925732
1959,137,59141.041042925732,59151.016038930713
1959,75,59192.238465001603,59203.833764991774
1959,73,59203.833764991774,59214.772584513725
1959,71,59214.772584513725,59226.6397968405
1959,69,59226.6397968405,59238.320060128637
1960,81,27869.777080233252,27885.030967784885
1960,79,27885.030967784885,27898.39481416632
1963,156,68621.701577860236,68640.316161903931
1963,157,68640.316161903931,68659.462992146451
1964,24,66972.427154069141,66991.978183534957
1967,124,74832.417218083909,74844.520175505459
1967,126,74844.520175505459,74854.228913501778
1967,128,74854.228913501778,74864.278622743324
1967,130,74864.278622743324,74874.016889825813
1967,132,74874.016889825813,74882.511188768302
1967,134,74882.511188768302,74893.557731355308
1967,136,74893.557731355308,74903.883053862533
1968,73,45293.968888593532,45304.749807198103
1968,71,45304.749807198103,45314.330405671237
1968,69,45314.330405671237,45323.185426235104
1968,67,45323.185426235104,45331.777473518952
1969,133,30888.973357458366,30912.905503073613
1969,131,30912.905503073613,30939.873840336335
1969,129,30939.873840336335,30960.598164649346
1969,127,30960.598164649346,30986.356575910289
1969,125,30986.356575910289,30999.061096601916
1969,123,30999.061096601916,31016.155392759374
1970,120,72043.44641822383,72054.055549830518
1970,122,72054.055549830518,72065.539223067215
1970,124,72065.539223067215,72077.318799937755
1971,141,70345.907652635433,70358.913417594726
1971,139,70358.913417594726,70371.646263726827
1971,137,70371.646263726827,70388.649763526773
1971,135,70388.649763526773,70400.587720795535
1971,133,70400.587720795535,70418.69176876136
1971,131,70418.69176876136,70430.609444257847
1971,129,70430.609444257847,70446.86891934021
1971,127,70446.86891934021,70462.021351688192
1972,79,30681.228138617171,30694.276220192613
1972,77,30694.276220192613,30712.464639874539
1972,75,30712.464639874539,30734.455697041958
1972,54,30752.56846347715,30776.412338964117
1973,83,36387.13629469071,36397.083486373893
1974,120,25450.5123575256,25462.682647461515
1974,122,25462.682647461515,25473.85240723507
1974,124,25473.85240723507,25487.024288787517
1974,126,25487.024288787517,25502.37193298019
1974,128,25502.37193298019,25515.065654653346
1974,130,25515.065654653346,25528.522998831915
1974,132,25528.522998831915,25542.813171761998
1974,134,25542.813171761998,25554.186925549056
1974,136,25554.186925549056,25566.223432477782
1974,138,25566.223432477782,25578.63899983756
1974,140,25578.63899983756,25595.007854306481
1975,129,25037.924729048344,25050.071039356491
1976,79,67351.602309887094,67365.106182176329
1976,77,67365.106182176329,67377.431235907628
1976,135,67443.092734753591,67457.308467859053
1976,133,67457.308467859053,67474.085883286243
1976,149,67495.159552436337,67514.918455861145
1977,4,65033.885188574299,65049.788379241734
1977,6,65049.788379241734,65064.610454469206
1977,8,65064.610454469206,65081.402560096838
1977,10,65081.402560096838,65095.109548909619
1977,12,65095.109548909619,65109.837712406887
1977,14,65109.837712406887,65126.948224553802
1978,139,65398.260641575012,65417.577334205169
1978,137,65417.577334205169,65437.379758842428
1978,135,65437.379758842428,65454.056419822096
1979,143,33214.140250557743,33234.466971404501
1979,141,33234.466971404501,33247.834768523302
1980,131,28615.847671161777,28634.420038739121
1982,139,30366.054852466645,30383.879848726694
1982,137,30383.879848726694,30404.157111286284
1982,135,30404.157111286284,30418.742012226085
1982,133,30418.742012226085,30439.662015564216
1982,131,30439.662015564216,30463.909724231718
1982,129,30463.909724231718,30481.504506736994
1982,127,30481.504506736994,30504.133769128555
1982,125,30504.133769128555,30520.637811409066
1983,78,71375.153216111197,71386.009360053853
1983,80,71386.009360053853,71396.419650595839
1984,9,60710.526405583478,60725.730439860847
1985,59,50296.304678432047,50313.497345241507
1987,38,45060.894917894184,45077.497527082574
1987,39,45077.497527082574,45090.51405723708
1987,68,45112.783899399692,45121.560227921022
1987,70,45121.560227921022,45130.690421018313
1987,72,45130.690421018313,45140.082054596358
1987,74,45140.082054596358,45148.989449096654
1988,83,33443.009956780879,33457.447406646315
1988,81,33457.447406646315,33470.708919756682
1988,79,33470.708919756682,33482.865661590382
1988,77,33482.865661590382,33493.123994361667
1988,135,33551.466715579925,33566.288294606828
1988,133,33566.288294606828,33582.553258375607
1988,131,33582.553258375607,33597.480476510376
1988,129,33597.480476510376,33610.910069368008
1988,127,33610.910069368008,33624.573446654525
1988,125,33624.573446654525,33637.474312580634
1988,123,33637.474312580634,33649.304308966821
1988,121,33649.304308966821,33663.137105543618
1989,128,67338.194049775062,67356.238614358983
1989,130,67356.238614358983,67367.293302014776
1989,132,67367.293302014776,67383.195552879974
1989,134,67383.195552879974,67397.487628789808
1989,136,67397.487628789808,67409.059045902628
1989,138,67409.059045902628,67427.280416044901
1990,120,66891.845447578715,66910.019234173495
1990,122,66910.019234173495,66925.411094106719
1990,124,66925.411094106719,66938.794442896353
1990,126,66938.794442896353,66954.766135273472
1991,81,64564.12431079759,64579.859124039736
1991,79,64579.859124039736,64595.421329908051
1991,77,64595.421329908051,64610.239302375325
1992,139,66276.81258070613,66294.04283989784
1992,137,66294.04283989784,66310.152477490803
1992,135,66310.152477490803,66326.161782428069
1992,133,66326.161782428069,66344.930471231579
1993,102,70736.343446950195,70757.518689632954
1993,103,70757.518689632954,70776.900950095122
1993,136,70800.500477944865,70814.066288394344
1993,138,70814.066288394344,70826.038950697359
1995,78,66757.319574116962,66772.497552937697
1995,80,66772.497552937697,66787.154528551808
1996,69,30956.989770600016,30974.222714422718
1996,67,30974.222714422718,30993.123447545411
1998,81,68791.680119884171,68806.354933620431
1998,79,68806.354933620431,68820.88021761259
1998,77,68820.88021761259,68835.089051005241
1998,75,68835.089051005241,68851.57173303247
1998,73,68851.57173303247,68866.937292615796
1998,71,68866.937292615796,68881.391309939514
1998,69,68881.391309939514,68894.541333262823
1999,140,45670.246904239866,45678.804471632669
1999,142,45678.804471632669,45686.987655694626
2000,143,42306.634264794833,42315.549753601263
2000,141,42315.549753601263,42325.685095016706
2000,139,42325.685095016706,42335.82043643215
2000,137,42335.82043643215,42343.990645333186
2001,57,36570.181855234026,36586.501505639593
2001,56,36586.501505639593,36607.410869054838
2001,55,36607.410869054838,36623.502169218889
2001,54,36623.502169218889,36642.091956234552
2002,152,47835.133775436778,47845.038063159322
2003,134,45992.483529694982,46002.023100006554
2006,122,36122.5045915593,36132.321642720686
2006,124,36132.321642720686,36142.077433870239
2006,126,36142.077433870239,36151.419572932529
2006,128,36151.419572932529,36160.990196217746
2006,130,36160.990196217746,36170.164718181462
2006,132,36170.164718181462,36177.701965948232
2006,134,36177.701965948232,36186.987670820941
2006,44,36246.491602443384,36261.762856427151
2007,120,34966.807641683808,34979.336658991371
2007,122,34979.336658991371,34992.947675153249
2007,124,34992.947675153249,35004.316288151509
2007,126,35004.316288151509,35015.521643435
2007,128,35015.521643435,35027.394578488747
2007,130,35027.394578488747,35040.608932254443
2007,132,35040.608932254443,35053.044769273438
2011,136,66541.135844965305,66557.661472651074
2011,138,66557.661472651074,66575.437619995806
2011,140,66575.437619995806,66591.181174348269
2012,16,57272.64842578282,57282.870681913395
2013,64,34530.279593977066,34546.561608823089
2013,66,34546.561608823089,34558.862120424812
2013,128,34616.106059812031,34631.216930664006
2013,130,34631.216930664006,34645.849270750521
2013,132,34645.849270750521,34657.918954784465
2013,134,34657.918954784465,34671.287156960716
2013,136,34671.287156960716,34682.471855088923
2013,138,34682.471855088923,34697.719524986329
2014,24,64314.341841989226,64333.008315478844
2015,75,32695.675030007322,32715.708516561896
2015,73,32715.708516561896,32735.736342673514
2015,71,32735.736342673514,32762.422456269938
2016,88,64714.49517867629,64738.797498534521
2016,111,64775.785849703578,64793.844341878903
2016,110,64793.844341878903,64817.804759589817
2016,109,64817.804759589817,64835.267789930898
2017,136,77142.816701865057,77154.459045803611
2017,138,77154.459045803611,77164.241046874289
2017,140,77164.241046874289,77174.828240531308
2017,142,77174.828240531308,77185.68243268122
2018,96,42557.577924596939,42571.70862739806
2019,131,62320.222215069021,62333.214894973331
2019,129,62333.214894973331,62345.59363751312
2020,141,34546.888564037603,34562.657042974803
2020,139,34562.657042974803,34577.551581420383
2020,137,34577.551581420383,34591.273521458636
2020,135,34591.273521458636,34607.976949394964
2020,133,34607.976949394964,34625.0985115769
2020,131,34625.0985115769,34638.106602599728
2020,129,34638.106602599728,34652.948288394306
2020,127,34652.948288394306,34668.672952110508
2020,125,34668.672952110508,34683.486605875543
2020,123,34683.486605875543,34698.21502211989
2020,121,34698.21502211989,34712.634829471222
2021,115,31257.427777197048,31277.169495068101
2021,114,31277.169495068101,31300.587927312328
2021,113,31300.587927312328,31324.466218667541
2021,112,31324.466218667541,31347.393850548837
2021,111,31347.393850548837,31366.444779699275
2021,110,31366.444779699275,31387.039907366965
2022,0,64675.5011248144,64690.696611942636
2022,2,64690.696611942636,64701.414473040139
2022,4,64701.414473040139,64715.16604463043
2022,6,64715.16604463043,64732.055498770394
2022,8,64732.055498770394,64745.359434586171
2022,10,64745.359434586171,64758.676864995628
2022,12,64758.676864995628,64771.16651350262
2022,14,64771.16651350262,64790.141351783495
2022,16,64790.141351783495,64802.521595902501
2022,18,64802.521595902501,64820.290389676004
2023,81,43745.024621897835,43755.599237754061
2024,74,63480.467791633411,63492.176697258103
2024,44,63521.751320347961,63539.913366171619
2025,83,69920.838199309874,69937.155075353046
2025,81,69937.155075353046,69953.8154703443
2025,79,69953.8154703443,69968.243745399915
2025,77,69968.243745399915,69981.110487777798
2025,135,70039.580834257722,70052.421833656641
2025,133,70052.421833656641,70068.523203692122
2025,131,70068.523203692122,70085.164725664261
2025,129,70085.164725664261,70098.625123841324
2026,128,36456.694771049595,36467.093518890091
2026,130,36467.093518890091,36477.942161601015
2026,132,36477.942161601015,36491.110598277526
2026,134,36491.110598277526,36504.471030142493
2026,136,36504.471030142493,36513.495605173513
2026,138,36513.495605173513,36526.208024150554
2026,140,36526.208024150554,36537.367626927233
2026,142,36537.367626927233,36548.329959957176
2027,7,30028.366095443569,30042.811312555423
2027,5,30042.811312555423,30058.773420533471
2028,27,23855.972592319136,23870.287777304024
2029,130,29893.823498677375,29909.384046700849
2029,132,29909.384046700849,29926.90925511358
2029,134,29926.90925511358,29947.514200701233
2031,122,27925.41824822206,27938.021964026342
2031,124,27938.021964026342,27950.85741915691
2031,126,27950.85741915691,27964.60188897128
2031,128,27964.60188897128,27980.767863437384
2031,130,27980.767863437384,27994.859606397004
2032,132,57303.528620982688,57313.836362446331
2032,134,57313.836362446331,57322.314573514974
2033,33,37741.360697711716,37759.743602063383
2033,32,37759.743602063383,37776.240625432605
2033,135,37850.84850266912,37861.539145369752
2033,133,37861.539145369752,37872.54896417843
2033,131,37872.54896417843,37883.144010767486
2033,129,37883.144010767486,37892.205961553926
2033,127,37892.205961553926,37901.165056467682
2033,125,37901.165056467682,37910.737141317019
2033,123,37910.737141317019,37919.8089420428
2035,52,31632.796739312162,31656.313682743465
2035,51,31656.313682743465,31674.832715047916
2035,50,31674.832715047916,31690.389313672575
2035,49,31690.389313672575,31711.127501816212
2036,122,21648.602843853649,21659.723797676423
2036,124,21659.723797676423,21668.108131371577
2036,126,21668.108131371577,21676.463031985255
2036,128,21676.463031985255,21684.874900612904
2036,130,21684.874900612904,21693.313762690766
2036,132,21693.313762690766,21702.163846763317
2036,134,21702.163846763317,21711.935230236359
2037,60,64008.499373678918,64024.29059861206
2037,62,64024.29059861206,64041.468489473598
2037,64,64041.468489473598,64056.501018471601
2037,66,64056.501018471601,64070.488719173554
2037,68,64070.488719173554,64089.633340672044
2037,70,64089.633340672044,64105.61982462123
2037,72,64105.61982462123,64124.873027850532
2037,74,64124.873027850532,64137.413062993961
2037,76,64137.413062993961,64151.740901253143
2037,78,64151.740901253143,64165.177994089274
2037,80,64165.177994089274,64179.273200126445
2037,82,64179.273200126445,64193.711035856752
2038,152,68786.732300907504,68806.223711722778
2040,62,66630.173075368948,66648.653763506154
2040,64,66648.653763506154,66666.438778954995
2040,66,66666.438778954995,66680.443088906643
2040,68,66680.443088906643,66700.0043720424
2040,70,66700.0043720424,66717.498729227853
2040,72,66717.498729227853,66739.728379779233
2040,74,66739.728379779233,66757.967041995318
2041,132,75751.109963097682,75759.995911192149
2041,134,75759.995911192149,75768.37410620242
2041,136,75768.37410620242,75778.608257962318
2041,138,75778.608257962318,75788.841461039352
2041,140,75788.841461039352,75798.264182268758
2041,142,75798.264182268758,75807.464497811554
2042,64,31399.091276464118,31415.649716557491
2042,66,31415.649716557491,31431.535037051253
2042,68,31431.535037051253,31447.602346722553
2042,70,31447.602346722553,31465.894402369715
2042,72,31465.894402369715,31488.830906132964
2042,74,31488.830906132964,31507.707486957996
2042,136,31568.6376734398,31580.535192992786
2042,138,31580.535192992786,31593.988980601851
2042,140,31593.988980601851,31607.418384550892
2042,142,31607.418384550892,31622.945197956855
2043,135,30245.739172778372,30262.982059030612
2043,133,30262.982059030612,30285.505763940488
2043,131,30285.505763940488,30312.362126204272
2043,129,30312.362126204272,30329.775965431505
2044,122,30697.207820484669,30713.329351703815
2044,124,30713.329351703815,30724.485728425312
2044,126,30724.485728425312,30741.608698997374
2044,100,30775.515007244991,30793.964012195702
2044,101,30793.964012195702,30813.14109016096
2044,102,30813.14109016096,30829.420215879898
2044,103,30829.420215879898,30846.348717347351
2044,76,30882.244615790114,30901.918608439504
2044,78,30901.918608439504,30922.215580709064
2044,80,30922.215580709064,30936.261172406186
2045,15,37172.350713254607,37181.662709721284
2045,13,37181.662709721284,37190.779140619903
2045,11,37190.779140619903,37199.893379716894
2045,9,37199.893379716894,37209.397273375762
2048,135,74832.649849327325,74840.992899899298
2048,133,74840.992899899298,74849.36300775368
2048,131,74849.36300775368,74860.915549981946
2049,131,59004.202898432195,59015.723471956684
2049,129,59015.723471956684,59026.804737158847
2049,67,59065.269498496251,59075.115676645844
2050,120,28233.674667966057,28248.37727965341
2050,122,28248.37727965341,28265.262153596523
2051,135,67790.969797617727,67806.811213146881
2051,133,67806.811213146881,67827.606698686373
2051,131,67827.606698686373,67847.19939568275
2051,129,67847.19939568275,67862.367222572182
2051,127,67862.367222572182,67879.355773035379
2051,125,67879.355773035379,67892.967960094742
2051,123,67892.967960094742,67906.906643750161
2051,121,67906.906643750161,67927.896960273501
2054,91,72753.342905517129,72773.271502280972
2054,90,72773.271502280972,72794.207472171052
2055,141,24853.083634044589,24862.487805537548
2055,139,24862.487805537548,24874.214188406531
2055,137,24874.214188406531,24884.99327308837
2055,135,24884.99327308837,24895.772357770209
2055,133,24895.772357770209,24906.831823933782
2055,131,24906.831823933782,24918.071265553506
2055,129,24918.071265553506,24930.42730336537
2055,127,24930.42730336537,24942.57076582282
2055,125,24942.57076582282,24953.823538948967
2055,123,24953.823538948967,24964.575537009503
2055,121,24964.575537009503,24974.937990403312
2056,70,24332.837798838926,24345.106168291426
2056,72,24345.106168291426,24357.213912779531
2056,74,24357.213912779531,24369.144187026865
2057,133,29121.479917079159,29143.640627632758
2057,131,29143.640627632758,29160.674201543839
2057,129,29160.674201543839,29178.676508324086
2057,127,29178.676508324086,29199.105101694407
2057,125,29199.105101694407,29213.46144101286
2057,123,29213.46144101286,29231.882031475929
2058,102,53951.338022714306,53967.272656984795
2058,103,53967.272656984795,53980.814812331329
2058,136,54000.06952788341,54009.129384611493
2058,138,54009.129384611493,54018.409116327515
2058,140,54018.409116327515,54028.724339620327
2059,55,68953.908069672543,68979.919087824936
2059,54,68979.919087824936,69005.229092095527
2059,53,69005.229092095527,69023.096613674221
2060,10,43662.991315004154,43673.229460701943
2060,12,43673.229460701943,43682.288359755934
2060,14,43682.288359755934,43691.10448766753
2060,16,43691.10448766753,43699.115462489513
2061,152,35462.361478674247,35477.954221005682
2062,16,34976.51615199665,34987.3478844622
2063,76,24651.385415558329,24663.535880010739
2063,78,24663.535880010739,24675.40368778033
2063,80,24675.40368778033,24687.363883470971
2064,15,22305.891170068135,22315.808408196335
2064,13,22315.808408196335,22325.725646324536
2064,11,22325.725646324536,22336.255964635387
2064,9,22336.255964635387,22347.275143670024
2065,81,57915.688445932828,57926.794542090647
2065,79,57926.794542090647,57938.437004574633
2065,77,57938.437004574633,57948.305722433623
2065,115,57974.782580124091,57989.081475350678
2065,114,57989.081475350678,58003.157187255267
2066,83,51995.665416312819,52005.901948330094
2066,81,52005.901948330094,52015.994901098071
2068,71,29852.421392965422,29873.834475145595
2068,69,29873.834475145595,29888.684882142952
2068,127,29967.452805905614,29986.091506190511
2068,125,29986.091506190511,30003.455935129634
2068,123,30003.455935129634,30018.231685824579
2068,121,30018.231685824579,30041.413311000691
2069,141,35405.962486220953,35420.645501682811
2069,139,35420.645501682811,35433.466598236904
2069,137,35433.466598236904,35446.519723581587
2069,75,35494.626220673141,35506.886447553588
2069,73,35506.886447553588,35524.926956418691
2069,71,35524.926956418691,35537.412795413475
2069,69,35537.412795413475,35549.544335611521
2069,67,35549.544335611521,35563.435236662088
2069,65,35563.435236662088,35576.159159544273
2069,63,35576.159159544273,35590.137529166124
2070,83,68956.448884108511,68970.229966004059
2071,148,30101.81367420933,30123.536797647674
2071,147,30123.536797647674,30140.764564585024
2071,125,30162.117537661758,30174.864628021696
2071,123,30174.864628021696,30192.462684590395
2072,112,57124.55457883011,57137.517164677112
2074,130,63422.989927089257,63438.636789148724
2074,132,63438.636789148724,63453.297565192399
2074,134,63453.297565192399,63468.859694567625
2075,135,30589.601117996543,30606.981863262496
2075,133,30606.981863262496,30625.477914531137
2075,131,30625.477914531137,30643.723902557642
2075,129,30643.723902557642,30661.428667849952
2076,77,37323.46995914093,37332.048558993796
2076,75,37332.048558993796,37340.477778315537
2076,73,37340.477778315537,37349.485147721105
2076,71,37349.485147721105,37359.077201459295
2076,69,37359.077201459295,37368.141886981102
2076,111,37397.884342764402,37414.442716590209
2077,122,26888.921567463105,26901.971470363933
2077,124,26901.971470363933,26916.617081622881
2077,126,26916.617081622881,26929.193959066128
2077,128,26929.193959066128,26942.553127328738
2077,130,26942.553127328738,26954.944045813456
2077,132,26954.944045813456,26967.653586170738
2077,134,26967.653586170738,26980.337987331346
2077,136,26980.337987331346,26990.726481213635
2077,138,26990.726481213635,27002.470101217612
2077,140,27002.470101217612,27017.146181967622
2077,142,27017.146181967622,27031.889066023858
2078,7,66199.237493404566,66214.733508110396
2079,33,33657.425548557068,33672.906284100092
2079,32,33672.906284100092,33689.940673228331
2080,120,32394.405950319895,32413.040047715484
2080,122,32413.040047715484,32429.828584111834
2081,126,66278.410699655229,66294.956894793126
2081,128,66294.956894793126,66316.957754790768
2081,130,66316.957754790768,66333.557438677555
2081,132,66333.557438677555,66350.283398491665
2081,134,66350.283398491665,66369.066605851549
2081,76,66446.418025381514,66470.39602595527
2081,78,66470.39602595527,66489.078081842759
2081,80,66489.078081842759,66507.885777130519
2082,122,67537.07364574958,67550.785522047037
2082,124,67550.785522047037,67562.861038548319
2082,126,67562.861038548319,67576.468219033835
2082,128,67576.468219033835,67591.787905210775
2082,130,67591.787905210775,67604.576957515485
2082,132,67604.576957515485,67618.684962723506
2082,134,67618.684962723506,67635.76423131561
2082,136,67635.76423131561,67649.767833923761
2082,138,67649.767833923761,67663.618032935963
2082,140,67663.618032935963,67678.878646719575
2083,68,68373.498377893498,68391.748462567732
2083,70,68391.748462567732,68408.517507351222
2083,72,68408.517507351222,68425.217064786775
2083,74,68425.217064786775,68442.296325767893
2083,76,68442.296325767893,68458.265691207591
2083,78,68458.265691207591,68474.066291392533
2083,80,68474.066291392533,68488.482668052864
2083,82,68488.482668052864,68501.009281908686
2085,32,69996.511016722085,70016.090184914981
2085,15,70031.42600582834,70044.976731929404
2085,13,70044.976731929404,70059.710696817056
2085,11,70059.710696817056,70075.255351046348
2085,9,70075.255351046348,70089.690073287449
2085,7,70089.690073287449,70104.39607463096
2085,5,70104.39607463096,70116.590947790668
2085,3,70116.590947790668,70129.544126114342
2085,1,70129.544126114342,70146.151121371862
2086,15,29130.583539795836,29149.992212024546
2086,13,29149.992212024546,29170.930835852039
2086,11,29170.930835852039,29191.194726433736
2087,0,32203.256729802728,32224.096403496922
2087,2,32224.096403496922,32239.983909438924
2088,117,30400.482663894534,30414.431644966928
2088,116,30414.431644966928,30430.764254123347
2088,115,30430.764254123347,30445.285483973377
2089,143,44760.460889633985,44770.636465370451
2089,141,44770.636465370451,44780.246058386023
2089,139,44780.246058386023,44792.161986211926
2091,135,32715.658263218342,32729.755551647144
2091,133,32729.755551647144,32746.099266781159
2092,68,45691.607121346926,45702.840894634435
2092,70,45702.840894634435,45713.088365483913
2092,72,45713.088365483913,45722.409028605412
2092,74,45722.409028605412,45730.992964868616
2092,76,45730.992964868616,45742.384760237968
2092,78,45742.384760237968,45751.174448245831
2092,80,45751.174448245831,45760.257729325669
2094,126,33190.665026489449,33207.232117096682
2095,75,40463.652255491383,40472.64745558639
2095,73,40472.64745558639,40481.14655507428
2095,71,40481.14655507428,40489.419461146819
2095,69,40489.419461146819,40498.396715808653
2095,127,40535.788800395319,40544.158714539371
2095,125,40544.158714539371,40552.408998955994
2095,123,40552.408998955994,40560.799386122941
2096,56,31623.522443271333,31644.345479907286
2096,15,31698.997373505208,31714.416625765141
2096,13,31714.416625765141,31729.618164497722
2096,11,31729.618164497722,31747.783578250626
2096,9,31747.783578250626,31769.268478798
2097,2,39184.346999954018,39194.938548822509
2097,4,39194.938548822509,39204.07029815048
2097,6,39204.07029815048,39213.203140484184
2097,68,39260.741839240087,39269.637526529114
2097,70,39269.637526529114,39280.26935672768
2097,72,39280.26935672768,39291.121778090339
2097,74,39291.121778090339,39301.924219213855
2097,76,39301.924219213855,39312.413805362936
2097,78,39312.413805362936,39323.548425800334
2098,128,22695.154409436796,22703.997784560524
2098,130,22703.997784560524,22713.003413422663
2098,132,22713.003413422663,22721.805955041353
2098,134,22721.805955041353,22731.295730704922
2098,136,22731.295730704922,22740.876646984441
2098,138,22740.876646984441,22750.137397671759
2098,140,22750.137397671759,22758.468568753033
2098,142,22758.468568753033,22766.710310618972
2099,2,44720.004590932709,44730.044255464803
2099,4,44730.044255464803,44738.581994746572
2099,6,44738.581994746572,44747.379149192348
2099,68,44785.239230050101,44794.238704477459
2099,70,44794.238704477459,44802.373403714388
2099,72,44802.373403714388,44810.397002428952
2099,74,44810.397002428952,44819.131349655887
2100,76,66745.541410255726,66760.692734548094
2100,78,66760.692734548094,66776.514535671435
2100,80,66776.514535671435,66790.20420906377
2100,82,66790.20420906377,66804.74425891375
2101,136,27065.436030941957,27078.367677372371
2101,138,27078.367677372371,27093.258445231335
2102,139,69556.278807772687,69568.465996360057
2102,137,69568.465996360057,69582.594065108817
2102,135,69582.594065108817,69596.647778610553
2102,133,69596.647778610553,69611.050092872087
2102,131,69611.050092872087,69620.964027923357
2102,129,69620.964027923357,69634.984515338438
2103,14,25395.269629068051,25407.327435039449
2105,159,36552.021866894211,36569.153006948436
2105,128,36591.369775375439,36601.790032320197
2105,130,36601.790032320197,36610.585768478137
2105,132,36610.585768478137,36621.558934200977
2105,134,36621.558934200977,36631.954906538216
2105,136,36631.954906538216,36641.446518667479
2106,42,26805.652073063229,26823.989452641872
2106,43,26823.989452641872,26837.813838127619
2106,136,26912.677514370473,26922.85515456033
2106,138,26922.85515456033,26935.002852902224
2108,79,27650.837823788821,27665.874716422444
2108,77,27665.874716422444,27678.427659901896
2108,115,27728.156119933861,27750.8012020387
2109,62,55352.927868650891,55362.031263428013
2109,64,55362.031263428013,55371.134658205134
2109,66,55371.134658205134,55380.543872665461
2109,68,55380.543872665461,55389.457363512724
2109,70,55389.457363512724,55396.923348075063
2109,72,55396.923348075063,55407.494162549927
2110,159,65075.200407322729,65100.847520161333
2111,135,34787.422776081359,34798.105347517907
2111,133,34798.105347517907,34811.807685550441
2111,131,34811.807685550441,34826.279384072288
2111,129,34826.279384072288,34839.648648196191
2111,127,34839.648648196191,34852.952146912728
2111,125,34852.952146912728,34865.388092581648
2111,123,34865.388092581648,34878.668368169368
2111,121,34878.668368169368,34892.630857462573
2112,2,25076.88684503804,25087.557383461928
2112,4,25087.557383461928,25098.053503207972
2112,6,25098.053503207972,25108.220332454974
2112,8,25108.220332454974,25119.002205336146
2112,10,25119.002205336146,25132.024713804407
2112,12,25132.024713804407,25143.826961979994
2112,14,25143.826961979994,25155.729322648931
2113,40,50935.849877339897,50950.912451201497
2113,41,50950.912451201497,50965.035069105594
2114,98,40652.072308678791,40665.054943188647
2114,99,40665.054943188647,40676.873614874305
2114,128,40695.002230534832,40704.254380811624
2114,130,40704.254380811624,40712.720379429629
2114,132,40712.720379429629,40722.093851186939
2114,134,40722.093851186939,40731.572255356878
2115,64,40325.963739781342,40335.473359453041
2115,66,40335.473359453041,40342.928232189217
2115,68,40342.928232189217,40350.594121518385
2115,70,40350.594121518385,40357.613032248722
2115,72,40357.613032248722,40365.657399617623
2115,74,40365.657399617623,40374.540677061537
2116,83,39098.73044313251,39108.705845952143
2116,81,39108.705845952143,39119.136587801251
2116,79,39119.136587801251,39129.5298155735
2116,77,39129.5298155735,39139.277489677042
2117,104,67947.252424864171,67964.508312254751
2117,105,67964.508312254751,67986.115306593783
2118,16,64085.459563732737,64097.939050046072
2119,120,22732.043380531923,22742.145551586309
2119,122,22742.145551586309,22752.075878772626
2119,124,22752.075878772626,22761.625205846405
2119,126,22761.625205846405,22770.857861851357
2119,128,22770.857861851357,22779.055401597871
2119,130,22779.055401597871,22788.116762741636
2119,132,22788.116762741636,22796.634886323205
2119,134,22796.634886323205,22806.085752358576
2120,153,31350.972493030655,31370.470831007911
2120,152,31370.470831007911,31393.008075191963
2121,2,65792.098757275293,65809.503478360086
2121,4,65809.503478360086,65829.882104149161
2121,6,65829.882104149161,65852.11191593777
2121,100,65968.770819786456,65988.708788859818
2122,139,28310.538221116629,28326.685170469045
2122,137,28326.685170469045,28343.339517689757
2122,135,28343.339517689757,28361.722458336939
2122,133,28361.722458336939,28378.722845270851
2122,131,28378.722845270851,28394.963073586285
2122,129,28394.963073586285,28413.120244162023
2123,68,58690.574853071332,58702.391143027497
2123,70,58702.391143027497,58713.333226276714
2123,72,58713.333226276714,58726.105360314788
2124,141,23996.472766916519,24007.579502585224
2124,139,24007.579502585224,24017.366226755184
2124,137,24017.366226755184,24027.509677714173
2124,135,24027.509677714173,24039.247664872917
2124,133,24039.247664872917,24050.650789094158
2124,131,24050.650789094158,24061.213254494309
2124,129,24061.213254494309,24072.415039113341
2125,64,70469.155859758161,70485.534967722924
2125,66,70485.534967722924,70501.181314852525
2126,120,67638.675620474081,67652.49030023026
2126,122,67652.49030023026,67664.40658393933
2126,124,67664.40658393933,67676.326980138852
2126,126,67676.326980138852,67690.139230093497
2126,128,67690.139230093497,67710.269714044305
2126,130,67710.269714044305,67724.161453274952
2126,132,67724.161453274952,67737.44053478296
2126,134,67737.44053478296,67752.825492871882
2127,37,67922.742933834772,67942.482784131818
2127,38,67942.482784131818,67960.842695150801
2127,39,67960.842695150801,67986.242969003928
2127,40,67986.242969003928,68005.598832070304
2128,70,41637.576905093032,41648.727896846838
2128,72,41648.727896846838,41657.955720209269
2128,74,41657.955720209269,41667.841886212365
2128,76,41667.841886212365,41676.881890696037
2128,78,41676.881890696037,41685.921895179708
2128,80,41685.921895179708,41697.541562690276
2128,82,41697.541562690276,41706.979265996706
2131,128,42144.857330323757,42156.064295893964
2131,130,42156.064295893964,42167.899149396842
2133,3,23693.863742552796,23701.907058752673
2133,1,23701.907058752673,23712.071760672741
2134,116,70949.080944295638,70968.11354147883
2134,115,70968.11354147883,70985.814225452486
2134,114,70985.814225452486,71001.860037500403
2134,113,71001.860037500403,71020.389139603794
2134,112,71020.389139603794,71035.564303914478
2135,128,45154.72277861974,45163.958186214797
2136,69,63920.530847688824,63934.806343334654
2136,127,64001.890021810701,64017.695684801271
2136,125,64017.695684801271,64031.595148620952
2136,123,64031.595148620952,64044.288100113321
2136,121,64044.288100113321,64062.541069216226
2137,60,61050.065101669388,61060.444457158104
2137,62,61060.444457158104,61072.428845615046
2137,64,61072.428845615046,61085.064878821038
2140,115,31378.737240863516,31398.956916490293
2141,135,29305.390346642274,29322.266872417338
2141,133,29322.266872417338,29342.193029137252
2141,131,29342.193029137252,29357.567794474111
2141,129,29357.567794474111,29375.501935785749
2142,71,57003.698739784464,57012.446123105627
2142,69,57012.446123105627,57022.768715041449
2143,60,65068.289919897405,65096.711026586934
2143,62,65096.711026586934,65122.070350051443
2143,64,65122.070350051443,65142.014073729661
2143,66,65142.014073729661,65160.941899244965
2144,122,30813.254915837213,30828.347496672544
2144,124,30828.347496672544,30843.813270224186
2144,126,30843.813270224186,30858.389959876524
2144,100,30892.599433924657,30909.070405252467
2144,101,30909.070405252467,30926.634627441588
2144,102,30926.634627441588,30946.899403397558
2145,40,67723.239273184561,67741.767933225856
2145,41,67741.767933225856,67761.68812144718
2145,42,67761.68812144718,67785.236768042741
2145,43,67785.236768042741,67801.970810961138
2147,64,70977.7252818868,70987.966947479668
2147,66,70987.966947479668,70999.242520272252
2147,68,70999.242520272252,71011.584784467705
2147,70,71011.584784467705,71021.970490588574
2147,72,71021.970490588574,71034.01852335922
2147,74,71034.01852335922,71046.567490878311
2147,76,71046.567490878311,71056.204116617635
2147,78,71056.204116617635,71068.051549972341
2147,80,71068.051549972341,71079.28838300932
2148,63,67901.101448528134,67915.999300136871
2148,61,67915.999300136871,67931.148537010638
2149,88,64365.742117726491,64384.314374239715
2150,75,75189.537579893396,75199.621287558897
2150,73,75199.621287558897,75208.90639623224
2150,71,75208.90639623224,75218.565855168112
2150,69,75218.565855168112,75228.225314103984
2153,134,64264.048519230848,64277.662333932232
2153,76,64335.056564219391,64347.665109732021
2153,78,64347.665109732021,64362.449138934891
2153,80,64362.449138934891,64376.119502165238
2154,19,74249.672530042095,74259.348969108949
2154,17,74259.348969108949,74268.597837991823
2155,32,57360.06297029605,57374.475496344254
2155,55,57393.902071091281,57411.069083674833
2155,54,57411.069083674833,57426.522526318273
2156,135,25848.594356457754,25857.462251805919
2156,133,25857.462251805919,25869.107693306694
2156,131,25869.107693306694,25878.117078768148
2156,129,25878.117078768148,25890.033329604994
2157,64,66148.459687805589,66165.500078863464
2157,66,66165.500078863464,66179.584588381258
2157,100,66207.64296064213,66224.518570656553
2158,8,55574.594577496238,55584.691271352393
2158,10,55584.691271352393,55596.376158395273
2158,12,55596.376158395273,55605.959518915406
2158,14,55605.959518915406,55615.668910516506
2159,62,63296.206281463012,63308.261868485635
2159,64,63308.261868485635,63325.221694222557
2159,66,63325.221694222557,63337.623947229695
2159,40,63370.886474389139,63386.444991696189
2162,76,39876.785827857027,39885.129604902104
2162,78,39885.129604902104,39893.518861613178
2162,80,39893.518861613178,39902.505222470572
2163,63,47229.543816109181,47241.529247631268
2163,61,47241.529247631268,47250.68224340208
2168,141,70724.420825499168,70737.993282916199
2168,139,70737.993282916199,70749.608625135399
2168,137,70749.608625135399,70761.5632829346
2168,135,70761.5632829346,70773.764762037157
2168,133,70773.764762037157,70785.992381951044
2168,131,70785.992381951044,70798.554968038952
2168,129,70798.554968038952,70810.005181680099
2168,127,70810.005181680099,70821.174177445122
2168,125,70821.174177445122,70832.31149953026
2168,123,70832.31149953026,70843.860856523534
2168,121,70843.860856523534,70855.154400840533
2169,136,22497.954868493794,22508.519440412118
2169,138,22508.519440412118,22517.924752499319
2170,152,71527.644198711525,71539.737563921401
2170,135,71551.099608808596,71561.875107099608
2170,133,71561.875107099608,71571.861427882483
2170,131,71571.861427882483,71582.058022238431
2170,129,71582.058022238431,71592.946848474108
2170,127,71592.946848474108,71603.898635809295
2170,125,71603.898635809295,71616.231510508747
2170,123,71616.231510508747,71627.202207910814
2170,121,71627.202207910814,71639.652755230025
2171,99,32400.276133828374,32417.454573657302
2171,128,32451.400323315545,32467.829855325628
2171,130,32467.829855325628,32481.88280307996
2171,132,32481.88280307996,32496.809146887954
2171,134,32496.809146887954,32514.831918962078
2172,135,64446.524358853472,64461.462078642435
2172,133,64461.462078642435,64477.936688743779
2173,14,36000.46037767185,36012.17710461215
2174,120,72392.306518845857,72402.66707753051
2174,122,72402.66707753051,72413.16535982542
2174,124,72413.16535982542,72425.777676140598
2174,126,72425.777676140598,72438.075388047902
2174,128,72438.075388047902,72451.417471531109
2174,130,72451.417471531109,72463.876630753803
2174,132,72463.876630753803,72474.502034440258
2174,134,72474.502034440258,72486.70809394223
2174,136,72486.70809394223,72497.715169654868
2175,134,75881.394864097005,75890.353757301433
2176,8,40336.869623746024,40345.404226606683
2177,99,68918.647894752314,68942.961436217243
2177,68,68977.920234565376,68996.10576724686
2177,70,68996.10576724686,69009.668986744451
2177,72,69009.668986744451,69025.983978543809
2177,74,69025.983978543809,69038.905781650174
2179,67,43415.784994861948,43426.565584794887
2181,133,31624.724339375731,31640.326092490384
2181,131,31640.326092490384,31657.216182898912
2181,129,31657.216182898912,31671.745992486649
2182,74,35238.150523062213,35250.253262513455
2182,76,35250.253262513455,35263.173188594068
2182,78,35263.173188594068,35274.988103019066
2182,80,35274.988103019066,35286.560737871347
2182,82,35286.560737871347,35298.77001721994
2183,141,28581.761215771166,28598.32966767875
2183,139,28598.32966767875,28612.832309153142
2183,137,28612.832309153142,28630.685921036078
2183,135,28630.685921036078,28646.30691618154
2183,133,28646.30691618154,28666.820326149031
2184,87,63148.833197599073,63168.028332834343
2185,103,37468.615928514497,37484.001529397676
2186,79,70118.314068346619,70131.302591937143
2186,77,70131.302591937143,70143.144271344427
2186,75,70143.144271344427,70157.70666518592
2186,73,70157.70666518592,70172.255535613338
2186,71,70172.255535613338,70186.512522897348
2186,69,70186.512522897348,70198.201064300738
2186,111,70231.157947838496,70244.371027371482
2187,14,71250.979373543742,71264.066148486876
2187,76,71307.627197213456,71321.587972345515
2189,70,37485.352869639872,37496.360554156679
2189,72,37496.360554156679,37507.350385437523
2189,74,37507.350385437523,37518.682192933346
2189,136,37562.052549678061,37575.978520702447
2189,138,37575.978520702447,37589.025560896611
2190,135,67757.784258748346,67773.69125288722
2190,133,67773.69125288722,67790.316067834618
2190,131,67790.316067834618,67804.543763267182
2190,129,67804.543763267182,67821.704440828587
2191,57,67832.367929888511,67848.931942486684
2191,56,67848.931942486684,67867.062472490419
2191,55,67867.062472490419,67886.731267181487
2191,54,67886.731267181487,67909.652882663519
2191,53,67909.652882663519,67926.249816895361
2191,52,67926.249816895361,67953.866778746364
2191,51,67953.866778746364,67974.477993021108
2192,133,65529.805145807433,65551.992717085363
2192,131,65551.992717085363,65569.099544661862
2192,129,65569.099544661862,65587.260065931143
2193,83,43462.976314667816,43472.888965387188
2193,81,43472.888965387188,43482.707205277467
2193,79,43482.707205277467,43491.23551852363
2193,77,43491.23551852363,43500.458841806932
2193,75,43500.458841806932,43510.266365128402
2193,73,43510.266365128402,43520.958446212608
2193,71,43520.958446212608,43529.752113039249
2193,69,43529.752113039249,43537.941051283386
2193,7,43579.721349746251,43589.496663743725
2193,5,43589.496663743725,43600.32370077393
2193,3,43600.32370077393,43610.47509713981
2194,12,40559.58083947283,40568.106041466512
2194,14,40568.106041466512,40578.894409275184
2194,76,40613.281203071681,40622.685258346501
2194,78,40622.685258346501,40633.041302315702
2196,75,62121.805694448718,62134.830274421161
2197,83,68345.135727710251,68364.489169814944
2197,81,68364.489169814944,68380.792523840471
2197,79,68380.792523840471,68396.884251900163
2197,77,68396.884251900163,68414.049060999838
2197,75,68414.049060999838,68431.835435906105
2197,73,68431.835435906105,68452.992674454086
2197,71,68452.992674454086,68471.074854254271
2197,69,68471.074854254271,68487.932959643862
2197,67,68487.932959643862,68506.347659595995
2197,65,68506.347659595995,68524.726785895167
2197,63,68524.726785895167,68544.733924495798
2198,7,69992.888596072371,70008.144857037754
2200,13,40655.495136747202,40668.004842266673
2200,11,40668.004842266673,40678.611779741615
2200,9,40678.611779741615,40689.217757252351
2200,111,40768.257261886327,40784.459000702307
2201,126,34039.242609288434,34053.732599252522
2201,128,34053.732599252522,34071.33568532639
2201,130,34071.33568532639,34083.142272651436
2202,124,24672.336388438074,24685.680835818039
2202,126,24685.680835818039,24697.754933937475
2202,128,24697.754933937475,24709.143223037408
2202,130,24709.143223037408,24719.83180969282
2202,132,24719.83180969282,24730.284978566193
2202,134,24730.284978566193,24741.469134115228
2204,7,78021.448565828716,78029.538847258169
2205,83,52535.326042193716,52544.807745318678
2205,81,52544.807745318678,52555.242657958421
2205,79,52555.242657958421,52566.840863014491
2205,77,52566.840863014491,52577.016397910753
2205,75,52577.016397910753,52586.593082686246
2205,73,52586.593082686246,52595.885947892013
2205,71,52595.885947892013,52606.072243788956
2205,69,52606.072243788956,52615.880739588036
2205,67,52615.880739588036,52625.153505181814
2205,65,52625.153505181814,52637.692485095955
2205,63,52637.692485095955,52647.780664238846
2205,61,52647.780664238846,52658.079859188751
2206,127,32767.706589513258,32784.532691056542
2206,125,32784.532691056542,32798.385307918914
2206,123,32798.385307918914,32814.558450479068
2207,81,62183.241111716648,62197.972558969057
2207,79,62197.972558969057,62210.248541913912
2207,77,62210.248541913912,62221.592471883341
2207,135,62266.376202356136,62279.265367001215
2207,133,62279.265367001215,62294.517513077219
2207,131,62294.517513077219,62308.931104573494
2207,129,62308.931104573494,62320.879597517116
2207,127,62320.879597517116,62332.790724362269
2207,125,62332.790724362269,62346.066740154325
2210,120,54868.974956378494,54876.722582288952
2211,75,58739.794324940653,58750.195169914412
2211,73,58750.195169914412,58760.316669491316
2211,71,58760.316669491316,58770.327464049675
2211,69,58770.327464049675,58780.273300323017
2211,67,58780.273300323017,58789.15212363669
2211,65,58789.15212363669,58798.129635301499
2212,78,73651.730554592039,73664.65316201275
2212,80,73664.65316201275,73673.725837765931
2213,124,50404.209643269554,50412.03280520768
2213,126,50412.03280520768,50421.866911565005
2214,43,66748.79974449781,66773.234942031151
2214,44,66773.234942031151,66797.959084652364
2214,45,66797.959084652364,66821.54454551189
2215,138,41878.947516339504,41886.76156358044
2215,140,41886.76156358044,41894.575610821375
2215,142,41894.575610821375,41902.57484591195
2216,19,29234.983995856568,29252.411950614816
2216,17,29252.411950614816,29272.717367970949
2216,15,29272.717367970949,29293.796335550487
2216,13,29293.796335550487,29312.241249245501
2216,11,29312.241249245501,29333.720882708818
2216,9,29333.720882708818,29355.1733799908
2216,7,29355.1733799908,29373.966499524395
2216,5,29373.966499524395,29390.871635173327
2217,98,34779.860014802682,34803.431067532489
2217,99,34803.431067532489,34818.686453625305
2217,100,34818.686453625305,34838.183521837484
2217,101,34838.183521837484,34858.739749317632
2217,102,34858.739749317632,34877.812683487653
2218,6,33930.488211496944,33945.026356469971
2219,68,37375.102726812984,37388.353568894992
2219,70,37388.353568894992,37399.901354145964
2219,72,37399.901354145964,37411.321812348964
2219,74,37411.321812348964,37423.446983739683
2219,44,37447.623220667403,37465.314826409238
2221,113,64964.66143727881,64996.126754144265
2221,112,64996.126754144265,65020.633602731032
2221,111,65020.633602731032,65042.323491993186
2221,110,65042.323491993186,65071.875726037215
2223,15,25417.997807024763,25431.054074759169
2223,13,25431.054074759169,25445.304034694709
2223,11,25445.304034694709,25459.63828251719
2223,9,25459.63828251719,25473.065636839448
2223,7,25473.065636839448,25486.281017871719
2223,5,25486.281017871719,25497.532890655133
2223,3,25497.532890655133,25512.023775779955
2225,44,29868.056930117466,29886.426559661748
2226,100,30037.725340802448,30056.177723126279
2226,101,30056.177723126279,30076.311889210476
2226,102,30076.311889210476,30097.57434975334
2226,103,30097.57434975334,30114.886780651701
2226,16,30241.33133707269,30262.82766540907
2226,18,30262.82766540907,30278.133868359146
2227,9,53971.326371922827,53981.195834361934
2227,111,54053.610158753552,54073.68540828886
2229,9,43868.055939237616,43878.087054095144
2231,135,58440.747778872821,58452.884291646275
2231,133,58452.884291646275,58466.445032600401
2231,131,58466.445032600401,58480.035393423328
2231,129,58480.035393423328,58491.878269231835
2231,111,58503.134009637841,58522.469168707212
2232,40,68697.43800186475,68716.790323758309
2232,10,68766.153725602184,68786.134198226122
2233,111,62747.362082667532,62766.257195483362
2234,130,68852.816681055352,68870.613324935228
2234,132,68870.613324935228,68888.269876524209
2234,134,68888.269876524209,68904.581738603098
2235,120,45745.865060777003,45755.59424785537
2235,122,45755.59424785537,45763.584346936994
2235,124,45763.584346936994,45773.083904475687
2235,126,45773.083904475687,45783.100215570164
2235,128,45783.100215570164,45792.868806450097
2235,130,45792.868806450097,45803.305182667689
2235,132,45803.305182667689,45812.336159081744
2235,134,45812.336159081744,45821.276770974306
2237,132,43900.448417461565,43910.780443584823
2237,134,43910.780443584823,43920.976651300574
2238,120,56246.152450614849,56255.039741562454
2238,122,56255.039741562454,56264.773582081594
2238,124,56264.773582081594,56274.143202718529
2238,126,56274.143202718529,56283.512823355464
2239,134,51139.096457842235,51149.93046140777
2240,36,28901.011364502621,28920.281204215404
2241,135,69109.199709480265,69121.861346397418
2241,133,69121.861346397418,69134.522983314586
2241,131,69134.522983314586,69150.046778380362
2241,129,69150.046778380362,69164.838865581914
2241,127,69164.838865581914,69178.993213854352
2241,125,69178.993213854352,69191.404453780211
2241,123,69191.404453780211,69203.697352431322
2242,77,75661.325576115793,75671.79457460664
2242,75,75671.79457460664,75681.546738216857
2242,73,75681.546738216857,75690.422790183831
2242,71,75690.422790183831,75699.805935401222
2242,69,75699.805935401222,75711.063750757341
2242,67,75711.063750757341,75721.548900361973
2242,65,75721.548900361973,75732.916249660993
2244,137,71299.815657876796,71312.930889687908
2244,91,71352.26989326677,71372.452465021968
2246,38,39227.204202141176,39242.547115783032
2246,39,39242.547115783032,39256.993537314316
2247,103,31368.00025704634,31386.542734342351
2247,76,31427.603358483921,31450.417492742006
2248,0,25151.114213523328,25161.870938509179
2248,2,25161.870938509179,25173.9755256854
2249,7,53485.761471108322,53494.233147833118
2249,5,53494.233147833118,53502.353418876759
2250,13,71275.045824841829,71285.951723615872
2250,11,71285.951723615872,71296.95903111597
2250,9,71296.95903111597,71308.352562876462
2251,152,30907.020696900152,30925.790095020227
2251,135,30943.13606567006,30960.356926747692
2253,64,61926.997016122921,61940.069275174385
2253,66,61940.069275174385,61951.328639887877
2253,68,61951.328639887877,61962.804598498347
2253,70,61962.804598498347,61973.555194684071
2253,72,61973.555194684071,61984.112817240893
2253,74,61984.112817240893,61996.620785002677
2253,16,62044.831074428912,62055.044103534136
2253,18,62055.044103534136,62066.614332041958
2254,24,70946.070585684036,70957.656307813188
2255,60,59502.95958924669,59512.659421805132
2255,62,59512.659421805132,59521.049679587253
2255,64,59521.049679587253,59529.190394555335
2255,66,59529.190394555335,59538.623813981729
2255,68,59538.623813981729,59549.150382422129
2255,70,59549.150382422129,59558.872074845349
2255,72,59558.872074845349,59568.600476322958
2255,74,59568.600476322958,59577.187598937395
2255,76,59577.187598937395,59586.455538023103
2255,78,59586.455538023103,59595.940053126084
2255,80,59595.940053126084,59605.446862533987
2256,122,25872.580715518019,25881.624859452011
2256,124,25881.624859452011,25891.401378267092
2256,126,25891.401378267092,25902.920938078689
2257,94,31188.276723493422,31204.435451525296
2258,128,71941.004745424565,71954.892833844962
2258,130,71954.892833844962,71965.824309266813
2258,132,71965.824309266813,71978.074806359757
2258,134,71978.074806359757,71989.362497976603
2259,152,61132.9462531139,61152.477758445239
2259,76,61215.485369524344,61229.73208916928
2259,78,61229.73208916928,61244.028908649088
2259,80,61244.028908649088,61258.5806458886
2261,19,21832.045768137865,21840.964921672392
2261,17,21840.964921672392,21850.579192571666
2261,55,21879.363324339243,21891.933587620693
2262,140,63474.24490543826,63486.484628564285
2262,142,63486.484628564285,63501.109402420392
2263,14,37529.663022748449,37541.320027930356
2263,136,37623.150633512363,37634.787790762755
2263,138,37634.787790762755,37647.183816843783
2265,148,59373.20369919634,59386.109813359668
2266,120,51945.078389699054,51955.853661259767
2266,122,51955.853661259767,51965.562440641159
2266,124,51965.562440641159,51975.22360115777
2266,126,51975.22360115777,51985.48813135938
2266,128,51985.48813135938,51995.034035550576
2266,130,51995.034035550576,52004.142386614898
2266,132,52004.142386614898,52014.222448309949
2267,135,31265.435164779003,31281.569190480368
2267,133,31281.569190480368,31301.45877800589
2267,131,31301.45877800589,31322.551537018349
2267,129,31322.551537018349,31337.554825980671
2267,127,31337.554825980671,31363.151801202297
2267,125,31363.151801202297,31377.808732128407
2267,123,31377.808732128407,31394.080712770028
2268,75,34297.80199407156,34312.189814795951
2268,73,34312.189814795951,34326.729520240326
2269,36,31855.961168859711,31876.773360778512
2269,37,31876.773360778512,31897.25781042139
2269,64,31943.163812560251,31962.621484286294
2269,66,31962.621484286294,31976.089022615241
2269,68,31976.089022615241,31994.756515039335
2269,70,31994.756515039335,32011.173917886503
2269,72,32011.173917886503,32032.610606147398
2269,74,32032.610606147398,32049.72447433733
2269,76,32049.72447433733,32069.929435646889
2269,78,32069.929435646889,32082.851672072647
2269,80,32082.851672072647,32096.482657254328
2269,82,32096.482657254328,32110.000776073146
2270,83,29296.894645223652,29314.343224997992
2270,81,29314.343224997992,29332.679571029468
2270,79,29332.679571029468,29350.147041467924
2270,77,29350.147041467924,29362.648734003738
2270,115,29423.190886074528,29445.856308785238
2271,79,37917.190305533528,37925.954908868211
2271,77,37925.954908868211,37934.501571038083
2271,75,37934.501571038083,37943.335245399801
2271,73,37943.335245399801,37952.747394458085
2271,71,37952.747394458085,37963.59851975309
2273,62,66435.549777842403,66449.386014498436
2273,64,66449.386014498436,66461.848157038752
2273,66,66461.848157038752,66476.500844293056
2273,68,66476.500844293056,66492.748946536958
2273,70,66492.748946536958,66509.609884907448
2273,72,66509.609884907448,66524.64950990252
2273,74,66524.64950990252,66539.022322993231
2273,76,66539.022322993231,66556.322909234863
2273,78,66556.322909234863,66569.884414132859
2273,80,66569.884414132859,66586.426685516431
2273,82,66586.426685516431,66599.812691703599
2275,128,72313.061592395272,72327.73280862502
2275,130,72327.73280862502,72340.678860006912
2275,132,72340.678860006912,72352.028295329612
2275,134,72352.028295329612,72363.797849902461
2275,76,72410.448041162337,72420.815674930782
2276,14,28406.113767686555,28420.938345391965
2276,136,28535.409062225848,28551.534587006907
2276,138,28551.534587006907,28565.686948359802
2276,140,28565.686948359802,28579.455927583542
2276,142,28579.455927583542,28596.835133082524
2277,75,72745.926716552392,72757.408400623841
2277,73,72757.408400623841,72770.181538870442
2277,71,72770.181538870442,72783.35140549051
2277,69,72783.35140549051,72794.080687334383
2277,67,72794.080687334383,72805.371631919392
2277,65,72805.371631919392,72817.249173945151
2277,63,72817.249173945151,72830.255642542819
2277,37,72865.305856541119,72881.536390374851
2278,124,43961.889114278856,43971.014269878135
2278,126,43971.014269878135,43979.813152164483
2279,28,45117.200730440367,45129.716707708554
2280,126,60725.438313414568,60736.809807176942
2280,68,60782.965754352095,60793.383233460343
2280,70,60793.383233460343,60804.932564568946
2280,72,60804.932564568946,60815.047296966644
2280,74,60815.047296966644,60827.314628776359
2282,136,30927.772762466335,30946.594409936246
2282,138,30946.594409936246,30961.898267289424
2282,140,30961.898267289424,30978.235897238348
2282,142,30978.235897238348,30995.928680941011
2283,141,63134.859433180332,63149.0927890081
2283,139,63149.0927890081,63161.617424624717
2283,137,63161.617424624717,63178.651137783585
2283,135,63178.651137783585,63191.466820275906
2283,133,63191.466820275906,63208.928243979273
2283,131,63208.928243979273,63225.577193677018
2283,129,63225.577193677018,63241.738328503168
2283,127,63241.738328503168,63258.739838061658
2283,125,63258.739838061658,63271.487265082003
2283,123,63271.487265082003,63286.735236943627
2284,14,70306.050451244053,70322.532902008854
2284,136,70426.527777671363,70436.928536411579
2284,138,70436.928536411579,70448.443333365154
2284,140,70448.443333365154,70460.09796061099
2284,142,70460.09796061099,70471.265230692574
2285,64,67163.33172458761,67177.492752172577
2285,66,67177.492752172577,67192.231057899364
2285,68,67192.231057899364,67212.43262794445
2285,70,67212.43262794445,67229.662636455585
2285,72,67229.662636455585,67249.62516330459
2286,150,33248.167520307914,33269.22606608623
2286,149,33269.22606608623,33291.043589049514
2286,148,33291.043589049514,33313.693227940326
2287,2,63953.475428456899,63966.205367015325
2288,141,64400.968113957089,64415.281911208935
2288,139,64415.281911208935,64429.377028908311
2288,137,64429.377028908311,64444.679716436978
2288,135,64444.679716436978,64459.466939692073
2288,133,64459.466939692073,64475.193415236987
2288,131,64475.193415236987,64491.111283729639
2288,129,64491.111283729639,64507.261837574551
2288,127,64507.261837574551,64525.410952785445
2288,125,64525.410952785445,64540.632414537788
2288,123,64540.632414537788,64553.437272764961
2289,128,76474.052688149808,76484.484658957779
2289,130,76484.484658957779,76495.330295894426
2290,128,62497.66165938176,62510.561292009872
2290,130,62510.561292009872,62523.945235423249
2290,132,62523.945235423249,62537.235894166166
2290,134,62537.235894166166,62550.030157534587
2290,136,62550.030157534587,62563.775073296296
2290,138,62563.775073296296,62575.45433506769
2290,140,62575.45433506769,62586.635297778979
2290,142,62586.635297778979,62597.605774017917
2293,96,28488.193424565881,28507.405203561484
2294,72,60047.729280273881,60058.108924975641
2294,74,60058.108924975641,60068.588599920542
2294,76,60068.588599920542,60079.384667565471
2294,78,60079.384667565471,60090.69976965386
2294,80,60090.69976965386,60103.567906908283
2296,83,73828.746522382105,73838.486452893645
2296,81,73838.486452893645,73847.867680441923
2296,79,73847.867680441923,73858.075022374906
2296,77,73858.075022374906,73869.478879005459
2298,76,63221.900524218319,63236.63801027622
2299,60,59083.032255723199,59091.341419185475
2299,62,59091.341419185475,59102.363846738554
2299,64,59102.363846738554,59113.664481538413
2299,66,59113.664481538413,59121.031438213344
2299,68,59121.031438213344,59130.036425516708
2299,70,59130.036425516708,59140.769166303449
2299,72,59140.769166303449,59149.609962408533
2299,74,59149.609962408533,59160.746247395997
2299,76,59160.746247395997,59170.754597665284
2299,78,59170.754597665284,59183.892623342064
2299,80,59183.892623342064,59193.435676331959
2299,82,59193.435676331959,59202.978729321861
2300,139,32626.552789645299,32644.802410857414
2300,137,32644.802410857414,32661.424937653403
2300,135,32661.424937653403,32674.651296236025
2300,133,32674.651296236025,32696.279112776763
2300,131,32696.279112776763,32710.678969586112
2300,129,32710.678969586112,32724.159529134638
2301,143,73133.967776583508,73143.75615115829
2301,141,73143.75615115829,73154.37488512967
2301,139,73154.37488512967,73164.346374147834
2301,137,73164.346374147834,73175.308271613176
2301,135,73175.308271613176,73183.832061133799
2301,133,73183.832061133799,73197.703080435254
2301,131,73197.703080435254,73208.219371956133
2301,129,73208.219371956133,73218.305359133214
2301,127,73218.305359133214,73230.090475093704
2301,125,73230.090475093704,73239.762816220944
2303,60,70200.899412677332,70214.972848110323
2303,62,70214.972848110323,70228.767067169712
2303,64,70228.767067169712,70244.120985765723
2303,66,70244.120985765723,70255.524247095338
2303,68,70255.524247095338,70269.103001909622
2303,70,70269.103001909622,70283.365526644833
2303,72,70283.365526644833,70297.871895424236
2303,74,70297.871895424236,70309.330066335999
2304,75,42505.64982889856,42513.292474384783
2304,73,42513.292474384783,42524.051493903215
2305,136,29410.444281784421,29422.111417970002
2305,138,29422.111417970002,29436.802649845544
2306,119,28522.506852416402,28541.882713535531
2306,118,28541.882713535531,28559.757572888651
2306,117,28559.757572888651,28579.689315128275
2306,116,28579.689315128275,28600.143446351038
2307,136,32193.914127118482,32208.511513743328
2307,138,32208.511513743328,32224.001576147337
2307,140,32224.001576147337,32240.437512430257
2308,103,60658.255718904387,60675.83055070573
2308,76,60693.830839150331,60706.565769077693
2308,78,60706.565769077693,60718.43957348667
2308,80,60718.43957348667,60729.045159920533
2308,82,60729.045159920533,60740.379029116586
2310,100,31104.466896027745,31121.851023062049
2310,101,31121.851023062049,31142.443541276261
2310,102,31142.443541276261,31160.387605137243
2310,103,31160.387605137243,31181.144926434863
2310,76,31221.124962629725,31237.436929216743
2310,78,31237.436929216743,31257.429073053612
2310,80,31257.429073053612,31273.235036399063
2311,64,38184.939711180261,38194.7369761183
2311,66,38194.7369761183,38203.509349126856
2311,100,38220.346390596846,38234.448585473634
2311,101,38234.448585473634,38248.392113997179
2312,6,28995.625468355105,29019.21886183252
2312,8,29019.21886183252,29045.099262021271
2312,10,29045.099262021271,29063.940782066875
2312,12,29063.940782066875,29080.210721970681
2312,14,29080.210721970681,29096.177041927036
2312,44,29132.926495659365,29152.959521361048
2312,45,29152.959521361048,29173.818233626935
2313,159,35809.055139833676,35825.5142502339
2313,68,35898.49743575084,35911.276705002361
2314,104,22448.4790970584,22463.245144167446
2314,105,22463.245144167446,22477.542389176764
2314,106,22477.542389176764,22495.033385242488
2315,134,51054.975264519649,51065.116189503569
2315,136,51065.116189503569,51074.385333047459
2315,138,51074.385333047459,51083.940435926968
2315,140,51083.940435926968,51093.264527326108
2315,142,51093.264527326108,51100.061540545241
2316,115,64801.179920395902,64825.474909896242
2316,114,64825.474909896242,64841.214669817447
2318,147,27319.115708491034,27337.948389519377
2318,146,27337.948389519377,27361.948927961646
2319,83,30801.34395868679,30822.09205248619
2319,81,30822.09205248619,30842.846927052546
2319,79,30842.846927052546,30858.39330836364
2319,77,30858.39330836364,30874.579965164863
2319,75,30874.579965164863,30899.413077567679
2320,141,58494.59832595483,58504.934684288004
2320,139,58504.934684288004,58514.694731823722
2320,137,58514.694731823722,58523.000544383714
2320,135,58523.000544383714,58531.306356943707
2320,133,58531.306356943707,58541.018414109501
2320,131,58541.018414109501,58550.824320141139
2320,129,58550.824320141139,58560.665328374977
2321,83,63386.066701802003,63401.245254577138
2321,81,63401.245254577138,63415.532973143265
2321,79,63415.532973143265,63429.159267062445
2321,77,63429.159267062445,63442.868441342849
2321,75,63442.868441342849,63457.43216282397
2321,73,63457.43216282397,63475.061494777932
2321,71,63475.061494777932,63489.695469739432
2321,69,63489.695469739432,63503.288571141915
2321,67,63503.288571141915,63520.812380627322
2321,65,63520.812380627322,63535.145928020152
2321,63,63535.145928020152,63548.875591514996
2322,120,64622.914261301848,64637.483753743574
2322,122,64637.483753743574,64653.142066358254
2322,124,64653.142066358254,64666.973946975573
2322,126,64666.973946975573,64679.8132866995
2322,128,64679.8132866995,64697.138593734897
2322,130,64697.138593734897,64711.752442672056
2322,132,64711.752442672056,64729.968003234317
2322,134,64729.968003234317,64743.08809292208
2322,136,64743.08809292208,64754.514584715973
2322,138,64754.514584715973,64767.533242832455
2323,75,28909.489941670872,28930.065671212855
2323,73,28930.065671212855,28951.956245386962
2323,71,28951.956245386962,28971.568373688588
2323,69,28971.568373688588,28985.769641241695
2323,51,29002.634060483564,29024.160154948771
2324,133,26520.462836009785,26537.357921529594
2324,131,26537.357921529594,26552.994716801386
2324,129,26552.994716801386,26566.546032803639
2324,127,26566.546032803639,26581.511864913231
2324,125,26581.511864913231,26593.807010971836
2324,123,26593.807010971836,26606.732096611446
2324,121,26606.732096611446,26624.648948595524
2326,136,76340.597607563934,76348.494647842133
2326,138,76348.494647842133,76357.208826893271
2326,140,76357.208826893271,76366.367885740983
2327,98,74432.334168009664,74450.566292404154
2327,99,74450.566292404154,74463.698884831858
2327,128,74486.284738474395,74495.752833259947
2327,130,74495.752833259947,74507.497987986877
2328,128,46571.323875896873,46581.796262312499
2328,130,46581.796262312499,46592.969910330823
2328,132,46592.969910330823,46602.371981902463
2328,134,46602.371981902463,46611.067613218365
2330,14,72634.661845874813,72645.313319786219
2331,134,47495.262630215002,47507.882618912117
2331,75,47545.218871776502,47553.165433963353
2332,74,63329.184216974674,63344.38724277859
2333,77,65637.678358844365,65652.788076860481
2333,75,65652.788076860481,65673.920086715923
2333,73,65673.920086715923,65693.656122831162
2333,71,65693.656122831162,65710.804875064947
2333,69,65710.804875064947,65725.765082722937
2333,67,65725.765082722937,65749.329392262502
2333,65,65749.329392262502,65769.757419888527
2333,63,65769.757419888527,65792.131667654612
2333,61,65792.131667654612,65813.716804187599
2334,119,75945.625723769117,75959.891677239095
2335,14,67810.125623021726,67830.492407867525
2335,76,67904.367884749721,67931.295927242027
2335,78,67931.295927242027,67947.780878750244
2335,80,67947.780878750244,67965.525164060862
2336,6,26704.169186154599,26719.096839121466
2336,8,26719.096839121466,26732.059008284592
2336,10,26732.059008284592,26741.784608391368
2336,12,26741.784608391368,26751.96892600313
2336,14,26751.96892600313,26762.888982016244
2338,71,34716.583585618042,34728.164136208412
2338,69,34728.164136208412,34739.692156074285
2338,127,34792.002838216838,34806.825257107776
2338,125,34806.825257107776,34816.469027656349
2339,128,78011.701279395114,78021.285366348617
2339,130,78021.285366348617,78030.415749676962
2339,132,78030.415749676962,78040.399867744331
2339,134,78040.399867744331,78051.459012203675
2339,76,78091.416441248977,78102.303434422007
2339,78,78102.303434422007,78111.615732536622
2339,80,78111.615732536622,78121.325432532292
2340,83,66320.15349979492,66340.815550671949
2340,81,66340.815550671949,66356.348326374267
2340,79,66356.348326374267,66372.65612935122
2340,77,66372.65612935122,66387.418086194099
2340,31,66442.717010977489,66463.436088997885
2341,81,30541.07124584305,30568.811008350051
2341,79,30568.811008350051,30581.502188386345
2341,77,30581.502188386345,30597.590432091743
2341,75,30597.590432091743,30621.165059815135
2341,73,30621.165059815135,30646.190818814794
2341,71,30646.190818814794,30667.970196544306
2341,69,30667.970196544306,30688.467521481158
2341,67,30688.467521481158,30716.334774176972
2341,65,30716.334774176972,30736.092380134101
2341,63,30736.092380134101,30756.865378924831
2342,39,31965.409857240113,31990.438163130471
2342,40,31990.438163130471,32010.423548502968
2342,41,32010.423548502968,32034.623322207794
2342,42,32034.623322207794,32065.964350549984
2342,43,32065.964350549984,32087.139028878493
2343,135,55877.942815434326,55889.401644517646
2343,133,55889.401644517646,55898.339805910233
2343,131,55898.339805910233,55905.593233290165
2343,129,55905.593233290165,55911.766953908162
2343,87,55945.966737401781,55965.698324499346
2345,77,39330.853231418238,39340.733844034796
2345,75,39340.733844034796,39349.850219870328
2345,73,39349.850219870328,39358.848755704857
2345,71,39358.848755704857,39366.992193654267
2345,69,39366.992193654267,39375.968030473668
2345,27,39401.756635485224,39418.622501241203
2346,83,65431.6695538286,65449.256900019151
2346,81,65449.256900019151,65467.969546914079
2346,79,65467.969546914079,65484.639106453476
2346,77,65484.639106453476,65497.682344886234
2346,75,65497.682344886234,65520.433808115464
2346,73,65520.433808115464,65538.169137848527
2346,71,65538.169137848527,65552.012416372309
2346,69,65552.012416372309,65568.613592384791
2347,71,72041.499274905524,72053.481935232485
2347,69,72053.481935232485,72064.325132908431
2347,111,72101.505761885041,72120.38514066214
2347,110,72120.38514066214,72137.906584041892
2349,135,27952.550559807863,27962.952127110657
2350,10,31380.572762174357,31396.780789641634
2351,68,43772.004755927686,43782.642502795541
2352,6,26944.079054386537,26957.490112726256
2352,8,26957.490112726256,26971.702304347535
2352,10,26971.702304347535,26985.2058781778
2352,12,26985.2058781778,26997.317195327341
2352,14,26997.317195327341,27010.84732422846
2354,81,72674.111793723598,72687.063968473914
2354,79,72687.063968473914,72698.133502481127
2354,77,72698.133502481127,72708.434122457125
2354,75,72708.434122457125,72718.887947018724
2354,73,72718.887947018724,72733.456683150405
2354,71,72733.456683150405,72744.801207543336
2354,69,72744.801207543336,72755.85202814998
2354,67,72755.85202814998,72766.801751331746
2355,7,32050.980516854845,32067.669036248517
2356,139,78780.214552820384,78789.840738434577
2356,137,78789.840738434577,78798.294279946072
2356,75,78835.840553671369,78843.835733547327
2356,73,78843.835733547327,78851.7469384914
2356,71,78851.7469384914,78859.672718540125
2356,69,78859.672718540125,78867.331746446958
2356,67,78867.331746446958,78875.202364752258
2356,65,78875.202364752258,78884.085474407722
2356,63,78884.085474407722,78893.747857707436
2356,61,78893.747857707436,78901.910726647271
2357,143,73901.004690348971,73910.669607173928
2357,141,73910.669607173928,73920.780948525644
2357,139,73920.780948525644,73930.786868395851
2357,137,73930.786868395851,73940.732202229075
2357,135,73940.732202229075,73951.349670083946
2358,159,38939.55918775966,38959.91638321065
2358,128,38978.409881375563,38990.394394344956
2358,130,38990.394394344956,39000.245064127696
2358,132,39000.245064127696,39010.241318843502
2359,75,66384.241804169011,66405.512098050618
2359,73,66405.512098050618,66428.608501207651
2359,71,66428.608501207651,66445.794441655962
2359,69,66445.794441655962,66461.850297035227
2360,62,29033.113676102865,29049.322726799808
2360,64,29049.322726799808,29065.022856816289
2360,66,29065.022856816289,29079.027671146567
2360,100,29108.953089561492,29128.695287437979
2362,64,63062.915757934359,63077.440973516575
2362,66,63077.440973516575,63092.535724597656
2362,68,63092.535724597656,63106.833647141582
2362,70,63106.833647141582,63120.530939798315
2363,127,32247.106262070796,32269.361095727931
2363,125,32269.361095727931,32285.523284516683
2363,123,32285.523284516683,32296.737347168528
2363,121,32296.737347168528,32322.869484890307
2364,134,30655.68009055674,30668.282281599073
2364,136,30668.282281599073,30680.493063166199
2364,138,30680.493063166199,30692.938864883239
2364,140,30692.938864883239,30708.347351396264
2364,142,30708.347351396264,30724.635532119606
2365,14,68163.866312918937,68183.318780516085
2365,136,68333.472017385648,68349.598674366542
2366,10,22795.011250073592,22804.623534654518
2366,12,22804.623534654518,22814.143536880132
2367,67,70400.7764371308,70416.032537968902
2368,152,65380.404821479584,65396.710703227174
2369,134,59546.329270268587,59558.019731509623
2369,104,59582.280485888929,59600.097713812538
2371,135,22642.9002012401,22653.337572323082
2371,133,22653.337572323082,22664.03246358455
2371,131,22664.03246358455,22676.033321917796
2371,129,22676.033321917796,22688.859738960506
2373,133,31456.853537996911,31480.880004335191
2373,131,31480.880004335191,31505.566074329337
2373,129,31505.566074329337,31520.976301157345
2373,111,31540.221978401853,31565.684531795861
2374,66,50467.117580466132,50478.596880207471
2375,2,41507.817496968652,41516.617521903456
2375,4,41516.617521903456,41526.020295534887
2375,6,41526.020295534887,41533.794024282666
2375,68,41565.192047000528,41574.274332086286
2375,70,41574.274332086286,41583.429779677143
2375,72,41583.429779677143,41592.05589058905
2375,74,41592.05589058905,41600.528406159523
2375,76,41600.528406159523,41608.980240483208
2375,78,41608.980240483208,41618.309465011851
2377,81,24895.653644201717,24904.631159551282
2377,79,24904.631159551282,24914.55833541822
2377,77,24914.55833541822,24924.549935151488
2377,31,24952.051679701162,24969.269375694228
2377,30,24969.269375694228,24983.830864560965
2378,79,54244.888486632852,54256.180380359961
2378,77,54256.180380359961,54267.573074645974
2380,124,47566.6882086275,47575.699158005533
2380,126,47575.699158005533,47585.061553162523
2380,128,47585.061553162523,47594.071088077049
2380,130,47594.071088077049,47602.160694274338
2380,132,47602.160694274338,47610.6817092032
2380,134,47610.6817092032,47620.13915592742
2380,104,47639.810549617643,47653.866569789359
2380,105,47653.866569789359,47668.367038932818
2380,106,47668.367038932818,47683.363565532381
2380,107,47683.363565532381,47697.777286183438
2381,140,27475.416639668758,27491.938499494496
2381,142,27491.938499494496,27509.017010659667
2382,62,48917.161536398104,48925.876229442911
2382,64,48925.876229442911,48934.066385428239
2382,66,48934.066385428239,48943.419533583532
2382,40,48963.899936079957,48979.293559284735
2383,76,41935.868518633179,41943.578324046124
2383,78,41943.578324046124,41951.288129459062
2384,2,56178.415076751058,56186.741927949974
2384,4,56186.741927949974,56196.940835871683
2384,6,56196.940835871683,56206.059064299108
2384,8,56206.059064299108,56215.01954390329
2384,10,56215.01954390329,56224.167030388307
2384,12,56224.167030388307,56233.228925144191
2384,14,56233.228925144191,56242.947352327923
2384,16,56242.947352327923,56252.164111589511
2384,18,56252.164111589511,56261.239099888931
2384,20,56261.239099888931,56271.303721371551
2385,92,64588.033484265725,64605.015514860599
2385,115,64638.546709934693,64655.199205392499
2385,114,64655.199205392499,64673.886641745979
2385,113,64673.886641745979,64691.404598484114
2385,112,64691.404598484114,64712.135276364905
2385,111,64712.135276364905,64737.171345739589
2385,110,64737.171345739589,64760.540827937119
2386,64,72154.242205516013,72165.53815206424
2386,66,72165.53815206424,72180.198940037648
2386,68,72180.198940037648,72192.280559657302
2386,70,72192.280559657302,72204.253997870124
2386,72,72204.253997870124,72216.714913000498
2386,74,72216.714913000498,72227.279305542441
2386,76,72227.279305542441,72237.532748186088
2386,78,72237.532748186088,72246.71212812778
2386,80,72246.71212812778,72255.806154210048
2386,82,72255.806154210048,72267.115681757554
2387,12,54499.909219349713,54507.88477374176
2387,14,54507.88477374176,54517.416575378542
2387,76,54552.994761300928,54561.418190729477
2387,78,54561.418190729477,54571.722475366572
2388,92,36280.019021907327,36297.135931943747
2389,60,67267.439735746331,67285.360199287694
2389,62,67285.360199287694,67303.462553496283
2389,64,67303.462553496283,67320.717371514795
2389,66,67320.717371514795,67336.309447066888
2389,68,67336.309447066888,67359.704628521562
2389,70,67359.704628521562,67376.364632971497
2389,72,67376.364632971497,67401.051908428257
2389,74,67401.051908428257,67418.10858583427
2389,76,67418.10858583427,67434.060690366721
2390,31,23184.161558237342,23201.734764597899
2391,137,39978.482060162984,39988.253954821928
2391,135,39988.253954821928,39997.138194163723
2391,133,39997.138194163723,40006.022433505517
2392,83,30046.420508178711,30064.7011525411
2392,81,30064.7011525411,30083.746540787881
2392,79,30083.746540787881,30101.439063073391
2392,77,30101.439063073391,30118.012191622154
2392,31,30169.330141987582,30187.895253374027
2392,30,30187.895253374027,30220.914126926629
2392,29,30220.914126926629,30243.602475217242
2393,133,45085.79603629066,45095.29579820887
2393,131,45095.29579820887,45102.98777798962
2393,129,45102.98777798962,45110.463640416419
2393,127,45110.463640416419,45117.939502843212
2393,125,45117.939502843212,45126.726844400415
2393,123,45126.726844400415,45135.980498539015
2393,121,45135.980498539015,45144.315973129567
2395,79,62123.957696917329,62136.680630285169
2395,77,62136.680630285169,62147.659400109682
2395,75,62147.659400109682,62161.605056475702
2395,73,62161.605056475702,62176.409993760179
2395,71,62176.409993760179,62188.133676684003
2395,69,62188.133676684003,62201.276298377234
2395,67,62201.276298377234,62215.852120444513
2395,65,62215.852120444513,62224.556214828794
2395,63,62224.556214828794,62239.226925437455
2396,125,62979.152849558646,62993.051412982713
2396,123,62993.051412982713,63007.112210698528
2397,14,27542.531064867213,27557.592540218277
2397,16,27557.592540218277,27574.371646696029
2397,18,27574.371646696029,27591.203472432022
2397,20,27591.203472432022,27607.852398119365
2397,22,27607.852398119365,27625.015055741424
2398,36,65811.31958602705,65833.125625640809
2398,37,65833.125625640809,65857.076898561092
2399,130,52741.934885293944,52751.79739475168
2399,132,52751.79739475168,52764.374442569853
2399,134,52764.374442569853,52777.741452511385
2399,76,52823.3352071017,52833.424092204456
2400,23,48812.259634987866,48819.835495071828
2400,21,48819.835495071828,48827.847143311577
2400,19,48827.847143311577,48837.952263279316
2400,17,48837.952263279316,48846.513738641843
2400,15,48846.513738641843,48853.358386661908
2400,13,48853.358386661908,48862.798612916995
2400,11,48862.798612916995,48872.027087575021
2401,126,30895.032305043307,30912.487427617278
2401,128,30912.487427617278,30934.342362177667
2401,130,30934.342362177667,30949.01324202455
2401,132,30949.01324202455,30965.985722156842
2401,134,30965.985722156842,30983.823031375701
2401,136,30983.823031375701,30999.423345497227
2401,138,30999.423345497227,31016.688122205611
2401,140,31016.688122205611,31034.355368417982
2402,11,27925.79058943217,27939.933779460265
2402,9,27939.933779460265,27958.710452410465
2402,67,28017.335477177221,28034.535844601316
2402,65,28034.535844601316,28047.701846174758
2403,1,36017.771570376543,36028.538971328744
2404,137,35912.502820166555,35926.232412079429
2405,124,66069.907717211841,66087.239916406834
2405,126,66087.239916406834,66103.34913615312
2405,128,66103.34913615312,66127.58757307216
2405,130,66127.58757307216,66145.474504862301
2406,8,51779.374321246505,51788.62207518713
2406,10,51788.62207518713,51798.446334491775
2406,12,51798.446334491775,51808.681646397526
2406,14,51808.681646397526,51822.663099567086
2406,16,51822.663099567086,51831.30224078265
2407,67,38413.429288183368,38423.85901049235
2408,19,26657.573162684148,26671.80978229555
2408,17,26671.80978229555,26685.222869460413
2408,15,26685.222869460413,26695.566590746712
2408,13,26695.566590746712,26706.925278966602
2408,11,26706.925278966602,26719.40535507083
2408,9,26719.40535507083,26733.033329614955
2408,7,26733.033329614955,26742.943292247881
2408,5,26742.943292247881,26755.05284241656
2408,3,26755.05284241656,26767.205833976281
2409,136,75352.735375780641,75362.923431655523
2410,67,61242.986786827387,61255.804311273678
2410,65,61255.804311273678,61266.596110558552
2410,63,61266.596110558552,61278.85109139212
2411,68,44320.608173276276,44330.324755565787
2412,8,28132.490006832435,28151.855357939334
2413,76,55051.779321756447,55062.745505562692
2413,78,55062.745505562692,55072.803484490432
2413,80,55072.803484490432,55083.742428752244
2413,82,55083.742428752244,55096.631467905005
2414,112,70516.098722334762,70534.758907640426
2414,67,70583.823675779218,70598.095402787061
2417,135,68153.909412902416,68169.723272968622
2417,133,68169.723272968622,68187.237401918828
2417,131,68187.237401918828,68206.00702878162
2417,129,68206.00702878162,68221.675084855218
2417,111,68240.990071632492,68261.279765183921
2418,98,47836.364091420022,47849.967720340159
2418,99,47849.967720340159,47866.99244588046
2418,128,47884.379816370551,47893.785673314393
2418,130,47893.785673314393,47902.113696847759
2418,132,47902.113696847759,47910.292365074762
2418,134,47910.292365074762,47918.2893435152
2419,74,57397.579941432683,57408.331789081116
2419,76,57408.331789081116,57418.627347702066
2419,78,57418.627347702066,57427.57369264248
2419,80,57427.57369264248,57436.215569341592
2419,82,57436.215569341592,57444.756299814406
2420,127,75894.562149340316,75905.19013060689
2420,125,75905.19013060689,75914.449325952723
2420,123,75914.449325952723,75924.237669865572
2420,121,75924.237669865572,75934.109066346093
2422,62,28721.663699920209,28737.767352990508
2422,64,28737.767352990508,28753.070647710894
2422,66,28753.070647710894,28766.844021502795
2423,130,34638.58685708783,34651.212900853789
2423,132,34651.212900853789,34663.476402277658
2423,134,34663.476402277658,34673.584181821825
2423,104,34702.6555406267,34718.329290343609
2424,100,32945.477287074464,32965.732199870115
2426,73,46613.343266674434,46621.983429952568
2426,71,46621.983429952568,46630.778597755321
2426,69,46630.778597755321,46640.410832851943
2427,130,71618.898354163481,71631.392839758104
2427,132,71631.392839758104,71641.82227473399
2428,67,59949.502223740274,59960.425575513749
2428,65,59960.425575513749,59970.216982589693
2428,63,59970.216982589693,59981.376385546399
2428,61,59981.376385546399,59992.51158891098
2429,75,34259.744545210036,34269.680169271822
2429,73,34269.680169271822,34283.359539346871
2429,71,34283.359539346871,34294.908802111815
2429,69,34294.908802111815,34305.8903307851
2429,27,34343.266566436607,34357.175640196401
2429,26,34357.175640196401,34373.241939051622
2430,143,47092.311795961032,47104.385522508361
2430,141,47104.385522508361,47112.359055844012
2430,139,47112.359055844012,47121.814456873726
2430,137,47121.814456873726,47130.546170720467
2430,135,47130.546170720467,47140.388155960369
2430,133,47140.388155960369,47151.352341737853
2431,75,45570.562135894979,45579.966510666331
2431,73,45579.966510666331,45590.579354143651
2431,71,45590.579354143651,45600.622845216349
2432,143,41671.692260366217,41680.722203239682
2432,141,41680.722203239682,41689.993918673048
2432,139,41689.993918673048,41700.330944367321
2432,137,41700.330944367321,41709.076560203641
2432,75,41745.844502704815,41754.150758148498
2432,73,41754.150758148498,41764.206468669552
2432,71,41764.206468669552,41773.394698330303
2432,69,41773.394698330303,41781.814778650441
2432,67,41781.814778650441,41792.734517789722
2433,128,51092.597361424327,51102.186909905293
2433,130,51102.186909905293,51111.65280629637
2433,132,51111.65280629637,51121.890206794407
2433,134,51121.890206794407,51130.7145189906
2433,76,51167.71724017166,51178.269329036673
2433,78,51178.269329036673,51187.80277455943
2433,80,51187.80277455943,51197.849398517719
2435,75,21840.57610497831,21850.672809201642
2436,115,32491.586231462723,32510.617062788657
2437,135,33523.025378839178,33537.108849267664
2437,133,33537.108849267664,33554.251897489587
2437,131,33554.251897489587,33572.403670089974
2437,129,33572.403670089974,33587.417996608798
2438,135,59671.712766327677,59682.384189193894
2439,124,23581.928796891018,23590.716132336966
2439,126,23590.716132336966,23601.290553267037
2440,17,30646.020926799974,30665.267583991241
2440,135,30811.015590495608,30827.214599876042
2440,133,30827.214599876042,30846.142517074459
2440,131,30846.142517074459,30865.981801497186
2440,129,30865.981801497186,30883.427448325132
2442,75,34785.808500604478,34801.44342886818
2442,73,34801.44342886818,34813.393633710104
2442,71,34813.393633710104,34828.686524680517
2442,69,34828.686524680517,34844.303352946925
2442,67,34844.303352946925,34860.265411114982
2443,15,70286.078694736905,70303.982240492929
2443,13,70303.982240492929,70319.345573329178
2443,11,70319.345573329178,70332.544259554707
2443,9,70332.544259554707,70350.178745640704
2443,7,70350.178745640704,70365.754001972033
2443,5,70365.754001972033,70380.227256343293
2444,8,55477.226471538721,55486.546912025704
2444,10,55486.546912025704,55497.991457818665
2444,12,55497.991457818665,55508.121475680993
2444,14,55508.121475680993,55518.498259293083
2444,16,55518.498259293083,55529.686472925358
2444,18,55529.686472925358,55540.072481991469
2444,20,55540.072481991469,55551.438198255382
2444,22,55551.438198255382,55561.200267957072
2445,126,66547.751053442335,66563.281902647257
2446,141,58129.346149057063,58142.439308554269
2446,139,58142.439308554269,58155.133498226336
2447,103,26721.064770302251,26737.088858304352
2447,76,26760.960893246771,26773.339148270526
2447,78,26773.339148270526,26781.364399060247
2447,80,26781.364399060247,26793.731397118368
2447,82,26793.731397118368,26808.22114499356
2448,60,63650.234890650019,63665.988753353326
2448,62,63665.988753353326,63678.521078699465
2448,64,63678.521078699465,63689.917141246529
2448,66,63689.917141246529,63701.550014542998
2449,53,38780.660851627974,38798.890685385457
2450,143,54863.270556108546,54870.880402914088
2450,141,54870.880402914088,54878.618164190382
2451,126,30759.711999619223,30776.921212574776
2452,75,26429.035688607695,26442.755812361764
2452,73,26442.755812361764,26459.371281014064
2452,71,26459.371281014064,26473.665096294804
2452,69,26473.665096294804,26486.479273192392
2452,67,26486.479273192392,26501.3330572792
2452,65,26501.3330572792,26518.02093404936
2452,63,26518.02093404936,26533.648642268749
2453,143,32228.27707841443,32245.341464576064
2453,141,32245.341464576064,32260.184680474238
2453,139,32260.184680474238,32274.969971757288
2453,137,32274.969971757288,32291.613474631351
2453,135,32291.613474631351,32305.105659732973
2453,133,32305.105659732973,32325.77711116886
2453,131,32325.77711116886,32344.473994014686
2453,129,32344.473994014686,32362.098858273614
2454,77,32479.456437934594,32492.465504840551
2454,75,32492.465504840551,32512.534615298558
2454,73,32512.534615298558,32530.774557452838
2454,71,32530.774557452838,32545.960768178433
2454,69,32545.960768178433,32560.779916633179
2454,67,32560.779916633179,32579.505503494711
2454,65,32579.505503494711,32598.912545734671
2455,138,34168.446131130397,34179.347194749636
2457,83,31474.206284653115,31496.92590710396
2457,81,31496.92590710396,31517.001805269687
2457,79,31517.001805269687,31534.896801715691
2457,77,31534.896801715691,31552.365393095999
2457,135,31624.217573380105,31641.917065515408
2457,133,31641.917065515408,31661.855838458221
2457,131,31661.855838458221,31683.193547681632
2457,129,31683.193547681632,31700.632761474852
2457,147,31721.637275397323,31739.536610863415
2457,146,31739.536610863415,31765.704438868383
2458,2,30275.485097953213,30289.509015764263
2458,4,30289.509015764263,30305.203537255384
2459,32,63583.836055196269,63605.137857603862
2459,135,63709.352568127477,63721.569696692051
2459,133,63721.569696692051,63738.364952398202
2459,131,63738.364952398202,63751.774895425144
2459,129,63751.774895425144,63764.442294929897
2459,127,63764.442294929897,63776.873572476972
2459,125,63776.873572476972,63787.74197047019
2461,79,29125.441049354609,29139.169776721559
2461,77,29139.169776721559,29154.305683882732
2463,75,78818.369571430056,78827.572584646958
2463,73,78827.572584646958,78835.979822397756
2463,71,78835.979822397756,78844.135224536236
2463,69,78844.135224536236,78853.057697564131
2464,73,73171.032312405965,73182.541636818627
2464,71,73182.541636818627,73194.756657539197
2464,69,73194.756657539197,73205.726709019014
2464,27,73236.790169422675,73254.977855186778
2465,31,72036.968872370955,72053.777764304017
2465,30,72053.777764304017,72072.554173648561
2466,129,30697.396033788926,30717.096514137444
2468,131,37245.66026919891,37256.462135874506
2468,129,37256.462135874506,37266.141949748475
2470,72,31679.801372864131,31701.976175185711
2470,74,31701.976175185711,31718.245373274858
2470,136,31796.319115510618,31813.039398452838
2470,138,31813.039398452838,31831.594775571826
2471,128,34013.341331477852,34026.154232689281
2471,130,34026.154232689281,34036.747233425733
2471,132,34036.747233425733,34046.914013516383
2471,134,34046.914013516383,34057.721221942338
2471,136,34057.721221942338,34068.572160060168
2472,97,24080.46068091481,24093.452852504455
2472,98,24093.452852504455,24106.549543924753
2472,99,24106.549543924753,24120.302557249008
2473,21,30820.969848372792,30845.471331985827
2473,19,30845.471331985827,30860.594609678195
2473,17,30860.594609678195,30888.215124597897
2473,15,30888.215124597897,30905.876941386894
2473,13,30905.876941386894,30923.059439744869
2473,11,30923.059439744869,30941.105569006824
2473,9,30941.105569006824,30960.46852165183
2473,7,30960.46852165183,30975.379039950327
2475,64,30438.996033546078,30460.857614902823
2475,66,30460.857614902823,30484.734028438201
2475,100,30530.377638030459,30550.365386441528
2475,101,30550.365386441528,30572.356137238359
2475,102,30572.356137238359,30599.60010280502
2475,103,30599.60010280502,30619.820812380702
2475,136,30651.17118380966,30666.861162131132
2475,138,30666.861162131132,30687.83727131068
2476,136,33769.463656016516,33783.820398242045
2476,138,33783.820398242045,33798.296496699018
2477,120,37488.805383936015,37501.235675816286
2477,122,37501.235675816286,37514.185171821802
2477,124,37514.185171821802,37526.014551122833
2477,126,37526.014551122833,37539.555778609792
2477,68,37587.378758701168,37600.593378832818
2477,70,37600.593378832818,37611.060109731312
2477,72,37611.060109731312,37622.417131379203
2477,74,37622.417131379203,37632.512922648042
2477,44,37658.030860766594,37677.472487614039
2478,59,66967.812060861266,66989.399535282617
2478,58,66989.399535282617,67017.046125554654
2478,57,67017.046125554654,67038.93032107396
2479,79,57473.000533014325,57485.251520443257
2479,77,57485.251520443257,57496.481381209385
2479,135,57545.092129297016,57557.615321649479
2479,133,57557.615321649479,57569.949390193178
2479,131,57569.949390193178,57581.659272146957
2479,129,57581.659272146957,57592.38540303336
2479,127,57592.38540303336,57602.938386351627
2480,36,30325.908537894709,30344.648361721254
2480,37,30344.648361721254,30362.136701252646
2481,67,69948.049834634527,69964.09795662119
2482,108,60186.305748884348,60206.382815418743
2484,60,29731.940485606767,29761.054135374296
2484,62,29761.054135374296,29775.510156501292
2484,64,29775.510156501292,29794.632792994165
2484,66,29794.632792994165,29815.082109685598
2484,68,29815.082109685598,29836.066659476361
2484,70,29836.066659476361,29853.668343086669
2484,72,29853.668343086669,29879.479148118942
2484,74,29879.479148118942,29896.269394362102
2484,76,29896.269394362102,29917.478384642985
2484,78,29917.478384642985,29931.416753395835
2484,80,29931.416753395835,29944.336392598067
2486,64,69711.397578840595,69726.500065798406
2486,66,69726.500065798406,69743.487630390489
2486,68,69743.487630390489,69759.843291750294
2486,70,69759.843291750294,69776.175150506155
2486,72,69776.175150506155,69792.394203457938
2487,75,67003.733731487693,67024.924884974578
2487,73,67024.924884974578,67050.369868324182
2487,71,67050.369868324182,67066.501208012647
2487,69,67066.501208012647,67082.1538589704
2489,96,73020.617504426118,73037.591796211622
2490,127,74508.401221931257,74518.47627715976
2490,125,74518.47627715976,74529.307709120883
2490,123,74529.307709120883,74538.306437477557
2490,121,74538.306437477557,74547.910080985617
2491,53,69513.238309515989,69538.244160860122
2491,52,69538.244160860122,69563.111185972914
2491,51,69563.111185972914,69589.63242054345
2491,50,69589.63242054345,69610.424852172742
2491,49,69610.424852172742,69630.710547668656
2492,76,31483.97726551388,31500.857773965425
2492,78,31500.857773965425,31516.655529837619
2493,128,34524.712615437282,34537.346434983403
2493,130,34537.346434983403,34553.194468089911
2493,132,34553.194468089911,34567.889724347107
2493,134,34567.889724347107,34580.906010690967
2493,136,34580.906010690967,34591.832450949652
2493,138,34591.832450949652,34603.971093134314
2494,135,59266.545836808888,59278.460570505857
2494,133,59278.460570505857,59291.849520244454
2494,131,59291.849520244454,59306.485246680764
2494,129,59306.485246680764,59320.375938397265
2494,127,59320.375938397265,59331.180107501197
2494,125,59331.180107501197,59341.987218744725
2495,143,72128.940738555131,72141.13453112969
2495,141,72141.13453112969,72153.724294705637
2495,139,72153.724294705637,72163.52515943395
2495,137,72163.52515943395,72173.929461721171
2495,135,72173.929461721171,72184.789842666331
2495,133,72184.789842666331,72196.263004233741
2495,131,72196.263004233741,72208.531576852576
2495,129,72208.531576852576,72219.624770159411
2496,62,30786.048264099005,30807.094798539412
2496,64,30807.094798539412,30828.212544955528
2496,66,30828.212544955528,30847.719565606556
2496,68,30847.719565606556,30871.32636778881
2496,70,30871.32636778881,30889.526175137613
2496,72,30889.526175137613,30915.135640481756
2496,74,30915.135640481756,30931.858015159505
2496,76,30931.858015159505,30954.072960753096
2496,78,30954.072960753096,30971.546420629627
2496,80,30971.546420629627,30987.216658273082
2496,82,30987.216658273082,31004.542728087443
2497,141,31224.190106157985,31239.735467025916
2497,139,31239.735467025916,31254.221130142156
2497,137,31254.221130142156,31272.666374324406
2497,135,31272.666374324406,31287.500092541766
2497,133,31287.500092541766,31311.563342285182
2497,131,31311.563342285182,31333.892083846069
2498,83,63311.386906582193,63325.331991642845
2500,135,29405.040534891752,29420.457652820292
2500,133,29420.457652820292,29438.914832114038
2500,131,29438.914832114038,29456.936479374606
2500,129,29456.936479374606,29472.088578514984
2502,15,37213.683720326218,37222.55972532236
2503,79,75085.067645921066,75096.900394219425
2503,77,75096.900394219425,75108.360371152754
2503,75,75108.360371152754,75118.689253830657
2503,73,75118.689253830657,75129.182617952072
2504,136,72323.853727814363,72337.323202891013
2504,138,72337.323202891013,72349.659400658347
2505,100,31734.139348422872,31748.975022925115
2506,143,27402.515731230757,27420.212241753026
2506,141,27420.212241753026,27434.695423845707
2506,139,27434.695423845707,27447.389776586057
2506,137,27447.389776586057,27463.368299357953
2506,135,27463.368299357953,27476.660692959318
2507,135,67746.118000887975,67758.565520153657
2507,133,67758.565520153657,67777.896888621981
2507,131,67777.896888621981,67794.888467236509
2507,129,67794.888467236509,67809.861610146778
2507,127,67809.861610146778,67828.993055779574
2507,125,67828.993055779574,67842.353008570921
2507,123,67842.353008570921,67855.166799557541
2508,73,21749.966572336369,21761.664488798047
2508,71,21761.664488798047,21771.602911000416
2508,69,21771.602911000416,21781.50703593915
2510,69,26569.278959107945,26580.822540747416
2511,75,77553.356194490043,77562.004686642846
2511,73,77562.004686642846,77572.343571939753
2511,71,77572.343571939753,77580.368358089283
2511,69,77580.368358089283,77590.178454795168
2511,67,77590.178454795168,77600.400888897435
2511,65,77600.400888897435,77609.726980455831
2511,63,77609.726980455831,77623.151081289325
2512,133,37129.614353725003,37142.863816175086
2512,131,37142.863816175086,37155.32052415533
2512,129,37155.32052415533,37166.332790651126
2512,7,37257.48320528285,37267.738575353542
2512,5,37267.738575353542,37277.440618342815
2512,3,37277.440618342815,37288.263297183883
2513,75,64814.808799945153,64834.540229623875
2513,73,64834.540229623875,64852.35820648248
2513,71,64852.35820648248,64869.262546991144
2513,69,64869.262546991144,64885.18345310873
2513,51,64901.696013033012,64925.500627405607
2514,19,61328.202925650738,61342.259496096631
2514,17,61342.259496096631,61354.611060456511
2514,135,61456.015125359954,61468.784296240956
2514,133,61468.784296240956,61480.084536135168
2514,131,61480.084536135168,61493.659366414584
2515,152,21616.439112740121,21629.661573824011
2516,83,30859.746967441599,30880.492738600573
2516,81,30880.492738600573,30901.871791252852
2516,79,30901.871791252852,30915.426595544141
2516,77,30915.426595544141,30931.294035255643
2516,135,31004.987629734649,31020.028009857164
2516,133,31020.028009857164,31040.40243896862
2516,131,31040.40243896862,31062.435641164782
2516,129,31062.435641164782,31080.600464201412
2518,13,33690.931924663935,33704.157496614913
2518,11,33704.157496614913,33718.006816445901
2518,9,33718.006816445901,33738.724306237418
2518,7,33738.724306237418,33752.559309488803
2518,5,33752.559309488803,33766.755054207752
2518,3,33766.755054207752,33783.732924208991
2518,1,33783.732924208991,33802.86238654999
2519,88,53740.101718858845,53761.256576709857
2520,149,63308.301657660013,63330.084174275966
2520,148,63330.084174275966,63348.895095947206
2520,147,63348.895095947206,63370.685368037019
2520,146,63370.685368037019,63391.91498285035
2521,59,32358.68479472378,32382.848421899263
2523,10,22975.502745186717,22985.706047285956
2523,12,22985.706047285956,22995.91938671848
2523,14,22995.91938671848,23005.645681750568
2523,16,23005.645681750568,23014.662995804407
2523,18,23014.662995804407,23024.502632325297
2523,20,23024.502632325297,23036.292812371456
2523,22,23036.292812371456,23047.029181043414
2524,128,58866.562332968388,58877.428715146641
2524,130,58877.428715146641,58887.29916932818
2524,132,58887.29916932818,58897.727463877076
2524,134,58897.727463877076,58909.273482128272
2526,4,26842.00241974504,26857.346362401506
2526,6,26857.346362401506,26871.435594002909
2526,8,26871.435594002909,26886.643112030306
2526,10,26886.643112030306,26897.577937438433
2526,12,26897.577937438433,26909.097569891721
2526,14,26909.097569891721,26923.206764867606
2526,16,26923.206764867606,26936.101764241495
2526,18,26936.101764241495,26949.971130615824
2527,154,66315.602291731964,66342.007816308862
2527,153,66342.007816308862,66368.174136612492
2527,152,66368.174136612492,66388.344917266775
2528,133,38547.611224744091,38557.905534468118
2528,131,38557.905534468118,38567.142343626161
2528,129,38567.142343626161,38575.380042753801
2528,67,38608.496648634326,38617.721895698342
2528,65,38617.721895698342,38627.017133413938
2528,63,38627.017133413938,38637.043979596063
2529,142,31386.559151324807,31400.250702850863
2530,2,73178.109025310681,73188.382704303614
2530,4,73188.382704303614,73198.768444482776
2530,6,73198.768444482776,73209.256566531287
2530,8,73209.256566531287,73223.106420964657
2530,10,73223.106420964657,73233.94426150588
2531,126,32796.548488223874,32810.547282916734
2531,128,32810.547282916734,32827.975033438452
2531,130,32827.975033438452,32839.484890096552
2531,132,32839.484890096552,32857.932846356758
2531,134,32857.932846356758,32872.07596650155
2531,136,32872.07596650155,32886.176213328516
2531,138,32886.176213328516,32899.760735412354
2531,140,32899.760735412354,32914.338888435726
2531,142,32914.338888435726,32927.606176099653
2532,133,30869.836303364194,30886.945452476863
2532,131,30886.945452476863,30906.355971436082
2532,129,30906.355971436082,30919.401629309647
2533,71,70908.111148421391,70921.001377193112
2533,69,70921.001377193112,70932.755151870559
2533,67,70932.755151870559,70946.854661834543
2533,65,70946.854661834543,70961.105741609703
2533,63,70961.105741609703,70975.670814031779
2533,61,70975.670814031779,70987.223763927774
2534,93,70629.024934573579,70643.07103666586
2534,92,70643.07103666586,70658.767741281001
2534,135,70698.235811279228,70709.89125941346
2534,133,70709.89125941346,70722.971690758102
2534,131,70722.971690758102,70736.724532861102
2534,129,70736.724532861102,70749.500676591895
2534,127,70749.500676591895,70763.020982860791
2534,125,70763.020982860791,70775.172722397474
2535,115,31451.714612332053,31474.116568910005
2535,114,31474.116568910005,31490.600077886735
2535,113,31490.600077886735,31512.051673946946
2535,112,31512.051673946946,31529.251751505246
2535,87,31570.080855665536,31596.561798009356
2536,120,74411.930115529845,74422.996485401221
2536,122,74422.996485401221,74434.25731603727
2536,124,74434.25731603727,74446.406587613819
2536,126,74446.406587613819,74455.676757993351
2537,60,68583.809216385736,68602.468286448842
2537,62,68602.468286448842,68617.205680364088
2537,64,68617.205680364088,68632.980917806606
2537,66,68632.980917806606,68647.091045669542
2537,68,68647.091045669542,68663.527956058053
2537,70,68663.527956058053,68679.797976157934
2537,72,68679.797976157934,68696.702385321434
2537,74,68696.702385321434,68711.525869171921
2538,132,70928.900340128414,70943.636335820702
2538,134,70943.636335820702,70955.744495901672
2539,152,61091.063198867712,61106.955974400284
2539,75,61163.969120963331,61176.855474928401
2539,73,61176.855474928401,61188.394284146336
2539,71,61188.394284146336,61202.164794262717
2539,69,61202.164794262717,61214.029046073309
2539,67,61214.029046073309,61224.871390092565
2539,65,61224.871390092565,61235.668317668074
2540,83,57511.096284144965,57520.285123313253
2540,81,57520.285123313253,57529.885832098487
2540,79,57529.885832098487,57539.656140521052
2540,77,57539.656140521052,57549.595611192781
2540,75,57549.595611192781,57559.994009497983
2540,73,57559.994009497983,57569.804272657573
2540,71,57569.804272657573,57579.005310808316
2540,69,57579.005310808316,57589.937516188031
2540,111,57620.001127740543,57634.59165989366
2541,130,66182.723880343881,66195.49277234207
2541,132,66195.49277234207,66210.205356281047
2541,134,66210.205356281047,66225.012580490657
2541,136,66225.012580490657,66240.395849285764
2541,138,66240.395849285764,66254.319793797491
2541,140,66254.319793797491,66273.160299772426
2541,142,66273.160299772426,66288.388595367811
2542,128,63234.725333010472,63253.129852169033
2542,130,63253.129852169033,63263.706978216527
2542,132,63263.706978216527,63276.853100151769
2542,134,63276.853100151769,63294.333132168213
2543,60,56649.658731206844,56659.608011592041
2543,62,56659.608011592041,56669.523890671648
2543,64,56669.523890671648,56678.576084225613
2543,66,56678.576084225613,56688.514153681383
2543,68,56688.514153681383,56697.953152455535
2543,70,56697.953152455535,56706.2604879672
2543,72,56706.2604879672,56716.984133972503
2543,74,56716.984133972503,56727.862478121417
2544,101,26757.258052738602,26775.562656967559
2544,102,26775.562656967559,26791.139131472632
2544,103,26791.139131472632,26807.213285136721
2546,13,24514.944363128372,24528.118359253545
2546,11,24528.118359253545,24539.386048088796
2546,9,24539.386048088796,24552.163467842143
2546,7,24552.163467842143,24565.43119255377
2546,5,24565.43119255377,24575.967431442932
2546,3,24575.967431442932,24586.107271128538
2548,135,66357.955835404267,66374.156637927474
2548,133,66374.156637927474,66393.535366081313
2548,131,66393.535366081313,66410.620999670384
2548,129,66410.620999670384,66424.538526396485
2549,64,63221.793084363497,63234.370243495592
2549,66,63234.370243495592,63248.025429669338
2549,68,63248.025429669338,63264.967225063629
2549,70,63264.967225063629,63279.899837556695
2549,72,63279.899837556695,63294.181370184779
2549,74,63294.181370184779,63307.742658095995
2550,16,64172.863205610811,64187.414835895128
2550,18,64187.414835895128,64204.784681690464
2552,115,76022.179662871044,76037.939904108003
2552,114,76037.939904108003,76053.286718364689
2553,135,68863.430023883542,68880.245923271767
2553,133,68880.245923271767,68897.551393578964
2553,131,68897.551393578964,68922.939577854049
2553,129,68922.939577854049,68946.407131896121
2555,130,66803.956734494786,66815.742473384438
2555,132,66815.742473384438,66832.080042073052
2555,134,66832.080042073052,66845.887013198502
2555,136,66845.887013198502,66861.518740779327
2555,138,66861.518740779327,66876.363390449202
2555,140,66876.363390449202,66896.983433290428
2555,142,66896.983433290428,66909.108729776883
2556,4,58430.778381643831,58441.176667629021
2556,6,58441.176667629021,58453.144896554906
2556,8,58453.144896554906,58463.993655309045
2556,10,58463.993655309045,58473.655694360736
2556,12,58473.655694360736,58483.586554779467
2556,14,58483.586554779467,58493.659884669454
2557,124,32351.461587665537,32366.749248462984
2557,126,32366.749248462984,32380.499827665844
2558,68,67241.172725588462,67259.434999496545
2558,70,67259.434999496545,67277.558422596165
2558,72,67277.558422596165,67295.923377635132
2560,122,65703.47705457441,65718.747659139233
2560,124,65718.747659139233,65732.991980611623
2561,19,65303.550380130997,65322.638803872906
2561,17,65322.638803872906,65342.362418864752
2561,135,65459.339556773914,65474.285877169437
2561,133,65474.285877169437,65493.645312018554
2561,131,65493.645312018554,65511.070771179227
2561,129,65511.070771179227,65524.530327251865
2561,127,65524.530327251865,65543.605987711926
2561,125,65543.605987711926,65559.216534045845
2562,125,64709.727806316689,64723.167790115127
2562,123,64723.167790115127,64737.056997212596
2562,121,64737.056997212596,64760.987943249471
2564,64,51768.456580899096,51779.613817536178
2564,66,51779.613817536178,51787.899630508
2565,128,78332.039646923498,78342.506797455819
2565,130,78342.506797455819,78352.973947988139
2565,132,78352.973947988139,78363.441098520459
2565,134,78363.441098520459,78371.466509216494
2567,143,40166.997434303528,40180.676967551939
2567,141,40180.676967551939,40190.622067498029
2567,139,40190.622067498029,40200.567167444118
2567,137,40200.567167444118,40210.835693049441
2567,135,40210.835693049441,40222.003449187956
2567,133,40222.003449187956,40233.352974402253
2567,131,40233.352974402253,40246.072418299031
2567,129,40246.072418299031,40256.836752861142
2567,127,40256.836752861142,40269.218882358473
2568,83,36937.132730400401,36945.748307140042
2568,81,36945.748307140042,36955.506122842249
2568,79,36955.506122842249,36965.100222413268
2568,77,36965.100222413268,36974.337833266116
2569,2,50922.688119052364,50931.986100741909
2569,4,50931.986100741909,50941.347434547562
2569,6,50941.347434547562,50950.611017673677
2569,8,50950.611017673677,50960.61327492549
2569,10,50960.61327492549,50972.804193088727
2570,122,51776.762851276762,51785.919309758843
2570,124,51785.919309758843,51794.86566374766
2570,126,51794.86566374766,51806.007432648759
2570,100,51827.822119104996,51841.252386951928
2572,120,32906.434899469721,32919.315511424014
2572,122,32919.315511424014,32932.400296100255
2572,124,32932.400296100255,32944.369096012291
2572,126,32944.369096012291,32958.085225516588
2572,128,32958.085225516588,32974.786283668662
2572,130,32974.786283668662,32987.85230724026
2572,132,32987.85230724026,33002.503351273044
2572,134,33002.503351273044,33016.685019478733
2573,9,48185.589717864852,48194.891329856982
2573,127,48270.197230139296,48279.987355968369
2573,125,48279.987355968369,48288.517151362765
2574,120,32036.778522632318,32052.43904964393
2574,122,32052.43904964393,32068.25304187497
2574,124,32068.25304187497,32083.560956164274
2574,126,32083.560956164274,32097.030170875361
2574,128,32097.030170875361,32115.595676884419
2574,130,32115.595676884419,32131.260885142052
2574,132,32131.260885142052,32148.678421963519
2574,134,32148.678421963519,32166.79438415711
2574,136,32166.79438415711,32180.061157152246
2574,138,32180.061157152246,32197.503189118324
2575,147,54421.555476764937,54437.659846592687
2575,146,54437.659846592687,54452.302362334973
2576,129,72813.316712784173,72824.300561696029
2576,127,72824.300561696029,72837.455640157161
2576,125,72837.455640157161,72847.748184200667
2579,135,66842.681736240542,66856.621480685208
2579,133,66856.621480685208,66874.588596793896
2579,131,66874.588596793896,66892.101797890777
2580,66,55984.989768445004,55993.240573030344
2580,68,55993.240573030344,56002.209673704587
2580,70,56002.209673704587,56010.327034008624
2581,126,31598.819335220163,31615.683383634459
2581,100,31648.836189820282,31665.471100694602
2581,70,31711.209924934192,31732.504353269855
2582,10,27699.70392697342,27710.446960138896
2583,141,39829.024304749109,39840.243578908179
2583,139,39840.243578908179,39850.827888722291
2583,137,39850.827888722291,39860.220651337324
2583,75,39895.908523326521,39904.652948637842
2583,73,39904.652948637842,39912.164774855402
2583,71,39912.164774855402,39921.574879349842
2583,69,39921.574879349842,39931.677307752288
2583,67,39931.677307752288,39941.476536610346
2585,83,53663.153810749282,53672.965560026045
2585,81,53672.965560026045,53682.541992945793
2586,67,56285.990657628477,56296.3660140828
2586,65,56296.3660140828,56307.92559207727
2587,75,52493.730766846682,52503.382286391359
2587,73,52503.382286391359,52512.023255262822
2587,71,52512.023255262822,52521.612533462961
2587,69,52521.612533462961,52531.190738544698
2587,67,52531.190738544698,52540.775821922063
2587,65,52540.775821922063,52550.706703874632
2587,63,52550.706703874632,52558.858061301071
2587,61,52558.858061301071,52567.009418727517
2588,152,70285.367967631857,70301.302875708658
2588,55,70385.381723295955,70400.154009537859
2589,0,51558.940937829771,51566.65165481274
2589,2,51566.65165481274,51574.523927671966
2590,100,30366.247891248648,30383.654614083978
2590,101,30383.654614083978,30399.113720211364
2590,102,30399.113720211364,30415.899436356576
2590,103,30415.899436356576,30433.196988271749
2590,136,30469.234572483809,30483.905029697959
2590,138,30483.905029697959,30500.624576224542
2590,140,30500.624576224542,30516.265040073988
2590,142,30516.265040073988,30529.503036281982
2591,128,66676.452344470672,66695.552777709701
2591,130,66695.552777709701,66710.718274345709
2591,132,66710.718274345709,66727.049068548629
2591,134,66727.049068548629,66744.300427232869
2591,136,66744.300427232869,66758.825314026748
2591,138,66758.825314026748,66774.40421660323
2592,83,64404.707836306661,64417.650963930821
2592,81,64417.650963930821,64433.292227664802
2592,79,64433.292227664802,64445.683474075726
2592,77,64445.683474075726,64461.543998654786
2592,15,64518.525728485962,64533.999205653374
2592,13,64533.999205653374,64551.421790932349
2592,11,64551.421790932349,64568.887365092727
2592,9,64568.887365092727,64580.736890593056
2592,7,64580.736890593056,64592.52584634829
2592,5,64592.52584634829,64608.758286436649
2593,0,62930.100365368875,62942.470302537309
2593,2,62942.470302537309,62957.107328956721
2593,4,62957.107328956721,62970.057295444945
2593,6,62970.057295444945,62984.794513853762
2593,8,62984.794513853762,62999.491334513586
2593,10,62999.491334513586,63011.899766200491
2593,12,63011.899766200491,63027.016484197193
2593,14,63027.016484197193,63042.284180622824
2593,16,63042.284180622824,63055.432504412463
2593,18,63055.432504412463,63067.956622990074
2593,20,63067.956622990074,63086.413553117054
2594,81,39696.312808278875,39704.778907288135
2594,79,39704.778907288135,39713.288387120825
2594,77,39713.288387120825,39723.35561656607
2594,75,39723.35561656607,39733.432100955732
2594,73,39733.432100955732,39743.600347095082
2594,71,39743.600347095082,39753.768593234425
2594,69,39753.768593234425,39762.352193579201
2594,67,39762.352193579201,39770.166030448534
2594,65,39770.166030448534,39778.872951303325
2594,63,39778.872951303325,39789.383034254635
2595,128,65317.174220802219,65332.740011216549
2595,130,65332.740011216549,65348.998916402394
2596,140,33776.21001940321,33786.93639344551
2596,142,33786.93639344551,33797.921433101161
2597,15,32880.688704793538,32896.560925457365
2597,13,32896.560925457365,32913.003199527862
2597,11,32913.003199527862,32926.704117868299
2597,9,32926.704117868299,32946.023769796637
2597,7,32946.023769796637,32963.654108700473
2597,5,32963.654108700473,32977.407951715133
2599,64,51840.447579694366,51851.707793403068
2599,66,51851.707793403068,51862.577571044043
2599,100,51880.270033984976,51893.754165556355
2600,94,67617.928849151751,67635.207539083465
2600,93,67635.207539083465,67653.004285307732
2600,92,67653.004285307732,67668.75753120365
2601,69,31977.235693079514,31994.139599191702
2602,131,27048.282028151069,27063.317046151329
2602,129,27063.317046151329,27075.816110234784
2602,67,27128.230564063204,27145.852700166455
2603,135,35770.156096415303,35780.036981310739
2603,133,35780.036981310739,35790.782584730005
2603,131,35790.782584730005,35802.437745800693
2604,79,48121.434200882475,48129.935467240066
2604,77,48129.935467240066,48139.21253182918
2604,75,48139.21253182918,48148.401348899104
2604,73,48148.401348899104,48157.600753193488
2604,71,48157.600753193488,48166.519261298497
2604,69,48166.519261298497,48175.102084103186
2605,150,30719.758430131937,30744.204644632024
2605,149,30744.204644632024,30778.571766213172
2605,148,30778.571766213172,30802.952944586235
2605,147,30802.952944586235,30823.728627849399
2605,146,30823.728627849399,30845.63104397288
2605,145,30845.63104397288,30872.918567566718
2605,144,30872.918567566718,30901.175883406657
2606,133,64213.12055384666,64229.381828327045
2606,131,64229.381828327045,64246.778273916876
2606,129,64246.778273916876,64264.312741646441
2606,127,64264.312741646441,64280.421908581251
2608,0,24795.52666247464,24806.998566075988
2608,2,24806.998566075988,24818.206224507307
2608,4,24818.206224507307,24828.344409935682
2610,68,33963.449008001218,33981.959340631838
2610,70,33981.959340631838,33999.722926972521
2610,72,33999.722926972521,34014.280932797476
2610,74,34014.280932797476,34026.684263445561
2612,69,27380.862007439366,27394.068797908494
2612,67,27394.068797908494,27406.952012341553
2612,65,27406.952012341553,27418.474690618532
2612,63,27418.474690618532,27431.533114769209
2613,79,35296.0164752243,35305.734836441363
2613,77,35305.734836441363,35315.99101136082
2613,135,35359.297872628951,35369.24480474888
2613,133,35369.24480474888,35380.184964327636
2613,131,35380.184964327636,35391.727492019789
2615,79,70288.030866591784,70300.174893791889
2615,77,70300.174893791889,70312.577506858273
2615,15,70365.675993194469,70379.550445007728
2615,13,70379.550445007728,70395.255990472215
2615,11,70395.255990472215,70411.091965544256
2615,9,70411.091965544256,70427.357566764476
2616,13,31151.936132084811,31167.885353305559
2616,11,31167.885353305559,31188.095435858275
2616,9,31188.095435858275,31206.800597416488
2616,7,31206.800597416488,31225.341246206761
2616,5,31225.341246206761,31240.419228650942
2616,85,31338.059867101383,31358.385745180174
2617,67,69388.073195954901,69403.032833911813
2617,65,69403.032833911813,69418.514916852597
2617,63,69418.514916852597,69433.236943215015
2618,143,71133.52844907713,71146.854594198288
2618,141,71146.854594198288,71159.598096644826
2618,139,71159.598096644826,71173.276740803965
2618,137,71173.276740803965,71185.411386977285
2618,135,71185.411386977285,71197.558352946638
2618,133,71197.558352946638,71210.471532937852
2618,131,71210.471532937852,71221.214464557939
2618,129,71221.214464557939,71233.822895047604
2619,38,43395.545436373242,43415.131371684249
2619,39,43415.131371684249,43429.916213714983
2619,68,43456.213579320305,43466.21101887113
2619,70,43466.21101887113,43476.704165364732
2619,72,43476.704165364732,43487.493379209947
2619,74,43487.493379209947,43498.664586695057
2620,72,27924.325158007003,27942.363350838405
2620,74,27942.363350838405,27957.156888189096
2620,136,28017.198906172725,28030.558219973056
2620,138,28030.558219973056,28043.625852382087
2621,64,36434.125998095282,36443.593646658956
2621,66,36443.593646658956,36452.486106726486
2622,3,60192.218538825829,60201.094933413769
2622,1,60201.094933413769,60210.546124427034
2623,75,56537.69966489639,56547.196863453173
2623,73,56547.196863453173,56557.330341270448
2623,71,56557.330341270448,56567.23769900763
2623,69,56567.23769900763,56577.314603261584
2623,111,56612.058952805208,56627.015762645453
2625,124,25361.540462383393,25373.03655159807
2625,126,25373.03655159807,25384.394583145346
2625,128,25384.394583145346,25394.80714797886
2625,130,25394.80714797886,25406.088341302831
2625,132,25406.088341302831,25416.900728956713
2625,134,25416.900728956713,25427.267475945613
2626,100,66211.003646039811,66228.077394617867
2627,128,29620.417658934566,29637.271051430962
2627,130,29637.271051430962,29651.641104393126
2627,132,29651.641104393126,29667.247863453409
2627,134,29667.247863453409,29685.287897680544
2627,136,29685.287897680544,29699.588568918989
2628,83,62753.624243626255,62768.15748000575
2628,81,62768.15748000575,62782.262414123914
2628,79,62782.262414123914,62797.548972432422
2628,77,62797.548972432422,62810.281385403541
2628,135,62869.839036373705,62884.220652051139
2628,133,62884.220652051139,62898.196916876237
2628,131,62898.196916876237,62916.479284854657
2628,129,62916.479284854657,62933.616191015266
2629,139,23003.542575447038,23016.664337052611
2629,137,23016.664337052611,23027.724797058578
2630,21,66523.624117316955,66544.356946693923
2630,19,66544.356946693923,66560.441610981361
2630,17,66560.441610981361,66577.008530296269
2630,15,66577.008530296269,66596.921159428282
2630,13,66596.921159428282,66613.211612335857
2630,11,66613.211612335857,66630.912563668418
2631,75,74845.001190307492,74853.684338147752
2631,73,74853.684338147752,74861.969719557717
2631,71,74861.969719557717,74870.068564581496
2631,69,74870.068564581496,74878.047749446778
2632,105,28279.130074633566,28297.338281579487
2632,139,28334.313096051632,28351.107789452039
2632,137,28351.107789452039,28367.234818788682
2632,135,28367.234818788682,28381.424343833729
2632,133,28381.424343833729,28397.854199442561
2632,131,28397.854199442561,28415.390078493801
2632,129,28415.390078493801,28431.967335528974
2633,139,30615.525628724314,30633.654740508886
2633,137,30633.654740508886,30657.678449719566
2633,135,30657.678449719566,30683.717735062946
2633,114,30709.193688637555,30733.123706611743
2633,113,30733.123706611743,30766.001985343231
2634,132,33618.529301638213,33633.93717179729
2634,134,33633.93717179729,33651.845925228976
2634,104,33679.811475806709,33696.598288552457
2635,134,69063.503962537274,69079.052369499492
2635,15,69213.580112967247,69227.932754227193
2636,135,57489.10251165511,57498.234993649501
2636,133,57498.234993649501,57506.13726862242
2636,131,57506.13726862242,57513.889257119903
2636,129,57513.889257119903,57522.212005256159
2636,127,57522.212005256159,57531.279896804328
2636,125,57531.279896804328,57539.126583707781
2637,99,29558.790759377847,29578.367005197826
2637,100,29578.367005197826,29597.196665851799
2637,101,29597.196665851799,29617.749011342308
2637,102,29617.749011342308,29643.140300345192
2637,103,29643.140300345192,29664.799224028378
2637,16,29786.194993927194,29803.376225955039
2637,18,29803.376225955039,29824.700906820592
2638,64,23662.138360217799,23673.826569216766
2638,66,23673.826569216766,23685.256955825611
2638,128,23722.021781073225,23731.180140305605
2638,130,23731.180140305605,23740.293382732274
2638,132,23740.293382732274,23751.475807584189
2638,134,23751.475807584189,23762.607099631306
2639,47,73077.204874874224,73092.482177184662
2639,83,73115.113246014313,73124.775179391872
2639,81,73124.775179391872,73137.659184414966
2639,79,73137.659184414966,73148.462033950113
2639,77,73148.462033950113,73160.514809466564
2639,75,73160.514809466564,73172.672576922996
2639,73,73172.672576922996,73185.06964120343
2639,71,73185.06964120343,73197.008102447769
2640,62,32287.607869626605,32301.294208812433
2640,64,32301.294208812433,32318.983168530242
2640,66,32318.983168530242,32334.005845305921
2641,64,55043.951520764822,55053.030002460757
2641,66,55053.030002460757,55062.191173239691
2641,128,55098.505279966201,55107.251639890805
2641,130,55107.251639890805,55115.530158474554
2642,120,54338.595369169321,54347.616545681572
2642,122,54347.616545681572,54356.972356877937
2642,124,54356.972356877937,54367.811870671459
2644,136,69559.485868242802,69572.825087555597
2644,138,69572.825087555597,69587.102029060203
2644,140,69587.102029060203,69601.266833494927
2644,142,69601.266833494927,69612.08312588917
2645,152,34980.54958699744,34997.310496112579
2645,135,35010.391393151236,35022.268345386823
2645,133,35022.268345386823,35038.088798985795
2645,131,35038.088798985795,35051.414971726677
2645,129,35051.414971726677,35064.737347524031
2645,127,35064.737347524031,35077.728803272184
2645,125,35077.728803272184,35091.786160220414
2645,123,35091.786160220414,35102.827863196697
2645,121,35102.827863196697,35115.485512772459
2646,139,25695.465552420377,25706.902586091892
2646,137,25706.902586091892,25716.159947573622
2647,71,70502.53537586602,70516.292225949685
2647,69,70516.292225949685,70528.36457799084
2647,7,70587.999505320826,70600.585112564702
2648,137,28507.462864875954,28521.527344495393
2648,135,28521.527344495393,28534.582806611204
2648,133,28534.582806611204,28549.145324268531
2648,131,28549.145324268531,28567.871893290841
2648,129,28567.871893290841,28583.06117556143
2649,138,45107.582796396069,45117.229809017037
2649,140,45117.229809017037,45126.835543465386
2649,142,45126.835543465386,45136.575235365395
2650,67,46406.762305828524,46416.75713629277
2650,65,46416.75713629277,46425.933877498464
2650,63,46425.933877498464,46436.122375287581
2650,61,46436.122375287581,46446.579895561415
2653,60,70030.305948836423,70048.375978871903
2653,62,70048.375978871903,70063.21562326471
2653,64,70063.21562326471,70077.846339328011
2653,66,70077.846339328011,70089.432798653783
2653,68,70089.432798653783,70103.41212784611
2653,70,70103.41212784611,70116.5343497258
2653,72,70116.5343497258,70131.023400491191
2653,74,70131.023400491191,70143.708236607854
2653,76,70143.708236607854,70158.854416000278
2653,78,70158.854416000278,70172.377247329801
2653,80,70172.377247329801,70187.295160167021
2656,135,30814.542655424033,30836.308682340103
2656,133,30836.308682340103,30858.827301523601
2656,131,30858.827301523601,30880.054980900979
2656,129,30880.054980900979,30900.183808133817
2656,127,30900.183808133817,30926.131658998922
2656,125,30926.131658998922,30946.38857944799
2656,123,30946.38857944799,30961.488757056239
2656,121,30961.488757056239,30983.388575751709
2658,122,42960.205870370446,42972.139272594402
2658,124,42972.139272594402,42983.553959237237
2658,126,42983.553959237237,42994.156965767448
2658,128,42994.156965767448,43005.080414567637
2658,130,43005.080414567637,43014.530654408009
2658,132,43014.530654408009,43023.98089424838
2660,130,75859.744611549759,75868.750035687859
2660,132,75868.750035687859,75879.987659642036
2661,64,63890.043244058761,63909.16060170954
2661,66,63909.16060170954,63924.848787195246
2661,128,64006.262562399919,64028.42825804279
2661,130,64028.42825804279,64043.206851679497
2661,132,64043.206851679497,64061.59640680562
2661,134,64061.59640680562,64080.270480642088
2661,136,64080.270480642088,64095.700937026893
2661,138,64095.700937026893,64109.432032886514
2662,66,35032.449509759143,35044.965992270219
2663,19,64544.960165817807,64559.916951412604
2663,17,64559.916951412604,64574.024997549983
2663,135,64690.334390587537,64704.358912595402
2663,133,64704.358912595402,64724.626910309955
2663,131,64724.626910309955,64742.062866671513
2663,129,64742.062866671513,64757.374450982148
2663,127,64757.374450982148,64775.318436808804
2663,125,64775.318436808804,64786.760420560873
2663,123,64786.760420560873,64799.503462836197
2663,121,64799.503462836197,64821.965108877681
2664,64,26997.318885250683,27011.293968650534
2664,66,27011.293968650534,27022.517023601449
2664,68,27022.517023601449,27037.281807535299
2664,70,27037.281807535299,27049.261951393597
2664,72,27049.261951393597,27063.224047210926
2664,74,27063.224047210926,27073.67326770295
2664,76,27073.67326770295,27087.076906185412
2664,78,27087.076906185412,27098.062523029541
2664,80,27098.062523029541,27112.870444693792
2664,82,27112.870444693792,27125.34197277615
2665,68,62471.766998031613,62483.305267017749
2666,135,71157.856580586697,71170.93295061808
2666,133,71170.93295061808,71183.060617964918
2666,131,71183.060617964918,71194.340872717439
2666,129,71194.340872717439,71204.448263106766
2667,31,70735.777723190709,70754.315204267099
2667,30,70754.315204267099,70774.980719928382
2668,139,69710.677282082732,69721.33223118569
2668,137,69721.33223118569,69739.044560456328
2668,135,69739.044560456328,69753.899467427284
2668,133,69753.899467427284,69768.143249548404
2670,139,45192.962563112858,45204.009144028554
2670,137,45204.009144028554,45214.473423076852
2670,135,45214.473423076852,45223.644136040857
2670,133,45223.644136040857,45232.316677736395
2670,131,45232.316677736395,45241.977369669759
2670,129,45241.977369669759,45251.722937067425
2670,127,45251.722937067425,45261.911730198372
2670,125,45261.911730198372,45273.284108900007
2670,123,45273.284108900007,45286.453045565075
2671,83,30428.128029453448,30445.090635903121
2671,81,30445.090635903121,30463.167395744214
2671,79,30463.167395744214,30478.045764772654
2671,77,30478.045764772654,30491.786872574532
2671,135,30558.560334354341,30571.318662003865
2671,133,30571.318662003865,30594.291211920186
2671,131,30594.291211920186,30616.81654269803
2671,129,30616.81654269803,30635.066340915735
2671,127,30635.066340915735,30660.133941873311
2671,125,30660.133941873311,30673.739864281644
2671,123,30673.739864281644,30687.527818213683
2671,121,30687.527818213683,30709.412301399392
2673,67,74750.974938763742,74760.438161046652
2673,65,74760.438161046652,74768.043277174729
2673,63,74768.043277174729,74780.638985672442
2674,120,72198.609269765526,72209.553998008036
2674,122,72209.553998008036,72221.314304172949
2674,124,72221.314304172949,72232.21040239236
2674,126,72232.21040239236,72242.834388597636
2675,83,61946.453677600519,61960.035475730285
2675,81,61960.035475730285,61973.432337286606
2675,79,61973.432337286606,61986.074924979963
2675,77,61986.074924979963,61999.519602792854
2675,75,61999.519602792854,62011.411885452842
2675,73,62011.411885452842,62024.650091665906
2675,71,62024.650091665906,62035.48129648951
2675,69,62035.48129648951,62049.504514658256
2675,67,62049.504514658256,62063.027945970491
2675,65,62063.027945970491,62076.750095947988
2675,63,62076.750095947988,62089.847635265825
2675,61,62089.847635265825,62103.368791928304
2676,33,69937.957468831562,69956.005404609008
2676,32,69956.005404609008,69976.895849578999
2679,111,26984.751539781668,27002.918267195426
2679,110,27002.918267195426,27025.205544567467
2680,71,68961.972080260646,68977.803520621659
2680,69,68977.803520621659,68993.543938970586
2680,7,69055.026937624134,69070.342336593836
2680,5,69070.342336593836,69088.198164169182
2681,83,32398.56139206863,32412.859381413196
2681,81,32412.859381413196,32426.298817221079
2681,79,32426.298817221079,32438.279372907265
2681,77,32438.279372907265,32451.487709809036
2681,75,32451.487709809036,32470.608514569518
2681,73,32470.608514569518,32487.188000056187
2681,71,32487.188000056187,32501.024889510529
2681,69,32501.024889510529,32513.716019247535
2681,67,32513.716019247535,32531.679818890054
2681,65,32531.679818890054,32546.096318453885
2681,85,32562.080643114368,32576.653936846611
2682,127,26747.02366200275,26759.998532039721
2682,125,26759.998532039721,26773.903532334378
2683,79,29228.302793010676,29242.70920536304
2683,77,29242.70920536304,29257.015304069508
2683,75,29257.015304069508,29279.838325014407
2683,73,29279.838325014407,29305.657477120105
2683,71,29305.657477120105,29325.642289531272
2683,69,29325.642289531272,29339.789918268903
2685,79,71995.909077174088,72008.950690334808
2685,77,72008.950690334808,72018.91119303614
2688,76,55456.134192064863,55463.449680735815
2688,78,55463.449680735815,55471.964946277047
2688,80,55471.964946277047,55481.969100915463
2689,143,53740.891963093927,53749.770635483765
2689,141,53749.770635483765,53758.592570597466
2689,139,53758.592570597466,53768.950640530966
2689,137,53768.950640530966,53777.186347538067
2690,128,68647.505398124325,68664.338248297587
2690,130,68664.338248297587,68681.944415143138
2690,132,68681.944415143138,68699.038965594213
2690,134,68699.038965594213,68716.769571523575
2690,136,68716.769571523575,68730.059501386597
2690,138,68730.059501386597,68743.343896999184
2691,78,62019.250229522302,62029.612395943783
2692,62,30566.274348970001,30583.612082822321
2692,64,30583.612082822321,30602.701503102344
2692,66,30602.701503102344,30621.807528391862
2693,124,29912.211020411312,29932.73548896924
2693,126,29932.73548896924,29947.951400951617
2694,88,23652.094830361097,23666.919291772523
2694,67,23680.949808666915,23691.626063972464
2694,65,23691.626063972464,23702.82091249169
2694,63,23702.82091249169,23715.153876609322
2695,125,60798.688810788728,60812.680354926284
2695,123,60812.680354926284,60822.320612045965
2697,141,72340.883326816678,72353.401506835216
2697,139,72353.401506835216,72363.07513376938
2697,137,72363.07513376938,72373.586911464547
2697,75,72416.720975235148,72426.728212713075
2697,73,72426.728212713075,72437.862303376358
2697,71,72437.862303376358,72449.063124400505
2697,69,72449.063124400505,72458.979267448012
2697,67,72458.979267448012,72470.599962574677
2699,2,64969.594294797411,64989.300980735359
2701,136,65383.043399350281,65400.129011558725
2701,138,65400.129011558725,65416.815065991876
2702,21,50520.441294450713,50530.332377808467
2702,19,50530.332377808467,50540.20594815255
2702,17,50540.20594815255,50551.169228036852
2702,15,50551.169228036852,50562.016605436998
2702,13,50562.016605436998,50572.863982837145
2702,11,50572.863982837145,50584.139299391332
2702,9,50584.139299391332,50595.555817126777
2702,7,50595.555817126777,50606.514583233657
2702,5,50606.514583233657,50615.670443847288
2703,64,31966.75701369108,31985.190197932669
2703,66,31985.190197932669,32000.132355847236
2704,132,24616.439569720202,24629.826038750656
2704,134,24629.826038750656,24641.127069725018
2704,136,24641.127069725018,24653.055273104823
2704,138,24653.055273104823,24666.336092317099
2704,140,24666.336092317099,24677.491023287785
2704,142,24677.491023287785,24689.476314002433
2705,68,28381.81297634765,28402.888181417056
2705,70,28402.888181417056,28426.230691991183
2705,72,28426.230691991183,28446.954935205136
2706,63,76778.356684387501,76788.854087174259
2706,61,76788.854087174259,76799.115679808921
2707,83,73303.279848994614,73314.775422482839
2707,81,73314.775422482839,73325.384555833894
2707,79,73325.384555833894,73335.553492862105
2707,77,73335.553492862105,73346.319268690422
2707,31,73379.059326005357,73394.545974502122
2708,120,33807.285060672599,33821.132492111974
2708,122,33821.132492111974,33836.688833774184
2708,124,33836.688833774184,33848.227487896256
2708,126,33848.227487896256,33860.253343107332
2708,128,33860.253343107332,33878.804111896854
2708,130,33878.804111896854,33892.005420592308
2708,132,33892.005420592308,33904.219707534809
2708,134,33904.219707534809,33918.33585197202
2709,75,59701.843344048888,59716.009261324565
2710,77,63940.122926287637,63953.474874471656
2711,128,50118.339176057489,50126.120839311669
2711,130,50126.120839311669,50134.077991004451
2711,132,50134.077991004451,50144.822718654999
2711,134,50144.822718654999,50153.307356331672
2711,44,50208.651847424982,50219.826500168056
2712,0,66428.254295985171,66445.958395601279
2712,2,66445.958395601279,66458.320883110617
2712,4,66458.320883110617,66476.511620383913
2712,6,66476.511620383913,66496.553155241927
2712,8,66496.553155241927,66521.673706865651
2712,10,66521.673706865651,66537.179109424425
2713,99,47888.27895838095,47898.515437986112
2713,68,47914.466914016986,47920.379132357913
2713,70,47920.379132357913,47926.344475318365
2713,72,47926.344475318365,47932.331813998608
2713,74,47932.331813998608,47939.581578350648
2713,76,47939.581578350648,47946.318666345425
2713,78,47946.318666345425,47952.815495968447
2713,80,47952.815495968447,47960.748612697986
2713,82,47960.748612697986,47968.179686364449
2714,64,64650.165315615712,64665.224962276014
2714,66,64665.224962276014,64679.669698976031
2715,159,49853.05149304551,49867.591987211104
2716,141,68980.112230974322,68995.404038667111
2716,139,68995.404038667111,69010.124953354505
2716,137,69010.124953354505,69023.382872444039
2716,135,69023.382872444039,69038.687146159049
2716,133,69038.687146159049,69055.43415809967
2716,131,69055.43415809967,69071.086621455892
2716,129,69071.086621455892,69083.683939039169
2717,124,28745.128786621204,28759.711340425958
2717,126,28759.711340425958,28774.83107526867
2717,68,28848.622487408429,28868.180921621639
2717,70,28868.180921621639,28886.858380425303
2717,72,28886.858380425303,28906.491007118573
2717,74,28906.491007118573,28922.187327885291
2717,76,28922.187327885291,28943.350229741776
2717,78,28943.350229741776,28960.684306919178
2717,80,28960.684306919178,28973.623831284483
2718,137,28087.341816759392,28103.334836484642
2719,141,66696.441500498127,66711.930078727106
2719,139,66711.930078727106,66727.407289408467
2719,137,66727.407289408467,66746.777944459682
2719,135,66746.777944459682,66760.489286457378
2719,133,66760.489286457378,66780.556789566588
2719,131,66780.556789566588,66798.576419192686
2719,129,66798.576419192686,66818.907054832423
2719,127,66818.907054832423,66838.880274408744
2719,125,66838.880274408744,66853.654420618521
2719,123,66853.654420618521,66869.048477788921
2719,121,66869.048477788921,66889.16286756967
2719,156,66921.768853827074,66941.007595302217
2720,67,68591.885852763589,68613.289658941969
2720,50,68633.049037612393,68649.40027418852
2721,119,30873.859812186933,30886.26805726139
2721,118,30886.26805726139,30900.037925963741
2722,104,69722.136842324573,69739.296068615571
2722,105,69739.296068615571,69757.899048788779
2722,106,69757.899048788779,69777.851635194093
2723,135,67512.982046099918,67530.5248978991
2723,133,67530.5248978991,67551.083754377585
2723,131,67551.083754377585,67571.977701898359
2723,129,67571.977701898359,67589.554584277023
2723,127,67589.554584277023,67608.583977280025
2723,125,67608.583977280025,67622.565015163564
2723,123,67622.565015163564,67637.781142646098
2723,121,67637.781142646098,67654.939528251329
2724,55,30911.2675026529,30939.895621612319
2724,54,30939.895621612319,30969.052581248237
2724,53,30969.052581248237,30990.660035398676
2724,52,30990.660035398676,31016.349375304846
2724,51,31016.349375304846,31035.783389292978
2725,71,54837.950365461351,54848.892902592204
2725,69,54848.892902592204,54858.600243945293
2726,133,76369.272088940052,76380.7156041282
2726,131,76380.7156041282,76391.519130432178
2727,62,47290.868721369006,47300.225452303057
2727,64,47300.225452303057,47309.468670645401
2727,66,47309.468670645401,47319.254668060064
2727,68,47319.254668060064,47327.479283732609
2727,70,47327.479283732609,47336.044541818963
2727,72,47336.044541818963,47345.740717087538
2727,74,47345.740717087538,47354.594103414849
2728,83,69351.897313701411,69369.263973062203
2728,81,69369.263973062203,69387.445836892584
2728,79,69387.445836892584,69400.954282870516
2728,77,69400.954282870516,69413.459055123807
2728,135,69470.950033809131,69483.281458177531
2728,133,69483.281458177531,69498.048051876773
2728,131,69498.048051876773,69515.523358103223
2728,129,69515.523358103223,69530.057905690133
2730,76,66330.436617929081,66351.646793448483
2732,152,70732.46859452744,70746.560778404222
2732,135,70758.314305291336,70769.743989358583
2732,133,70769.743989358583,70783.112721622572
2732,131,70783.112721622572,70798.189237358019
2732,129,70798.189237358019,70810.806934120701
2733,132,48527.022392526,48537.726365763745
2733,134,48537.726365763745,48548.426443229197
2734,33,38046.758496975839,38057.23968924128
2734,32,38057.23968924128,38067.720881506721
2734,75,38094.667381931169,38104.475837329752
2734,73,38104.475837329752,38112.105851835549
2734,71,38112.105851835549,38123.741402257401
2734,69,38123.741402257401,38132.669494853217
2734,127,38170.389455467506,38179.783854932233
2734,125,38179.783854932233,38190.510090347154
2735,79,67270.376149958945,67287.073771517724
2735,77,67287.073771517724,67301.955081828943
2735,75,67301.955081828943,67325.995158292659
2735,73,67325.995158292659,67351.846486155904
2735,71,67351.846486155904,67377.678426427432
2735,69,67377.678426427432,67395.233193529202
2735,67,67395.233193529202,67417.155236005739
2735,65,67417.155236005739,67435.264228280532
2737,131,69290.328227475373,69307.890571300348
2737,129,69307.890571300348,69319.894456390684
2738,132,59255.583155917324,59267.80615435962
2738,134,59267.80615435962,59278.195558174215
2739,2,32635.084977936884,32647.107917987138
2739,4,32647.107917987138,32666.587114371174
2739,6,32666.587114371174,32684.00248417072
2739,8,32684.00248417072,32698.991343263708
2739,10,32698.991343263708,32715.031507984993
2739,12,32715.031507984993,32730.839613848417
2739,14,32730.839613848417,32745.534706877246
2739,76,32800.593129439134,32818.016216209733
2739,78,32818.016216209733,32836.425419552696
2740,83,69705.49490869038,69721.854152069398
2740,81,69721.854152069398,69737.090155075493
2740,79,69737.090155075493,69750.519605084788
2740,77,69750.519605084788,69764.959645722149
2740,31,69810.993089321622,69829.958275934288
2740,30,69829.958275934288,69850.98383739726
2741,72,74004.383109471251,74015.32851011779
2741,74,74015.32851011779,74024.673943821021
2741,136,74064.540293061887,74074.55190093485
2741,138,74074.55190093485,74084.173659440552
2741,140,74084.173659440552,74093.716350269649
2741,142,74093.716350269649,74103.505017440271
2742,120,48891.104020167622,48899.313124742708
2742,122,48899.313124742708,48908.398881251807
2742,124,48908.398881251807,48917.47865166785
2742,126,48917.47865166785,48926.173321560265
2742,128,48926.173321560265,48935.384263166146
2742,130,48935.384263166146,48946.233398409197
2742,132,48946.233398409197,48955.633566713943
2742,134,48955.633566713943,48964.635858695336
2742,138,49025.691651285619,49037.447565930284
2744,71,36514.487561189148,36524.434296512474
2744,69,36524.434296512474,36533.472900788729
2745,64,47973.556273106427,47986.119960546494
2745,66,47986.119960546494,47996.178292243421
2746,137,56117.741088077222,56128.641826718529
2746,135,56128.641826718529,56140.556375084016
2747,5,29029.272066657675,29045.826223175955
2748,57,66843.076797665359,66860.847205894635
2748,56,66860.847205894635,66882.264040855502
2748,55,66882.264040855502,66908.746868723872
2748,54,66908.746868723872,66927.989536834197
2748,53,66927.989536834197,66943.206105900725
2749,112,33857.52787910703,33879.298014576882
2749,67,33930.378778644226,33950.319832881461
2750,75,55696.148026907722,55706.338704735615
2750,73,55706.338704735615,55716.628734290229
2750,71,55716.628734290229,55724.657978748786
2751,120,68639.412244707302,68651.026696612782
2751,122,68651.026696612782,68662.333980925978
2751,124,68662.333980925978,68673.597567212171
2751,126,68673.597567212171,68684.583467950841
2751,128,68684.583467950841,68698.31755999077
2752,67,26202.197202291303,26216.944158189886
2752,65,26216.944158189886,26229.800891314972
2752,63,26229.800891314972,26243.186380024021
2753,76,75624.031470326678,75635.075994459839
2753,78,75635.075994459839,75645.256492440516
2753,80,75645.256492440516,75654.702543379841
2753,82,75654.702543379841,75664.657301904837
2754,131,27453.578275644417,27466.804616704281
2754,129,27466.804616704281,27479.521191282638
2754,67,27543.839276820683,27561.116746010244
2755,127,66737.250592020981,66758.736102144889
2755,125,66758.736102144889,66776.819591177846
2755,123,66776.819591177846,66794.488173554506
2755,121,66794.488173554506,66818.282529003904
2757,42,30357.868416852187,30381.977692894779
2757,43,30381.977692894779,30405.924817816336
2757,76,30443.454979546739,30464.25287132895
2757,78,30464.25287132895,30480.793507257418
2758,10,21678.395307771007,21688.633551985524
2758,12,21688.633551985524,21698.477791048495
2758,14,21698.477791048495,21708.029791140689
2759,152,67375.188473018105,67392.047035560521
2759,135,67407.028880240352,67422.491811821659
2759,133,67422.491811821659,67440.401910485452
2759,131,67440.401910485452,67459.601896151973
2759,129,67459.601896151973,67479.680656069002
2761,73,62306.740298652854,62322.046389650612
2761,71,62322.046389650612,62337.096404001779
2764,134,37514.442746692745,37525.375028305985
2765,120,69736.965207493078,69748.410252043133
2765,122,69748.410252043133,69763.100453744526
2765,124,69763.100453744526,69777.238975532397
2765,126,69777.238975532397,69790.643003506324
2765,128,69790.643003506324,69806.312856261051
2765,130,69806.312856261051,69819.341855908191
2765,132,69819.341855908191,69836.517270497527
2766,146,76146.444908709615,76165.230030452789
2767,139,61291.1156716267,61304.693796214109
2767,137,61304.693796214109,61318.030598286598
2767,135,61318.030598286598,61331.327686674558
2767,133,61331.327686674558,61344.109921291099
2767,131,61344.109921291099,61357.601047772208
2767,129,61357.601047772208,61370.223625623468
2768,53,39484.633740179888,39502.138185169475
2768,52,39502.138185169475,39517.158974962695
2769,79,25921.082007499914,25933.061595935738
2769,77,25933.061595935738,25943.558878714521
2770,120,39338.804919468916,39348.040834314459
2771,139,23494.103636643442,23505.510388936978
2771,137,23505.510388936978,23514.910437461451
2772,123,58352.561044201379,58364.476693694785
2772,121,58364.476693694785,58374.875036931662
2773,10,61466.076987673005,61477.475723882715
2773,12,61477.475723882715,61487.861405989839
2773,14,61487.861405989839,61499.795733115337
2773,16,61499.795733115337,61510.905729197737
2773,18,61510.905729197737,61521.081367235194
2773,20,61521.081367235194,61531.667688744557
2773,22,61531.667688744557,61543.111382213203
2774,122,59665.802002581055,59676.816894297423
2774,124,59676.816894297423,59687.323756325313
2774,126,59687.323756325313,59699.038025347596
2775,120,71429.867961944808,71440.254040451458
2775,122,71440.254040451458,71450.787983243325
2775,124,71450.787983243325,71462.320864999463
2775,126,71462.320864999463,71474.709266707097
2779,124,29987.517782729548,30003.530496644275
2779,126,30003.530496644275,30019.255157523952
2779,128,30019.255157523952,30039.583149284987
2779,130,30039.583149284987,30056.336013104679
2779,132,30056.336013104679,30074.438411488569
2779,134,30074.438411488569,30092.538561909776
2779,136,30092.538561909776,30109.778941649569
2780,83,29786.514913348055,29803.077720481997
2780,81,29803.077720481997,29826.468029501004
2780,79,29826.468029501004,29843.344283400795
2780,77,29843.344283400795,29858.49276718462
2780,31,29917.994022341398,29943.297014519147
2780,30,29943.297014519147,29967.995055945543
2780,29,29967.995055945543,29989.73080444341
2780,28,29989.73080444341,30011.823715303017
2780,27,30011.823715303017,30033.175040717415
2780,26,30033.175040717415,30057.442788932298
2782,60,29446.61220378703,29469.860351928404
2782,62,29469.860351928404,29484.358755302415
2782,64,29484.358755302415,29500.844468783831
2782,66,29500.844468783831,29517.348054888454
2782,68,29517.348054888454,29538.295909830125
2782,70,29538.295909830125,29552.566572719043
2782,72,29552.566572719043,29570.225554415505
2782,74,29570.225554415505,29585.228551650704
2782,76,29585.228551650704,29601.473803802633
2782,78,29601.473803802633,29614.511118561619
2782,80,29614.511118561619,29626.046746652988
2782,82,29626.046746652988,29642.871471681865
2784,133,70006.149732872364,70022.518483659194
2784,131,70022.518483659194,70036.326214658984
2784,129,70036.326214658984,70050.816818198407
2784,87,70094.928838167616,70114.352007792811
2785,130,25629.349659397471,25640.872327844489
2785,132,25640.872327844489,25653.991296951175
2785,134,25653.991296951175,25664.720745270508
2786,133,29886.045747675449,29906.345233542615
2786,131,29906.345233542615,29924.97140818349
2786,129,29924.97140818349,29944.568169219136
2787,80,40018.005565593608,40028.766090332952
2787,82,40028.766090332952,40038.002019912456
2788,135,30606.313835460711,30621.447010596141
2790,75,47053.438915120758,47063.108765644931
2790,73,47063.108765644931,47072.530936523261
2790,71,47072.530936523261,47080.835802652335
2790,69,47080.835802652335,47088.819839000971
2790,67,47088.819839000971,47096.829154253988
2790,65,47096.829154253988,47105.318457564048
2790,63,47105.318457564048,47115.034318335434
2790,61,47115.034318335434,47124.486329630243
2791,120,78549.968452113972,78560.134252108706
2791,122,78560.134252108706,78569.761773142309
2791,124,78569.761773142309,78579.60111641456
2791,126,78579.60111641456,78589.226892276143
2792,60,63438.639206144733,63457.229034975149
2792,62,63457.229034975149,63474.666009879584
2793,68,68191.505962252792,68213.488071790052
2793,70,68213.488071790052,68228.66370078543
2794,38,49703.364388318863,49716.86142530544
2794,39,49716.86142530544,49727.379468104125
2794,128,49773.129640411687,49781.71364091141
2794,130,49781.71364091141,49790.455515082285
2795,139,77191.340147774754,77200.945578226645
2795,137,77200.945578226645,77208.994502766349
2796,68,55158.275601029134,55167.491032585291
2796,70,55167.491032585291,55176.79818946388
2796,72,55176.79818946388,55185.70307261077
2797,17,25109.914534328764,25122.415120315687
2797,115,25207.913703785656,25223.519247385295
2798,127,73586.609578292089,73595.37253260061
2798,125,73595.37253260061,73605.875428465617
2798,123,73605.875428465617,73615.517509806421
2798,121,73615.517509806421,73624.955045511655
2800,135,28267.752133148493,28282.474117999496
2800,133,28282.474117999496,28304.637987506532
2800,131,28304.637987506532,28325.714491166509
2800,129,28325.714491166509,28341.993479366709
2800,67,28408.421525979949,28430.336236331339
2801,83,66719.384931724839,66741.29560357552
2801,81,66741.29560357552,66759.878644250348
2801,79,66759.878644250348,66776.316520924011
2801,77,66776.316520924011,66794.845317642656
2801,15,66864.287828519751,66882.776859027465
2801,13,66882.776859027465,66900.708036158336
2801,11,66900.708036158336,66919.349495474147
2802,135,62908.537959767331,62919.241692458701
2802,133,62919.241692458701,62932.492578325211
2802,131,62932.492578325211,62944.881791203021
2802,129,62944.881791203021,62956.50087174739
2802,127,62956.50087174739,62968.768454618374
2802,125,62968.768454618374,62978.363845611872
2802,123,62978.363845611872,62990.75903623848
2802,121,62990.75903623848,63003.400380088635
2803,120,30703.362289143282,30720.345841281352
2803,122,30720.345841281352,30734.709174233052
2803,124,30734.709174233052,30749.859653959709
2803,126,30749.859653959709,30765.542176926348
2805,117,52974.011632742084,52990.004231398729
2805,116,52990.004231398729,53004.839073185642
2807,38,45384.650064078036,45398.366006789394
2807,39,45398.366006789394,45413.225542820815
2807,40,45413.225542820815,45428.046358709369
2807,41,45428.046358709369,45442.91311227376
2807,42,45442.91311227376,45456.733044135384
2807,43,45456.733044135384,45469.482530338602
2809,126,37797.009690952742,37809.184476440452
2810,8,33871.30612952607,33884.908356245571
2810,10,33884.908356245571,33897.476596080291
2810,12,33897.476596080291,33908.61597382238
2810,14,33908.61597382238,33920.196493259231
2811,95,67617.940906000818,67642.207949524091
2811,94,67642.207949524091,67666.162541317943
2812,136,36899.296336516294,36908.991421708371
2812,138,36908.991421708371,36917.473196515144
2812,140,36917.473196515144,36926.460990313622
2812,142,36926.460990313622,36936.365316585587
2813,15,43922.572356672499,43929.650527637757
2813,13,43929.650527637757,43937.002449558808
2814,156,75631.105642202238,75645.202938432529
2814,157,75645.202938432529,75662.685455880332
2814,158,75662.685455880332,75679.172772263162
2815,148,66120.836718336941,66144.622502396858
2817,120,34359.368247323837,34373.522823371903
2817,122,34373.522823371903,34384.91536818834
2817,124,34384.91536818834,34398.908978234736
2817,126,34398.908978234736,34408.707340256646
2817,128,34408.707340256646,34423.907763945994
2817,130,34423.907763945994,34438.071903910059
2817,132,34438.071903910059,34452.303905460147
2817,134,34452.303905460147,34466.798015150489
2817,136,34466.798015150489,34484.039947861631
2817,138,34484.039947861631,34497.889544459053
2817,140,34497.889544459053,34511.277510954569
2820,141,24245.826582517544,24255.735917942478
2820,139,24255.735917942478,24265.983197077978
2820,137,24265.983197077978,24277.42468901879
2820,135,24277.42468901879,24288.818467651316
2820,133,24288.818467651316,24299.753241202863
2820,131,24299.753241202863,24311.657063838578
2820,129,24311.657063838578,24323.778336823165
2821,136,33436.849317137807,33453.921572281572
2821,138,33453.921572281572,33467.780631607449
2821,140,33467.780631607449,33483.426523634698
2821,142,33483.426523634698,33498.947684821316
2822,103,48648.614483196397,48662.682165358092
2824,64,58041.411391797868,58052.74346513777
2824,66,58052.74346513777,58062.202720782589
2824,68,58062.202720782589,58071.960827612573
2824,70,58071.960827612573,58081.107514997108
2824,72,58081.107514997108,58090.141585746896
2824,74,58090.141585746896,58099.822289948541
2825,141,33367.74421788886,33384.365400238064
2825,139,33384.365400238064,33397.129348318085
2825,137,33397.129348318085,33411.873624435255
2825,31,33518.429256276097,33537.035279637377
2825,30,33537.035279637377,33558.044975355995
2826,68,34555.994935224371,34568.758408776674
2826,70,34568.758408776674,34582.372550547138
2826,72,34582.372550547138,34595.732760780862
2826,74,34595.732760780862,34607.302993684811
2826,76,34607.302993684811,34621.016063193587
2826,78,34621.016063193587,34631.83104240879
2826,80,34631.83104240879,34642.644634115306
2827,6,29292.333957167182,29316.437677631191
2827,8,29316.437677631191,29339.443646926917
2827,10,29339.443646926917,29359.377832327089
2827,12,29359.377832327089,29372.646266045438
2827,14,29372.646266045438,29386.999197853664
2829,75,58335.740490622964,58346.420083848672
2829,73,58346.420083848672,58354.287632540516
2829,71,58354.287632540516,58363.790485545003
2829,69,58363.790485545003,58373.243755610354
2829,51,58383.129979248792,58398.506868584911
2830,103,76797.640212509752,76812.245431111834
2832,122,25220.824273164748,25235.16260085929
2832,124,25235.16260085929,25246.979279056679
2832,126,25246.979279056679,25259.047075627135
2832,128,25259.047075627135,25271.406868459337
2832,130,25271.406868459337,25284.103131977412
2832,132,25284.103131977412,25294.728522641428
2832,134,25294.728522641428,25305.903400670079
2832,136,25305.903400670079,25316.692439537466
2832,138,25316.692439537466,25327.312069258376
2832,140,25327.312069258376,25338.607132818572
2833,136,68347.549407130908,68360.32307897303
2833,138,68360.32307897303,68373.895606559629
2834,67,75591.933942881195,75604.448550403802
2834,65,75604.448550403802,75614.959314489999
2834,63,75614.959314489999,75624.036270076176
2834,61,75624.036270076176,75633.446641444447
2835,6,32852.884418547001,32872.645988236029
2835,8,32872.645988236029,32889.813175560797
2835,10,32889.813175560797,32907.000470865751
2835,12,32907.000470865751,32919.87066687164
2835,14,32919.87066687164,32931.970122294711
2835,76,32986.04614607308,33002.051995216061
2835,78,33002.051995216061,33017.408319228845
2836,120,49832.222313960738,49843.651390047868
2836,122,49843.651390047868,49854.080072937293
2836,124,49854.080072937293,49863.443254444595
2836,126,49863.443254444595,49873.677134937083
2837,30,69868.605195567608,69887.560917899493
2838,130,72320.900244945849,72331.695353500618
2838,132,72331.695353500618,72345.134103290911
2838,134,72345.134103290911,72356.433515822369
2838,136,72356.433515822369,72367.425602262927
2838,138,72367.425602262927,72380.308013086382
2839,10,29497.397767327329,29509.335470941714
2839,12,29509.335470941714,29524.270999388827
2839,14,29524.270999388827,29541.297999275237
2839,136,29685.146239818601,29701.110834377352
2841,120,36871.471218333703,36882.899050126827
2841,122,36882.899050126827,36894.697608766131
2841,124,36894.697608766131,36906.444545752434
2841,126,36906.444545752434,36918.117200151515
2841,128,36918.117200151515,36928.371431196661
2841,130,36928.371431196661,36939.736158935644
2841,132,36939.736158935644,36950.154161785889
2841,134,36950.154161785889,36961.510156032484
2842,104,57681.456867265268,57696.638341152655
2845,127,67843.622211990092,67866.241338511434
2845,125,67866.241338511434,67883.234892146196
2845,123,67883.234892146196,67899.024374796689
2846,135,36074.38375178814,36084.122155519115
2846,133,36084.122155519115,36094.163369306021
2846,131,36094.163369306021,36105.679260099081
2846,129,36105.679260099081,36117.315510026798
2846,127,36117.315510026798,36129.760913378937
2846,125,36129.760913378937,36141.232945931042
2846,123,36141.232945931042,36152.723622039499
2846,121,36152.723622039499,36163.733825299896
2848,92,28090.126181456806,28107.5748862215
2848,91,28107.5748862215,28125.841452037766
2848,90,28125.841452037766,28143.678103777482
2848,89,28143.678103777482,28161.917374276643
2848,88,28161.917374276643,28177.124186635294
2848,87,28177.124186635294,28193.175302471278
2848,86,28193.175302471278,28209.37778655763
2849,120,25474.744700978452,25485.609260155641
2849,122,25485.609260155641,25497.070541991157
2849,124,25497.070541991157,25509.889809739048
2849,126,25509.889809739048,25522.115462834761
2849,128,25522.115462834761,25535.053433553239
2849,130,25535.053433553239,25548.907619141464
2849,132,25548.907619141464,25561.032799358632
2849,134,25561.032799358632,25572.652021343212
2849,136,25572.652021343212,25584.271243327792
2849,138,25584.271243327792,25594.899465919596
2849,140,25594.899465919596,25609.232309853251
2849,142,25609.232309853251,25621.80866026094
2850,0,45209.585565171663,45217.608183499673
2850,2,45217.608183499673,45226.618564083125
2852,71,33504.387601319126,33521.602436140725
2852,69,33521.602436140725,33536.725248842362
2852,127,33606.372192900031,33620.891879984913
2852,125,33620.891879984913,33633.972904234841
2852,123,33633.972904234841,33649.650727018568
2852,121,33649.650727018568,33669.391407419251
2854,65,74985.951019616536,74997.436977825113
2854,63,74997.436977825113,75009.346206258255
2854,61,75009.346206258255,75020.01763050459
2855,104,68073.677365802709,68097.163297573512
2856,77,27448.11634215646,27462.666819093818
2856,75,27462.666819093818,27478.505478370491
2857,64,30035.324563239672,30054.1718892393
2857,66,30054.1718892393,30072.000148491727
2858,10,69507.599077784165,69520.878535759781
2858,12,69520.878535759781,69530.962081384947
2858,14,69530.962081384947,69545.661319648338
2859,8,61021.942768742789,61036.944984342925
2859,10,61036.944984342925,61049.387994716359
2859,12,61049.387994716359,61060.644237381923
2859,14,61060.644237381923,61072.417636460494
2860,124,28787.855680533903,28802.31959230778
2860,126,28802.31959230778,28816.783504081657
2860,68,28886.921428176203,28902.802151673332
2860,70,28902.802151673332,28918.174873102955
2860,72,28918.174873102955,28933.18479905487
2860,74,28933.18479905487,28947.012932297464
2860,76,28947.012932297464,28964.202940455431
2860,78,28964.202940455431,28974.982772961273
2861,92,73660.265673336136,73674.648476681148
2861,135,73706.615389066879,73717.074576359882
2861,133,73717.074576359882,73727.301440440657
2861,131,73727.301440440657,73737.132263009946
2861,129,73737.132263009946,73747.220220184085
2861,127,73747.220220184085,73757.25773943169
2861,125,73757.25773943169,73767.910021530915
2863,79,41345.913638439153,41356.558030344793
2863,77,41356.558030344793,41364.907291152194
2864,27,66802.590070351798,66818.373663760227
2864,26,66818.373663760227,66838.85224487065
2865,69,32987.707976404134,33002.886387843377
2866,128,75752.423724251377,75761.718171769156
2866,130,75761.718171769156,75771.297787157921
2866,132,75771.297787157921,75780.87740254667
2866,134,75780.87740254667,75792.415389825401
2866,136,75792.415389825401,75801.222635550061
2866,138,75801.222635550061,75811.133455595424
2866,140,75811.133455595424,75821.738557755292
2866,142,75821.738557755292,75832.560817231599
2867,75,67882.255807853915,67902.355903582662
2867,73,67902.355903582662,67921.177959065855
2867,71,67921.177959065855,67935.88496261838
2867,69,67935.88496261838,67951.076587722811
2867,67,67951.076587722811,67970.525102451458
2867,50,67985.986851274065,68001.118122769869
2868,17,62850.07167963621,62863.838595543857
2868,15,62863.838595543857,62876.609859166318
2868,13,62876.609859166318,62887.98605760184
2868,11,62887.98605760184,62902.323126663374
2868,9,62902.323126663374,62918.330772020199
2868,7,62918.330772020199,62930.954306018517
2868,5,62930.954306018517,62942.957643948328
2869,135,33947.043328585336,33959.660201974664
2869,133,33959.660201974664,33974.492679338793
2870,71,63369.571287122431,63383.080992054704
2870,69,63383.080992054704,63399.708098012175
2870,127,63470.098514103258,63488.558453685735
2871,140,69823.089481179457,69836.100486204785
2871,142,69836.100486204785,69848.75683480507
2872,19,64703.626000474163,64719.071815996365
2872,17,64719.071815996365,64732.84488659785
2872,15,64732.84488659785,64748.544318317174
2872,13,64748.544318317174,64761.137903923584
2872,11,64761.137903923584,64777.797859759601
2872,9,64777.797859759601,64796.559260662987
2873,104,36943.422565863817,36959.59820859199
2874,143,64500.438316724474,64514.971421414702
2874,141,64514.971421414702,64530.473948460407
2874,139,64530.473948460407,64544.899230049465
2874,137,64544.899230049465,64559.301193826293
2874,135,64559.301193826293,64571.642193141925
2874,133,64571.642193141925,64585.692258854062
2874,131,64585.692258854062,64601.71893337182
2875,130,26700.153936457431,26716.177845283462
2875,132,26716.177845283462,26728.59341554304
2875,134,26728.59341554304,26740.310761738183
2877,66,28788.269441689543,28803.301151176627
2877,68,28803.301151176627,28819.368616110911
2877,70,28819.368616110911,28833.501639456623
2877,72,28833.501639456623,28849.452347749499
2877,74,28849.452347749499,28862.651830843297
2877,76,28862.651830843297,28875.925117222996
2877,78,28875.925117222996,28890.805898468236
2877,80,28890.805898468236,28904.140060801841
2878,0,28298.335182806302,28308.96477548077
2878,2,28308.96477548077,28325.219001020203
2879,83,59665.747072104183,59676.553856852952
2879,81,59676.553856852952,59687.549676732437
2879,79,59687.549676732437,59698.772041691562
2879,77,59698.772041691562,59709.835200653433
2879,75,59709.835200653433,59721.053198530783
2879,73,59721.053198530783,59731.632679522765
2879,71,59731.632679522765,59741.394431686545
2879,69,59741.394431686545,59750.027744759311
2880,41,65235.591220546958,65255.741597479377
2880,42,65255.741597479377,65277.82950439152
2880,43,65277.82950439152,65292.150565576907
2880,44,65292.150565576907,65312.396320211177
2880,45,65312.396320211177,65327.938544689707
2880,46,65327.938544689707,65342.286524326468
2880,47,65342.286524326468,65355.758942709552
2881,7,62254.698341216383,62266.380400171569
2882,35,64041.276226101945,64058.896244080846
2883,126,69783.324197820373,69794.890890532639
2883,128,69794.890890532639,69809.476000252078
2883,130,69809.476000252078,69821.508037843654
2883,132,69821.508037843654,69833.509418175337
2883,134,69833.509418175337,69846.368727801761
2883,76,69900.200069914339,69913.365661211414
2883,78,69913.365661211414,69930.308827573259
2884,143,32311.935039978162,32330.663220220431
2884,141,32330.663220220431,32345.427867703613
2887,72,41750.473406467732,41763.48238348536
2887,74,41763.48238348536,41775.652220840988
2887,136,41822.169841795767,41832.500088518231
2887,138,41832.500088518231,41843.046576098983
2887,140,41843.046576098983,41853.048796349474
2887,142,41853.048796349474,41864.701242383271
2890,124,27064.143860954071,27076.845467136176
2890,126,27076.845467136176,27090.473660720676
2891,143,71754.037143202062,71767.403859404614
2891,141,71767.403859404614,71780.524848170477
2891,139,71780.524848170477,71795.276361121985
2891,137,71795.276361121985,71809.491306409313
2893,141,70182.620291683052,70195.488805382964
2893,139,70195.488805382964,70208.790469430925
2893,137,70208.790469430925,70218.968214174776
2893,135,70218.968214174776,70229.615644335034
2893,133,70229.615644335034,70243.327720481582
2893,131,70243.327720481582,70259.391138476916
2893,129,70259.391138476916,70272.224001953364
2893,87,70314.791443164475,70331.230747341571
2894,141,69186.806185033332,69201.651498957479
2894,139,69201.651498957479,69215.730279263837
2895,79,64237.240210285912,64254.018219108155
2895,77,64254.018219108155,64269.926132256922
2895,75,64269.926132256922,64288.966419268094
2895,73,64288.966419268094,64307.466617414764
2895,71,64307.466617414764,64327.766543201149
2895,69,64327.766543201149,64344.455098821578
2895,67,64344.455098821578,64368.481416606191
2895,65,64368.481416606191,64386.46150084192
2895,63,64386.46150084192,64402.756598096501
2895,61,64402.756598096501,64418.037245320229
2896,38,29225.685158410975,29251.023726026757
2896,39,29251.023726026757,29275.212308393428
2896,40,29275.212308393428,29299.907459368409
2896,41,29299.907459368409,29322.269488534057
2896,42,29322.269488534057,29343.14911652845
2896,43,29343.14911652845,29365.078287411925
2897,135,67716.473159860456,67731.531033306805
2897,133,67731.531033306805,67747.409883471817
2897,131,67747.409883471817,67765.144693528971
2897,129,67765.144693528971,67781.518727096409
2897,127,67781.518727096409,67797.541127043529
2897,125,67797.541127043529,67810.089063744439
2897,123,67810.089063744439,67823.918618749507
2898,62,44046.807724290738,44054.875881381849
2898,64,44054.875881381849,44062.054674447158
2898,66,44062.054674447158,44069.233467512458
2898,128,44101.064265080175,44109.549320682396
2899,159,68929.497126233007,68948.685788983683
2900,124,77145.508975170073,77157.577376899659
2900,126,77157.577376899659,77167.995137348611
2901,43,66174.362602149282,66193.429917229019
2901,16,66224.475647211089,66240.340337355417
2902,68,59290.881882039095,59299.335791498284
2902,70,59299.335791498284,59308.847146170578
2902,72,59308.847146170578,59321.593448121079
2902,74,59321.593448121079,59331.220559884139
2902,76,59331.220559884139,59342.104037581099
2902,78,59342.104037581099,59354.280876411773
2902,80,59354.280876411773,59365.256581629263
2902,82,59365.256581629263,59375.715980209156
2903,23,75092.673316694345,75101.527280079987
2903,21,75101.527280079987,75111.577799528997
2903,19,75111.577799528997,75121.955114202166
2904,6,44489.421227135797,44497.465994363563
2904,8,44497.465994363563,44506.047177863329
2904,10,44506.047177863329,44514.606058354599
2904,12,44514.606058354599,44523.299857972488
2904,14,44523.299857972488,44532.536223467978
2904,16,44532.536223467978,44541.287410987868
2904,18,44541.287410987868,44551.478582286763
2904,20,44551.478582286763,44560.31228257966
2904,22,44560.31228257966,44568.933389375627
2905,71,65367.409251554513,65386.627095353717
2905,69,65386.627095353717,65404.316647638923
2905,67,65404.316647638923,65428.803616615391
2905,65,65428.803616615391,65447.863504608555
2905,63,65447.863504608555,65464.856247782751
2905,61,65464.856247782751,65483.179219028141
2906,60,26883.984060175655,26896.644379534075
2906,62,26896.644379534075,26906.074116383061
2906,64,26906.074116383061,26917.204115113098
2906,66,26917.204115113098,26931.42295994841
2906,128,26978.678721236436,26989.638230114211
2906,130,26989.638230114211,27001.452962769232
2907,11,49661.782792311067,49673.973696884488
2907,9,49673.973696884488,49686.097963849024
2907,67,49729.854689517932,49740.845360264335
2907,65,49740.845360264335,49750.093578574088
2907,63,49750.093578574088,49759.725467965218
2907,61,49759.725467965218,49769.658558362127
2908,130,66081.932165025733,66098.490630251414
2908,132,66098.490630251414,66113.313278168513
2908,134,66113.313278168513,66129.312837083417
2908,16,66264.216926372872,66278.359600386495
2911,75,67221.813888899735,67240.63531448321
2911,73,67240.63531448321,67265.891118022089
2911,71,67265.891118022089,67286.672414563363
2911,69,67286.672414563363,67303.360542748429
2911,67,67303.360542748429,67322.118184957813
2911,65,67322.118184957813,67341.91558341062
2911,63,67341.91558341062,67358.996076965836
2911,61,67358.996076965836,67379.60405863887
2913,41,31388.012991864216,31410.541867355412
2913,42,31410.541867355412,31438.836264352987
2913,43,31438.836264352987,31460.26266706931
2913,76,31501.552149419571,31519.24386146024
2913,78,31519.24386146024,31537.231297731978
2913,80,31537.231297731978,31552.085757317822
2916,133,28825.554246882439,28846.13394182569
2916,131,28846.13394182569,28867.632431137779
2916,129,28867.632431137779,28884.018447368282
2917,71,73577.196371211467,73586.893933072293
2917,69,73586.893933072293,73597.048887002311
2917,67,73597.048887002311,73608.690855623805
2917,65,73608.690855623805,73621.072243667935
2918,44,33222.25368448715,33241.987400195583
2919,126,39637.498305163288,39646.831819194056
2920,8,26943.822706815899,26958.948760283649
2920,10,26958.948760283649,26970.92433905189
2921,126,71553.353061007656,71564.401168623357
2921,100,71589.410172309683,71602.869336757693
2922,114,30819.703879684101,30842.103589933846
2922,113,30842.103589933846,30869.297697841943
2922,112,30869.297697841943,30890.020031595803
2922,111,30890.020031595803,30905.356046549645
2922,110,30905.356046549645,30937.814834149998
2922,109,30937.814834149998,30954.549219351018
2923,64,62698.776764457623,62710.134627439656
2923,66,62710.134627439656,62722.187399454197
2923,128,62776.849970713971,62789.020679798021
2923,130,62789.020679798021,62800.89280654215
2923,132,62800.89280654215,62814.222389726012
2923,134,62814.222389726012,62826.055968720684
2923,136,62826.055968720684,62835.922438417088
2923,138,62835.922438417088,62847.357610649713
2924,128,71121.105947583215,71132.395533373638
2924,130,71132.395533373638,71144.321023266617
2924,132,71144.321023266617,71158.798571866049
2924,134,71158.798571866049,71167.809465412531
2924,136,71167.809465412531,71176.533689326083
2924,138,71176.533689326083,71186.453569671678
2924,140,71186.453569671678,71199.593053016535
2924,142,71199.593053016535,71210.833365674232
2925,71,65752.616623423455,65766.990385910496
2925,69,65766.990385910496,65781.355514516035
2926,128,22851.917578645698,22861.844624550733
2926,130,22861.844624550733,22871.742712448922
2926,132,22871.742712448922,22881.012081028643
2926,134,22881.012081028643,22891.269182556392
2929,135,48092.027652421653,48101.695175072586
2929,133,48101.695175072586,48113.142472832347
2931,36,39932.14094985032,39946.760410725496
2932,138,67693.540772545864,67710.171802246157
2932,140,67710.171802246157,67723.631222967466
2933,159,45365.542056959624,45375.874755678225
2933,128,45390.89098486978,45398.38574679508
2933,130,45398.38574679508,45406.333312079369
2933,132,45406.333312079369,45413.903800279346
2933,134,45413.903800279346,45421.40781429151
2934,141,23001.754647742026,23012.618102837248
2934,139,23012.618102837248,23021.938641024299
2934,137,23021.938641024299,23031.844326828548
2934,135,23031.844326828548,23041.963590484484
2934,133,23041.963590484484,23052.752460788852
2934,131,23052.752460788852,23062.87268838317
2934,129,23062.87268838317,23073.307839283771
2934,127,23073.307839283771,23082.828683609456
2934,125,23082.828683609456,23092.053091144142
2934,123,23092.053091144142,23106.940092501765
2935,152,24855.598251723532,24870.098759687949
2935,135,24883.314714596203,24894.444932599483
2935,133,24894.444932599483,24903.977282164917
2935,131,24903.977282164917,24913.886423280052
2935,129,24913.886423280052,24925.411069334383
2935,127,24925.411069334383,24936.792461844743
2935,125,24936.792461844743,24947.579314954051
2935,123,24947.579314954051,24958.097486478488
2935,121,24958.097486478488,24968.859547056243
2936,64,73211.304310997541,73222.890948888191
2936,66,73222.890948888191,73233.830227078666
2936,68,73233.830227078666,73246.078628247531
2936,70,73246.078628247531,73259.069900966613
2936,72,73259.069900966613,73270.608671331967
2936,74,73270.608671331967,73282.206978125658
2937,75,26792.654413477336,26807.003091495371
2939,124,73117.611972218307,73130.643384363022
2939,126,73130.643384363022,73138.81347655681
2939,128,73138.81347655681,73151.796910919744
2939,130,73151.796910919744,73162.278386028964
2939,132,73162.278386028964,73172.56455522051
2939,134,73172.56455522051,73185.029513278845
2939,136,73185.029513278845,73195.285150646901
2939,138,73195.285150646901,73205.178996521005
2939,140,73205.178996521005,73218.671506111714
2939,118,73235.378997013613,73248.628407720767
2940,135,22172.894799288864,22181.717608624152
2940,133,22181.717608624152,22191.042419180889
2940,131,22191.042419180889,22204.394272194124
2940,129,22204.394272194124,22215.195423304944
2940,127,22215.195423304944,22225.418859328671
2941,101,30054.466359365259,30077.190140572457
2941,102,30077.190140572457,30101.596012883612
2941,103,30101.596012883612,30126.102595710159
2941,76,30168.034302487642,30191.927493945772
2941,78,30191.927493945772,30207.377637997281
2943,46,67655.10237622686,67672.318475718639
2943,47,67672.318475718639,67694.100333710317
2944,136,64802.606582893277,64816.582049067139
2944,138,64816.582049067139,64829.791302940175
2945,135,61220.985263913492,61233.882879390418
2945,133,61233.882879390418,61243.361773923614
2945,131,61243.361773923614,61254.028693016277
2945,129,61254.028693016277,61268.264625310883
2946,128,29336.484452327397,29361.150956213572
2946,130,29361.150956213572,29376.407784550433
2946,132,29376.407784550433,29392.236415332063
2946,134,29392.236415332063,29412.059454868504
2946,136,29412.059454868504,29426.851906063559
2946,138,29426.851906063559,29443.803064604883
2946,140,29443.803064604883,29463.720732838134
2946,142,29463.720732838134,29478.897792016323
2947,81,64317.703290233556,64333.826407017703
2947,79,64333.826407017703,64345.817884641539
2948,124,66855.580778206393,66878.182806703713
2948,126,66878.182806703713,66893.083266901434
2948,128,66893.083266901434,66913.150017309701
2948,130,66913.150017309701,66928.681207205518
2948,132,66928.681207205518,66947.957466808817
2949,75,33256.533899699585,33277.496723719029
2950,43,78238.506704458807,78255.623193966545
2950,44,78255.623193966545,78273.040917792634
2950,45,78273.040917792634,78289.67332168702
2950,46,78289.67332168702,78304.399254085583
2951,8,22031.472470547433,22039.639578391165
2951,10,22039.639578391165,22047.806686234893
2951,12,22047.806686234893,22058.058965020948
2951,14,22058.058965020948,22066.646957910583
2952,100,66218.739175896058,66240.683594142174
2952,101,66240.683594142174,66262.927310130573
2952,102,66262.927310130573,66283.252448751504
2952,103,66283.252448751504,66308.195586080517
2952,76,66339.968441108897,66362.160066749988
2952,78,66362.160066749988,66378.341475443187
2952,80,66378.341475443187,66393.705831674859
2952,82,66393.705831674859,66414.015278238949
2953,156,65052.589679799989,65069.870131270902
2954,120,31601.014213445978,31614.313213678895
2954,122,31614.313213678895,31626.539766928126
2954,124,31626.539766928126,31638.762330503163
2954,126,31638.762330503163,31651.978063642808
2955,103,64274.617544501685,64292.185664578035
2956,127,29290.900058304691,29309.756522690921
2956,125,29309.756522690921,29323.3133929506
2957,143,47823.762926687894,47832.687825555236
2957,141,47832.687825555236,47843.044636845378
2958,120,63291.103897430301,63304.885564897442
2958,122,63304.885564897442,63316.543219217281
2958,124,63316.543219217281,63331.546036788357
2958,126,63331.546036788357,63344.137764506973
2958,128,63344.137764506973,63359.153521293221
2958,130,63359.153521293221,63371.816351540372
2959,99,29339.007691949995,29359.482237578362
2959,100,29359.482237578362,29380.965735828515
2959,101,29380.965735828515,29398.660196896762
2959,102,29398.660196896762,29419.578734314342
2960,64,34815.345739060976,34827.705258739152
2960,66,34827.705258739152,34839.272008060012
2961,148,29327.679852320976,29349.975586106681
2962,68,66071.413000220142,66093.078808428269
2963,100,29807.382230841198,29827.396526372097
2963,101,29827.396526372097,29846.658042760941
2963,102,29846.658042760941,29867.160678939581
2963,103,29867.160678939581,29888.348376576971
2963,76,29924.99739810322,29947.562733002083
2963,78,29947.562733002083,29964.97811682045
2963,80,29964.97811682045,29981.238839046648
2964,100,65220.310542169937,65234.548130416129
2964,101,65234.548130416129,65247.960241479275
2966,129,23152.816579273873,23166.235233389405
2967,126,71031.973797075567,71044.266550962464
2967,128,71044.266550962464,71058.066338734396
2967,130,71058.066338734396,71069.732486097375
2967,132,71069.732486097375,71081.142731580316
2967,134,71081.142731580316,71092.663239048794
2967,76,71142.86108218001,71154.560934232461
2967,78,71154.560934232461,71165.068082781363
2967,80,71165.068082781363,71176.369806324728
2968,7,69717.409075110743,69731.22916061763
2968,5,69731.22916061763,69740.155634610521
2969,14,27784.433487362716,27795.499205291344
2970,67,65252.673539894102,65270.306080777977
2970,65,65270.306080777977,65286.714594789351
2970,63,65286.714594789351,65301.668086010221
2971,8,23916.017883026816,23928.022826141794
2971,10,23928.022826141794,23938.498857714512
2971,12,23938.498857714512,23949.154513099551
2971,14,23949.154513099551,23960.781368302072
2971,16,23960.781368302072,23971.188959470644
2971,18,23971.188959470644,23984.402617214339
2972,81,52499.741836910522,52510.050795472496
2972,79,52510.050795472496,52520.179106736403
2972,77,52520.179106736403,52529.350106030717
2972,75,52529.350106030717,52537.613074201668
2972,73,52537.613074201668,52545.876042372613
2972,71,52545.876042372613,52554.139010543564
2972,69,52554.139010543564,52562.179352242667
2972,51,52571.662075039225,52587.524393456733
2973,127,31557.30621132343,31573.931496363231
2973,125,31573.931496363231,31585.274779851206
2973,123,31585.274779851206,31597.20531847396
2973,121,31597.20531847396,31621.198135777049
2975,17,49973.467529768954,49983.27733477416
2975,15,49983.27733477416,49993.147395749867
2975,13,49993.147395749867,50002.666370930783
2975,11,50002.666370930783,50011.31656218438
2975,9,50011.31656218438,50019.690541426498
2975,7,50019.690541426498,50027.330444825253
2976,135,52163.909134571142,52176.341492568157
2977,15,28621.042631888369,28634.145537115179
2978,130,25003.658553018475,25013.198295394803
2978,132,25013.198295394803,25024.704049158387
2978,134,25024.704049158387,25038.673804796501
2978,136,25038.673804796501,25049.799367289488
2979,11,59718.220848167643,59729.008805807985
2979,9,59729.008805807985,59740.690632585196
2979,7,59740.690632585196,59749.280420352625
2979,5,59749.280420352625,59760.668502921944
2979,3,59760.668502921944,59770.916944576406
2979,1,59770.916944576406,59781.470002127018
2980,132,67613.955571755912,67626.792495178335
2980,134,67626.792495178335,67638.924472743965
2983,136,67768.014086928291,67781.936762500278
2983,138,67781.936762500278,67797.342306472216
2983,140,67797.342306472216,67816.168354206951
2985,31,24825.279027846638,24839.407048581012
2985,30,24839.407048581012,24853.815478255754
2986,122,69938.027369758376,69952.576914265286
2986,124,69952.576914265286,69966.303858681393
2986,126,69966.303858681393,69980.245806056337
2986,128,69980.245806056337,69995.214994784197
2986,130,69995.214994784197,70010.609502139123
2986,132,70010.609502139123,70025.119817256898
2986,134,70025.119817256898,70041.520213058393
2987,130,31631.693533735121,31648.239606381736
2987,132,31648.239606381736,31666.213094299736
2987,134,31666.213094299736,31684.1913541174
2987,16,31816.889738063375,31833.67598860103
2988,120,63021.40734365573,63033.1323520023
2988,122,63033.1323520023,63045.238963268814
2988,124,63045.238963268814,63056.669413548385
2988,126,63056.669413548385,63068.456188708267
2988,128,63068.456188708267,63084.395277630691
2988,130,63084.395277630691,63097.999076645712
2988,132,63097.999076645712,63111.179550631816
2988,134,63111.179550631816,63125.086783174949
2988,136,63125.086783174949,63136.304578274496
2988,138,63136.304578274496,63149.407640487341
2988,140,63149.407640487341,63163.084697054386
2988,142,63163.084697054386,63181.416496634949
2989,141,61816.758140822458,61827.090888833125
2989,139,61827.090888833125,61837.16839326435
2989,137,61837.16839326435,61846.048262805773
2989,75,61888.258108567781,61898.678573572208
2989,73,61898.678573572208,61910.073290083936
2989,71,61910.073290083936,61920.012959039501
2990,141,32859.093722311249,32877.982462837106
2990,139,32877.982462837106,32893.900914878031
2990,137,32893.900914878031,32912.389053809027
2990,135,32912.389053809027,32926.116713915326
2990,133,32926.116713915326,32943.9513711498
2990,131,32943.9513711498,32961.872337930836
2990,129,32961.872337930836,32980.603879287148
2990,127,32980.603879287148,33001.281776245007
2991,64,63966.729137870076,63983.597151006266
2991,66,63983.597151006266,63998.7511171488
2991,128,64065.616401813422,64080.594619985997
2991,130,64080.594619985997,64094.525093180157
2991,132,64094.525093180157,64111.65723731117
2991,134,64111.65723731117,64129.015836889899
2991,136,64129.015836889899,64145.810600522345
2992,10,30993.09751598064,31012.258968572773
2992,12,31012.258968572773,31026.672477688815
2992,14,31026.672477688815,31040.250205475229
2993,120,32802.059616872924,32816.25458746183
2993,122,32816.25458746183,32827.991859003771
2993,124,32827.991859003771,32838.153843258391
2993,126,32838.153843258391,32854.931300655095
2996,28,28262.383058844523,28283.085090260658
2997,135,30610.289764323421,30626.888809594824
2997,133,30626.888809594824,30645.241080368891
2998,130,30481.422949633368,30499.83765242311
2998,132,30499.83765242311,30524.978365528823
2998,134,30524.978365528823,30550.240272289207
3000,120,35120.132035231611,35132.078815831024
3000,122,35132.078815831024,35143.92229250598
3000,124,35143.92229250598,35155.635414827782
3000,126,35155.635414827782,35169.033046656659
3000,128,35169.033046656659,35183.166079436734
3000,130,35183.166079436734,35194.68680120667
3000,132,35194.68680120667,35206.169916210441
3000,134,35206.169916210441,35217.854965447361
3000,136,35217.854965447361,35229.997467354297
3000,138,35229.997467354297,35243.326526039047
3000,140,35243.326526039047,35255.501991127465
3000,142,35255.501991127465,35268.757170956116
3001,75,50732.656901005059,50741.291634163623
3001,73,50741.291634163623,50749.984435330589
3001,71,50749.984435330589,50758.703003451825
3001,69,50758.703003451825,50768.450619094518
3001,67,50768.450619094518,50777.762903343319
3001,65,50777.762903343319,50786.68849774971
3001,63,50786.68849774971,50795.614092156095
3002,120,32525.006256008241,32539.263921068101
3002,122,32539.263921068101,32550.74838869314
3002,124,32550.74838869314,32562.648998802917
3002,126,32562.648998802917,32576.275903595953
3003,124,61998.364971437433,62012.879672015362
3003,126,62012.879672015362,62025.349742628125
3003,128,62025.349742628125,62038.90341805372
3003,130,62038.90341805372,62050.084679222658
3003,132,62050.084679222658,62062.628837465869
3003,134,62062.628837465869,62073.773710839916
3003,136,62073.773710839916,62086.501755304176
3003,138,62086.501755304176,62097.984496697187
3005,71,30904.441612827566,30924.454699471076
3005,69,30924.454699471076,30944.865939927455
3006,69,55553.851260680414,55563.349067034404
3006,67,55563.349067034404,55572.158603784585
3006,65,55572.158603784585,55581.865714826905
3006,63,55581.865714826905,55591.492059119715
3006,61,55591.492059119715,55600.444787451685
3007,128,69183.628195365498,69198.126168852847
3007,130,69198.126168852847,69211.856999754047
3008,120,62474.940826181999,62489.000477079462
3008,122,62489.000477079462,62501.805422879486
3009,43,62507.00125799956,62523.474950849173
3009,16,62550.858124313439,62563.702494687459
3010,130,60102.875562668225,60113.319351161073
3010,132,60113.319351161073,60122.566946901017
3010,134,60122.566946901017,60132.323097535926
3010,136,60132.323097535926,60142.459582324751
3010,138,60142.459582324751,60152.022700785797
3010,140,60152.022700785797,60161.332596892993
3010,142,60161.332596892993,60171.33611078369
3011,120,66127.09872617849,66138.296104078763
3011,122,66138.296104078763,66149.243330898666
3011,124,66149.243330898666,66160.190557718568
3011,126,66160.190557718568,66172.881824622062
3011,128,66172.881824622062,66187.258894163533
3011,130,66187.258894163533,66201.146430897817
3011,132,66201.146430897817,66213.413232898791
3011,134,66213.413232898791,66226.179506597575
3011,136,66226.179506597575,66237.615188732947
3011,138,66237.615188732947,66249.935224028231
3012,2,66847.191109088628,66860.778004981024
3012,4,66860.778004981024,66873.75736369894
3012,6,66873.75736369894,66894.324387951565
3012,8,66894.324387951565,66915.672389808009
3012,10,66915.672389808009,66927.022118420893
3012,12,66927.022118420893,66941.885569634062
3012,14,66941.885569634062,66959.201347450376
3012,76,67027.609999653869,67046.588886056925
3012,78,67046.588886056925,67059.09655868946
3012,80,67059.09655868946,67074.695237547407
3013,98,26939.685545607936,26954.904636475159
3013,99,26954.904636475159,26969.000705433456
3014,66,71861.72582614304,71872.705422491781
3014,68,71872.705422491781,71886.722927478069
3014,70,71886.722927478069,71900.363486928996
3014,72,71900.363486928996,71912.944652698294
3014,74,71912.944652698294,71924.80207406015
3015,79,45744.675959541783,45754.036065300839
3015,77,45754.036065300839,45762.40491789017
3016,129,33968.930141957215,33980.867393587381
3016,27,34084.981474875211,34102.474419755628
3016,26,34102.474419755628,34119.75135514154
3017,126,48086.758186392639,48096.106586538546
3017,40,48155.350167149656,48172.225931590277
3018,133,52281.481154303016,52291.511474889543
3018,131,52291.511474889543,52302.814612120121
3018,129,52302.814612120121,52314.046942972229
3019,70,47036.274846583903,47046.347393377451
3019,72,47046.347393377451,47055.56967411645
3019,74,47055.56967411645,47064.645142885165
3019,16,47103.763933979273,47112.565124617533
3021,72,54503.574064041975,54514.572585490154
3021,74,54514.572585490154,54524.561137852514
3021,76,54524.561137852514,54534.066940933393
3021,78,54534.066940933393,54544.75247321104
3021,80,54544.75247321104,54554.86673025952
3022,73,43811.029834276509,43819.410115212799
3022,71,43819.410115212799,43828.07537896061
3022,69,43828.07537896061,43837.624016607253
3022,127,43873.993342474023,43883.226370947603
3022,125,43883.226370947603,43893.812297317163
3023,12,43058.054980297478,43068.959135608908
3023,14,43068.959135608908,43080.160559812794
3024,72,78047.482126622315,78059.432103156796
3024,74,78059.432103156796,78069.453693389383
3024,76,78069.453693389383,78079.579455525745
3024,78,78079.579455525745,78090.271152941626
3024,80,78090.271152941626,78100.241853418076
3024,82,78100.241853418076,78110.302109819037
3025,128,31485.646412332459,31503.360061190411
3025,130,31503.360061190411,31520.966473411634
3025,132,31520.966473411634,31541.014350794536
3025,134,31541.014350794536,31559.97126429106
3025,136,31559.97126429106,31576.2582343055
3025,138,31576.2582343055,31599.054013607067
3025,140,31599.054013607067,31616.57730788667
3026,28,29515.947342007305,29539.019407128533
3026,7,29558.365930803615,29572.656528673815
3026,5,29572.656528673815,29585.383554683172
3027,135,66492.225200225424,66505.824901797809
3027,133,66505.824901797809,66529.592110902478
3027,131,66529.592110902478,66548.527885757532
3027,129,66548.527885757532,66564.128650127779
3027,111,66586.737783727978,66603.67673431235
3028,127,66469.073519983867,66487.193913796247
3028,125,66487.193913796247,66499.498995653528
3029,7,64361.184787510363,64371.637125585563
3029,5,64371.637125585563,64383.189991937856
3030,122,66500.60974762484,66516.327456219136
3030,124,66516.327456219136,66531.108573134334
3030,126,66531.108573134334,66542.159308174712
3030,68,66623.458951326247,66642.935611026784
3030,70,66642.935611026784,66659.265705674828
3033,60,72752.859236132921,72765.217216724428
3033,62,72765.217216724428,72778.231542219728
3033,64,72778.231542219728,72791.077469734097
3033,66,72791.077469734097,72802.692006140322
3033,68,72802.692006140322,72814.272081798874
3033,70,72814.272081798874,72824.663368414098
3033,72,72824.663368414098,72837.039541103455
3033,74,72837.039541103455,72849.519620589126
3034,75,26708.52802135381,26722.531206705997
3034,73,26722.531206705997,26735.401977907735
3034,71,26735.401977907735,26748.209265157504
3034,69,26748.209265157504,26761.485087653396
3035,74,46275.941485383708,46286.05326453966
3037,124,61970.636702018164,61983.694417800856
3037,126,61983.694417800856,61996.82209613506
3037,128,61996.82209613506,62009.718212510845
3037,130,62009.718212510845,62022.263364813552
3037,132,62022.263364813552,62035.346099308314
3038,133,28137.903897931985,28161.006246123536
3038,131,28161.006246123536,28183.787164528359
3040,101,65957.952452682846,65979.206566608846
3040,102,65979.206566608846,65999.216077257981
3040,103,65999.216077257981,66014.851569425417
3040,104,66014.851569425417,66033.563282232222
3040,105,66033.563282232222,66053.352580174585
3040,106,66053.352580174585,66071.077263004016
3041,128,33189.797282886597,33206.530909440102
3041,130,33206.530909440102,33220.05900645462
3041,132,33220.05900645462,33234.310969356688
3041,134,33234.310969356688,33253.294683998582
3042,18,69273.730090116689,69288.617679839619
3044,124,51913.715343968172,51927.12479988351
3044,126,51927.12479988351,51937.732215567485
3044,68,51980.029566440113,51993.484005855964
3044,70,51993.484005855964,52004.482957852713
3044,72,52004.482957852713,52017.132891352216
3044,74,52017.132891352216,52028.824121363548
3045,71,33943.847772953588,33959.67793761225
3045,69,33959.67793761225,33973.454078133749
3047,120,65990.147103189098,66005.351543566227
3048,83,31475.435486241448,31496.633011741051
3048,81,31496.633011741051,31518.409599347153
3048,79,31518.409599347153,31535.902547194299
3048,77,31535.902547194299,31556.734058217648
3049,44,36183.857417282525,36201.138340213554
3050,127,77173.686753388931,77183.468915039892
3050,125,77183.468915039892,77193.198555114461
3050,123,77193.198555114461,77202.435434079947
3051,83,30190.880409377787,30211.71614471366
3051,81,30211.71614471366,30232.272632961613
3051,79,30232.272632961613,30246.661709855161
3051,77,30246.661709855161,30261.085330988386
3051,115,30313.601955788577,30331.788089664118
3051,114,30331.788089664118,30348.540402347149
3051,113,30348.540402347149,30372.899676719197
3051,112,30372.899676719197,30393.82935810259
3051,111,30393.82935810259,30415.70478807739
3051,110,30415.70478807739,30440.315604914664
3051,109,30440.315604914664,30464.143917545072
3052,115,30491.809088919079,30512.799063161259
3053,76,23548.356996905844,23560.464510176633
3053,78,23560.464510176633,23571.8838969586
3054,83,23059.657196499444,23071.310342773857
3054,81,23071.310342773857,23084.182763522982
3054,79,23084.182763522982,23094.397161061814
3054,77,23094.397161061814,23104.611558600649
3057,10,26415.688095834357,26429.301341767903
3057,12,26429.301341767903,26439.43478426394
3057,14,26439.43478426394,26451.323233396302
3057,16,26451.323233396302,26465.804068908339
3058,83,58268.922185757372,58277.724455276926
3058,81,58277.724455276926,58286.920524756824
3058,79,58286.920524756824,58297.083434662891
3058,77,58297.083434662891,58307.415335022357
3058,75,58307.415335022357,58316.998270936099
3058,73,58316.998270936099,58326.227734448461
3058,71,58326.227734448461,58335.479282298285
3059,75,53552.685550074391,53560.988788906026
3059,73,53560.988788906026,53572.187237864004
3059,71,53572.187237864004,53581.584964632828
3059,69,53581.584964632828,53593.215042957214
3061,10,62808.96890337416,62822.690192612252
3061,12,62822.690192612252,62836.402687695962
3061,14,62836.402687695962,62851.816793346996
3061,104,62941.029672020399,62958.128109545061
3061,105,62958.128109545061,62977.719675767425
3062,136,67942.270654273467,67956.324489134116
3062,138,67956.324489134116,67972.030343443388
3062,140,67972.030343443388,67985.643350679427
3062,142,67985.643350679427,68000.704865715859
3063,143,45123.118273384862,45132.032598753867
3063,141,45132.032598753867,45142.541174537408
3063,139,45142.541174537408,45152.161012831355
3063,137,45152.161012831355,45161.443262892884
3063,135,45161.443262892884,45170.986594096947
3063,133,45170.986594096947,45180.147864402301
3063,131,45180.147864402301,45188.42275571447
3063,129,45188.42275571447,45197.286326088113
3063,67,45232.900824315497,45241.542000226058
3063,65,45241.542000226058,45249.61732329752
3063,63,45249.61732329752,45257.666494531397
3063,61,45257.666494531397,45265.745891784041
3064,81,77229.435857047225,77237.390186141594
3064,79,77237.390186141594,77247.180324311063
3064,77,77247.180324311063,77257.327457701278
3064,75,77257.327457701278,77267.481140459699
3064,73,77267.481140459699,77279.693359108351
3065,30,65467.544114192868,65489.634283722975
3065,29,65489.634283722975,65510.062362750912
3065,28,65510.062362750912,65533.964516290631
3067,143,78575.987799847368,78586.334875495493
3068,120,66195.049578866572,66208.698236273573
3068,122,66208.698236273573,66220.030238412597
3068,124,66220.030238412597,66231.9340732407
3068,126,66231.9340732407,66245.28349257962
3069,16,38621.524376183588,38631.257277687015
3070,55,56167.699533419567,56182.137700868108
3071,72,31036.285824116268,31059.634735953081
3071,74,31059.634735953081,31077.612011255907
3072,31,31808.791359085615,31828.976842453892
3072,30,31828.976842453892,31858.411828805434
3073,32,62467.528165350508,62489.1028552055
3073,135,62596.064797349412,62612.057568674936
3073,133,62612.057568674936,62630.718371020535
3073,131,62630.718371020535,62644.661659183519
3074,122,65946.74418469159,65959.9564634095
3074,124,65959.9564634095,65973.386985389327
3074,126,65973.386985389327,65989.636054832052
3074,68,66066.915736734067,66085.097265842094
3074,70,66085.097265842094,66101.182855914332
3074,72,66101.182855914332,66118.663377431643
3075,78,33969.943915125026,33984.66823873065
3075,80,33984.66823873065,33997.23930135437
3076,123,69638.524234614903,69652.93117292854
3076,121,69652.93117292854,69671.304670529818
3077,135,34149.634844837245,34162.46000988999
3077,133,34162.46000988999,34175.285174942743
3077,131,34175.285174942743,34190.824142766731
3077,129,34190.824142766731,34205.718582086913
3078,142,67276.310886408668,67286.99134329136
3079,2,53665.138919787176,53676.955672342403
3079,4,53676.955672342403,53688.755999880617
3079,6,53688.755999880617,53698.353699617765
3080,141,62175.160098064684,62188.898558338617
3080,139,62188.898558338617,62200.635381356362
3080,137,62200.635381356362,62212.002461139396
3080,75,62266.254786620397,62282.042665718895
3081,73,67414.386810505588,67441.169142194674
3081,71,67441.169142194674,67467.141241738049
3081,69,67467.141241738049,67485.169013268023
3081,67,67485.169013268023,67508.16769996511
3081,65,67508.16769996511,67525.599036651198
3081,63,67525.599036651198,67546.868179203942
3081,61,67546.868179203942,67563.622088380522
3082,141,78400.116255706074,78412.027127347465
3082,139,78412.027127347465,78421.500560191227
3082,137,78421.500560191227,78430.407745343007
3082,75,78468.965987766467,78478.788171144392
3082,73,78478.788171144392,78488.737134453942
3082,71,78488.737134453942,78498.225683851299
3082,69,78498.225683851299,78506.94143978339
3082,67,78506.94143978339,78516.43388543016
3082,65,78516.43388543016,78525.630044594684
3082,63,78525.630044594684,78534.826203759207
3082,61,78534.826203759207,78545.115461651163
3083,64,38496.90420530604,38505.4402884589
3083,66,38505.4402884589,38514.00545813419
3083,68,38514.00545813419,38523.710039135127
3083,70,38523.710039135127,38532.154473304501
3084,60,37954.366473279588,37963.034324892302
3084,62,37963.034324892302,37973.230982544039
3084,64,37973.230982544039,37982.91018170493
3085,122,32025.029944156846,32039.333457111075
3085,124,32039.333457111075,32054.170740189329
3085,126,32054.170740189329,32069.797808842119
3085,128,32069.797808842119,32090.862932943372
3085,130,32090.862932943372,32105.68394406894
3085,132,32105.68394406894,32123.906665039038
3085,134,32123.906665039038,32146.415894925358
3085,16,32308.556420615187,32327.314297084555
3085,18,32327.314297084555,32342.830461256555
3086,117,29977.274955262768,29995.279629118304
3086,116,29995.279629118304,30014.23588118023
3086,115,30014.23588118023,30029.466759942712
3086,114,30029.466759942712,30049.290104060543
3086,113,30049.290104060543,30068.991621518566
3086,112,30068.991621518566,30084.005455588434
3086,111,30084.005455588434,30102.749629162176
3087,80,70694.135705547917,70704.833593732561
3087,82,70704.833593732561,70715.53148191722
3088,105,30711.97560178912,30734.026984813703
3088,106,30734.026984813703,30759.731218927278
3088,107,30759.731218927278,30779.336536517545
3089,39,42275.474364105183,42294.396947305257
3090,14,30104.708527806924,30122.209255725149
3090,76,30195.626335953384,30212.404342576305
3090,78,30212.404342576305,30230.856991236069
3091,83,30060.077790793799,30077.343926156587
3091,81,30077.343926156587,30098.675200026537
3092,68,65280.964311000229,65296.154895963991
3094,124,65686.042270445963,65700.637421052728
3094,126,65700.637421052728,65712.292387396694
3094,128,65712.292387396694,65728.578547438796
3094,130,65728.578547438796,65742.665575576772
3094,132,65742.665575576772,65756.406328077224
3094,134,65756.406328077224,65772.507811909571
3094,136,65772.507811909571,65785.895564576887
3094,138,65785.895564576887,65802.906277713788
3094,140,65802.906277713788,65815.133772063535
3094,142,65815.133772063535,65830.909332700903
3095,99,59579.541650849416,59600.658532314315
3095,128,59626.468793216431,59641.753090559418
3095,130,59641.753090559418,59654.195446173253
3095,132,59654.195446173253,59666.268547463449
3095,134,59666.268547463449,59678.451241676543
3095,136,59678.451241676543,59690.865318233256
3095,138,59690.865318233256,59701.83206232977
3095,140,59701.83206232977,59711.615965101249
3095,142,59711.615965101249,59724.386626005165
3096,60,34338.748360886784,34354.09990711556
3096,62,34354.09990711556,34365.727333265779
3096,64,34365.727333265779,34377.352656134237
3096,66,34377.352656134237,34389.473222802495
3097,128,65811.661635870158,65826.78966850556
3097,130,65826.78966850556,65840.809380574108
3097,132,65840.809380574108,65853.396621539825
3097,134,65853.396621539825,65869.429524206847
3097,136,65869.429524206847,65882.584792320908
3097,138,65882.584792320908,65893.743413049771
3097,140,65893.743413049771,65904.053169510822
3097,142,65904.053169510822,65918.889886173682
3099,83,65807.105111867058,65823.776903922539
3099,81,65823.776903922539,65844.796136044446
3099,79,65844.796136044446,65861.326698211386
3099,77,65861.326698211386,65877.675766004584
3099,75,65877.675766004584,65898.120231391833
3100,120,47109.429711432422,47118.807810952538
3100,122,47118.807810952538,47128.185910472646
3100,124,47128.185910472646,47138.545031224021
3100,126,47138.545031224021,47148.806459973421
3100,68,47186.053592217599,47195.943334124437
3100,70,47195.943334124437,47205.215954826366
3101,131,75698.713101469286,75708.651549127841
3101,129,75708.651549127841,75718.9069348427
3101,127,75718.9069348427,75731.200081936404
3101,125,75731.200081936404,75741.184658721308
3101,123,75741.184658721308,75750.28350756217
3101,121,75750.28350756217,75760.085587275826
3102,133,65689.560073038345,65711.235038644372
3102,131,65711.235038644372,65732.000099055571
3102,129,65732.000099055571,65751.422646934356
3102,127,65751.422646934356,65771.214451544409
3102,125,65771.214451544409,65788.278983979588
3102,123,65788.278983979588,65805.26013155347
3102,121,65805.26013155347,65834.758456396346
3103,14,57754.12933758476,57764.43760391364
3105,66,31505.684775959628,31523.919547562826
3105,68,31523.919547562826,31541.752962100229
3105,70,31541.752962100229,31558.485929828785
3105,72,31558.485929828785,31581.617633922189
3106,67,52540.073032781271,52548.531034738444
3107,114,73579.921862157586,73594.586235474373
3107,132,73612.214567830728,73623.116635815197
3107,134,73623.116635815197,73634.670543952074
3109,83,58764.590151757286,58775.535089364581
3109,81,58775.535089364581,58789.206415032153
3109,79,58789.206415032153,58799.801198228357
3109,77,58799.801198228357,58810.838200940227
3109,75,58810.838200940227,58823.223111687024
3109,73,58823.223111687024,58837.911944312858
3110,15,63572.47635655848,63583.686389536982
3110,13,63583.686389536982,63594.35699893655
3110,11,63594.35699893655,63607.505891867579
3110,9,63607.505891867579,63620.840111539597
3112,126,67980.970031263481,67997.245824750833
3112,128,67997.245824750833,68016.82619483654
3112,130,68016.82619483654,68031.774626576254
3112,132,68031.774626576254,68046.729959875054
3112,134,68046.729959875054,68063.354918860161
3112,136,68063.354918860161,68075.633657635655
3112,138,68075.633657635655,68089.968671511175
3112,140,68089.968671511175,68103.665185824051
3113,40,53804.789506657769,53815.126167212547
3114,147,31542.785535046314,31563.699607422714
3114,125,31580.978961774585,31598.041386927667
3114,123,31598.041386927667,31613.230798284454
3114,121,31613.230798284454,31634.705110654821
3115,84,60092.272804441265,60104.166066643011
3116,64,31698.105865320547,31716.220761308363
3116,66,31716.220761308363,31735.15098614262
3116,128,31809.392667612014,31827.303837699474
3116,130,31827.303837699474,31845.997974343991
3116,132,31845.997974343991,31864.103083397978
3116,134,31864.103083397978,31879.60064436141
3116,136,31879.60064436141,31896.655308508529
3116,138,31896.655308508529,31911.074221408795
3116,140,31911.074221408795,31925.885021122409
3116,142,31925.885021122409,31942.023091780407
3117,16,63753.304719260574,63766.503398265624
3117,18,63766.503398265624,63776.607996091538
3117,20,63776.607996091538,63792.137204938736
3117,22,63792.137204938736,63806.336338036301
3118,83,68242.897979105532,68260.332165057189
3118,81,68260.332165057189,68279.534197495581
3118,79,68279.534197495581,68295.701803084929
3118,77,68295.701803084929,68309.452417037523
3118,135,68372.656833327565,68391.617390632236
3118,133,68391.617390632236,68410.983906234105
3118,131,68410.983906234105,68434.298349330638
3118,129,68434.298349330638,68448.775207530052
3120,143,24788.153564102573,24800.168306097232
3123,147,61461.583616248383,61478.007152106904
3124,67,68003.776870666537,68021.694834171096
3124,65,68021.694834171096,68036.611900939999
3124,63,68036.611900939999,68053.476230479209
3126,124,63504.516675586492,63516.500862836641
3126,126,63516.500862836641,63528.372552933972
3127,128,63547.355604638957,63562.978470397509
3127,130,63562.978470397509,63577.031835833637
3127,132,63577.031835833637,63592.40955381433
3127,134,63592.40955381433,63609.230112185425
3127,76,63678.576664879889,63697.187092579319
3129,128,23737.355217049571,23743.80344657867
3129,130,23743.80344657867,23752.076125557785
3129,132,23752.076125557785,23762.029399402199
3129,134,23762.029399402199,23771.840420338296
3129,136,23771.840420338296,23781.201982732971
3129,138,23781.201982732971,23791.74841345493
3130,124,32424.85218406509,32441.865830968942
3130,126,32441.865830968942,32456.899379678394
3130,128,32456.899379678394,32471.538520754613
3130,130,32471.538520754613,32485.158455133533
3130,132,32485.158455133533,32499.981732499778
3130,134,32499.981732499778,32518.183543604857
3130,151,32539.734650794035,32553.679880722306
3131,76,54674.59800122305,54685.57998374536
3131,78,54685.57998374536,54700.080817688147
3131,80,54700.080817688147,54713.149160526475
3131,82,54713.149160526475,54725.510059720087
3132,26,33927.665168405081,33943.745546861181
3132,25,33943.745546861181,33961.636247686736
3132,24,33961.636247686736,33982.978362589667
3133,70,25801.703339298168,25811.895284592512
3133,72,25811.895284592512,25822.808969418402
3133,74,25822.808969418402,25835.394030454747
3133,136,25884.354495494455,25896.054790271508
3134,104,31722.382957958438,31742.38231729194
3134,105,31742.38231729194,31763.986126485081
3135,77,36446.336385127535,36458.727525355556
3135,75,36458.727525355556,36469.6686705381
3135,73,36469.6686705381,36480.015810246303
3135,71,36480.015810246303,36490.848720263493
3135,69,36490.848720263493,36502.429841189529
3135,67,36502.429841189529,36513.701460501477
3135,65,36513.701460501477,36525.819382040136
3138,40,51988.8800679747,52002.355313469328
3140,122,55227.398854646781,55238.795437880872
3140,124,55238.795437880872,55250.161578877734
3140,126,55250.161578877734,55260.563754832583
3140,8,55337.857087336124,55348.647096781729
3140,10,55348.647096781729,55361.368768040869
3141,15,73536.703071667085,73549.489922569657
3141,13,73549.489922569657,73562.054530707348
3142,6,33588.293607570486,33602.460759250796
3143,125,65284.077102637973,65305.367126566438
3143,123,65305.367126566438,65327.149628356237
3143,121,65327.149628356237,65349.211498983277
3143,36,65456.822946630695,65481.1229762761
3144,83,32659.095488220533,32679.824103971827
3144,81,32679.824103971827,32696.871371267502
3144,79,32696.871371267502,32713.477080875513
3144,77,32713.477080875513,32726.77117789178
3144,75,32726.77117789178,32747.546597589044
3144,54,32768.537566416126,32789.342820261772
3145,64,27588.734123817059,27605.286241399965
3145,66,27605.286241399965,27619.265681650046
3145,68,27619.265681650046,27638.334070280514
3145,70,27638.334070280514,27653.618693761156
3145,72,27653.618693761156,27669.156759192945
3145,74,27669.156759192945,27684.367082922512
3146,32,61364.149422876901,61388.014568457809
3146,135,61477.59886208269,61493.121541369401
3146,133,61493.121541369401,61506.383229058287
3146,131,61506.383229058287,61519.314321123602
3146,129,61519.314321123602,61533.069936828077
3146,127,61533.069936828077,61548.71073300299
3146,125,61548.71073300299,61561.665539764457
3146,123,61561.665539764457,61572.685842454375
3146,121,61572.685842454375,61585.143079983231
3147,94,66320.788907361828,66339.060064710691
3147,93,66339.060064710691,66357.555738609371
3147,92,66357.555738609371,66375.639010430154
3147,115,66403.896329475974,66423.832428928683
3147,114,66423.832428928683,66444.259134545209
3147,113,66444.259134545209,66469.728775690543
3147,112,66469.728775690543,66489.039957670801
3147,111,66489.039957670801,66507.026029262517
3147,110,66507.026029262517,66528.743545614227
3148,71,25255.150134172844,25265.047258459239
3148,69,25265.047258459239,25274.408790947702
3148,67,25274.408790947702,25284.13026898992
3148,65,25284.13026898992,25294.928023812943
3148,63,25294.928023812943,25304.413539820369
3148,61,25304.413539820369,25315.371591285955
3150,135,70739.264178489495,70755.453053644887
3151,137,44885.199997882715,44895.824244494645
3151,75,44933.554158678307,44943.059925450776
3151,73,44943.059925450776,44952.565692223245
3151,71,44952.565692223245,44962.071458995713
3153,118,30936.343197998463,30960.772221733758
3153,117,30960.772221733758,30974.985573692546
3153,116,30974.985573692546,30994.097514077508
3153,115,30994.097514077508,31014.691590909977
3153,114,31014.691590909977,31037.958558290862
3153,113,31037.958558290862,31070.37825647536
3153,112,31070.37825647536,31092.593637841575
3153,111,31092.593637841575,31114.559154320519
3153,110,31114.559154320519,31135.473692833209
3153,109,31135.473692833209,31155.707188083219
3154,6,25658.456090222822,25670.908125556201
3154,8,25670.908125556201,25682.984747387465
3154,10,25682.984747387465,25694.140293225031
3154,12,25694.140293225031,25704.23832807588
3154,14,25704.23832807588,25715.012141904834
3154,16,25715.012141904834,25726.224919538945
3154,18,25726.224919538945,25736.979207175347
3154,20,25736.979207175347,25748.149371143805
3154,22,25748.149371143805,25761.273860524525
3155,120,33329.63625671983,33341.106523819442
3155,122,33341.106523819442,33351.747824586833
3155,124,33351.747824586833,33360.989739668337
3155,126,33360.989739668337,33372.147452245539
3157,134,63541.282249509895,63555.438816960115
3157,136,63555.438816960115,63570.669874663668
3157,138,63570.669874663668,63585.854381014309
3157,140,63585.854381014309,63599.524427955155
3157,142,63599.524427955155,63615.704800106214
3158,68,66413.308830077513,66429.188776009396
3158,70,66429.188776009396,66444.430100195954
3158,72,66444.430100195954,66466.728007353639
3158,74,66466.728007353639,66484.005353830522
3159,136,53813.329843046158,53824.064771246325
3159,138,53824.064771246325,53833.372194060117
3159,140,53833.372194060117,53844.798540717529
3160,79,34184.56432144517,34195.581081678036
3160,77,34195.581081678036,34206.989196239301
3160,75,34206.989196239301,34220.486564470448
3160,73,34220.486564470448,34233.783868318256
3160,71,34233.783868318256,34244.920992700128
3160,69,34244.920992700128,34255.371872364754
3160,67,34255.371872364754,34265.77494670578
3160,65,34265.77494670578,34276.514532417474
3160,63,34276.514532417474,34287.54470242848
3160,61,34287.54470242848,34298.114123666084
3161,129,48784.144404675775,48793.130151073223
3161,7,48865.365887121581,48874.140813428261
3161,5,48874.140813428261,48883.351653464291
3161,3,48883.351653464291,48892.804011918161
3162,128,30318.236712604539,30335.833209582699
3162,130,30335.833209582699,30350.050987815532
3162,132,30350.050987815532,30364.413386116685
3162,134,30364.413386116685,30380.696702260106
3162,136,30380.696702260106,30391.986743037291
3162,138,30391.986743037291,30406.409722812623
3162,140,30406.409722812623,30424.135901369962
3163,99,25976.221820121282,25992.55176844967
3164,152,68210.795812464785,68229.908100175744
3165,19,63905.337149854444,63919.537222179337
3165,17,63919.537222179337,63938.779740827376
3165,135,64048.003505491295,64061.000430376589
3165,133,64061.000430376589,64080.452934157423
3165,131,64080.452934157423,64097.553187041434
3165,129,64097.553187041434,64112.877872824189
3167,126,47358.222600113972,47366.86729510509
3168,13,48123.548776467018,48132.073965202268
3168,11,48132.073965202268,48143.817904412281
3169,124,28497.424557830072,28513.251179615323
3169,126,28513.251179615323,28526.148000635123
3169,68,28592.557821875827,28612.717716824103
3169,70,28612.717716824103,28626.548285408378
3169,72,28626.548285408378,28648.384562281586
3169,74,28648.384562281586,28666.436461039797
3169,76,28666.436461039797,28686.006596163981
3169,78,28686.006596163981,28702.328297026041
3170,14,54374.260733732466,54382.823444926151
3171,137,22430.160873784876,22438.080528735944
3171,135,22438.080528735944,22446.02189946577
3171,133,22446.02189946577,22454.706845868019
3171,131,22454.706845868019,22462.738461796263
3171,129,22462.738461796263,22469.699496890247
3171,127,22469.699496890247,22477.22455920279
3173,143,69276.23669117011,69290.639125906586
3173,141,69290.639125906586,69305.890931964212
3173,139,69305.890931964212,69317.727473460793
3173,137,69317.727473460793,69333.064304179192
3174,14,57313.124176374746,57322.590009491869
3174,16,57322.590009491869,57332.859105893353
3174,18,57332.859105893353,57341.769913616205
3174,20,57341.769913616205,57350.680721339057
3174,22,57350.680721339057,57360.535182018539
3175,122,22618.7729546628,22628.366410696541
3175,124,22628.366410696541,22638.421952135552
3175,126,22638.421952135552,22648.424324981137
3175,128,22648.424324981137,22658.415556738189
3175,130,22658.415556738189,22667.427175196393
3175,132,22667.427175196393,22677.271333046989
3175,134,22677.271333046989,22686.972752454327
3176,131,42214.443733746477,42225.653887248918
3176,129,42225.653887248918,42234.454696761051
3177,76,65341.402306609743,65359.638065381412
3177,78,65359.638065381412,65377.266185266235
3177,80,65377.266185266235,65395.31684743581
3177,82,65395.31684743581,65408.894917641461
3179,120,29313.506859362857,29329.018871181885
3179,122,29329.018871181885,29342.030664132639
3179,124,29342.030664132639,29357.278130980831
3179,126,29357.278130980831,29372.221463768725
3179,128,29372.221463768725,29394.264465341294
3179,130,29394.264465341294,29413.699115121817
3179,132,29413.699115121817,29431.854717692644
3179,134,29431.854717692644,29446.327660206163
3179,136,29446.327660206163,29462.437649652638
3179,138,29462.437649652638,29477.009506539689
3179,140,29477.009506539689,29497.150537976049
3180,68,29960.696411415636,29987.380016190771
3180,70,29987.380016190771,30006.576497700928
3180,72,30006.576497700928,30028.012008443126
3180,74,30028.012008443126,30048.09974222543
3180,76,30048.09974222543,30069.730633034527
3180,78,30069.730633034527,30084.901051331806
3180,80,30084.901051331806,30104.592686550506
3180,82,30104.592686550506,30119.582422781761
3181,9,45225.943570308023,45235.698242676102
3181,128,45313.631711834008,45323.776869816276
3181,130,45323.776869816276,45334.141555911163
3184,133,29299.267608356822,29321.553744047982
3184,131,29321.553744047982,29339.963767627043
3184,129,29339.963767627043,29358.033185125165
3184,127,29358.033185125165,29374.662688758068
3184,125,29374.662688758068,29392.554090055004
3184,123,29392.554090055004,29411.412266285119
3189,19,60252.927825267776,60265.121724132827
3189,17,60265.121724132827,60277.445353333263
3190,103,66385.269166570579,66402.733006985305
3191,136,70819.963396707521,70831.952481024593
3191,138,70831.952481024593,70844.767589299008
3191,140,70844.767589299008,70858.60095193809
3191,142,70858.60095193809,70870.617397545051
3192,7,29387.825279967354,29404.644996355746
3192,5,29404.644996355746,29427.281280189622
3192,3,29427.281280189622,29440.20081888204
3192,1,29440.20081888204,29466.138565889687
3193,66,64781.977892924238,64797.64735224715
3193,68,64797.64735224715,64818.073968476063
3193,70,64818.073968476063,64833.278010996983
3193,72,64833.278010996983,64852.898957448204
3193,74,64852.898957448204,64867.875246034477
3193,76,64867.875246034477,64886.584742387313
3193,78,64886.584742387313,64901.448169793075
3194,122,63832.472897074018,63845.463040527618
3194,124,63845.463040527618,63857.215304228164
3194,126,63857.215304228164,63868.221262869796
3197,136,71119.954165291783,71132.932923025524
3197,138,71132.932923025524,71149.864658489227
3198,6,71576.177078657085,71588.320141760138
3198,128,71687.003544983949,71700.311747046784
3198,130,71700.311747046784,71711.007102681295
3198,132,71711.007102681295,71723.393825893101
3198,134,71723.393825893101,71733.690013047337
3198,136,71733.690013047337,71745.218398460725
3198,138,71745.218398460725,71758.552680248322
3198,140,71758.552680248322,71769.867680887532
3198,142,71769.867680887532,71778.901842611565
3199,141,29727.179466901234,29743.502742344306
3199,139,29743.502742344306,29758.318621060676
3199,137,29758.318621060676,29778.823960443588
3199,135,29778.823960443588,29793.419635346141
3199,133,29793.419635346141,29815.733493884938
3199,131,29815.733493884938,29837.367541669595
3199,129,29837.367541669595,29858.330209922435
3200,66,38491.939394088316,38499.913847817057
3201,81,58868.404816711729,58879.937928816857
3201,79,58879.937928816857,58890.476640260029
3201,77,58890.476640260029,58899.911927047644
3201,75,58899.911927047644,58908.758736761556
3201,73,58908.758736761556,58917.954486263727
3201,71,58917.954486263727,58926.606612841344
3201,69,58926.606612841344,58935.396537738328
3201,67,58935.396537738328,58943.537326097401
3201,65,58943.537326097401,58952.904436673882
3202,159,28358.42513807262,28378.703040903492
3202,128,28408.994055775587,28430.7421876517
3202,130,28430.7421876517,28447.314279264323
3202,132,28447.314279264323,28463.615932309782
3202,134,28463.615932309782,28479.414927639074
3202,136,28479.414927639074,28494.023289687619
3202,138,28494.023289687619,28506.995204261992
3202,140,28506.995204261992,28520.254888371364
3202,142,28520.254888371364,28535.002324302055
3204,152,67606.554434247664,67626.853590207829
3204,75,67707.522246678374,67727.076081467327
3204,73,67727.076081467327,67747.583373304413
3204,71,67747.583373304413,67768.3961731499
3204,69,67768.3961731499,67783.433363858741
3204,67,67783.433363858741,67803.462472986124
3204,65,67803.462472986124,67818.598669851548
3204,63,67818.598669851548,67836.908438937593
3205,130,61577.394763545737,61587.456655214846
3205,132,61587.456655214846,61596.874312403197
3205,134,61596.874312403197,61606.481815230007
3205,136,61606.481815230007,61615.771737495452
3205,138,61615.771737495452,61624.314060232042
3205,140,61624.314060232042,61633.224470104469
3206,68,30853.715264274357,30879.348867293367
3206,70,30879.348867293367,30903.988074431123
3206,72,30903.988074431123,30938.053295106602
3206,74,30938.053295106602,30956.429848468601
3206,76,30956.429848468601,30981.772772963137
3206,78,30981.772772963137,31002.233423069378
3206,80,31002.233423069378,31023.272007090851
3207,57,64259.427515612828,64274.650046642717
3207,56,64274.650046642717,64293.138308985988
3207,15,64339.419290165475,64353.345673843694
3207,13,64353.345673843694,64364.748765322322
3207,11,64364.748765322322,64380.646929948598
3207,9,64380.646929948598,64396.774287473789
3207,7,64396.774287473789,64410.770074906875
3207,5,64410.770074906875,64425.89820010995
3207,25,64438.955310221761,64453.096302853621
3209,62,56365.458326675667,56375.097750867375
3209,64,56375.097750867375,56385.757625468417
3209,66,56385.757625468417,56397.424565867317
3209,68,56397.424565867317,56407.206454837251
3209,70,56407.206454837251,56416.316910056434
3209,72,56416.316910056434,56426.170797627179
3211,130,73285.446184628585,73297.642193589127
3211,132,73297.642193589127,73309.849285962249
3211,134,73309.849285962249,73320.597130254522
3211,136,73320.597130254522,73330.169141993014
3211,138,73330.169141993014,73339.57439005372
3211,140,73339.57439005372,73351.651477653329
3211,142,73351.651477653329,73360.421762678307
3212,128,37108.039002181344,37117.856999827825
3212,130,37117.856999827825,37127.83079612469
3212,132,37127.83079612469,37137.453720428799
3212,134,37137.453720428799,37146.738227501271
3213,139,35909.442508828164,35920.427041840296
3213,137,35920.427041840296,35931.152525701851
3213,135,35931.152525701851,35941.022752408047
3213,133,35941.022752408047,35951.672518200379
3213,131,35951.672518200379,35963.856585132453
3213,129,35963.856585132453,35975.937454044099
3213,127,35975.937454044099,35987.145571389825
3214,36,68970.101536383198,68990.73033301493
3214,37,68990.73033301493,69008.058691703947
3214,38,69008.058691703947,69026.027875782325
3214,39,69026.027875782325,69049.569455116274
3214,40,69049.569455116274,69069.275523838092
3214,41,69069.275523838092,69093.078342368273
3215,69,28929.017058272359,28942.225509898712
3216,17,31183.01098593013,31208.619157588608
3216,15,31208.619157588608,31225.362795856843
3216,13,31225.362795856843,31242.908476905588
3216,11,31242.908476905588,31264.751276099862
3216,9,31264.751276099862,31284.028063947135
3216,7,31284.028063947135,31300.55889917925
3216,5,31300.55889917925,31315.928989474967
3216,25,31331.716276927717,31352.593623680539
3216,24,31352.593623680539,31368.234141456589
3217,112,68293.189333747825,68314.98630811958
3218,68,59380.664427306809,59392.342552542497
3218,70,59392.342552542497,59402.213499933445
3218,72,59402.213499933445,59412.618580282549
3218,74,59412.618580282549,59424.697772960964
3218,76,59424.697772960964,59435.616486551429
3218,78,59435.616486551429,59447.925104827271
3218,80,59447.925104827271,59456.885702208543
3218,82,59456.885702208543,59468.2565332964
3219,134,22434.502450276155,22443.219929901414
3219,136,22443.219929901414,22452.348872916504
3219,138,22452.348872916504,22461.597993160936
3220,70,25772.037453739209,25785.868608218709
3220,72,25785.868608218709,25798.077210734082
3221,120,77822.963237431846,77832.280031349277
3221,122,77832.280031349277,77843.164596209739
3221,124,77843.164596209739,77852.537093325169
3221,126,77852.537093325169,77860.97649969763
3221,128,77860.97649969763,77868.709527702274
3221,130,77868.709527702274,77877.368552908854
3221,132,77877.368552908854,77886.04295251795
3221,134,77886.04295251795,77895.019427674182
3221,136,77895.019427674182,77904.359934864144
3222,60,27693.424068575336,27711.360182920849
3222,62,27711.360182920849,27726.005972752253
3222,64,27726.005972752253,27741.244260966556
3222,66,27741.244260966556,27756.5737635199
3222,68,27756.5737635199,27770.677265459995
3222,70,27770.677265459995,27785.915389415572
3222,72,27785.915389415572,27801.262538694402
3222,74,27801.262538694402,27815.295672277731
3222,76,27815.295672277731,27833.20372293573
3222,78,27833.20372293573,27846.240537657901
3222,80,27846.240537657901,27860.450998499473
3222,82,27860.450998499473,27874.446069087244
3223,103,31787.319728150491,31806.355460571958
3223,136,31838.164576317566,31853.294516112539
3224,72,26895.209188005494,26911.98453985048
3224,74,26911.98453985048,26930.146830699567
3224,16,26986.175522360016,26996.42659463685
3224,18,26996.42659463685,27015.540103018961
3225,6,66389.236672501414,66406.825397582565
3225,8,66406.825397582565,66427.599292573577
3225,10,66427.599292573577,66439.346703516348
3225,12,66439.346703516348,66451.848099705865
3225,14,66451.848099705865,66467.041485773778
3226,143,71732.229162737625,71744.698361615083
3226,141,71744.698361615083,71759.352491062746
3226,139,71759.352491062746,71771.280248725569
3226,137,71771.280248725569,71785.171251995198
3226,135,71785.171251995198,71799.195000870735
3226,133,71799.195000870735,71812.403375790251
3226,131,71812.403375790251,71826.324980364749
3226,129,71826.324980364749,71840.953420356396
3226,127,71840.953420356396,71854.627801152819
3226,125,71854.627801152819,71868.635566589204
3227,137,49187.220458510361,49198.042744559913
3227,75,49236.419266452656,49244.534102057878
3227,73,49244.534102057878,49253.327721495312
3227,71,49253.327721495312,49263.920589068141
3227,69,49263.920589068141,49276.807623281828
3227,27,49307.789752200726,49320.392568647789
3228,135,38229.387483457758,38239.366740002297
3228,133,38239.366740002297,38248.993947953495
3228,131,38248.993947953495,38258.561157753313
3228,129,38258.561157753313,38269.106756190726
3231,79,73386.385612926184,73399.406457916964
3231,77,73399.406457916964,73411.27401094939
3231,135,73463.360231058716,73476.568388151005
3231,133,73476.568388151005,73490.600355670569
3231,131,73490.600355670569,73504.07013071049
3233,120,38692.497916936707,38700.707454015406
3233,122,38700.707454015406,38708.345457582291
3233,124,38708.345457582291,38717.374986382725
3233,126,38717.374986382725,38725.360659325903
3233,128,38725.360659325903,38733.573432086559
3233,130,38733.573432086559,38741.2772636683
3233,132,38741.2772636683,38748.301864405024
3233,134,38748.301864405024,38755.828450673907
3234,47,32411.925237687006,32431.337115450227
3234,83,32460.220367334947,32479.661832119564
3234,81,32479.661832119564,32498.610086708031
3234,79,32498.610086708031,32512.123605550714
3234,77,32512.123605550714,32525.197552847716
3234,75,32525.197552847716,32542.939513203131
3234,73,32542.939513203131,32563.306451150529
3234,71,32563.306451150529,32580.73699703471
3234,69,32580.73699703471,32594.565133534172
3234,67,32594.565133534172,32612.963361810143
3234,65,32612.963361810143,32632.025801711876
3235,143,65191.528776086554,65210.945971608977
3235,141,65210.945971608977,65224.406943619862
3235,139,65224.406943619862,65238.456212694677
3235,137,65238.456212694677,65254.554228932517
3236,64,35603.397420758505,35615.118747267174
3236,66,35615.118747267174,35624.588313931243
3238,156,34100.56900662501,34118.938467968277
3239,135,27930.059543191583,27943.902071257871
3239,133,27943.902071257871,27964.308278809174
3239,131,27964.308278809174,27981.682740533433
3239,129,27981.682740533433,27998.153874470925
3239,7,28134.494395206006,28148.502613434579
3240,50,65112.43210653041,65131.28538825491
3240,64,65154.925337100161,65175.930855824838
3240,66,65175.930855824838,65192.709282998672
3241,64,26791.079356391543,26802.838098990946
3241,66,26802.838098990946,26812.688585826243
3241,128,26860.159446073005,26870.872303089884
3241,130,26870.872303089884,26879.989029241184
3241,132,26879.989029241184,26890.497693975663
3243,141,42930.775115264878,42941.211958162268
3243,139,42941.211958162268,42949.293915540184
3243,137,42949.293915540184,42958.372705469774
3243,135,42958.372705469774,42967.459205616477
3243,133,42967.459205616477,42977.455609111821
3243,131,42977.455609111821,42987.35335957849
3243,129,42987.35335957849,42996.54096343337
3244,143,64460.80365095906,64477.318785964693
3244,141,64477.318785964693,64492.039552492344
3244,139,64492.039552492344,64512.842654635271
3244,137,64512.842654635271,64529.327494365665
3244,135,64529.327494365665,64545.229491697333
3244,133,64545.229491697333,64565.341800403585
3244,131,64565.341800403585,64583.884100970536
3244,129,64583.884100970536,64600.735683361781
3244,111,64615.282625589425,64638.38107392627
3246,135,58737.129500811978,58747.809812463056
3247,143,73351.001397133979,73366.487925105102
3247,141,73366.487925105102,73378.603076392566
3247,139,73378.603076392566,73391.587661199839
3247,137,73391.587661199839,73405.413959215701
3247,135,73405.413959215701,73419.727363267608
3247,133,73419.727363267608,73434.090801301645
3247,131,73434.090801301645,73447.724631931458
3247,129,73447.724631931458,73464.18133859981
3248,68,64626.568664709725,64642.762856683221
3248,70,64642.762856683221,64660.542812198597
3248,72,64660.542812198597,64680.791336635972
3248,74,64680.791336635972,64692.762828637613
3248,76,64692.762828637613,64706.637797366056
3248,78,64706.637797366056,64721.194246143961
3249,143,55422.390516738604,55431.315545793077
3249,141,55431.315545793077,55440.24057484755
3249,139,55440.24057484755,55449.140483546813
3249,137,55449.140483546813,55457.606839129883
3249,135,55457.606839129883,55467.170612337788
3249,133,55467.170612337788,55476.961432448166
3249,131,55476.961432448166,55486.688186985055
3249,129,55486.688186985055,55496.238002646794
3250,33,28217.517496441182,28236.774951844098
3250,32,28236.774951844098,28258.340939870792
3250,135,28378.165987530694,28394.4677809202
3250,133,28394.4677809202,28414.982565669579
3250,131,28414.982565669579,28433.654633554506
3250,129,28433.654633554506,28451.7943101003
3250,127,28451.7943101003,28465.70409055868
3250,125,28465.70409055868,28481.087991910968
3251,127,23791.679826344083,23801.394196745943
3251,125,23801.394196745943,23811.176580628955
3251,123,23811.176580628955,23821.05167862459
3252,122,71606.215982819704,71619.742057012714
3252,124,71619.742057012714,71632.304807409848
3252,126,71632.304807409848,71644.70281412435
3254,136,70026.582075356782,70038.340529380948
3254,138,70038.340529380948,70049.183619237927
3254,140,70049.183619237927,70062.555619765772
3254,142,70062.555619765772,70074.011898365905
3255,68,61028.599466866843,61042.818844194233
3255,70,61042.818844194233,61054.655838350562
3255,72,61054.655838350562,61069.616840524228
3255,74,61069.616840524228,61080.927538055694
3255,76,61080.927538055694,61091.62219127635
3255,78,61091.62219127635,61103.307200908923
3255,80,61103.307200908923,61115.829296253993
3255,82,61115.829296253993,61128.812729778256
3256,23,55758.189630402871,55768.188723938758
3256,21,55768.188723938758,55776.88328204659
3256,19,55776.88328204659,55785.001086333214
3256,17,55785.001086333214,55793.556300122866
3256,15,55793.556300122866,55802.449424034392
3256,13,55802.449424034392,55812.358853992278
3257,141,76723.511402934702,76733.409058172445
3257,139,76733.409058172445,76742.570212841674
3257,137,76742.570212841674,76751.647091575869
3257,135,76751.647091575869,76760.620235837181
3257,133,76760.620235837181,76769.973935077694
3257,131,76769.973935077694,76778.48818487805
3257,129,76778.48818487805,76786.673901672693
3257,7,76856.055218806127,76865.33303264431
3257,5,76865.33303264431,76875.113660724848
3259,91,78192.886327357322,78201.371933348768
3259,73,78209.857539340228,78218.12279065742
3259,71,78218.12279065742,78227.114266640579
3259,69,78227.114266640579,78236.483480152951
3259,67,78236.483480152951,78245.96466428235
3259,65,78245.96466428235,78254.576687602166
3259,63,78254.576687602166,78264.093174108435
3260,135,58229.061448722328,58241.396128968408
3260,133,58241.396128968408,58253.857576200324
3260,131,58253.857576200324,58263.414597936331
3260,129,58263.414597936331,58274.287770944742
3261,133,21955.615440414073,21965.24464301168
3261,131,21965.24464301168,21974.337820197863
3262,120,68106.806488132948,68125.12039623491
3262,122,68125.12039623491,68142.050851118955
3262,124,68142.050851118955,68156.834798835087
3262,126,68156.834798835087,68174.542996221935
3262,128,68174.542996221935,68195.467173130528
3265,136,76296.471906899518,76308.021362040643
3266,81,21834.322568012427,21843.673374513488
3266,79,21843.673374513488,21852.855989698084
3266,77,21852.855989698084,21862.576097939498
3266,75,21862.576097939498,21871.962716066413
3266,73,21871.962716066413,21881.043512409917
3266,71,21881.043512409917,21890.670352851957
3266,69,21890.670352851957,21900.288694030824
3266,27,21926.717046631515,21941.166752839235
3266,26,21941.166752839235,21955.997239821139
3267,64,63874.64996526952,63891.11088968048
3267,66,63891.11088968048,63901.14709481442
3267,68,63901.14709481442,63918.337339780614
3267,70,63918.337339780614,63932.676418083305
3267,72,63932.676418083305,63946.784194976928
3267,74,63946.784194976928,63962.198288785039
3267,76,63962.198288785039,63975.625230833772
3267,78,63975.625230833772,63990.022108732424
3267,80,63990.022108732424,64003.22957932658
3268,128,30975.429515974032,30992.238255612931
3268,130,30992.238255612931,31004.391298465496
3269,62,39203.526574215648,39212.592011005967
3269,64,39212.592011005967,39221.143021570038
3269,66,39221.143021570038,39230.045147031284
3269,68,39230.045147031284,39238.493710554016
3269,70,39238.493710554016,39246.742302699298
3269,72,39246.742302699298,39254.655205164185
3269,74,39254.655205164185,39264.017245800263
3269,76,39264.017245800263,39273.770858219053
3269,78,39273.770858219053,39283.993882715971
3270,17,52022.90276764716,52031.701692226437
3270,75,52070.370511008645,52080.038208358383
3270,73,52080.038208358383,52090.238211642049
3270,71,52090.238211642049,52100.244718277449
3270,69,52100.244718277449,52109.526084489095
3270,111,52137.57699493281,52152.858648238544
3271,8,66846.310091140374,66871.966092955088
3271,10,66871.966092955088,66885.910046237332
3273,12,62795.015456302463,62808.320492187166
3273,14,62808.320492187166,62821.394558894754
3274,148,49023.677341462972,49039.325870761881
3275,75,61493.836416485778,61505.119924904669
3275,73,61505.119924904669,61517.547109176987
3275,71,61517.547109176987,61529.849534090929
3275,69,61529.849534090929,61542.169096922633
3276,68,52740.715954913059,52749.762607904056
3276,70,52749.762607904056,52759.651333757414
3276,72,52759.651333757414,52768.762187802837
3276,74,52768.762187802837,52777.462451387029
3277,135,29523.570815216295,29538.620640884405
3277,133,29538.620640884405,29553.84867641448
3277,131,29553.84867641448,29571.118402790737
3278,60,75929.041487487833,75939.048667046474
3279,135,70354.98036076923,70366.846657725313
3279,133,70366.846657725313,70380.445441926495
3280,79,24809.855496665117,24819.527124089203
3280,77,24819.527124089203,24828.541878021188
3280,135,24872.777825703935,24882.404660565109
3280,133,24882.404660565109,24892.005812272921
3280,131,24892.005812272921,24904.46447775414
3280,129,24904.46447775414,24914.14161307289
3281,130,60531.423882735144,60542.058866671134
3281,132,60542.058866671134,60554.707106370588
3281,134,60554.707106370588,60567.580811861008
3281,136,60567.580811861008,60582.215105962743
3281,138,60582.215105962743,60592.772676080065
3282,67,45346.257095034896,45356.442108602554
3282,65,45356.442108602554,45366.002161941338
3282,63,45366.002161941338,45375.066502229005
3282,61,45375.066502229005,45385.828835153188
3283,126,58471.577821877574,58482.305822716604
3284,112,37325.124461009473,37333.505165556562
3284,7,37397.59654193186,37406.051426185353
3285,25,25565.072136771309,25581.674306981029
3285,24,25581.674306981029,25596.183809322294
3286,81,72076.985130048473,72091.868191911009
3286,79,72091.868191911009,72101.744319330217
3286,77,72101.744319330217,72116.118902217815
3286,75,72116.118902217815,72128.48852952951
3286,73,72128.48852952951,72139.995011978564
3286,71,72139.995011978564,72152.124353261825
3286,69,72152.124353261825,72163.495644870694
3286,67,72163.495644870694,72175.890015380734
3286,65,72175.890015380734,72188.548830939108
3286,63,72188.548830939108,72201.060580912264
3287,136,67369.732844070881,67383.725869015179
3287,138,67383.725869015179,67397.771838761328
3287,140,67397.771838761328,67415.186655366371
3288,80,41361.080780722019,41371.839872923716
3288,82,41371.839872923716,41382.026461249443
3289,136,59775.87936846917,59785.313718908015
3289,138,59785.313718908015,59796.4074305225
3289,140,59796.4074305225,59808.46460026034
3289,142,59808.46460026034,59818.640330858318
3290,136,28435.216627241476,28447.803493425268
3290,138,28447.803493425268,28461.755265043994
3290,140,28461.755265043994,28479.412222903688
3290,142,28479.412222903688,28495.967552392078
3291,126,59445.119705425292,59456.225161821807
3291,128,59456.225161821807,59467.285657731416
3291,130,59467.285657731416,59478.192086881449
3291,132,59478.192086881449,59487.77280034063
3291,134,59487.77280034063,59496.64771350153
3291,136,59496.64771350153,59507.356120077362
3291,138,59507.356120077362,59518.533475254721
3291,140,59518.533475254721,59528.093358425671
3291,142,59528.093358425671,59537.639150888514
3292,77,33014.416268346744,33028.742813750476
3292,75,33028.742813750476,33045.552168080962
3292,73,33045.552168080962,33062.710323573971
3292,71,33062.710323573971,33079.575761989188
3292,69,33079.575761989188,33094.957658215746
3292,67,33094.957658215746,33114.101939153188
3292,65,33114.101939153188,33128.613382986921
3292,63,33128.613382986921,33145.122270115244
3292,61,33145.122270115244,33161.200925229321
3293,124,29165.835688986161,29178.468934718923
3293,126,29178.468934718923,29193.095130219965
3293,128,29193.095130219965,29208.164264622537
3293,130,29208.164264622537,29220.140121347442
3293,132,29220.140121347442,29234.872847634757
3293,134,29234.872847634757,29249.799630074827
3293,136,29249.799630074827,29264.147765157144
3293,138,29264.147765157144,29278.312962790144
3294,122,73445.521785575198,73455.13921361143
3294,124,73455.13921361143,73464.767907445173
3294,126,73464.767907445173,73474.33635067982
3294,128,73474.33635067982,73484.199922886997
3294,130,73484.199922886997,73495.962492948602
3294,132,73495.962492948602,73505.84019332919
3294,134,73505.84019332919,73515.283700433283
3295,9,63523.2821573978,63536.815944740265
3295,127,63646.652285978365,63662.027827170372
3295,125,63662.027827170372,63674.188792325724
3296,120,32371.009834216533,32385.927688018921
3296,122,32385.927688018921,32399.607899244682
3296,124,32399.607899244682,32415.185672359894
3296,126,32415.185672359894,32431.302891436793
3296,128,32431.302891436793,32447.64063682537
3296,130,32447.64063682537,32461.716206297762
3296,132,32461.716206297762,32477.55590606761
3296,134,32477.55590606761,32495.075590207776
3296,136,32495.075590207776,32507.006780643271
3296,138,32507.006780643271,32520.348338308097
3296,140,32520.348338308097,32532.788118766115
3296,142,32532.788118766115,32547.162849780721
3297,7,29555.417944439971,29572.622791482976
3297,5,29572.622791482976,29589.269203508178
3297,3,29589.269203508178,29607.265512163445
3298,128,58348.442183219246,58357.998348419744
3298,130,58357.998348419744,58369.382220166386
3298,132,58369.382220166386,58381.344832304188
3299,80,29698.473751965579,29711.591009928419
3299,82,29711.591009928419,29726.969151766894
3300,68,62097.279833878849,62113.411633473952
3301,146,29928.286928813955,29951.094649691837
3302,143,74036.128184544112,74046.46224188761
3302,141,74046.46224188761,74057.040488804472
3302,139,74057.040488804472,74068.127272364771
3302,137,74068.127272364771,74079.333208446755
3302,135,74079.333208446755,74090.555038144608
3302,133,74090.555038144608,74101.725395542351
3302,131,74101.725395542351,74112.918838913261
3302,129,74112.918838913261,74124.250293264777
3304,88,64384.046824353602,64402.898430052948
3305,92,62904.327459029664,62922.015132304499
3305,135,62957.453016853542,62970.177619161601
3305,133,62970.177619161601,62983.515980720629
3305,131,62983.515980720629,62998.559726411331
3305,129,62998.559726411331,63012.102591645984
3306,127,32428.294279794332,32445.863416345244
3306,125,32445.863416345244,32461.122870180745
3306,123,32461.122870180745,32473.74380574371
3306,121,32473.74380574371,32493.03933790894
3307,32,68313.847381192172,68339.584249486419
3307,135,68458.020158780215,68476.468286948992
3307,133,68476.468286948992,68492.461019921102
3310,141,68518.762521300581,68534.860403656319
3310,139,68534.860403656319,68549.665909917632
3310,137,68549.665909917632,68565.087447239566
3310,135,68565.087447239566,68575.930795554246
3310,133,68575.930795554246,68597.873710426327
3310,131,68597.873710426327,68618.030825775248
3310,129,68618.030825775248,68634.066228341326
3310,127,68634.066228341326,68650.23175111071
3311,83,67338.46858725659,67357.076583456175
3311,81,67357.076583456175,67375.236929074425
3311,79,67375.236929074425,67390.036401764286
3311,77,67390.036401764286,67406.711950861107
3311,15,67474.345051818265,67491.951359352563
3311,13,67491.951359352563,67507.08694958697
3311,11,67507.08694958697,67524.645855868323
3311,9,67524.645855868323,67541.127390989932
3311,7,67541.127390989932,67553.073318119496
3312,120,70703.14903084992,70718.65367370093
3312,122,70718.65367370093,70733.212324409164
3312,124,70733.212324409164,70745.479829124088
3312,126,70745.479829124088,70757.493044781309
3312,128,70757.493044781309,70771.186877051427
3312,130,70771.186877051427,70782.429946602002
3312,132,70782.429946602002,70795.097578357163
3312,134,70795.097578357163,70809.793766695249
3312,136,70809.793766695249,70822.413166567771
3312,138,70822.413166567771,70833.37931756163
3312,140,70833.37931756163,70845.712623298547
3312,142,70845.712623298547,70856.643525237756
3313,117,57838.156070250159,57854.196831833928
3313,116,57854.196831833928,57871.728556114729
3313,75,57901.060939051742,57913.762760702877
3313,73,57913.762760702877,57924.271483695557
3313,71,57924.271483695557,57933.224363549001
3314,132,73011.794993898569,73028.28315367832
3314,134,73028.28315367832,73042.707107992945
3314,136,73042.707107992945,73055.096510798045
3314,138,73055.096510798045,73067.670551855088
3314,140,73067.670551855088,73081.506914801896
3314,142,73081.506914801896,73094.965866957704
3316,2,39874.81148112248,39884.109175656798
3316,4,39884.109175656798,39893.899661444353
3316,6,39893.899661444353,39903.837175967747
3316,8,39903.837175967747,39912.668008860128
3316,10,39912.668008860128,39921.339312778822
3316,12,39921.339312778822,39931.060074224857
3316,14,39931.060074224857,39940.791512711396
3316,16,39940.791512711396,39950.602195509207
3318,128,67597.93825525888,67618.71684688027
3320,17,39745.362790769381,39756.151040231161
3320,15,39756.151040231161,39765.835227894146
3320,13,39765.835227894146,39775.777165526226
3320,11,39775.777165526226,39786.743909473422
3320,9,39786.743909473422,39797.282344043728
3320,7,39797.282344043728,39805.935806728849
3320,5,39805.935806728849,39815.576884123453
3320,3,39815.576884123453,39825.047905220752
3320,1,39825.047905220752,39834.044929908428
3321,60,76092.199387913337,76100.878167742878
3321,62,76100.878167742878,76109.472462037025
3321,64,76109.472462037025,76118.521984910098
3321,66,76118.521984910098,76127.050374451253
3321,87,76135.952960616414,76148.409487652752
3322,140,30206.143557115196,30222.735323099256
3322,142,30222.735323099256,30235.111497626374
3323,124,71820.011073010231,71830.296525561571
3323,126,71830.296525561571,71840.173927315962
3323,128,71840.173927315962,71850.968100096099
3323,130,71850.968100096099,71861.733758602364
3323,132,71861.733758602364,71873.554024011522
3323,134,71873.554024011522,71884.309568492536
3323,136,71884.309568492536,71893.787951337537
3323,138,71893.787951337537,71904.395150144337
3323,140,71904.395150144337,71915.378280343386
3324,138,43839.971079065144,43850.53117368705
3324,140,43850.53117368705,43859.275692889489
3324,142,43859.275692889489,43867.908924304982
3325,64,54177.048059403904,54186.173124672969
3325,66,54186.173124672969,54193.993016348555
3327,0,62062.109049599276,62072.677434294063
3327,2,62072.677434294063,62081.685615011651
3327,4,62081.685615011651,62089.919647028037
3327,6,62089.919647028037,62099.597320349363
3327,8,62099.597320349363,62109.506893587517
3328,130,70515.801898247271,70527.737023099035
3328,132,70527.737023099035,70540.023482463905
3328,134,70540.023482463905,70553.217823795858
3328,136,70553.217823795858,70564.684133144357
3328,138,70564.684133144357,70578.818539781831
3329,82,74009.771584238129,74021.307578278822
3332,39,66734.260629709199,66764.177000387805
3332,8,66807.899534392549,66829.307897472798
3332,10,66829.307897472798,66843.798143223205
3332,12,66843.798143223205,66857.19720956769
3332,14,66857.19720956769,66875.178544481649
3332,16,66875.178544481649,66892.575931835134
3332,18,66892.575931835134,66908.710167676618
3333,83,35357.839194007793,35368.552239790064
3333,81,35368.552239790064,35379.135802208875
3333,79,35379.135802208875,35388.132089528081
3333,77,35388.132089528081,35399.060437927365
3333,75,35399.060437927365,35410.423860261872
3333,73,35410.423860261872,35421.686181486446
3336,117,68608.319472042349,68625.298589264974
3336,116,68625.298589264974,68640.921164881802
3336,115,68640.921164881802,68658.172213433587
3336,114,68658.172213433587,68675.909634308555
3336,113,68675.909634308555,68695.325351980748
3336,112,68695.325351980748,68713.698904864534
3337,32,31614.162883977398,31631.701353762965
3338,40,71020.664541115722,71040.522827888009
3339,80,64863.264926241485,64877.19340568217
3339,82,64877.19340568217,64892.846862823761
3341,76,32471.335316027475,32491.786437494291
3341,78,32491.786437494291,32509.114450022047
3342,132,24535.863442791124,24548.60042971835
3342,134,24548.60042971835,24561.097466291252
3342,76,24613.537009786203,24627.660327455465
3343,100,31291.189862561972,31308.592250093687
3345,153,66344.688402546235,66367.791596096853
3345,152,66367.791596096853,66387.196703791604
3345,151,66387.196703791604,66403.700956114015
3345,150,66403.700956114015,66424.427712696241
3345,149,66424.427712696241,66448.082436063545
3345,148,66448.082436063545,66472.064395262452
3346,121,46006.578762338395,46016.539862394471
3346,60,46052.188117519538,46061.47509977196
3346,62,46061.47509977196,46070.565702446263
3347,143,34044.46734191828,34058.892629965158
3347,141,34058.892629965158,34076.697296617349
3347,139,34076.697296617349,34088.574899928244
3347,137,34088.574899928244,34102.959560030904
3348,42,36071.732239636607,36092.282025983797
3348,43,36092.282025983797,36108.797481434354
3348,44,36108.797481434354,36126.22004386042
3348,45,36126.22004386042,36141.948223930587
3349,119,27398.32557540444,27409.84198244445
3351,83,68130.478064487674,68147.485767748483
3351,81,68147.485767748483,68164.502854374688
3351,79,68164.502854374688,68180.660231931412
3351,77,68180.660231931412,68191.555267449919
3351,15,68264.279886847638,68286.986038483839
3351,13,68286.986038483839,68303.961752675663
3351,11,68303.961752675663,68321.553441036565
3351,9,68321.553441036565,68342.100678235205
3351,7,68342.100678235205,68356.083247232847
3351,5,68356.083247232847,68373.802565496197
3352,75,69839.432335643156,69852.917702002946
3352,73,69852.917702002946,69866.217458286235
3352,71,69866.217458286235,69882.918514294608
3352,69,69882.918514294608,69894.44922028904
3353,64,26820.039096823955,26834.987683577972
3353,66,26834.987683577972,26848.056240266433
3353,68,26848.056240266433,26860.27075494864
3353,70,26860.27075494864,26874.528203150207
3353,72,26874.528203150207,26888.951323573783
3353,74,26888.951323573783,26903.286971560581
3353,76,26903.286971560581,26917.398267782031
3353,78,26917.398267782031,26928.911892075608
3354,122,66574.215341005329,66588.347169845511
3354,124,66588.347169845511,66602.360909788244
3354,126,66602.360909788244,66616.372396584164
3354,128,66616.372396584164,66636.001621503514
3354,130,66636.001621503514,66650.163225994067
3354,132,66650.163225994067,66667.399151111167
3355,2,77735.948279865624,77745.55854780192
3355,4,77745.55854780192,77757.734888984836
3355,6,77757.734888984836,77768.21888353127
3356,129,66835.31680629107,66853.20452620837
3356,51,66942.823925469682,66958.126203257983
3357,102,59042.835377610339,59059.141999105843
3357,103,59059.141999105843,59071.407090958346
3358,15,31637.292688516405,31653.385778975629
3359,74,66081.15441818742,66098.798787504507
3359,76,66098.798787504507,66119.853158522776
3359,78,66119.853158522776,66137.511147820216
3359,80,66137.511147820216,66152.926887668364
3360,126,39308.966058457867,39318.193356783857
3360,40,39376.164622803204,39391.791922267359
3361,76,37278.127332150885,37288.019946197404
3362,117,63348.621257183084,63365.813605034229
3362,116,63365.813605034229,63386.064984255558
3362,91,63414.798752225128,63436.261081911478
3362,90,63436.261081911478,63457.773390762435
3363,128,62671.574217481502,62682.243616566768
3363,130,62682.243616566768,62692.743838786686
3363,132,62692.743838786686,62705.978967742289
3363,134,62705.978967742289,62718.25875641204
3363,136,62718.25875641204,62730.069974118924
3363,138,62730.069974118924,62742.842052988759
3364,136,65396.388566459791,65411.533150764255
3364,138,65411.533150764255,65425.46969053131
3364,140,65425.46969053131,65444.015568423463
3365,120,78952.62153993969,78964.161692049092
3365,122,78964.161692049092,78974.37943722913
3365,124,78974.37943722913,78984.434584818882
3366,143,64476.208860941544,64492.365918508825
3366,141,64492.365918508825,64507.18338121281
3366,139,64507.18338121281,64519.086734307071
3366,137,64519.086734307071,64534.894492959771
3366,135,64534.894492959771,64547.300040232636
3367,143,62317.935828719004,62333.359265991341
3367,141,62333.359265991341,62347.272307181171
3367,139,62347.272307181171,62359.887198959135
3369,4,53018.388411383399,53027.551145066478
3369,6,53027.551145066478,53036.466482278694
3369,8,53036.466482278694,53044.460401267643
3369,10,53044.460401267643,53052.519218899812
3369,12,53052.519218899812,53060.851869422055
3369,14,53060.851869422055,53068.851948011004
3370,139,55686.545481496454,55695.674346124615
3370,137,55695.674346124615,55704.803679225297
3370,135,55704.803679225297,55713.952236389297
3370,133,55713.952236389297,55724.569459841208
3371,27,65234.974698460785,65257.282717439877
3371,26,65257.282717439877,65280.39057629025
3372,0,65436.617903746301,65449.778167896591
3372,2,65449.778167896591,65464.447997007468
3373,6,66347.36503166474,66363.745668145624
3374,64,68350.201604231188,68367.550165433961
3374,66,68367.550165433961,68382.235866644507
3374,68,68382.235866644507,68399.136744705771
3374,70,68399.136744705771,68414.503266205691
3374,72,68414.503266205691,68430.937581964041
3374,74,68430.937581964041,68447.342839233941
3374,76,68447.342839233941,68463.951776244387
3374,78,68463.951776244387,68478.761622120073
3375,126,31273.514043561012,31290.192089181044
3375,100,31320.428844864455,31340.998955722131
3375,101,31340.998955722131,31358.702611781569
3375,102,31358.702611781569,31377.475663159064
3375,103,31377.475663159064,31394.754243025927
3375,76,31431.56425791276,31452.34677163764
3376,10,30306.144296720344,30319.591961444406
3376,12,30319.591961444406,30336.393041156782
3376,14,30336.393041156782,30352.581910104593
3376,136,30490.523210078172,30504.04212448723
3376,138,30504.04212448723,30515.898008718083
3377,141,30054.824489578747,30076.698524833831
3377,139,30076.698524833831,30091.888366169656
3377,137,30091.888366169656,30118.315154653817
3378,66,34272.348013113442,34283.923806418672
3379,127,38016.949501830561,38023.935189059899
3379,125,38023.935189059899,38030.772537739198
3379,123,38030.772537739198,38037.691483901661
3379,121,38037.691483901661,38044.93239306016
3380,101,71099.365109026083,71121.958231094075
3380,102,71121.958231094075,71141.509395617089
3380,103,71141.509395617089,71159.966132285379
3381,100,47241.544902003043,47254.126351793413
3383,74,25272.113470534499,25282.742539666444
3383,76,25282.742539666444,25293.566534052097
3383,78,25293.566534052097,25304.44792488181
3383,80,25304.44792488181,25314.080252074633
3383,82,25314.080252074633,25322.63708864963
3384,131,37877.168186825103,37887.430461995944
3384,129,37887.430461995944,37895.825039625561
3385,67,66845.845763981881,66864.937801076914
3385,65,66864.937801076914,66880.915145946274
3385,63,66880.915145946274,66898.010762389706
3385,61,66898.010762389706,66916.437347469531
3386,76,58790.36713238321,58800.3297200487
3387,75,52446.09059323687,52454.987850742611
3387,73,52454.987850742611,52465.05891994221
3387,71,52465.05891994221,52476.197965431391
3387,69,52476.197965431391,52484.334338259461
3388,81,26746.267656870477,26760.375106386189
3388,79,26760.375106386189,26775.862432116912
3388,77,26775.862432116912,26790.974856608809
3388,75,26790.974856608809,26805.998141244632
3388,73,26805.998141244632,26819.582550238749
3388,71,26819.582550238749,26836.278672188579
3388,69,26836.278672188579,26850.460410947388
3389,128,52802.532545786489,52811.46347586481
3389,130,52811.46347586481,52821.033004713041
3390,83,28788.102334888034,28804.44574986121
3390,81,28804.44574986121,28823.397236133544
3390,79,28823.397236133544,28840.095669991049
3390,77,28840.095669991049,28856.215417207361
3391,129,27462.639565796795,27476.359176389768
3392,60,59299.232339358219,59309.828988240668
3392,62,59309.828988240668,59320.15507062395
3392,64,59320.15507062395,59332.088150451731
3392,66,59332.088150451731,59342.321168996634
3392,68,59342.321168996634,59353.861461031462
3392,70,59353.861461031462,59363.326182054683
3392,72,59363.326182054683,59372.732695052691
3392,74,59372.732695052691,59382.328421112848
3393,136,31329.309668590507,31343.24412681496
3393,138,31343.24412681496,31359.286288117193
3394,124,31998.41153105022,32015.388264621313
3395,120,33978.041591264679,33993.413704632483
3395,122,33993.413704632483,34004.539646015415
3395,124,34004.539646015415,34019.050425858397
3395,126,34019.050425858397,34034.664128388649
3395,128,34034.664128388649,34051.508480050172
3395,130,34051.508480050172,34065.570670109286
3395,132,34065.570670109286,34080.574273190956
3395,134,34080.574273190956,34094.80462643475
3395,136,34094.80462643475,34108.62521679153
3395,138,34108.62521679153,34122.419876918822
3396,135,69145.399621605364,69160.221867568558
3396,133,69160.221867568558,69181.00126849697
3396,131,69181.00126849697,69200.727122766155
3396,129,69200.727122766155,69216.432697911558
3397,14,28459.216036894722,28474.900873582199
3398,100,61072.107472305266,61088.774179945751
3398,101,61088.774179945751,61104.783111680023
3398,102,61104.783111680023,61120.277614049213
3398,103,61120.277614049213,61134.66480585609
3398,104,61134.66480585609,61150.336295219524
3399,67,28695.862677806603,28711.542448297983
3399,65,28711.542448297983,28725.954450747184
3399,63,28725.954450747184,28742.81993139529
3400,60,39762.46249302684,39773.442860337891
3400,62,39773.442860337891,39782.591573675905
3400,64,39782.591573675905,39792.997016756788
3400,66,39792.997016756788,39802.708784490467
3400,68,39802.708784490467,39812.236339768533
3400,70,39812.236339768533,39821.603390584285
3400,72,39821.603390584285,39831.875724605059
3400,74,39831.875724605059,39844.089610319767
3401,15,31180.799607012581,31198.157923412586
3401,13,31198.157923412586,31218.926442411099
3401,11,31218.926442411099,31240.798848369555
3401,9,31240.798848369555,31261.076013695252
3401,7,31261.076013695252,31277.911043200864
3401,5,31277.911043200864,31295.72343318033
3402,126,30807.124311183336,30821.268673695136
3402,100,30854.994547824128,30871.278522091292
3402,101,30871.278522091292,30889.434883643789
3402,102,30889.434883643789,30910.517393020455
3402,103,30910.517393020455,30929.699959194608
3402,76,30969.525613820901,30987.240162211052
3403,126,68514.493852584943,68529.062867924586
3405,67,49415.521958317157,49425.462308912167
3405,65,49425.462308912167,49440.205962138789
3406,88,59501.223677135007,59516.64495444885
3407,122,78656.959875452259,78667.330037378662
3407,124,78667.330037378662,78675.806319049545
3407,126,78675.806319049545,78684.787538529519
3407,128,78684.787538529519,78695.396331826254
3407,130,78695.396331826254,78705.806974623818
3407,132,78705.806974623818,78714.42459620547
3407,134,78714.42459620547,78722.732853687223
3408,128,39354.426407036117,39363.581800021289
3408,130,39363.581800021289,39374.412309941872
3409,70,31481.155486269687,31503.618936090515
3409,72,31503.618936090515,31517.429723911482
3409,74,31517.429723911482,31531.021089712973
3409,76,31531.021089712973,31546.616692707939
3409,78,31546.616692707939,31562.265528788128
3409,80,31562.265528788128,31575.51524683752
3409,82,31575.51524683752,31588.637679507152
3411,15,22607.944285129368,22615.914626133876
3411,13,22615.914626133876,22623.563156549066
3411,11,22623.563156549066,22630.787833043854
3411,9,22630.787833043854,22638.292631841879
3412,4,32452.105608264948,32469.585720547781
3412,6,32469.585720547781,32486.709211219077
3412,8,32486.709211219077,32504.892641153609
3412,10,32504.892641153609,32517.922938222677
3412,12,32517.922938222677,32532.354745874807
3412,14,32532.354745874807,32546.859297467799
3412,76,32601.131717626497,32614.306920484203
3412,78,32614.306920484203,32627.552952975577
3412,80,32627.552952975577,32639.415456450984
3413,66,48015.41254089243,48024.945549516109
3414,122,35334.786749646875,35345.437149574798
3414,124,35345.437149574798,35358.783524170867
3415,2,63868.610183983692,63884.527306586577
3415,4,63884.527306586577,63900.53427997671
3415,6,63900.53427997671,63916.541253366842
3416,120,67769.539495767138,67785.189976934023
3416,122,67785.189976934023,67800.791688268509
3416,124,67800.791688268509,67815.164458630126
3416,126,67815.164458630126,67832.44753032997
3416,128,67832.44753032997,67854.359015845184
3417,79,64541.443741307652,64554.892882931497
3417,77,64554.892882931497,64570.131452165828
3417,135,64642.555103415354,64659.532235006533
3417,133,64659.532235006533,64680.102679440337
3417,131,64680.102679440337,64702.863605447354
3417,129,64702.863605447354,64724.123253289843
3417,127,64724.123253289843,64742.439895043673
3417,125,64742.439895043673,64757.615060069271
3418,10,68015.751848956308,68032.50271284199
3419,40,64645.030518398074,64664.193772695056
3419,41,64664.193772695056,64688.408578767849
3420,75,25388.629467646075,25400.677707352963
3420,73,25400.677707352963,25413.003146911997
3420,71,25413.003146911997,25424.903871275499
3420,69,25424.903871275499,25434.572634330754
3420,67,25434.572634330754,25444.241397386009
3420,65,25444.241397386009,25454.203484447542
3420,63,25454.203484447542,25465.312490359946
3422,135,62702.269311343938,62713.407611500865
3422,133,62713.407611500865,62730.052629519254
3422,131,62730.052629519254,62743.568771867445
3422,129,62743.568771867445,62756.362334665064
3422,127,62756.362334665064,62770.446027755097
3422,125,62770.446027755097,62784.381336684506
3422,123,62784.381336684506,62798.969166966337
3422,121,62798.969166966337,62814.360075163226
3423,135,47150.935111621729,47162.132380209288
3423,133,47162.132380209288,47174.181303291596
3423,131,47174.181303291596,47185.725993680659
3424,64,62203.580251224834,62223.654697650847
3424,66,62223.654697650847,62238.492677172624
3424,68,62238.492677172624,62252.354801773108
3424,70,62252.354801773108,62267.241835905006
3424,72,62267.241835905006,62279.893453767974
3424,74,62279.893453767974,62293.474646255418
3425,143,33018.493793879359,33037.258173425122
3425,141,33037.258173425122,33051.717810513575
3426,62,30904.561325522154,30923.429763454351
3426,64,30923.429763454351,30947.472766006835
3426,66,30947.472766006835,30963.801508075587
3426,68,30963.801508075587,30985.841210975053
3426,70,30985.841210975053,31002.456830952488
3426,72,31002.456830952488,31025.931016637252
3426,74,31025.931016637252,31044.171067187985
3426,76,31044.171067187985,31062.185132942897
3426,78,31062.185132942897,31079.417179783184
3426,80,31079.417179783184,31094.984489519375
3426,82,31094.984489519375,31110.657146399179
3427,130,59786.551745586046,59798.656208869106
3427,132,59798.656208869106,59810.092535666721
3427,134,59810.092535666721,59819.633979067723
3427,76,59860.344822788888,59870.59890816344
3427,78,59870.59890816344,59882.438799478186
3427,80,59882.438799478186,59890.225634173301
3428,72,58575.455094132369,58586.554299250871
3428,74,58586.554299250871,58596.966070812334
3429,70,62065.874815096824,62079.305290777644
3429,72,62079.305290777644,62093.155634830378
3430,83,51786.182917837425,51796.661886307309
3430,81,51796.661886307309,51805.371523802431
3430,79,51805.371523802431,51814.724052945639
3430,77,51814.724052945639,51824.712117160998
3430,75,51824.712117160998,51834.898699714468
3430,73,51834.898699714468,51844.176874066885
3430,71,51844.176874066885,51853.231217397763
3430,69,51853.231217397763,51861.74507516234
3431,128,58579.973545712921,58589.681555720374
3431,130,58589.681555720374,58599.322911573523
3433,137,37050.695004749017,37059.793698267276
3433,135,37059.793698267276,37068.605769355447
3433,133,37068.605769355447,37080.21760615948
3433,131,37080.21760615948,37091.448843603575
3433,129,37091.448843603575,37100.059693276657
3434,89,40630.540312671903,40645.039750635493
3434,88,40645.039750635493,40659.891557571354
3435,132,66580.564800271924,66594.492614095172
3435,134,66594.492614095172,66609.427140031461
3435,136,66609.427140031461,66624.575380132272
3436,29,62913.866914462553,62932.759335235663
3436,28,62932.759335235663,62948.962201684131
3437,126,46849.098395000685,46858.843399962265
3437,68,46901.871586223686,46911.25435326431
3437,70,46911.25435326431,46920.406118177205
3438,128,66161.459171874885,66182.765492664781
3438,130,66182.765492664781,66196.497548760235
3438,132,66196.497548760235,66211.922934110044
3438,134,66211.922934110044,66225.885769384142
3438,136,66225.885769384142,66239.815608428777
3438,138,66239.815608428777,66255.827164807459
3440,44,43615.948581099336,43631.974489247186
3441,24,77056.190611211088,77069.929537121425
3442,137,48457.344458649553,48465.441753226725
3442,135,48465.441753226725,48474.108987428095
3442,133,48474.108987428095,48482.461671110628
3442,131,48482.461671110628,48489.894824070398
3442,129,48489.894824070398,48500.634474419341
3442,67,48533.650922887937,48542.688959585823
3442,65,48542.688959585823,48551.980058407265
3442,63,48551.980058407265,48561.882998443973
3443,64,69477.416277667638,69498.955611376165
3443,66,69498.955611376165,69518.230792986695
3445,6,56426.739683584921,56436.292375674071
3445,8,56436.292375674071,56445.143093840321
3445,10,56445.143093840321,56453.886190898964
3446,4,41224.994496196923,41235.920999455557
3446,6,41235.920999455557,41246.108123191239
3446,68,41285.606506639408,41294.600991944033
3446,70,41294.600991944033,41304.328224500503
3446,72,41304.328224500503,41312.966608886287
3446,74,41312.966608886287,41322.616467295295
3446,136,41364.842290051434,41374.071133417703
3446,138,41374.071133417703,41385.66761681861
3447,135,65265.109720171022,65281.413255097461
3447,133,65281.413255097461,65303.142171465268
3447,131,65303.142171465268,65322.05773277468
3449,0,32181.818975823408,32198.388569028615
3449,2,32198.388569028615,32214.595666391324
3449,4,32214.595666391324,32232.390717848994
3449,6,32232.390717848994,32252.63978303683
3449,8,32252.63978303683,32272.002767202357
3449,10,32272.002767202357,32289.980887301987
3449,12,32289.980887301987,32306.107171986074
3449,14,32306.107171986074,32319.557294908824
3449,16,32319.557294908824,32337.840730646025
3450,67,67054.740936566232,67071.702495116013
3450,65,67071.702495116013,67085.709677516308
3450,63,67085.709677516308,67103.713426762348
3451,68,59694.056480084459,59706.258172700596
3451,70,59706.258172700596,59718.798783521779
3451,72,59718.798783521779,59729.902848293525
3451,74,59729.902848293525,59741.948576472969
3451,76,59741.948576472969,59755.003585482802
3452,77,53125.668856556222,53135.928958205826
3452,75,53135.928958205826,53144.914250040223
3452,73,53144.914250040223,53153.660184173277
3452,71,53153.660184173277,53162.406118306331
3452,69,53162.406118306331,53171.152052439393
3452,111,53197.57822107042,53211.681286775274
3453,101,30220.851820682081,30244.156909165547
3453,102,30244.156909165547,30261.621729854276
3453,103,30261.621729854276,30283.037000278408
3454,68,29347.923183129831,29368.278542291304
3454,70,29368.278542291304,29383.595124642572
3454,72,29383.595124642572,29401.658817449159
3454,74,29401.658817449159,29418.964556406696
3454,76,29418.964556406696,29437.803825037936
3454,78,29437.803825037936,29453.123749451381
3454,80,29453.123749451381,29467.277837758014
3454,82,29467.277837758014,29485.148956636342
3456,32,66598.099301570386,66619.847152879986
3456,75,66670.28508400546,66690.741063258945
3456,73,66690.741063258945,66710.183555300624
3456,71,66710.183555300624,66728.290410825895
3456,69,66728.290410825895,66746.574272272032
3457,60,61483.369902642306,61496.086527102962
3457,62,61496.086527102962,61507.435774276208
3457,64,61507.435774276208,61521.206131084931
3457,66,61521.206131084931,61534.531228051354
3457,68,61534.531228051354,61548.423724567736
3457,70,61548.423724567736,61560.314793685357
3457,72,61560.314793685357,61572.878526149012
3457,74,61572.878526149012,61583.789104297677
3457,76,61583.789104297677,61597.76998379764
3458,99,33741.459448869224,33756.238534893535
3458,128,33786.752335924532,33802.54976790474
3458,130,33802.54976790474,33818.269914497629
3458,132,33818.269914497629,33831.867717831097
3458,134,33831.867717831097,33844.313101944703
3458,136,33844.313101944703,33859.914822172803
3458,138,33859.914822172803,33872.578395898599
3458,140,33872.578395898599,33889.531483861356
3458,142,33889.531483861356,33905.358218132009
3459,120,27705.351476206644,27718.5090357179
3459,122,27718.5090357179,27731.689709366416
3459,124,27731.689709366416,27743.719981842965
3459,126,27743.719981842965,27758.764204721923
3459,128,27758.764204721923,27772.952495876601
3459,130,27772.952495876601,27786.568277373844
3459,132,27786.568277373844,27801.320330557784
3459,134,27801.320330557784,27813.733768788818
3459,136,27813.733768788818,27825.574457825347
3459,138,27825.574457825347,27838.33055934621
3460,79,69250.752926997753,69264.272339972929
3460,77,69264.272339972929,69278.670164928466
3461,70,27433.179952075308,27447.773786033977
3461,72,27447.773786033977,27464.561551772742
3462,135,71806.111462136425,71818.502800031551
3462,133,71818.502800031551,71829.821641231916
3462,131,71829.821641231916,71843.637687547438
3463,143,34100.45971790218,34116.277260667091
3463,141,34116.277260667091,34133.238234485885
3463,139,34133.238234485885,34148.870711609634
3463,137,34148.870711609634,34164.199190933425
3463,135,34164.199190933425,34178.805338290418
3463,133,34178.805338290418,34199.217179829066
3463,131,34199.217179829066,34217.53826957049
3463,129,34217.53826957049,34234.67657417868
3463,127,34234.67657417868,34248.097524729463
3463,125,34248.097524729463,34262.700120201895
3463,123,34262.700120201895,34276.996202535222
3463,121,34276.996202535222,34289.879576792824
3464,56,23859.181167984309,23871.060185205111
3466,130,50205.632259691258,50217.690875148779
3466,132,50217.690875148779,50227.415402887986
3466,134,50227.415402887986,50235.675841442906
3467,93,35509.654494415481,35527.129125395302
3467,92,35527.129125395302,35548.513149281491
3467,115,35575.718241715753,35590.977270372867
3469,122,64234.545314949719,64247.943351098249
3469,124,64247.943351098249,64260.364172284651
3469,126,64260.364172284651,64273.176429120016
3469,40,64361.079155917214,64377.071946111108
3469,41,64377.071946111108,64394.767398204858
3471,120,64593.01209054685,64606.112433517032
3471,122,64606.112433517032,64618.804640133254
3471,124,64618.804640133254,64630.666704714386
3471,126,64630.666704714386,64642.754140168014
3472,111,36739.946074927597,36754.82956358201
3473,73,62127.352203569462,62145.381240038296
3473,71,62145.381240038296,62156.802045522149
3473,69,62156.802045522149,62167.70973846456
3473,67,62167.70973846456,62179.999870458159
3473,65,62179.999870458159,62192.562711194521
3473,63,62192.562711194521,62207.044998752062
3473,61,62207.044998752062,62220.501156986487
3474,8,46352.053143198355,46361.477798088825
3474,10,46361.477798088825,46372.123592803102
3475,60,62906.459121471002,62919.798645478739
3475,62,62919.798645478739,62932.366095922291
3475,64,62932.366095922291,62944.911354314259
3475,66,62944.911354314259,62957.00151400156
3475,68,62957.00151400156,62970.116635914863
3475,70,62970.116635914863,62983.56475409367
3475,72,62983.56475409367,62996.777739479279
3475,74,62996.777739479279,63007.45724998838
3475,76,63007.45724998838,63019.929650066057
3475,78,63019.929650066057,63031.591678497774
3475,80,63031.591678497774,63044.408442978376
3476,88,63966.541908532876,63988.586271654189
3478,76,26613.137453955092,26625.869436507415
3478,78,26625.869436507415,26638.711441486575
3479,81,49223.46296365928,49232.380762144639
3479,79,49232.380762144639,49241.183603230384
3479,77,49241.183603230384,49250.41217537201
3480,122,71383.184522295909,71393.566640815043
3480,124,71393.566640815043,71403.662116717038
3480,126,71403.662116717038,71415.944881206393
3480,128,71415.944881206393,71427.163369467526
3480,130,71427.163369467526,71438.167251919425
3480,132,71438.167251919425,71450.52908023569
3480,134,71450.52908023569,71462.523918407111
3480,136,71462.523918407111,71474.518756578516
3480,138,71474.518756578516,71486.674150824983
3480,140,71486.674150824983,71499.460344006555
3481,13,66497.07228647788,66513.371347116394
3481,11,66513.371347116394,66533.717540057914
3481,9,66533.717540057914,66552.245553509856
3482,141,35882.318195727952,35898.029754478383
3482,139,35898.029754478383,35909.534006387112
3482,137,35909.534006387112,35920.723696935536
3482,135,35920.723696935536,35931.922350283887
3482,133,35931.922350283887,35946.115322135483
3482,131,35946.115322135483,35957.682483919227
3482,129,35957.682483919227,35971.30198520422
3482,127,35971.30198520422,35982.526969722196
3482,125,35982.526969722196,35993.569774260613
3483,73,49449.340724326001,49459.865585412583
3483,71,49459.865585412583,49469.710353072835
3483,69,49469.710353072835,49478.187048849373
3483,67,49478.187048849373,49488.743058090724
3483,65,49488.743058090724,49498.155884379303
3483,63,49498.155884379303,49508.594854307805
3483,61,49508.594854307805,49517.100451837388
3484,141,30439.14287537141,30455.614637351766
3484,139,30455.614637351766,30473.78292397819
3484,137,30473.78292397819,30497.503363498105
3484,135,30497.503363498105,30512.551145089525
3485,128,41681.886337703654,41690.433727708332
3485,130,41690.433727708332,41702.981901110339
3486,143,78171.729535181221,78180.52729998625
3486,141,78180.52729998625,78188.589385432235
3487,148,62674.575885918675,62696.259028584456
3487,127,62709.65748742492,62723.892610557683
3488,19,40486.540540274706,40494.221082941323
3488,17,40494.221082941323,40501.617946083097
3488,115,40560.104655258503,40575.12246182494
3488,114,40575.12246182494,40590.201613905127
3489,126,65244.195771696162,65257.801171915467
3489,128,65257.801171915467,65274.251086534387
3489,130,65274.251086534387,65288.812473848884
3489,132,65288.812473848884,65304.72506835789
3489,134,65304.72506835789,65321.092877364616
3490,143,37027.670726591467,37037.734603616052
3490,141,37037.734603616052,37047.230631440179
3490,139,37047.230631440179,37056.40184343818
3490,137,37056.40184343818,37065.602216412532
3490,15,37146.76905022694,37156.934328274678
3490,13,37156.934328274678,37167.117971402964
3490,11,37167.117971402964,37177.238774455269
3490,9,37177.238774455269,37189.522489730261
3490,7,37189.522489730261,37199.192396944185
3490,5,37199.192396944185,37208.978946399555
3491,8,42057.463784292195,42066.90981806934
3491,10,42066.90981806934,42076.072266804011
3491,12,42076.072266804011,42084.219219149825
3491,14,42084.219219149825,42095.261860695973
3491,16,42095.261860695973,42103.923111551761
3491,18,42103.923111551761,42113.376727336683
3491,20,42113.376727336683,42124.799975822447
3492,66,61368.80834330264,61383.320450413521
3492,68,61383.320450413521,61396.843297434265
3492,70,61396.843297434265,61410.07628411091
3492,72,61410.07628411091,61422.124956525397
3492,74,61422.124956525397,61436.908360445079
3493,77,59285.405344090024,59297.141555931776
3493,75,59297.141555931776,59305.669953416138
3493,73,59305.669953416138,59315.504885170041
3493,71,59315.504885170041,59325.329125140757
3493,69,59325.329125140757,59334.084874912907
3494,68,37459.645424356277,37469.235644423163
3494,70,37469.235644423163,37478.871173041625
3494,72,37478.871173041625,37489.28796915459
3494,74,37489.28796915459,37497.509448096782
3494,76,37497.509448096782,37506.883926671959
3494,78,37506.883926671959,37516.67207303334
3494,80,37516.67207303334,37526.176128035622
3494,82,37526.176128035622,37535.910308797284
3495,128,67385.139842621371,67400.350003215775
3495,130,67400.350003215775,67415.987677945406
3495,132,67415.987677945406,67433.888525575603
3495,134,67433.888525575603,67453.190474939402
3495,44,67557.953416159435,67582.722674370103
3497,143,46709.188714113392,46718.225916055315
3497,141,46718.225916055315,46727.239061653461
3497,139,46727.239061653461,46735.578565039941
3497,137,46735.578565039941,46745.544114343589
3497,135,46745.544114343589,46755.694623826355
3497,133,46755.694623826355,46763.979943933278
3497,131,46763.979943933278,46772.188090773081
3497,129,46772.188090773081,46780.930755622066
3497,67,46816.683920475509,46827.450970398648
3497,65,46827.450970398648,46837.272390405167
3497,63,46837.272390405167,46846.960542886416
3498,127,32469.448093529136,32485.223197199346
3498,125,32485.223197199346,32501.46743157176
3498,123,32501.46743157176,32517.559861634069
3498,121,32517.559861634069,32539.082396833946
3499,15,24562.574398536533,24572.316327338744
3499,13,24572.316327338744,24583.694358124656
3500,62,74507.095359417057,74517.894214976404
3500,64,74517.894214976404,74528.711422077322
3500,66,74528.711422077322,74538.6633520139
3500,68,74538.6633520139,74548.575041426011
3500,70,74548.575041426011,74559.182757666902
3500,72,74559.182757666902,74568.909854498299
3500,74,74568.909854498299,74577.137583353076
3500,16,74614.485365393848,74622.888494942279
3500,18,74622.888494942279,74632.42704414652
3501,60,61898.517967094529,61911.343025932962
3501,62,61911.343025932962,61923.496969613334
3501,64,61923.496969613334,61934.719096117326
3501,66,61934.719096117326,61945.731340153689
3501,68,61945.731340153689,61956.673965261667
3501,70,61956.673965261667,61969.267170912433
3501,72,61969.267170912433,61983.199631630559
3501,74,61983.199631630559,61993.291171686826
3501,76,61993.291171686826,62003.234212428288
3501,78,62003.234212428288,62012.928806219476
3501,80,62012.928806219476,62022.611882308011
3502,92,51243.962772993458,51258.423646397183
3503,68,72282.216875382699,72294.557051552256
3503,70,72294.557051552256,72306.652300434187
3503,72,72306.652300434187,72318.009534968369
3503,74,72318.009534968369,72328.432388507033
3503,104,72356.95058217732,72373.160371884631
3504,62,63460.431052578468,63477.989995316115
3504,64,63477.989995316115,63494.729699546253
3504,66,63494.729699546253,63510.430515212429
3504,68,63510.430515212429,63526.180712720743
3506,68,68838.053812268758,68853.001990705889
3506,70,68853.001990705889,68866.217676451823
3506,72,68866.217676451823,68882.872531114757
3506,74,68882.872531114757,68899.738416544511
3506,104,68931.515616109566,68950.079028795823
3506,105,68950.079028795823,68968.762864288787
3507,60,23088.30954742866,23097.193940609119
3507,62,23097.193940609119,23107.302475470384
3507,64,23107.302475470384,23116.911020505024
3507,66,23116.911020505024,23127.551868071921
3507,68,23127.551868071921,23137.085261859134
3507,70,23137.085261859134,23146.593776360121
3507,72,23146.593776360121,23157.81723909119
3507,74,23157.81723909119,23165.393280661949
3507,44,23184.490424331572,23198.776463938801
3510,83,69587.359414977676,69602.709262263263
3510,81,69602.709262263263,69617.721654325112
3510,79,69617.721654325112,69630.171167979061
3510,77,69630.171167979061,69641.902184541046
3510,75,69641.902184541046,69657.495047558608
3510,73,69657.495047558608,69672.222811849584
3510,71,69672.222811849584,69688.567973406869
3510,69,69688.567973406869,69704.578317517589
3511,152,65713.153293852054,65729.549747553843
3511,75,65806.948961272632,65824.114948744507
3511,73,65824.114948744507,65844.554375501539
3512,74,73035.120124637382,73048.442483514416
3513,70,34656.280261217093,34670.998313525117
3513,72,34670.998313525117,34684.653861404135
3513,74,34684.653861404135,34696.090441754801
3513,104,34720.606986747676,34739.808839611382
3513,105,34739.808839611382,34757.923742871193
3514,127,26780.450199476032,26795.194120849712
3514,125,26795.194120849712,26807.312521749769
3516,81,64779.396677077057,64798.581457419728
3516,79,64798.581457419728,64812.447007536932
3516,77,64812.447007536932,64825.018909914637
3516,75,64825.018909914637,64847.485177217168
3517,137,45151.261457842185,45162.77967419038
3517,135,45162.77967419038,45172.114571726066
3517,133,45172.114571726066,45180.247759207225
3517,131,45180.247759207225,45189.118483087033
3517,129,45189.118483087033,45197.402288408208
3518,134,67275.300146831098,67290.98012615589
3518,136,67290.98012615589,67307.139659110137
3519,64,73440.210383447949,73452.434741911464
3519,66,73452.434741911464,73464.027509194813
3519,68,73464.027509194813,73474.610188247083
3519,70,73474.610188247083,73484.506571323625
3519,72,73484.506571323625,73496.440161144623
3519,74,73496.440161144623,73507.293280655635
3520,98,22787.808110420356,22805.484493976153
3520,99,22805.484493976153,22820.60466807006
3522,83,61815.607251982023,61826.73859975805
3522,81,61826.73859975805,61839.088119084314
3522,79,61839.088119084314,61850.897975136962
3522,77,61850.897975136962,61861.41730510092
3522,135,61904.258637716019,61914.937461122223
3522,133,61914.937461122223,61925.76649992913
3522,131,61925.76649992913,61937.862244905707
3522,129,61937.862244905707,61951.169342034067
3525,148,64582.113870377209,64601.490021462079
3525,127,64617.239561408329,64632.051541748857
3525,125,64632.051541748857,64647.652050801866
3525,123,64647.652050801866,64662.130268682362
3525,121,64662.130268682362,64682.400871692291
3526,94,69439.012770396046,69459.997533313392
3526,93,69459.997533313392,69480.34054631769
3526,92,69480.34054631769,69500.219739247754
3529,135,31607.672596971472,31627.704696101086
3529,133,31627.704696101086,31650.287607576542
3529,131,31650.287607576542,31675.859274824012
3529,129,31675.859274824012,31692.156246781928
3529,127,31692.156246781928,31717.156301686326
3529,125,31717.156301686326,31732.830965655889
3529,123,31732.830965655889,31751.416036925191
3529,121,31751.416036925191,31773.810289164481
3530,140,35189.59382997299,35201.18502240524
3530,142,35201.18502240524,35211.771666806657
3531,127,34091.403524624395,34108.666328823252
3531,125,34108.666328823252,34122.70152115079
3531,123,34122.70152115079,34134.641088681674
3531,121,34134.641088681674,34149.771694503535
3532,71,65545.771223992328,65562.195649508882
3532,69,65562.195649508882,65576.893197281912
3533,152,43274.096388435653,43293.936815141082
3533,75,43349.048301279705,43360.511967970335
3533,73,43360.511967970335,43371.166728698066
3533,71,43371.166728698066,43381.025152573769
3533,69,43381.025152573769,43390.184769953223
3533,67,43390.184769953223,43401.927573148299
3533,65,43401.927573148299,43414.816447042416
3533,63,43414.816447042416,43426.974470724861
3534,136,33990.876515440279,34007.00237831338
3535,60,36176.577369959508,36186.983044037268
3535,62,36186.983044037268,36197.811007586366
3535,64,36197.811007586366,36209.308498049373
3535,66,36209.308498049373,36220.82671356124
3535,68,36220.82671356124,36230.939892233007
3535,70,36230.939892233007,36241.596015745141
3535,72,36241.596015745141,36252.2904577359
3535,74,36252.2904577359,36262.041669344449
3535,76,36262.041669344449,36271.856115579103
3535,78,36271.856115579103,36282.220670939801
3535,80,36282.220670939801,36292.088727617585
3535,82,36292.088727617585,36301.499258086842
3536,71,67376.258985063774,67393.5476323404
3536,69,67393.5476323404,67407.672695952962
3536,67,67407.672695952962,67428.213566680803
3536,65,67428.213566680803,67445.496606789835
3537,135,70885.060360473275,70897.134888854896
3537,133,70897.134888854896,70910.99643639382
3537,131,70910.99643639382,70924.529483041362
3537,129,70924.529483041362,70938.976649480421
3538,130,70123.799933649236,70136.241957583086
3538,132,70136.241957583086,70150.664118673507
3538,134,70150.664118673507,70165.377251839309
3538,136,70165.377251839309,70176.649411927123
3538,138,70176.649411927123,70188.934078352919
3539,122,73629.642916983983,73640.674287497139
3539,124,73640.674287497139,73651.705658010309
3539,126,73651.705658010309,73662.578333259065
3539,40,73741.079713376937,73762.608956199576
3542,132,36968.059555572909,36980.259245868569
3542,134,36980.259245868569,36992.892134615729
3542,44,37055.910010423053,37071.2728265841
3543,141,32141.370894049141,32155.003025471506
3543,139,32155.003025471506,32169.179771912561
3543,137,32169.179771912561,32188.578238752627
3543,135,32188.578238752627,32201.942894421289
3543,133,32201.942894421289,32223.991079970969
3543,131,32223.991079970969,32244.545561523333
3543,129,32244.545561523333,32262.017955786683
3543,111,32278.702072167322,32296.206657038623
3545,75,77277.676689921645,77286.905065119339
3545,73,77286.905065119339,77296.001416748288
3545,71,77296.001416748288,77304.419601056085
3545,69,77304.419601056085,77312.124117357525
3545,67,77312.124117357525,77319.691977716604
3545,65,77319.691977716604,77327.107199394377
3545,63,77327.107199394377,77336.456238178929
3545,61,77336.456238178929,77344.792734826173
3546,120,76500.834002502888,76509.245359525899
3546,122,76509.245359525899,76517.595648329589
3546,124,76517.595648329589,76526.471566591441
3546,126,76526.471566591441,76536.106328148671
3546,128,76536.106328148671,76544.992886628956
3546,130,76544.992886628956,76555.069426290283
3546,132,76555.069426290283,76566.094143595401
3546,134,76566.094143595401,76574.72367588988
3547,123,36641.865201698929,36653.016522807098
3547,121,36653.016522807098,36662.237342564302
3547,60,36701.049194933752,36711.26882639822
3548,150,31604.388063758219,31629.102217245541
3549,73,24139.916161793819,24150.371031602182
3549,71,24150.371031602182,24161.314105470323
3549,69,24161.314105470323,24169.77685478851
3551,62,62901.279630237812,62912.710779913839
3551,64,62912.710779913839,62928.060971236373
3551,66,62928.060971236373,62940.498951573201
3551,68,62940.498951573201,62953.115981291659
3551,70,62953.115981291659,62966.187058555537
3551,72,62966.187058555537,62980.306398823457
3551,74,62980.306398823457,62993.343318243453
3551,76,62993.343318243453,63005.704254381984
3551,78,63005.704254381984,63018.212792221064
3551,80,63018.212792221064,63031.328365093825
3551,82,63031.328365093825,63044.700454715763
3552,99,23638.389119974585,23653.498774890279
3552,128,23672.128960208327,23681.005722604496
3552,130,23681.005722604496,23691.46149616301
3552,132,23691.46149616301,23701.917269721529
3552,134,23701.917269721529,23712.348917246316
3553,64,31249.501689426299,31266.232331118266
3553,66,31266.232331118266,31283.768023676774
3553,68,31283.768023676774,31304.497905317381
3553,70,31304.497905317381,31324.773872977599
3553,72,31324.773872977599,31346.309564909199
3553,74,31346.309564909199,31363.260393463122
3553,76,31363.260393463122,31381.17322004342
3553,78,31381.17322004342,31397.010090693435
3554,99,72950.28455622484,72967.826683724023
3554,100,72967.826683724023,72984.378125803734
3554,101,72984.378125803734,73001.514013902051
3555,136,31209.968979540354,31226.749774439377
3555,138,31226.749774439377,31246.983887937633
3556,128,32970.611667431054,32989.846195771257
3556,130,32989.846195771257,33005.428494723019
3556,132,33005.428494723019,33024.049423002019
3556,134,33024.049423002019,33041.53499963013
3556,136,33041.53499963013,33053.110361407373
3556,138,33053.110361407373,33067.650622132729
3556,140,33067.650622132729,33083.778743139446
3558,72,74713.034661218247,74722.606475076085
3558,74,74722.606475076085,74732.141094829072
3558,104,74752.699533175328,74772.268466507056
3558,105,74772.268466507056,74786.535730833624
3559,122,37756.977324516418,37771.42715289387
3559,124,37771.42715289387,37783.046565069439
3559,126,37783.046565069439,37792.098135004599
3559,128,37792.098135004599,37802.815353313788
3559,130,37802.815353313788,37813.095023723268
3559,132,37813.095023723268,37822.639410397809
3559,134,37822.639410397809,37833.468532700739
3559,104,37855.904677101258,37872.075867884188
3560,149,36616.586913240186,36630.04105015532
3560,148,36630.04105015532,36648.926790291582
3560,147,36648.926790291582,36665.70234318608
3560,146,36665.70234318608,36681.239486291335
3561,28,28489.217369435173,28513.960399221043
3561,27,28513.960399221043,28538.08351294708
3561,26,28538.08351294708,28563.087543430469
3564,128,63472.780930525754,63488.112026592753
3564,130,63488.112026592753,63502.810039690594
3564,132,63502.810039690594,63519.263895015865
3564,134,63519.263895015865,63533.775215167159
3564,136,63533.775215167159,63544.468680703802
3564,138,63544.468680703802,63556.58995566018
3565,148,35841.66894547917,35861.141069148507
3566,147,30595.865977328453,30616.971404565378
3566,125,30641.452028157142,30659.397156812709
3566,123,30659.397156812709,30676.483397095526
3567,89,22611.068045940843,22628.565642186139
3567,88,22628.565642186139,22647.938884951218
3568,10,33313.374520294885,33327.498377403361
3568,12,33327.498377403361,33341.838212725255
3568,14,33341.838212725255,33363.194104479619
3568,76,33425.671859267743,33440.789736078877
3568,78,33440.789736078877,33456.359423071546
3569,143,37157.308622202538,37170.595125735126
3569,141,37170.595125735126,37182.485381558319
3569,139,37182.485381558319,37192.596968438156
3569,137,37192.596968438156,37206.594343893623
3570,68,63534.854456544206,63550.031144344415
3570,70,63550.031144344415,63564.103488934983
3570,72,63564.103488934983,63579.180228347723
3570,74,63579.180228347723,63591.592743592832
3570,76,63591.592743592832,63605.617760901034
3570,78,63605.617760901034,63617.601633962229
3570,80,63617.601633962229,63631.585074717863
3570,58,63647.733644397362,63667.331131997998
3571,72,28978.040620864627,28997.598918180924
3571,74,28997.598918180924,29015.305544701754
3571,76,29015.305544701754,29034.803278038355
3571,78,29034.803278038355,29052.37985997842
3571,80,29052.37985997842,29070.148535113596
3571,82,29070.148535113596,29086.885404665078
3572,159,69448.366356993734,69467.317231171837
3574,60,35067.631173153066,35080.686999371923
3574,62,35080.686999371923,35095.264333095598
3574,64,35095.264333095598,35108.800937036576
3574,66,35108.800937036576,35122.352910676993
3574,68,35122.352910676993,35132.532161941141
3574,70,35132.532161941141,35143.747141137399
3574,72,35143.747141137399,35157.270054475484
3574,74,35157.270054475484,35170.345436695265
3574,76,35170.345436695265,35184.026956359216
3574,78,35184.026956359216,35198.298138964143
3574,80,35198.298138964143,35210.549118813171
3575,135,31827.052184070406,31842.633360194784
3575,133,31842.633360194784,31862.381713735052
3575,131,31862.381713735052,31883.2573919196
3576,71,31764.965541501773,31786.097094415385
3576,69,31786.097094415385,31799.675186827757
3577,134,67065.495180588725,67079.956355156872
3577,136,67079.956355156872,67091.812254559496
3577,138,67091.812254559496,67104.945213991406
3577,140,67104.945213991406,67117.172554245233
3578,12,22289.049863189928,22298.271894302699
3578,14,22298.271894302699,22307.215790807371
3580,143,71127.483429929067,71138.618302570554
3580,141,71138.618302570554,71150.498412475878
3580,139,71150.498412475878,71161.815301411756
3580,137,71161.815301411756,71174.191015885066
3580,135,71174.191015885066,71184.055328091446
3580,133,71184.055328091446,71195.86196925152
3582,5,31492.525166828975,31511.818782259452
3583,111,29624.75639561857,29642.986303301055
3583,110,29642.986303301055,29671.34886857283
3583,109,29671.34886857283,29688.974559499089
3583,108,29688.974559499089,29709.880705286196
3584,71,66285.527272786145,66303.231041059567
3584,69,66303.231041059567,66322.010859347298
3586,10,50780.247794636241,50791.367092181848
3586,12,50791.367092181848,50802.155448474419
3586,14,50802.155448474419,50812.871549953794
3586,16,50812.871549953794,50823.743031322592
3587,67,65712.586546872888,65732.74263883644
3587,65,65732.74263883644,65755.884272510506
3587,63,65755.884272510506,65775.289185685819
3588,130,56580.865241053703,56590.195099862372
3588,132,56590.195099862372,56601.724356887986
3590,83,53081.619025985397,53091.387476651435
3590,81,53091.387476651435,53100.904454822994
3590,79,53100.904454822994,53110.421432994553
3590,77,53110.421432994553,53119.603003283017
3590,75,53119.603003283017,53129.14650866887
3590,73,53129.14650866887,53139.263718847047
3590,71,53139.263718847047,53149.476144029781
3590,69,53149.476144029781,53161.256488510197
3591,122,29150.342107608987,29163.510207807365
3591,124,29163.510207807365,29175.493259856179
3591,126,29175.493259856179,29189.619916330492
3592,68,69716.105032560095,69728.375929136659
3592,70,69728.375929136659,69739.856768383645
3592,72,69739.856768383645,69755.805897043829
3592,74,69755.805897043829,69770.857130667573
3592,76,69770.857130667573,69782.637916323889
3592,78,69782.637916323889,69792.552363244031
3592,80,69792.552363244031,69803.888207938537
3592,82,69803.888207938537,69816.323328685568
3594,124,30081.349572672905,30102.074485091602
3594,126,30102.074485091602,30117.180883398574
3595,128,39568.787360495189,39578.863414904277
3595,130,39578.863414904277,39590.156056059866
3595,132,39590.156056059866,39599.957273927648
3595,134,39599.957273927648,39610.802874709363
3595,136,39610.802874709363,39620.981236028296
3596,14,72607.120254907204,72617.553244551702
3596,136,72708.42627901466,72721.302851048196
3597,129,61546.807840387315,61560.035749780393
3600,47,25320.84632874011,25338.198489936971
3601,127,46783.218252981904,46793.831303691491
3601,125,46793.831303691491,46804.660362468414
3601,123,46804.660362468414,46817.33776438285
3601,121,46817.33776438285,46828.603883092066
3603,10,32065.992768434407,32078.068992312237
3603,12,32078.068992312237,32091.403414956072
3603,14,32091.403414956072,32105.569368998113
3603,16,32105.569368998113,32120.115474520997
3603,18,32120.115474520997,32136.208798044536
3603,20,32136.208798044536,32154.38983158168
3603,22,32154.38983158168,32176.879448322423
3604,64,23908.951683415398,23918.903876366105
3604,66,23918.903876366105,23927.724072523808
3604,128,23967.594711398833,23976.016003043322
3604,130,23976.016003043322,23986.585895784905
3604,132,23986.585895784905,23995.234853772999
3604,134,23995.234853772999,24005.003616966445
3604,136,24005.003616966445,24015.405455056287
3604,138,24015.405455056287,24025.292699607518
3604,140,24025.292699607518,24034.037993544876
3604,142,24034.037993544876,24040.790294704708
3605,68,26153.218596915114,26168.337531871999
3605,70,26168.337531871999,26182.808152152884
3605,72,26182.808152152884,26198.237891869518
3605,74,26198.237891869518,26210.2929359669
3607,19,25843.674734384025,25853.203995551292
3607,17,25853.203995551292,25862.644860598808
3607,75,25899.707775187093,25909.869190048299
3607,73,25909.869190048299,25918.784302653312
3607,71,25918.784302653312,25926.16701387749
3607,69,25926.16701387749,25934.406326145108
3608,104,49893.725022384853,49909.611010542278
3608,105,49909.611010542278,49926.132286510954
3609,131,22577.884003983901,22586.873214453415
3609,129,22586.873214453415,22596.528739553236
3610,124,74444.483757754802,74455.676963315898
3610,126,74455.676963315898,74466.338173634678
3610,128,74466.338173634678,74475.636152089486
3610,130,74475.636152089486,74484.12596016824
3610,132,74484.12596016824,74492.640728881481
3610,134,74492.640728881481,74503.540942599531
3610,136,74503.540942599531,74514.856569141266
3610,138,74514.856569141266,74525.922626403146
3611,135,69627.404318801258,69645.103572472115
3611,133,69645.103572472115,69660.180986130712
3611,131,69660.180986130712,69676.643053492735
3611,129,69676.643053492735,69692.609354587068
3612,128,34704.266875574256,34715.81021479323
3612,130,34715.81021479323,34726.792518401468
3612,132,34726.792518401468,34737.132567124099
3612,134,34737.132567124099,34748.212482554998
3612,136,34748.212482554998,34757.317440015031
3612,138,34757.317440015031,34770.010572961408
3612,140,34770.010572961408,34780.90300415278
3612,142,34780.90300415278,34792.649441604175
3613,133,78882.086118750929,78891.155084452374
3613,131,78891.155084452374,78900.529709975803
3613,129,78900.529709975803,78910.024462693647
3613,127,78910.024462693647,78919.47017136628
3613,125,78919.47017136628,78928.266360208814
3613,123,78928.266360208814,78938.792446630163
3615,14,46385.982930859565,46395.006018859
3615,76,46435.205389312039,46445.351140872088
3615,78,46445.351140872088,46456.002898143452
3616,83,75273.177946741765,75286.053099229772
3616,81,75286.053099229772,75298.472796510279
3616,79,75298.472796510279,75310.431299468153
3616,77,75310.431299468153,75322.1278837313
3616,135,75368.949895521931,75382.337260406697
3617,7,72053.387742946623,72065.296678632163
3617,5,72065.296678632163,72076.363905277016
3617,3,72076.363905277016,72089.126530241119
3617,1,72089.126530241119,72102.584995246129
3619,32,35660.26498841343,35673.44211521987
3619,75,35702.853537584211,35713.296254375186
3619,73,35713.296254375186,35724.703426469983
3619,71,35724.703426469983,35736.10499381712
3619,69,35736.10499381712,35747.482122433677
3619,51,35758.584943649505,35773.644611005926
3620,147,62090.072782322954,62104.512784929851
3620,146,62104.512784929851,62123.641584205696
3621,111,31020.651616358675,31040.488366807371
3622,122,25114.674290918687,25128.488340542761
3622,124,25128.488340542761,25140.063731776198
3622,126,25140.063731776198,25151.455139261958
3622,128,25151.455139261958,25163.733566983639
3622,130,25163.733566983639,25173.686960614286
3622,132,25173.686960614286,25186.780494938364
3622,134,25186.780494938364,25200.914592914891
3623,106,30010.394195742985,30039.268708031872
3623,107,30039.268708031872,30063.107079716399
3624,34,31752.08214842997,31770.862801359039
3624,33,31770.862801359039,31794.112565922736
3624,32,31794.112565922736,31817.28695116991
3624,31,31817.28695116991,31841.552133899404
3624,30,31841.552133899404,31862.925925590298
3624,29,31862.925925590298,31884.10967755572
3624,28,31884.10967755572,31907.696965924184
3625,51,78443.053418850148,78460.66120342807
3625,50,78460.66120342807,78476.32606844668
3626,135,22594.959089284424,22604.662234888783
3626,133,22604.662234888783,22617.223173967497
3626,131,22617.223173967497,22626.565828608236
3628,137,37032.57775885782,37042.494327859386
3628,135,37042.494327859386,37051.247960101937
3628,133,37051.247960101937,37060.829306584019
3628,131,37060.829306584019,37070.863346933802
3628,129,37070.863346933802,37082.084985566966
3629,120,50520.305278163403,50531.307308597497
3629,122,50531.307308597497,50540.366517108581
3629,124,50540.366517108581,50548.454828563423
3630,135,32353.43962360478,32372.122965604707
3630,133,32372.122965604707,32397.053849708871
3630,131,32397.053849708871,32419.760078925836
3630,129,32419.760078925836,32437.398985719716
3630,127,32437.398985719716,32453.137084327944
3630,125,32453.137084327944,32470.44995805958
3630,123,32470.44995805958,32484.401074612677
3630,121,32484.401074612677,32505.23283290803
3631,79,71524.583949856868,71536.34864976292
3631,77,71536.34864976292,71547.001395927
3632,68,64626.316153974833,64643.044881858477
3632,70,64643.044881858477,64657.362580216737
3634,136,33594.852509928845,33608.144936551602
3634,138,33608.144936551602,33620.652635986015
3634,140,33620.652635986015,33635.648515280373
3635,43,30037.941804738839,30054.778720988408
3635,136,30154.717689927274,30167.429970507204
3635,138,30167.429970507204,30180.850148325469
3635,140,30180.850148325469,30194.122335713571
3635,142,30194.122335713571,30210.835321487684
3636,28,69374.695195291206,69397.918055759292
3637,154,30432.504000003875,30459.460563589582
3641,45,63938.276061892218,63954.892089631459
3641,79,63986.78070634653,64000.024771259486
3641,77,64000.024771259486,64013.889053142782
3642,67,63900.877744089274,63919.185327943051
3642,65,63919.185327943051,63934.613932973145
3642,63,63934.613932973145,63952.380111722145
3642,61,63952.380111722145,63969.008273190782
3643,75,76783.696485414082,76793.523089872106
3643,73,76793.523089872106,76803.253437859719
3643,71,76803.253437859719,76814.732448758281
3643,69,76814.732448758281,76824.175448527094
3643,67,76824.175448527094,76834.72936401359
3643,65,76834.72936401359,76846.369374479502
3643,63,76846.369374479502,76858.645873437898
3644,83,63261.931173796766,63276.782183984105
3644,81,63276.782183984105,63295.082629852208
3644,79,63295.082629852208,63307.999899791881
3644,77,63307.999899791881,63322.019745653415
3644,75,63322.019745653415,63341.32685099521
3644,73,63341.32685099521,63356.856931272167
3647,91,78635.773934911747,78647.26319367683
3647,90,78647.26319367683,78661.258927297167
3648,79,41690.798624556017,41700.907720701558
3648,77,41700.907720701558,41710.075600470358
3648,75,41710.075600470358,41719.674931495036
3648,73,41719.674931495036,41729.152828836784
3648,71,41729.152828836784,41738.36918557607
3648,69,41738.36918557607,41747.332615160602
3648,111,41777.038750825879,41790.313570502542
3648,110,41790.313570502542,41804.472143312589
3649,141,54225.851425198845,54235.356679536162
3649,139,54235.356679536162,54244.152593993145
3649,137,54244.152593993145,54252.503270369503
3649,75,54291.527811749402,54300.618098317042
3649,73,54300.618098317042,54311.58041335897
3650,4,39417.959212714974,39429.228756362703
3650,6,39429.228756362703,39439.006759363197
3650,68,39482.694300021649,39493.447638984733
3650,70,39493.447638984733,39503.980669701916
3650,72,39503.980669701916,39514.356153332454
3650,74,39514.356153332454,39526.048998100661
3650,136,39567.869577189311,39578.774746673793
3654,128,69477.764790437053,69492.445316558616
3654,130,69492.445316558616,69504.715177495644
3654,132,69504.715177495644,69520.935848292735
3654,134,69520.935848292735,69534.161553176382
3654,136,69534.161553176382,69545.438938434498
3654,138,69545.438938434498,69560.033373069207
3655,17,70492.849191078451,70509.08427456471
3656,81,62700.999455821227,62713.150357474464
3656,79,62713.150357474464,62727.802255069677
3656,77,62727.802255069677,62738.808955217595
3656,75,62738.808955217595,62753.421192631235
3656,73,62753.421192631235,62767.451746982857
3656,71,62767.451746982857,62780.437655476249
3656,69,62780.437655476249,62797.68658270689
3656,67,62797.68658270689,62814.775563532909
3657,68,54275.563415998338,54287.382629051957
3657,70,54287.382629051957,54298.172770507808
3657,72,54298.172770507808,54308.231091837806
3657,74,54308.231091837806,54318.309140794212
3659,71,36229.922281190993,36240.462315712495
3659,69,36240.462315712495,36250.397057532689
3659,67,36250.397057532689,36262.199742975325
3659,65,36262.199742975325,36273.675649169549
3660,135,69125.822496277353,69138.199215981833
3660,133,69138.199215981833,69152.719844081803
3660,131,69152.719844081803,69172.148052013712
3660,129,69172.148052013712,69186.396473605651
3660,127,69186.396473605651,69199.022395165332
3660,125,69199.022395165332,69209.517126551335
3660,123,69209.517126551335,69221.172590675706
3660,121,69221.172590675706,69236.398364872133
3662,132,66370.013582859407,66390.7571530969
3662,134,66390.7571530969,66407.453033509621
3662,136,66407.453033509621,66423.726851234125
3662,138,66423.726851234125,66444.630413361388
3662,140,66444.630413361388,66469.499892799213
3662,142,66469.499892799213,66484.917809057704
3663,71,30939.833821155571,30956.394924798686
3663,69,30956.394924798686,30971.46635961458
3663,67,30971.46635961458,30992.929044415752
3663,65,30992.929044415752,31013.556859879369
3664,13,55660.850266771704,55673.23076346617
3667,83,61129.47065600106,61138.682526622673
3667,81,61138.682526622673,61148.387947947092
3667,79,61148.387947947092,61158.446743866822
3667,77,61158.446743866822,61169.56565338088
3667,75,61169.56565338088,61181.536023446446
3667,73,61181.536023446446,61191.560799337218
3667,71,61191.560799337218,61203.045253202974
3667,69,61203.045253202974,61213.615106728939
3668,122,32224.521645420267,32237.981109576805
3668,124,32237.981109576805,32253.381915889797
3668,126,32253.381915889797,32265.146141316549
3668,128,32265.146141316549,32279.798080244109
3668,130,32279.798080244109,32294.545443269042
3668,132,32294.545443269042,32310.659796392436
3668,134,32310.659796392436,32330.436999508805
3668,16,32471.142650790804,32484.62219766905
3668,18,32484.62219766905,32499.927586877748
3670,120,66614.392114762421,66632.88026995027
3670,122,66632.88026995027,66644.614740785575
3670,124,66644.614740785575,66659.788048729097
3670,126,66659.788048729097,66676.423543988538
3670,128,66676.423543988538,66694.702322992453
3670,130,66694.702322992453,66710.13218108163
3670,132,66710.13218108163,66728.320382995065
3670,134,66728.320382995065,66750.742209622156
3670,136,66750.742209622156,66767.026222178945
3670,138,66767.026222178945,66783.250017753089
3670,140,66783.250017753089,66800.237329529526
3671,0,31251.178910229923,31266.647061975313
3671,2,31266.647061975313,31280.969014721391
3671,4,31280.969014721391,31300.393911969
3671,6,31300.393911969,31322.387966265072
3671,8,31322.387966265072,31349.983317305268
3672,0,22968.987274380164,22979.65124875784
3672,2,22979.65124875784,22989.811565328808
3672,4,22989.811565328808,22999.848742217266
3672,6,22999.848742217266,23011.87960682936
3672,8,23011.87960682936,23021.123702825553
3672,10,23021.123702825553,23032.835370122855
3672,12,23032.835370122855,23042.538510228547
3672,14,23042.538510228547,23054.57447876655
3672,44,23076.44008058685,23092.829365517846
3672,45,23092.829365517846,23107.858093855459
3673,73,78444.607079609123,78453.754233355125
3674,122,26170.019712491801,26184.653720110309
3674,124,26184.653720110309,26196.325540146569
3674,126,26196.325540146569,26212.356342018673
3674,128,26212.356342018673,26224.433199236388
3674,130,26224.433199236388,26236.705618788343
3674,132,26236.705618788343,26250.11925307467
3674,134,26250.11925307467,26262.689933801114
3675,64,63211.647981720445,63224.037491089526
3675,66,63224.037491089526,63237.62472446305
3677,134,68518.084123972585,68532.492979948307
3678,68,71180.957630347722,71192.160677456064
3678,70,71192.160677456064,71206.681221300008
3678,72,71206.681221300008,71219.577895457507
3678,74,71219.577895457507,71231.301607800502
3679,15,27071.438800960896,27084.458481692618
3679,13,27084.458481692618,27097.28224391702
3679,11,27097.28224391702,27109.567986799815
3679,9,27109.567986799815,27125.474745136118
3680,126,45714.181456495739,45723.143339983893
3680,128,45723.143339983893,45732.084394456659
3680,130,45732.084394456659,45741.346480947504
3680,132,45741.346480947504,45751.177912279905
3680,134,45751.177912279905,45762.55996445904
3680,104,45780.896929445589,45794.961709459094
3680,105,45794.961709459094,45809.722617812396
3680,106,45809.722617812396,45821.470028267453
3681,5,66329.318587580783,66344.700370347957
3681,3,66344.700370347957,66358.170999081281
3681,1,66358.170999081281,66380.840647182966
3682,128,25196.415729965436,25208.838688879161
3682,130,25208.838688879161,25221.338415427319
3682,132,25221.338415427319,25234.073699939341
3682,134,25234.073699939341,25246.477444475728
3682,136,25246.477444475728,25258.87634060347
3683,152,71625.507033235946,71638.613793923985
3683,31,71740.340409273485,71757.315556583562
3683,30,71757.315556583562,71776.662141626584
3684,131,72885.187344787817,72897.148776326489
3684,129,72897.148776326489,72909.560810912648
3684,127,72909.560810912648,72920.368662108784
3684,125,72920.368662108784,72932.530005350927
3685,132,36098.319046133933,36108.420371278291
3685,134,36108.420371278291,36117.910322233955
3685,136,36117.910322233955,36127.794453470269
3686,83,69614.947218120084,69632.123415341586
3686,81,69632.123415341586,69646.655597977602
3686,79,69646.655597977602,69657.911247113967
3686,77,69657.911247113967,69670.60331444176
3686,75,69670.60331444176,69685.851276626388
3686,73,69685.851276626388,69701.72567666191
3686,71,69701.72567666191,69717.021469209692
3686,69,69717.021469209692,69732.43248862146
3687,39,21806.744689042458,21819.114817747653
3687,40,21819.114817747653,21838.118127243502
3687,41,21838.118127243502,21851.162989051536
3687,42,21851.162989051536,21865.590921656032
3687,43,21865.590921656032,21878.625667242879
3687,44,21878.625667242879,21890.164366182125
3687,45,21890.164366182125,21904.695938470057
3688,17,32641.352159759332,32661.725453171817
3688,15,32661.725453171817,32676.995217550248
3688,13,32676.995217550248,32692.808834190524
3688,11,32692.808834190524,32709.062816101727
3688,9,32709.062816101727,32725.098350207343
3688,7,32725.098350207343,32740.187747574753
3688,5,32740.187747574753,32756.111092899759
3689,81,38486.552781706487,38496.104880371313
3689,79,38496.104880371313,38503.971583314364
3689,77,38503.971583314364,38513.39754813278
3689,75,38513.39754813278,38520.61692320041
3689,73,38520.61692320041,38529.548152032425
3689,71,38529.548152032425,38539.575969277219
3689,69,38539.575969277219,38548.637092081059
3689,7,38582.386319538091,38590.378293994567
3689,5,38590.378293994567,38598.415257774352
3690,57,62840.202519812003,62855.036152122608
3690,56,62855.036152122608,62869.239213379042
3690,15,62907.280689010542,62920.859413140315
3690,13,62920.859413140315,62932.471544181804
3690,11,62932.471544181804,62944.348950199659
3690,9,62944.348950199659,62959.452056246446
3690,7,62959.452056246446,62970.988639589727
3690,5,62970.988639589727,62982.696401574161
3691,15,45110.54364871444,45119.03286759153
3691,13,45119.03286759153,45128.168573206814
3691,11,45128.168573206814,45136.895100030815
3692,124,57246.293572065115,57255.567764851934
3692,126,57255.567764851934,57264.699706036401
3693,132,28809.917545005792,28825.809151444129
3693,134,28825.809151444129,28844.403183881081
3693,136,28844.403183881081,28863.918728753262
3694,132,24409.099782755038,24416.155128847277
3694,134,24416.155128847277,24426.668313962935
3694,136,24426.668313962935,24434.589863830242
3695,158,23426.933178963944,23448.158950552715
3695,159,23448.158950552715,23463.015576997172
3697,136,60965.664072284104,60977.128162026085
3699,72,57974.013044863379,57984.096800057952
3699,74,57984.096800057952,57993.464167272126
3701,10,72215.283278284944,72226.896676072429
3701,12,72226.896676072429,72238.172245586189
3701,14,72238.172245586189,72249.18268509263
3701,136,72342.800293479668,72353.158857614893
3701,138,72353.158857614893,72363.13273342741
3701,140,72363.13273342741,72374.715559108881
3701,142,72374.715559108881,72385.241459514044
3702,17,72691.313224244484,72700.530334078576
3704,38,75524.663106975961,75538.672478675275
3704,39,75538.672478675275,75553.755639659968
3705,71,63673.969613371999,63692.02494643884
3705,69,63692.02494643884,63708.078860532332
3705,127,63764.552129636417,63783.141224385436
3705,125,63783.141224385436,63795.288090462564
3706,128,28219.233361215,28233.864459588905
3706,130,28233.864459588905,28247.406302863146
3707,128,25737.122562048662,25748.364087423433
3707,130,25748.364087423433,25757.910084197767
3707,132,25757.910084197767,25767.149236046371
3707,134,25767.149236046371,25778.926710885764
3707,104,25803.527673419572,25818.237358964128
3708,103,31990.639475271259,32012.991872939663
3708,136,32046.524792170436,32065.068514281007
3708,138,32065.068514281007,32080.506619882766
3709,120,72140.448806979985,72155.08120014923
3709,122,72155.08120014923,72168.131148276647
3709,124,72168.131148276647,72181.020758390747
3709,126,72181.020758390747,72193.7230500023
3711,66,27629.174933713915,27644.35627447248
3711,128,27708.026125329539,27723.372299219351
3711,130,27723.372299219351,27738.120668080741
3712,81,69599.602900185244,69614.520389975121
3712,79,69614.520389975121,69628.604267895862
3712,77,69628.604267895862,69642.759296865712
3712,75,69642.759296865712,69662.831922821584
3712,73,69662.831922821584,69678.981126553641
3712,71,69678.981126553641,69693.979597866884
3712,69,69693.979597866884,69708.167781422308
3712,67,69708.167781422308,69723.164509431503
3712,65,69723.164509431503,69735.595323593472
3712,63,69735.595323593472,69750.048416318052
3712,61,69750.048416318052,69765.174210691956
3713,134,27044.439223771638,27061.452092281721
3713,136,27061.452092281721,27073.944457514208
3714,134,31698.084519054461,31714.67989869622
3714,136,31714.67989869622,31729.191583076703
3714,138,31729.191583076703,31745.101060192919
3714,140,31745.101060192919,31761.671662370776
3714,142,31761.671662370776,31776.065782242207
3715,65,23308.488572908194,23317.36571942642
3715,63,23317.36571942642,23326.354107615545
3715,61,23326.354107615545,23335.380663550706
3716,135,67421.072398930482,67435.097558713402
3716,133,67435.097558713402,67452.764356584492
3717,139,72251.812530527197,72261.744726238365
3717,137,72261.744726238365,72273.43188226757
3717,135,72273.43188226757,72284.932514816697
3717,133,72284.932514816697,72296.78699080048
3718,76,66262.556261126985,66282.278839638617
3718,78,66282.278839638617,66298.401631562287
3718,80,66298.401631562287,66312.148618258478
3720,147,30901.036981529873,30919.288147346
3720,125,30944.619013330062,30962.585649631681
3720,123,30962.585649631681,30979.957639057633
3721,120,61496.457113418037,61507.906239836993
3721,122,61507.906239836993,61520.153613364499
3721,124,61520.153613364499,61532.566379110081
3721,126,61532.566379110081,61544.830201901226
3722,113,32791.39995931014,32819.250139995216
3722,112,32819.250139995216,32838.580577351517
3723,71,68970.075060774208,68984.187634322458
3723,69,68984.187634322458,69003.403383376804
3723,127,69080.261267657712,69100.348588855224
3723,125,69100.348588855224,69119.498959662626
3724,136,34479.164587704996,34490.888083431106
3724,138,34490.888083431106,34501.634211009456
3724,140,34501.634211009456,34511.522897742303
3724,142,34511.522897742303,34522.213406659794
3725,87,33960.585809046788,33987.69697381989
3726,79,78554.854267837669,78563.05323849358
3726,77,78563.05323849358,78571.413618804218
3726,75,78571.413618804218,78579.735627013899
3726,73,78579.735627013899,78587.415648947193
3726,71,78587.415648947193,78594.921697726881
3726,69,78594.921697726881,78603.421708484937
3726,111,78628.344974597829,78641.339519101472
3727,76,35276.9540629494,35288.570156133799
3727,78,35288.570156133799,35300.029895528831
3727,80,35300.029895528831,35312.023178120406
3727,82,35312.023178120406,35326.202550710674
3728,0,71224.364937315782,71236.094285536718
3728,2,71236.094285536718,71247.510421263549
3728,4,71247.510421263549,71258.577645122568
3730,120,35219.256396007484,35229.879726147999
3730,122,35229.879726147999,35240.304139032072
3730,124,35240.304139032072,35251.140065968451
3730,126,35251.140065968451,35260.699910248739
3731,135,71705.043178968495,71717.858692213282
3732,71,37370.594208268347,37380.175396367522
3732,69,37380.175396367522,37388.827595266193
3733,128,65157.313680956868,65172.882710818107
3733,130,65172.882710818107,65186.724543725235
3733,132,65186.724543725235,65203.544239698065
3733,134,65203.544239698065,65218.254434576775
3733,136,65218.254434576775,65231.83540680477
3733,138,65231.83540680477,65247.452265927961
3733,140,65247.452265927961,65261.122651733909
3733,142,65261.122651733909,65274.444596653113
3734,128,73597.047260783846,73609.292679570863
3734,130,73609.292679570863,73624.618138726437
3735,98,72573.260111551674,72589.859672622944
3735,99,72589.859672622944,72607.888944712089
3736,62,68920.655795768325,68936.065684455418
3736,64,68936.065684455418,68953.277170309739
3736,66,68953.277170309739,68970.175693662779
3736,68,68970.175693662779,68989.174444841366
3736,70,68989.174444841366,69004.194652567574
3736,72,69004.194652567574,69020.467222430962
3736,74,69020.467222430962,69037.656736910227
3736,76,69037.656736910227,69054.842253627678
3736,78,69054.842253627678,69072.759285088105
3736,80,69072.759285088105,69088.064572231728
3736,82,69088.064572231728,69103.851277083406
3738,18,30994.411069299382,31013.525848292331
3739,66,63242.877736851166,63258.618187015425
3739,40,63292.723391740903,63312.501125393923
3740,122,66224.467962016322,66239.103808904489
3740,124,66239.103808904489,66252.403648911801
3740,126,66252.403648911801,66266.756203501092
3740,128,66266.756203501092,66281.523467781546
3740,130,66281.523467781546,66294.180422504054
3740,132,66294.180422504054,66308.768220217142
3740,134,66308.768220217142,66322.854827794887
3741,119,32931.523467600724,32951.939253053031
3741,118,32951.939253053031,32971.087221291258
3741,117,32971.087221291258,32990.979380924291
3741,116,32990.979380924291,33012.455572432365
3741,115,33012.455572432365,33037.971464265705
3741,114,33037.971464265705,33056.206240764135
3741,113,33056.206240764135,33079.86469172957
3741,112,33079.86469172957,33104.854680460361
3741,111,33104.854680460361,33126.702944302189
3742,135,64986.194476735211,65001.088223030427
3742,133,65001.088223030427,65017.294147668959
3742,131,65017.294147668959,65030.850748833014
3742,129,65030.850748833014,65044.663440199212
3743,6,56774.906846505444,56786.753319047704
3743,68,56827.559597026811,56839.132206804527
3743,70,56839.132206804527,56849.901802351371
3743,72,56849.901802351371,56860.811620512657
3743,74,56860.811620512657,56871.528082111363
3743,76,56871.528082111363,56881.03543457629
3743,78,56881.03543457629,56891.140491273596
3743,80,56891.140491273596,56901.449021693021
3744,139,61490.622217916905,61502.902444579951
3744,137,61502.902444579951,61514.881276857675
3744,135,61514.881276857675,61530.056481062464
3744,133,61530.056481062464,61544.487345575704
3744,131,61544.487345575704,61556.240060861652
3744,129,61556.240060861652,61568.072961248436
3744,111,61582.673993310891,61605.702294898241
3745,68,67410.663000408997,67428.665649655144
3745,70,67428.665649655144,67443.465904020326
3745,72,67443.465904020326,67463.928845022092
3746,139,48986.698106142729,48996.652203405676
3746,137,48996.652203405676,49007.347901115856
3747,127,32473.412117927714,32491.426039033904
3747,125,32491.426039033904,32504.318371980869
3747,123,32504.318371980869,32518.558728807471
3747,121,32518.558728807471,32531.505794845645
3748,152,39006.195809031989,39020.853240471522
3748,135,39031.645984741641,39041.807222614872
3748,133,39041.807222614872,39051.997762902633
3748,131,39051.997762902633,39063.956550376155
3748,129,39063.956550376155,39075.723536630321
3749,141,57556.306096949585,57567.19643328822
3749,139,57567.19643328822,57578.094285629639
3749,137,57578.094285629639,57588.115248019283
3749,135,57588.115248019283,57597.836164233267
3749,133,57597.836164233267,57607.442942479385
3749,131,57607.442942479385,57617.743427151589
3749,129,57617.743427151589,57627.493962188215
3749,127,57627.493962188215,57636.78081100194
3749,125,57636.78081100194,57646.917608321142
3749,123,57646.917608321142,57657.463117335799
3749,121,57657.463117335799,57667.770832325703
3750,135,65670.195056321376,65687.188713448952
3750,133,65687.188713448952,65708.030123589022
3750,131,65708.030123589022,65732.133325267729
3750,129,65732.133325267729,65751.148124340369
3750,127,65751.148124340369,65773.24004512254
3750,125,65773.24004512254,65787.934371334093
3750,123,65787.934371334093,65805.707159235477
3750,121,65805.707159235477,65823.788979724981
3751,133,70734.654991809541,70749.923095768434
3751,131,70749.923095768434,70767.074588485033
3751,129,70767.074588485033,70781.044315103063
3751,111,70797.796960960433,70813.310819565289
3752,81,36898.15852723713,36909.206959324525
3752,79,36909.206959324525,36919.520061165138
3752,77,36919.520061165138,36930.534909258778
3752,75,36930.534909258778,36941.220488660365
3752,73,36941.220488660365,36952.427042001786
3753,143,72394.987121211889,72405.867518537736
3753,141,72405.867518537736,72416.278631868743
3753,139,72416.278631868743,72425.984363848271
3753,137,72425.984363848271,72438.244471026046
3753,135,72438.244471026046,72449.134671256979
3753,133,72449.134671256979,72461.794223805642
3753,131,72461.794223805642,72474.947310154254
3753,129,72474.947310154254,72488.32011506494
3753,127,72488.32011506494,72499.976145152221
3753,125,72499.976145152221,72511.152487728221
3754,136,28440.111615445057,28454.304759043032
3754,138,28454.304759043032,28473.382203884699
3754,140,28473.382203884699,28489.539521664068
3754,142,28489.539521664068,28505.765087573756
3755,113,64121.546579291906,64149.868036370019
3755,112,64149.868036370019,64163.910490134353
3755,27,64262.721428127421,64279.367978714305
3755,26,64279.367978714305,64298.936533429463
3756,83,25919.733190450934,25932.90846330077
3756,81,25932.90846330077,25945.873724370107
3756,79,25945.873724370107,25958.4427958489
3756,77,25958.4427958489,25970.453822381369
3756,55,25984.042209748972,26002.140309746639
3758,128,53750.722830358114,53760.312049271633
3758,130,53760.312049271633,53769.277467363667
3758,132,53769.277467363667,53778.242885455693
3758,134,53778.242885455693,53787.23304569941
3758,136,53787.23304569941,53796.878098475463
3759,83,35411.27006665185,35424.216507272853
3759,81,35424.216507272853,35437.31847405131
3759,79,35437.31847405131,35446.806880793134
3759,77,35446.806880793134,35457.410751429947
3759,75,35457.410751429947,35467.492356372837
3759,73,35467.492356372837,35479.269719857679
3759,71,35479.269719857679,35489.186659661747
3759,69,35489.186659661747,35498.970771120032
3759,67,35498.970771120032,35511.721645003585
3759,65,35511.721645003585,35524.142450678351
3760,77,69214.618521027194,69230.203833847132
3760,75,69230.203833847132,69246.666422391092
3760,73,69246.666422391092,69267.695521425616
3760,71,69267.695521425616,69281.719420344118
3760,69,69281.719420344118,69297.211140030748
3760,67,69297.211140030748,69313.404911148958
3760,65,69313.404911148958,69327.802884869277
3761,159,38638.607170702177,38656.984426566974
3761,68,38719.823294336245,38729.400041589921
3761,70,38729.400041589921,38740.255928133185
3761,72,38740.255928133185,38751.272506064255
3761,74,38751.272506064255,38760.476763015846
3762,148,67053.625105763611,67072.537197197977
3762,127,67087.943248180833,67105.179568404914
3762,125,67105.179568404914,67120.669263154923
3762,123,67120.669263154923,67139.35350564972
3763,141,62968.965401232788,62980.978955107421
3763,139,62980.978955107421,62994.284726849859
3763,137,62994.284726849859,63009.331209451986
3763,135,63009.331209451986,63021.768550012086
3763,133,63021.768550012086,63039.042044777685
3763,131,63039.042044777685,63055.362066813403
3765,64,67527.467272426991,67545.729954512353
3765,66,67545.729954512353,67557.296675516409
3765,128,67624.457139655788,67639.883055126469
3765,130,67639.883055126469,67653.272095544206
3766,64,68918.013937019641,68932.135800916789
3766,66,68932.135800916789,68946.495582496922
3766,68,68946.495582496922,68959.708607577675
3766,70,68959.708607577675,68972.413800588489
3766,72,68972.413800588489,68987.567783649851
3766,74,68987.567783649851,69002.672061507459
3768,143,35964.803586267437,35974.662859592609
3768,141,35974.662859592609,35984.529964277208
3768,139,35984.529964277208,35994.009937002651
3768,137,35994.009937002651,36002.485409468776
3768,135,36002.485409468776,36010.612490261898
3768,133,36010.612490261898,36018.988358697148
3768,131,36018.988358697148,36027.99774330626
3768,129,36027.99774330626,36037.122307406615
3769,68,68929.407759801528,68945.002416680247
3769,70,68945.002416680247,68960.672185564559
3769,72,68960.672185564559,68979.212785620693
3770,131,63551.764759559075,63570.428780852017
3770,129,63570.428780852017,63584.279073616803
3770,127,63584.279073616803,63600.018260521145
3771,148,40238.867165436473,40252.114702431281
3771,27,40334.398714072224,40350.413256935222
3771,26,40350.413256935222,40364.304173808225
3772,46,67974.253724052964,67992.914614217079
3772,47,67992.914614217079,68010.544401600971
3773,135,46574.326396222554,46582.911050072216
3774,122,22982.52269579835,22993.446166044218
3774,124,22993.446166044218,23003.805843116923
3774,126,23003.805843116923,23013.211597607409
3775,128,61784.047553010467,61798.742351845918
3775,130,61798.742351845918,61811.608571229801
3775,132,61811.608571229801,61823.401922808262
3775,134,61823.401922808262,61834.267965362211
3776,132,66526.979033479874,66543.374354293133
3776,134,66543.374354293133,66560.736624352052
3776,136,66560.736624352052,66575.70337080177
3776,138,66575.70337080177,66593.277290522936
3776,140,66593.277290522936,66610.009846533416
3776,142,66610.009846533416,66627.550166227476
3777,83,55556.108646473192,55566.383484525097
3777,81,55566.383484525097,55576.226011932311
3777,79,55576.226011932311,55587.735147797568
3777,77,55587.735147797568,55598.988137697081
3777,75,55598.988137697081,55610.338941603106
3777,73,55610.338941603106,55622.911708662061
3777,71,55622.911708662061,55634.9347850146
3777,69,55634.9347850146,55646.43871475217
3778,126,44479.363044899976,44490.789213436008
3778,128,44490.789213436008,44499.531895092921
3778,130,44499.531895092921,44508.412105851108
3778,132,44508.412105851108,44521.076011402045
3778,134,44521.076011402045,44533.648309009521
3778,136,44533.648309009521,44544.691539570777
3779,157,28254.204139618803,28271.490790269174
3780,120,45285.084338810047,45294.698864029451
3780,122,45294.698864029451,45303.313224560639
3780,124,45303.313224560639,45311.004528695048
3780,126,45311.004528695048,45318.769641427214
3780,128,45318.769641427214,45328.301499346104
3780,130,45328.301499346104,45339.428155976202
3780,132,45339.428155976202,45349.530909172609
3780,134,45349.530909172609,45358.296887293836
3782,83,31052.020871487934,31075.972275498949
3782,81,31075.972275498949,31099.718504061075
3782,79,31099.718504061075,31114.272176567647
3782,77,31114.272176567647,31131.854156653786
3782,75,31131.854156653786,31157.661736187285
3782,73,31157.661736187285,31180.589901790208
3783,75,35383.595974506461,35397.286089682922
3783,73,35397.286089682922,35409.775269222533
3785,75,77464.455087734823,77474.748359714082
3785,73,77474.748359714082,77484.207879637252
3785,71,77484.207879637252,77496.095507051403
3786,120,24097.628080409828,24107.66410171544
3786,122,24107.66410171544,24118.187336179017
3786,124,24118.187336179017,24128.771284568553
3786,126,24128.771284568553,24137.457271577619
3787,141,71291.852743388488,71304.067325844793
3788,137,52217.080976316138,52226.803831599878
3788,135,52226.803831599878,52236.958236176979
3788,133,52236.958236176979,52249.509120141651
3788,131,52249.509120141651,52261.056616893366
3788,129,52261.056616893366,52270.378253662697
3788,127,52270.378253662697,52280.063169944908
3788,125,52280.063169944908,52290.780695905829
3788,123,52290.780695905829,52299.937037918426
3788,121,52299.937037918426,52311.239094976292
3789,32,29986.973880874451,30010.384013969502
3789,136,30178.095140526755,30198.645103079689
3789,138,30198.645103079689,30218.666286440581
3789,140,30218.666286440581,30241.51836274199
3790,71,73810.474434815886,73822.706328652494
3790,69,73822.706328652494,73835.031132668359
3791,83,70437.684745550418,70451.186046875271
3791,81,70451.186046875271,70464.746123595818
3791,79,70464.746123595818,70478.205707464585
3791,77,70478.205707464585,70491.608936568213
3791,135,70536.854360112993,70549.62663866792
3791,133,70549.62663866792,70566.844642202836
3791,131,70566.844642202836,70579.218727003943
3791,129,70579.218727003943,70594.22209218271
3791,127,70594.22209218271,70606.847586995005
3794,83,78011.191913095783,78020.250198105496
3794,81,78020.250198105496,78028.748694444075
3794,79,78028.748694444075,78037.82690009111
3794,77,78037.82690009111,78046.535257833151
3794,75,78046.535257833151,78055.873060388156
3795,83,47083.305848076612,47090.805921043902
3795,81,47090.805921043902,47099.332487500156
3795,79,47099.332487500156,47107.907832212652
3795,77,47107.907832212652,47116.047624498104
3795,75,47116.047624498104,47124.127104560117
3795,73,47124.127104560117,47133.080852536979
3795,71,47133.080852536979,47141.802663205257
3795,69,47141.802663205257,47151.022715297942
3795,67,47151.022715297942,47160.71570110046
3795,65,47160.71570110046,47169.951960389197
3795,63,47169.951960389197,47179.034895498437
3795,61,47179.034895498437,47187.883209125255
3796,99,24695.901773277117,24719.685089274379
3796,100,24719.685089274379,24741.006081380423
3796,101,24741.006081380423,24760.713987080555
3797,147,68405.245354918865,68421.589743270641
3798,133,23582.678813528008,23598.074293682799
3798,131,23598.074293682799,23610.265013517161
3798,129,23610.265013517161,23622.88471838777
3799,143,35073.678706040751,35091.339151812834
3799,141,35091.339151812834,35106.582876262619
3799,139,35106.582876262619,35117.313371788827
3799,137,35117.313371788827,35132.088976964391
3800,70,50318.934746838495,50329.168033715723
3800,72,50329.168033715723,50336.439615679927
3801,128,68638.311447207932,68660.077641381096
3801,130,68660.077641381096,68673.254668634676
3801,132,68673.254668634676,68689.585482795825
3801,134,68689.585482795825,68702.727492375605
3801,104,68734.346887021413,68754.90901708309
3803,74,70629.754658059945,70644.867069451604
3803,136,70705.486112594954,70718.461252649009
3803,138,70718.461252649009,70731.152242925062
3803,140,70731.152242925062,70744.272080059876
3803,142,70744.272080059876,70759.475647658561
3804,86,28514.027210823951,28535.020392792994
3804,85,28535.020392792994,28552.285771054387
3804,84,28552.285771054387,28569.561646942111
3805,127,46798.469234582422,46805.747734117256
3805,125,46805.747734117256,46813.8586817178
3805,123,46813.8586817178,46822.686434972115
3805,121,46822.686434972115,46831.060389414837
3806,52,51183.071312658212,51198.056487019545
3806,68,51209.094809170798,51221.327441205358
3806,70,51221.327441205358,51231.430232800303
3806,72,51231.430232800303,51243.38229846891
3806,74,51243.38229846891,51253.23510250153
3806,136,51295.987834984364,51305.85414337313
3806,138,51305.85414337313,51318.553654460717
3807,72,39626.440327962162,39637.620699771833
3807,74,39637.620699771833,39646.711932481201
3807,136,39695.425383322479,39706.402276540335
3807,138,39706.402276540335,39717.702465234863
3807,140,39717.702465234863,39728.748643813902
3807,142,39728.748643813902,39739.638167017532
3809,23,45000.418131620332,45009.401378140123
3809,21,45009.401378140123,45018.381643320237
3809,19,45018.381643320237,45026.331124782082
3809,17,45026.331124782082,45032.646784779696
3809,15,45032.646784779696,45040.862012133024
3809,13,45040.862012133024,45049.07723948636
3810,67,41006.011136993504,41016.103906515462
3810,65,41016.103906515462,41025.864092004209
3810,63,41025.864092004209,41037.477284567307
3812,0,29485.463958451801,29504.277731696788
3812,2,29504.277731696788,29520.646860870998
3812,4,29520.646860870998,29536.775399317328
3812,6,29536.775399317328,29557.337480156049
3812,8,29557.337480156049,29579.021867751369
3812,10,29579.021867751369,29595.234619168023
3812,12,29595.234619168023,29611.527382372049
3812,14,29611.527382372049,29625.555795885153
3812,16,29625.555795885153,29643.854367065185
3812,18,29643.854367065185,29660.974728927547
3812,20,29660.974728927547,29680.013140916944
3812,22,29680.013140916944,29705.065515897015
3813,77,66184.423126605281,66198.563342087014
3814,42,68693.604184768803,68714.759329066175
3814,43,68714.759329066175,68732.785301569311
3815,32,71995.54152928741,72013.323975159772
3815,135,72090.616055867038,72102.945294135541
3815,133,72102.945294135541,72113.827406781624
3815,131,72113.827406781624,72125.93734838978
3815,129,72125.93734838978,72136.893410075194
3815,127,72136.893410075194,72151.043575050877
3815,125,72151.043575050877,72163.731254238199
3815,123,72163.731254238199,72172.517806512973
3815,121,72172.517806512973,72186.735671124305
3816,63,72834.401866745218,72843.939404591772
3816,61,72843.939404591772,72853.476942438312
3817,67,27877.805360623846,27896.482063136766
3818,80,51936.187344748745,51946.087554568585
3818,82,51946.087554568585,51958.163013020079
3819,77,63132.44639249827,63146.436103631015
3819,15,63205.590115687119,63220.286219861438
3821,136,28222.208282967487,28237.928458131199
3821,138,28237.928458131199,28252.343180832748
3821,140,28252.343180832748,28268.498810805893
3822,79,65489.805223900687,65503.056401482885
3822,77,65503.056401482885,65517.142480763861
3822,75,65517.142480763861,65536.905410421445
3822,73,65536.905410421445,65557.399400799492
3822,71,65557.399400799492,65574.773009005279
3822,69,65574.773009005279,65592.132550618553
3822,67,65592.132550618553,65610.212288752664
3822,65,65610.212288752664,65625.009623147096
3822,63,65625.009623147096,65645.385649420175
3822,61,65645.385649420175,65661.201497173693
3823,67,71600.657815405997,71614.953214001071
3823,65,71614.953214001071,71629.627760252682
3823,63,71629.627760252682,71645.221973971697
3824,120,63560.472885041061,63570.247880582378
3824,122,63570.247880582378,63580.554212271112
3824,124,63580.554212271112,63590.364135842348
3824,126,63590.364135842348,63601.686037851046
3824,128,63601.686037851046,63613.3242442095
3824,130,63613.3242442095,63624.273555425454
3826,60,65047.509042910548,65064.686319366716
3826,62,65064.686319366716,65082.134058398471
3826,64,65082.134058398471,65099.447378696161
3826,66,65099.447378696161,65114.107351027873
3826,68,65114.107351027873,65128.156795585608
3826,70,65128.156795585608,65145.616103941837
3827,141,37338.990879684585,37349.991274180451
3827,139,37349.991274180451,37359.381878054417
3827,137,37359.381878054417,37368.876401794623
3827,31,37437.800005128163,37450.174841431195
3827,30,37450.174841431195,37466.784996813913
3828,0,78226.438883642521,78233.60744074198
3828,2,78233.60744074198,78242.871361295533
3828,4,78242.871361295533,78249.962673815709
3831,90,66549.0740440113,66577.527157122895
3831,89,66577.527157122895,66601.796132066826
3831,88,66601.796132066826,66621.995865845121
3831,87,66621.995865845121,66645.856798661451
3831,86,66645.856798661451,66675.432734248985
3831,85,66675.432734248985,66697.737609457588
3833,2,47997.356091729402,48008.91967218629
3833,4,48008.91967218629,48019.77117331115
3833,6,48019.77117331115,48029.320065895714
3833,8,48029.320065895714,48038.93522126539
3833,10,48038.93522126539,48050.391404367489
3833,12,48050.391404367489,48061.772283871316
3833,14,48061.772283871316,48072.792660158411
3833,76,48114.851619244182,48125.586986233131
3833,78,48125.586986233131,48137.280711657266
3835,80,63251.670882663624,63265.658700819149
3835,82,63265.658700819149,63278.471293485985
3836,70,63063.568694795751,63081.886104758843
3836,72,63081.886104758843,63093.897034968322
3836,74,63093.897034968322,63110.526218840037
3836,76,63110.526218840037,63124.245091704142
3836,78,63124.245091704142,63138.743518198651
3836,80,63138.743518198651,63155.010744635227
3837,10,66431.006064378395,66447.967257793629
3837,12,66447.967257793629,66462.346146134529
3837,14,66462.346146134529,66481.055546351286
3837,16,66481.055546351286,66498.43399031079
3837,18,66498.43399031079,66515.498073130453
3837,20,66515.498073130453,66532.619983938639
3837,22,66532.619983938639,66551.392501106733
3838,143,51786.230531456036,51794.114331345852
3838,141,51794.114331345852,51801.580937853571
3838,139,51801.580937853571,51809.770967327102
3838,137,51809.770967327102,51817.685599051285
3838,135,51817.685599051285,51825.259380292096
3838,133,51825.259380292096,51834.222154822943
3838,131,51834.222154822943,51842.521161556891
3838,129,51842.521161556891,51849.358985798433
3838,27,51907.197021808512,51925.778430437116
3839,131,40859.027140381375,40867.682405286832
3839,129,40867.682405286832,40876.589790943653
3840,1,51921.462657828932,51930.546729227084
3841,74,52683.376605628029,52693.02349766824
3841,136,52725.874882130556,52733.135616759544
3841,138,52733.135616759544,52740.258462521691
3841,140,52740.258462521691,52746.690867262987
3841,142,52746.690867262987,52755.323197776255
3842,115,68429.264158627135,68443.958739814887
3843,120,26792.962266789866,26804.975577127017
3843,122,26804.975577127017,26815.223677879039
3843,124,26815.223677879039,26829.08068572772
3843,126,26829.08068572772,26840.068598714312
3843,128,26840.068598714312,26851.949994673265
3843,130,26851.949994673265,26863.890905492059
3843,132,26863.890905492059,26875.186309744229
3843,134,26875.186309744229,26885.077647283248
3844,62,30150.976411570311,30168.715144912851
3844,64,30168.715144912851,30183.639092752892
3844,66,30183.639092752892,30202.623327601486
3846,65,66202.113601837293,66220.701177823357
3846,63,66220.701177823357,66240.883465446954
3847,126,49617.922064039878,49628.454895384988
3848,152,35912.236046866274,35922.833480258116
3848,135,35932.734295982933,35944.744698404043
3848,133,35944.744698404043,35956.800125478025
3848,131,35956.800125478025,35968.234454817146
3848,129,35968.234454817146,35979.66878415626
3848,127,35979.66878415626,35990.163986369982
3848,125,35990.163986369982,36002.433981821378
3849,65,73197.007442378337,73209.7179117794
3849,63,73209.7179117794,73220.871676177558
3849,61,73220.871676177558,73233.095999650555
3850,13,48691.836477169723,48703.079816386497
3850,11,48703.079816386497,48712.471382760203
3850,9,48712.471382760203,48722.208685195008
3851,128,32408.119162938794,32423.992766983414
3851,130,32423.992766983414,32440.665497189322
3851,132,32440.665497189322,32455.315423313063
3851,134,32455.315423313063,32471.671901983875
3852,133,72078.241314080427,72091.138926064217
3852,131,72091.138926064217,72103.926856817823
3852,129,72103.926856817823,72115.333935300761
3852,127,72115.333935300761,72126.709984098314
3852,125,72126.709984098314,72138.17253318704
3852,123,72138.17253318704,72147.68717465509
3854,2,46286.384239293715,46297.073804957967
3854,4,46297.073804957967,46307.763370622211
3854,6,46307.763370622211,46318.049796108804
3854,8,46318.049796108804,46327.997356421307
3854,10,46327.997356421307,46337.886669612868
3854,12,46337.886669612868,46348.131968419999
3854,14,46348.131968419999,46358.54805199687
3856,135,70589.774091149011,70601.840063465221
3856,133,70601.840063465221,70615.892017855847
3857,87,28137.401434126557,28168.745267414775
3857,86,28168.745267414775,28190.623302593998
3857,85,28190.623302593998,28212.978174078442
3857,84,28212.978174078442,28230.339436408543
3858,27,26751.989662372511,26771.788093298666
3859,23,78558.455159042031,78568.721793431832
3859,21,78568.721793431832,78579.88669326836
3859,19,78579.88669326836,78590.337953304246
3859,17,78590.337953304246,78600.336444459434
3859,15,78600.336444459434,78610.405777920489
3859,13,78610.405777920489,78621.336971831479
3859,11,78621.336971831479,78634.064844539083
3859,9,78634.064844539083,78643.630311694185
3863,126,31826.995226546933,31845.005292173671
3863,128,31845.005292173671,31866.135157773042
3863,130,31866.135157773042,31882.438303376239
3863,132,31882.438303376239,31900.076251687256
3863,134,31900.076251687256,31920.969765604958
3863,136,31920.969765604958,31938.160056871588
3863,138,31938.160056871588,31954.87822530825
3863,140,31954.87822530825,31972.13148044777
3863,142,31972.13148044777,31987.847582585735
3864,75,29884.087706055772,29906.83451958681
3864,73,29906.83451958681,29935.435689175836
3864,71,29935.435689175836,29959.75859172926
3864,69,29959.75859172926,29980.372081365986
3864,87,30003.291511439507,30027.944046520264
3865,2,50141.054613846143,50149.326781057898
3865,4,50149.326781057898,50156.480572046064
3865,6,50156.480572046064,50163.895786956957
3866,77,70937.613250303853,70949.95109728456
3866,75,70949.95109728456,70964.016706044786
3866,73,70964.016706044786,70980.408858942756
3866,71,70980.408858942756,70991.705505647973
3866,69,70991.705505647973,71003.268836522358
3867,75,60265.751357646986,60276.957845577104
3867,73,60276.957845577104,60288.598412642779
3867,71,60288.598412642779,60299.491968553884
3867,69,60299.491968553884,60309.351301509021
3867,127,60351.125832134552,60360.711599543967
3867,125,60360.711599543967,60370.201273616702
3867,123,60370.201273616702,60379.848172214071
3868,32,70051.989528127786,70075.099421396415
3868,135,70173.776174096594,70187.634308618595
3868,133,70187.634308618595,70203.601586511679
3868,131,70203.601586511679,70218.026103074546
3868,129,70218.026103074546,70230.505714382685
3868,127,70230.505714382685,70243.198583163961
3868,125,70243.198583163961,70254.891595313209
3869,120,60288.787348374375,60299.558365848294
3869,122,60299.558365848294,60307.768818324279
3869,124,60307.768818324279,60320.500864442729
3870,128,71528.400001186208,71540.275451585214
3872,83,36065.897337179806,36077.112975727046
3872,81,36077.112975727046,36088.098287652436
3872,79,36088.098287652436,36099.272003779646
3872,77,36099.272003779646,36110.236791864147
3872,75,36110.236791864147,36120.492948241015
3872,73,36120.492948241015,36130.09292858441
3872,71,36130.09292858441,36140.01928519419
3872,69,36140.01928519419,36150.805324610817
3872,27,36185.99344222527,36203.813201818171
3872,26,36203.813201818171,36219.226207944841
3873,32,37574.678910193375,37595.220125347107
3873,75,37628.461055742388,37638.188015609187
3873,73,37638.188015609187,37649.174990694984
3873,71,37649.174990694984,37658.599365926588
3873,69,37658.599365926588,37668.267746820777
3873,67,37668.267746820777,37678.708327715081
3874,8,25856.282912039565,25872.410253150672
3874,10,25872.410253150672,25885.139319117545
3874,12,25885.139319117545,25897.689783178794
3874,14,25897.689783178794,25907.982962830123
3874,76,25957.447398445533,25970.064992576128
3874,78,25970.064992576128,25983.113205203696
3875,8,27988.263369158565,28004.098679361228
3875,10,28004.098679361228,28021.198366602584
3875,12,28021.198366602584,28037.114481060929
3875,14,28037.114481060929,28052.921492684334
3875,136,28174.383900795325,28189.376326508333
3875,138,28189.376326508333,28205.797433111609
3876,136,36137.280902799481,36149.366353992373
3876,138,36149.366353992373,36162.994349201144
3877,142,33124.351223164194,33138.343160140685
3878,75,33691.431351260951,33709.052155729769
3878,73,33709.052155729769,33730.81807218722
3878,71,33730.81807218722,33750.653449718702
3878,69,33750.653449718702,33765.595743530524
3878,67,33765.595743530524,33784.42261290145
3878,65,33784.42261290145,33800.500842923269
3879,0,29573.049273641198,29589.126750781717
3879,2,29589.126750781717,29603.370379727829
3880,70,27062.730786085049,27076.114806743022
3880,72,27076.114806743022,27093.265264696765
3881,143,61580.471616329502,61592.765489646124
3881,141,61592.765489646124,61605.916642598459
3881,139,61605.916642598459,61617.297879723374
3881,137,61617.297879723374,61630.566263539964
3881,135,61630.566263539964,61643.250779479487
3881,133,61643.250779479487,61655.547650207161
3883,119,34118.12673725521,34138.009701921103
3883,118,34138.009701921103,34155.219709933299
3883,117,34155.219709933299,34172.879200085357
3883,116,34172.879200085357,34190.746857402351
3884,71,74923.95974922106,74935.087013065742
3884,69,74935.087013065742,74946.263151517269
3885,76,56166.037275788629,56174.74272658072
3885,78,56174.74272658072,56184.050594679749
3885,80,56184.050594679749,56193.444705138834
3885,82,56193.444705138834,56202.30776349338
3886,71,31050.586661612731,31068.426256082268
3886,69,31068.426256082268,31081.830735856853
3886,127,31150.399259365433,31173.1493580159
3886,125,31173.1493580159,31187.797106261307
3886,123,31187.797106261307,31203.644136082818
3887,116,56207.327703843766,56225.693332687348
3887,75,56260.040795094479,56269.929940786715
3887,73,56269.929940786715,56281.218439783574
3887,71,56281.218439783574,56292.387104143323
3887,69,56292.387104143323,56304.492410244027
3887,67,56304.492410244027,56314.626015814567
3887,65,56314.626015814567,56324.762572195672
3887,63,56324.762572195672,56336.424966265105
3888,121,72368.405362260935,72380.343251284488
3890,64,26040.395808835554,26053.823424020826
3890,66,26053.823424020826,26068.333589831818
3890,68,26068.333589831818,26081.52974403201
3890,70,26081.52974403201,26095.254871591991
3890,72,26095.254871591991,26108.993396327238
3890,74,26108.993396327238,26122.937547385245
3890,76,26122.937547385245,26136.544942829412
3890,78,26136.544942829412,26151.282724717123
3890,80,26151.282724717123,26164.175255958635
3890,82,26164.175255958635,26178.596869608558
3891,120,67930.371403953061,67942.204382403506
3891,122,67942.204382403506,67959.666233998607
3891,124,67959.666233998607,67976.5244101477
3891,126,67976.5244101477,67993.21912296908
3891,128,67993.21912296908,68013.252289215205
3891,130,68013.252289215205,68026.457742276732
3891,132,68026.457742276732,68047.618279050992
3891,134,68047.618279050992,68065.987913585763
3892,32,22766.827601570923,22780.342079770093
3894,0,51526.809820473878,51538.775100679253
3894,2,51538.775100679253,51548.168069713225
3895,122,56971.25867593474,56982.519432666566
3895,124,56982.519432666566,56992.441905937965
3895,126,56992.441905937965,57002.364379209364
3896,75,44868.450838976649,44877.298609680271
3896,73,44877.298609680271,44886.112647369548
3896,71,44886.112647369548,44896.160774119096
3897,124,59150.673384758804,59161.042191709326
3897,126,59161.042191709326,59170.040020940978
3898,23,69285.782471954852,69302.933806932124
3898,21,69302.933806932124,69316.119554347024
3898,19,69316.119554347024,69327.379727913329
3898,17,69327.379727913329,69339.605230740985
3898,15,69339.605230740985,69353.000112884823
3898,13,69353.000112884823,69365.607544629005
3898,11,69365.607544629005,69380.368667918039
3898,9,69380.368667918039,69395.70261073274
3898,7,69395.70261073274,69408.571444471323
3898,5,69408.571444471323,69420.661911966614
3898,3,69420.661911966614,69435.596988547564
3899,10,45198.454411538311,45210.827143538168
3900,126,67629.514663584938,67647.656307258614
3900,128,67647.656307258614,67663.190379957188
3900,130,67663.190379957188,67675.103588757891
3900,132,67675.103588757891,67688.654304796306
3900,134,67688.654304796306,67704.38420794798
3901,102,44827.26711266239,44842.468097184552
3901,103,44842.468097184552,44856.905212272417
3901,136,44873.683893074478,44881.485400499092
3901,138,44881.485400499092,44889.43727377781
3901,140,44889.43727377781,44898.110517566907
3902,130,29237.383702597574,29255.714249738598
3902,132,29255.714249738598,29272.02586802459
3902,134,29272.02586802459,29287.180963501134
3902,136,29287.180963501134,29300.880784187444
3902,138,29300.880784187444,29317.459432639749
3902,140,29317.459432639749,29339.339313769698
3903,135,66382.58654913152,66397.873281808192
3903,133,66397.873281808192,66424.796793770089
3903,131,66424.796793770089,66448.778120384915
3906,62,44037.35774549764,44048.211194163305
3906,64,44048.211194163305,44058.732013269211
3906,66,44058.732013269211,44068.842486368674
3906,68,44068.842486368674,44078.43833733481
3906,70,44078.43833733481,44088.325541891762
3908,133,32661.950260512269,32677.913869775562
3908,131,32677.913869775562,32697.478377177864
3909,62,41147.634485351067,41162.384546264686
3909,64,41162.384546264686,41170.172122997574
3909,66,41170.172122997574,41177.959699730462
3910,75,59557.325145025869,59568.930892324788
3910,73,59568.930892324788,59580.536639623708
3910,71,59580.536639623708,59591.950373783053
3910,69,59591.950373783053,59601.830235313231
3910,127,59639.017359663383,59647.612790299303
3910,125,59647.612790299303,59660.390163913165
3911,81,59569.963724943802,59581.528801087603
3911,79,59581.528801087603,59593.596433143728
3911,77,59593.596433143728,59605.016009806284
3911,75,59605.016009806284,59617.061842221869
3911,73,59617.061842221869,59628.525291690697
3911,71,59628.525291690697,59640.16074748808
3911,69,59640.16074748808,59652.049015227814
3911,67,59652.049015227814,59664.104941271835
3912,94,67185.261294220807,67206.832850447434
3912,93,67206.832850447434,67230.772164247523
3912,92,67230.772164247523,67256.725557482685
3913,134,50047.172367556814,50057.507294319905
3913,76,50096.020934020045,50104.656335269661
3913,78,50104.656335269661,50112.741232061242
3913,80,50112.741232061242,50123.972486365499
3914,28,78798.352859756546,78816.718331395008
3914,127,78897.148325050555,78905.53680669138
3914,125,78905.53680669138,78916.926255205282
3914,123,78916.926255205282,78929.030816730272
3914,121,78929.030816730272,78940.840199846571
3915,152,60571.766817203119,60587.930532716811
3915,75,60648.300399375439,60658.315850915198
3915,73,60658.315850915198,60669.824983762483
3915,71,60669.824983762483,60682.619918748293
3915,69,60682.619918748293,60690.837750640894
3917,74,33725.10894389997,33741.236662043921
3917,76,33741.236662043921,33755.690027530494
3917,78,33755.690027530494,33770.704997589914
3919,90,41850.566370181448,41866.563817200331
3919,89,41866.563817200331,41882.793727502227
3919,88,41882.793727502227,41900.056710968136
3920,10,29775.323231890517,29793.992415320459
3920,12,29793.992415320459,29813.264144150166
3920,14,29813.264144150166,29830.267519442525
3920,76,29910.719617485844,29933.469830788021
3921,75,36881.091337532074,36891.166827640867
3921,73,36891.166827640867,36901.98298678932
3921,71,36901.98298678932,36912.368549867489
3921,69,36912.368549867489,36921.815126609814
3921,111,36951.88961044421,36967.130111804596
3922,60,74229.128591422545,74242.922951135188
3922,62,74242.922951135188,74253.596122102186
3922,64,74253.596122102186,74265.743564886274
3922,66,74265.743564886274,74277.417072194905
3922,68,74277.417072194905,74288.268385639341
3922,70,74288.268385639341,74299.107491654489
3922,72,74299.107491654489,74311.539404540235
3922,74,74311.539404540235,74320.647697593668
3922,76,74320.647697593668,74331.152946935923
3922,78,74331.152946935923,74344.154496292569
3922,80,74344.154496292569,74358.099502394514
3923,129,63016.921696751611,63028.632228913797
3923,127,63028.632228913797,63044.419221353652
3923,125,63044.419221353652,63056.546744799198
3923,123,63056.546744799198,63072.889159708422
3923,121,63072.889159708422,63087.430475556423
3924,83,30172.535294018009,30188.692958742027
3925,74,64776.027361939494,64788.40097135814
3925,76,64788.40097135814,64802.691239944157
3925,78,64802.691239944157,64815.363335916518
3925,80,64815.363335916518,64827.134684901677
3927,75,21966.417157995897,21977.399218604984
3927,73,21977.399218604984,21988.280397229119
3927,71,21988.280397229119,21998.262483445178
3927,69,21998.262483445178,22007.187303650258
3927,27,22035.644647321984,22050.087285808633
3928,120,22377.67425005206,22388.779667472376
3928,122,22388.779667472376,22398.42509086668
3928,124,22398.42509086668,22408.451408144887
3928,126,22408.451408144887,22418.703859215017
3928,8,22503.647521398172,22516.145171401673
3930,73,34539.716191558255,34557.748250702403
3930,71,34557.748250702403,34573.607836208939
3930,69,34573.607836208939,34583.641632940831
3930,67,34583.641632940831,34598.768064125929
3930,65,34598.768064125929,34610.933671643943
3930,63,34610.933671643943,34625.586389603843
3931,32,69299.204768262396,69318.206922599187
3931,135,69405.506423715866,69420.361163673384
3931,133,69420.361163673384,69435.053490321472
3931,131,69435.053490321472,69449.615419576934
3931,129,69449.615419576934,69460.735763258563
3931,127,69460.735763258563,69475.294455911164
3931,125,69475.294455911164,69486.944958489592
3933,135,24322.573268318803,24334.675130011994
3933,133,24334.675130011994,24344.82872013927
3933,131,24344.82872013927,24356.000320281317
3933,129,24356.000320281317,24369.670750692534
3933,127,24369.670750692534,24381.206493474081
3933,125,24381.206493474081,24392.581318930326
3933,123,24392.581318930326,24402.647955340934
3933,121,24402.647955340934,24412.937192959933
3934,14,69588.025952068376,69600.690990174975
3937,60,40154.471463513299,40164.359518275829
3937,62,40164.359518275829,40173.938594735278
3937,64,40173.938594735278,40183.4651659316
3937,66,40183.4651659316,40193.07319930799
3937,128,40232.656839957577,40241.85924173666
3937,130,40241.85924173666,40252.997452099677
3938,143,57769.295173385181,57782.868674828889
3938,141,57782.868674828889,57795.783278877447
3938,139,57795.783278877447,57803.856525117553
3938,137,57803.856525117553,57814.702743955924
3938,91,57851.858068747395,57870.698579415424
3939,152,67531.746297720674,67551.184324560352
3939,15,67711.941757872759,67733.934187909443
3939,13,67733.934187909443,67749.758669826522
3939,11,67749.758669826522,67767.284322743915
3939,9,67767.284322743915,67791.48776065874
3939,7,67791.48776065874,67809.563102215761
3939,5,67809.563102215761,67828.2504788472
3939,3,67828.2504788472,67844.81927906831
3942,60,37154.970462642217,37165.948520314676
3942,62,37165.948520314676,37179.187963360491
3942,64,37179.187963360491,37189.81235680954
3942,66,37189.81235680954,37200.995616867971
3942,68,37200.995616867971,37211.896988198067
3942,70,37211.896988198067,37222.436549222883
3942,72,37222.436549222883,37232.555022357927
3942,74,37232.555022357927,37242.949283340917
3943,126,29902.310841449882,29917.768451286065
3943,100,29948.335464610551,29965.800704684323
3943,10,30080.530743927091,30094.329517759339
3944,70,66987.820609127302,67001.584672265599
3944,72,67001.584672265599,67024.566058831755
3944,74,67024.566058831755,67039.906154096403
3944,76,67039.906154096403,67059.620840894422
3944,78,67059.620840894422,67075.24185812322
3944,80,67075.24185812322,67088.324602673936
3944,82,67088.324602673936,67103.236578812764
3945,79,25544.621610711078,25557.55641689133
3945,77,25557.55641689133,25567.485302345063
3946,67,78110.781571062995,78119.095325350267
3946,65,78119.095325350267,78126.982437947881
3948,120,71894.116937369239,71905.449917208418
3948,122,71905.449917208418,71918.673431619653
3948,124,71918.673431619653,71927.640373123591
3948,126,71927.640373123591,71937.449268247423
3948,128,71937.449268247423,71949.308935419278
3948,130,71949.308935419278,71960.347824388533
3948,132,71960.347824388533,71975.673109735071
3949,152,66866.825645063451,66883.074387097397
3949,115,66916.605782742845,66932.280847672271
3950,83,64338.161335547295,64357.350575804594
3950,81,64357.350575804594,64373.151501232605
3950,79,64373.151501232605,64384.982048433601
3950,77,64384.982048433601,64398.506144876686
3950,75,64398.506144876686,64412.462174513763
3950,73,64412.462174513763,64432.153136026565
3950,71,64432.153136026565,64446.870024243304
3950,69,64446.870024243304,64459.313747528598
3951,111,78809.64883501154,78823.576717241012
3953,135,25118.13939122474,25128.622020431609
3953,133,25128.622020431609,25142.444125243681
3953,131,25142.444125243681,25154.891865208945
3953,129,25154.891865208945,25169.429782784795
3953,127,25169.429782784795,25183.143015275778
3953,125,25183.143015275778,25194.306660774404
3953,123,25194.306660774404,25207.816782288584
3954,70,68834.762096120976,68849.983718264441
3954,72,68849.983718264441,68867.707333323051
3954,74,68867.707333323051,68882.176909445872
3954,76,68882.176909445872,68895.877209167156
3954,78,68895.877209167156,68908.422581398583
3954,80,68908.422581398583,68921.888489476114
3954,82,68921.888489476114,68938.963085860742
3955,152,32442.065356275092,32462.013307545265
3955,135,32473.518676009193,32485.478061049176
3955,133,32485.478061049176,32501.82952340359
3955,131,32501.82952340359,32522.35605195352
3955,129,32522.35605195352,32536.513952658152
3955,127,32536.513952658152,32552.584742250274
3955,125,32552.584742250274,32569.003730492255
3955,123,32569.003730492255,32583.673838112198
3955,121,32583.673838112198,32606.123115479855
3956,128,65372.409170085302,65386.992654239431
3956,130,65386.992654239431,65402.077350550629
3956,132,65402.077350550629,65418.730037655019
3956,134,65418.730037655019,65434.299202256538
3956,136,65434.299202256538,65446.626850052351
3956,138,65446.626850052351,65458.633322952584
3956,140,65458.633322952584,65471.017437943286
3956,142,65471.017437943286,65484.722111353112
3957,60,68725.667531285653,68741.886386515733
3957,62,68741.886386515733,68758.963660297653
3957,64,68758.963660297653,68773.702593017093
3957,66,68773.702593017093,68788.981732458502
3957,128,68862.617540369014,68876.997961930989
3957,130,68876.997961930989,68890.317045139411
3958,111,66810.5503729677,66829.391073347899
3959,120,68199.846971213716,68215.392999758027
3959,122,68215.392999758027,68229.662627963509
3959,124,68229.662627963509,68246.984190733565
3959,126,68246.984190733565,68264.082373989178
3959,68,68339.383273401545,68359.371100487318
3961,23,75409.362788128929,75419.992232572462
3961,21,75419.992232572462,75430.49919099432
3961,19,75430.49919099432,75440.845455255592
3961,17,75440.845455255592,75450.85705102286
3961,15,75450.85705102286,75460.591586082097
3961,13,75460.591586082097,75470.247280281386
3961,11,75470.247280281386,75479.317465159183
3961,9,75479.317465159183,75488.387650036981
3961,7,75488.387650036981,75500.274565330546
3961,5,75500.274565330546,75512.92034320574
3962,103,70573.263302946973,70588.468418208475
3965,79,47922.606780921647,47930.540984218715
3965,77,47930.540984218715,47937.654920429341
3965,75,47937.654920429341,47946.272749870506
3965,73,47946.272749870506,47954.231164479614
3965,71,47954.231164479614,47961.734821559738
3965,69,47961.734821559738,47970.403868975052
3966,128,69838.964134330134,69853.115118213464
3966,130,69853.115118213464,69867.130755592123
3966,132,69867.130755592123,69883.731242457259
3966,134,69883.731242457259,69897.550166916815
3966,44,69983.696245328014,70001.455120596045
3968,158,67522.188354199505,67543.803639251099
3968,159,67543.803639251099,67563.097396768877
3969,60,45871.470264176518,45881.748568894305
3969,62,45881.748568894305,45890.544577648609
3969,64,45890.544577648609,45898.796300126582
3969,66,45898.796300126582,45908.107313276887
3969,68,45908.107313276887,45916.97776051789
3969,70,45916.97776051789,45924.820982561381
3969,72,45924.820982561381,45933.513339548677
3969,74,45933.513339548677,45942.344563331753
3969,76,45942.344563331753,45950.399910446293
3969,78,45950.399910446293,45958.327453673868
3969,80,45958.327453673868,45968.323399944587
3970,128,54559.602648364184,54568.939906876723
3970,130,54568.939906876723,54578.64636574695
3970,132,54578.64636574695,54587.254999672179
3971,76,77409.806173002435,77418.896043655826
3971,78,77418.896043655826,77427.724701324551
3971,80,77427.724701324551,77437.52667697343
3971,82,77437.52667697343,77446.32814835888
3972,74,41075.829463478243,41088.434646249996
3972,76,41088.434646249996,41098.016017889822
3972,78,41098.016017889822,41108.209833078254
3972,80,41108.209833078254,41118.072224415984
3972,82,41118.072224415984,41127.158082807444
3973,39,65719.298679385844,65742.324983553772
3973,8,65782.296344018614,65802.706521678701
3973,10,65802.706521678701,65817.319935067353
3973,12,65817.319935067353,65831.538532179853
3973,14,65831.538532179853,65845.293984556571
3973,16,65845.293984556571,65863.271400711543
3973,18,65863.271400711543,65877.980165682267
3976,33,61316.238963839955,61333.655650158333
3976,32,61333.655650158333,61351.983512514642
3977,128,23286.653015482127,23295.181992143669
3978,133,33656.629125028805,33677.228074479681
3978,131,33677.228074479681,33696.41381906232
3978,129,33696.41381906232,33714.574891118871
3978,127,33714.574891118871,33734.196774320473
3978,125,33734.196774320473,33747.039311172732
3978,123,33747.039311172732,33760.997307888123
3978,121,33760.997307888123,33780.085104319667
3979,76,25633.262344579845,25643.763418653038
3979,78,25643.763418653038,25653.871155106066
3979,80,25653.871155106066,25662.549154112425
3979,82,25662.549154112425,25672.187765826784
3980,13,66818.711942637106,66835.701754012203
3981,79,67589.237619258376,67603.312779842498
3981,77,67603.312779842498,67615.957862868265
3981,75,67615.957862868265,67629.436705968314
3981,73,67629.436705968314,67645.431174623183
3981,71,67645.431174623183,67659.433317846895
3981,69,67659.433317846895,67673.043476396153
3981,111,67717.322516636967,67733.192951229066
3981,110,67733.192951229066,67751.952171874451
3982,120,68905.478162550586,68919.719199663203
3982,122,68919.719199663203,68931.84874169188
3982,124,68931.84874169188,68945.972590991703
3982,126,68945.972590991703,68959.041692843428
3982,128,68959.041692843428,68971.621759080037
3982,130,68971.621759080037,68986.978527950821
3982,132,68986.978527950821,69004.062579114499
3982,134,69004.062579114499,69019.978554217931
3982,76,69083.431833650058,69099.153316548574
3982,78,69099.153316548574,69115.4459336367
3982,80,69115.4459336367,69131.736280672238
3984,16,36464.986736557468,36475.929886027021
3984,18,36475.929886027021,36487.108195291687
3984,20,36487.108195291687,36498.896464595753
3984,22,36498.896464595753,36508.444194774624
3985,39,47812.933430719262,47830.890789863159
3985,8,47853.305846917938,47863.05876294351
3985,10,47863.05876294351,47872.695132204542
3985,12,47872.695132204542,47881.531043549774
3985,14,47881.531043549774,47890.32695080644
3985,16,47890.32695080644,47900.476372317731
3985,18,47900.476372317731,47911.303802362512
3985,20,47911.303802362512,47921.770209650451
3986,128,69588.518237633281,69602.765740586168
3986,130,69602.765740586168,69615.458589227492
3986,132,69615.458589227492,69631.896933829834
3987,19,67529.827594175207,67545.960251183307
3987,17,67545.960251183307,67562.256273884326
3987,135,67707.366714123753,67724.397756019491
3987,133,67724.397756019491,67744.164982921706
3987,131,67744.164982921706,67770.477027701258
3987,129,67770.477027701258,67786.264410973439
3989,132,63322.024460237131,63337.338313128101
3989,134,63337.338313128101,63351.529572734682
3989,136,63351.529572734682,63363.501553410715
3989,138,63363.501553410715,63375.543939132534
3989,140,63375.543939132534,63388.905845291098
3991,98,48396.940824892234,48412.877826168187
3991,99,48412.877826168187,48427.977632409311
3992,9,54721.765250133765,54731.453278990222
3992,7,54731.453278990222,54740.521773531764
3992,5,54740.521773531764,54749.623199272392
3992,3,54749.623199272392,54758.833259063307
3994,6,55938.362259798305,55949.443493491337
3996,127,68660.924505758478,68677.421271585466
3996,125,68677.421271585466,68691.979694337177
3996,123,68691.979694337177,68706.194807293403
3996,121,68706.194807293403,68720.823542836748
3997,136,75669.983272560159,75679.859629639061
3997,138,75679.859629639061,75689.655668469233
3997,140,75689.655668469233,75699.398472439629
3997,142,75699.398472439629,75708.565096576567
3998,46,67414.525135899283,67434.996673507558
3998,47,67434.996673507558,67454.312340888151
3999,135,58530.189601633851,58541.145566193409
3999,133,58541.145566193409,58554.099119965591
