segment_id,bin,n,speed_mps,published
0,1,1,12.190576927129861,False
0,3,2,11.696628020937093,False
0,4,1,12.826513405729658,False
0,7,1,12.23000767585933,False
0,8,3,8.0858457371004899,True
0,10,1,8.4043654432542692,False
0,11,2,6.9501495631877468,False
0,18,1,15.087369907389506,False
0,25,1,14.16037998576498,False
0,26,1,16.204186050596284,False
0,28,1,14.286930579034207,False
0,31,1,12.399293065060832,False
0,33,2,13.214069788245379,False
0,44,1,12.300839130526374,False
0,45,1,10.509350066214429,False
0,46,1,10.256647859484463,False
0,47,1,8.5551716047571844,False
0,48,1,9.8782211751525359,False
0,49,1,7.3429320224630796,False
0,54,1,8.3300323374266547,False
0,55,1,11.083309792778477,False
0,62,1,18.134751275129599,False
1,2,1,12.789356837251407,False
1,3,1,14.731628240251561,False
1,8,1,5.0120004625564958,False
1,13,2,7.4562513241544988,False
1,16,2,10.348432618539629,False
1,20,2,12.226699070963789,False
1,32,1,13.334988230492439,False
1,33,1,14.310763786624538,False
1,39,1,11.874647648324743,False
1,40,1,14.142546223347038,False
1,42,2,12.997239019985285,False
1,43,1,13.141313645705122,False
1,48,1,7.098607344547835,False
1,49,1,5.7345398312707543,False
1,52,1,4.8499210513036077,False
1,53,2,7.9749022617748961,False
1,54,1,8.7512271246651281,False
1,56,1,9.6593482207379786,False
1,58,2,13.702876185312952,False
1,59,1,14.538120191193309,False
2,1,2,12.186306404946475,False
2,3,4,11.152936717339166,True
2,4,1,14.386842556635587,False
2,5,2,11.105689012338182,False
2,6,1,9.2214432217455773,False
2,7,2,8.0202922776906753,False
2,8,3,8.3805942915020832,True
2,9,2,8.9506569996160987,False
2,10,1,9.0769745093333096,False
2,11,3,8.1825303779294778,True
2,12,3,9.72640795420131,True
2,13,1,10.278892726638968,False
2,14,1,10.264695549876784,False
2,15,1,11.377152858987928,False
2,16,1,10.61325157817223,False
2,18,1,13.555602158954491,False
2,19,1,12.273936665375185,False
2,20,1,13.98196074523282,False
2,22,1,14.772685414316031,False
2,25,2,14.434681987978852,False
2,26,1,14.427803442482642,False
2,27,1,12.161392154111148,False
2,28,1,14.357103894783002,False
2,29,1,11.242192717443356,False
2,30,2,15.20117548546221,False
2,31,2,14.427519800260201,False
2,32,1,13.981528931839771,False
2,33,2,15.059157676923713,False
2,35,1,11.001330474885378,False
2,38,1,15.612144001930362,False
2,43,1,10.025865885779719,False
2,44,2,12.400209667488664,False
2,45,1,8.881585390016518,False
2,46,2,8.9872611914766871,False
2,47,2,11.088460487350568,False
2,48,3,8.372274191826115,True
2,49,2,8.7344434456399824,False
2,50,1,9.568042695664575,False
2,51,2,9.9629119878954828,False
2,54,2,9.5185158333329891,False
2,55,1,11.387390892214238,False
2,57,2,11.801982014613975,False
2,59,1,11.94673116579008,False
2,62,2,13.775426696604487,False
3,2,1,16.16248780596062,False
3,3,2,13.722600055875636,False
3,4,1,8.971156618812639,False
3,5,1,10.696954684875342,False
3,8,2,8.409926374522124,False
3,13,2,8.4385570504031477,False
3,16,1,10.073247258951533,False
3,17,1,12.011813517619494,False
3,20,2,12.502467215081168,False
3,24,1,12.806119997141069,False
3,30,1,13.753181349865724,False
3,32,1,12.777759763324617,False
3,36,1,14.115000657023421,False
3,39,1,12.005219690278842,False
3,42,3,12.684855354893687,True
3,43,1,10.81797352572171,False
3,48,1,10.689468934912259,False
3,49,1,9.650626008153262,False
3,51,2,8.1113963963468816,False
3,52,1,8.1974137018569611,False
3,53,3,9.0738883438100668,True
3,54,1,11.201159188488672,False
3,56,1,10.185992330378252,False
3,58,2,12.392968710016801,False
3,59,1,14.40089220156219,False
3,60,1,14.649289455634857,False
4,1,2,12.337029346716427,False
4,3,3,12.385529428534729,True
4,4,1,11.739676594564989,False
4,5,3,9.3157938319856832,True
4,6,1,10.106439365703821,False
4,7,1,7.0695568662130519,False
4,8,2,7.9251293258919375,False
4,9,1,8.2831451773502636,False
4,10,1,6.6924420934068172,False
4,11,2,7.5465741966466338,False
4,12,4,7.0347636191873253,True
4,13,1,9.9273015851758437,False
4,14,1,11.377173205999975,False
4,15,1,12.220605505075714,False
4,16,1,8.6423685319473673,False
4,18,1,13.870416539337674,False
4,19,2,12.744290291286035,False
4,20,1,13.278197100827406,False
4,21,1,11.89767640413965,False
4,22,1,13.825707721543306,False
4,25,2,16.637168206957838,False
4,27,1,12.161392154111148,False
4,28,1,15.085864506535231,False
4,29,1,11.979909369605879,False
4,30,2,15.523097253927457,False
4,31,1,18.172183142482677,False
4,32,1,13.886909995827478,False
4,34,1,14.187905541779067,False
4,35,2,12.673913937256634,False
4,37,1,12.805733254324942,False
4,38,1,12.746462758350042,False
4,40,1,12.502060453536536,False
4,43,1,9.730433877197461,False
4,44,2,12.22312036177142,False
4,45,1,10.038636016405162,False
4,46,2,8.8645848384498258,False
4,47,1,9.4534649473646759,False
4,48,3,8.1744602525741836,True
4,49,2,6.7411017283211292,False
4,50,1,10.015903160189191,False
4,51,2,8.4493421256329739,False
4,54,1,9.7817546247094906,False
4,55,1,11.74639653593457,False
4,56,1,13.451034592043827,False
4,57,2,12.26817527013584,False
4,59,1,10.756983968771284,False
4,62,2,13.494118381329606,False
5,2,1,11.550811074960034,False
5,3,2,11.205058579489114,False
5,4,1,11.553632226595072,False
5,5,1,10.735328578615183,False
5,7,1,8.8764089156573025,False
5,8,5,7.8094907060580043,True
5,9,1,8.144287720568121,False
5,10,3,8.4579854443812064,True
5,11,2,7.6988437057027772,False
5,12,2,8.7609377621709932,False
5,13,2,9.6075240048547137,False
5,16,1,9.0963517221496701,False
5,17,2,13.341137936889853,False
5,18,1,16.175262644207166,False
5,20,2,12.680792425657444,False
5,24,1,12.006978422381511,False
5,30,1,14.113804983190786,False
5,32,2,14.090732598424969,False
5,35,2,15.528370096345546,False
5,36,1,14.283476424972696,False
5,38,1,14.291695301746008,False
5,39,1,12.042178458684887,False
5,42,2,11.822407926550399,False
5,43,1,11.934615323770819,False
5,45,4,10.965328514506737,True
5,47,3,8.593265738813372,True
5,48,2,8.8481321138004461,False
5,49,1,8.4515561016394773,False
5,51,3,7.3366253750796808,True
5,52,2,7.5966032398863828,False
5,53,5,10.660217478073108,True
5,54,3,9.0733325220252397,True
5,55,2,13.149193996436876,False
5,56,1,11.746393579156726,False
5,57,1,11.606475503111884,False
5,58,2,12.283850988362659,False
5,59,3,13.995591636119755,True
5,60,1,11.813058841831442,False
5,61,1,13.291579940441048,False
5,62,1,13.781959602801667,False
6,1,2,11.331122204285059,False
6,2,1,12.659029586146691,False
6,3,2,10.820213089420518,False
6,4,2,11.342564818543673,False
6,5,5,9.2269048928865569,True
6,6,1,9.8437334013127504,False
6,7,2,6.9303572955269903,False
6,8,5,6.3223173286622112,True
6,10,1,5.9106883274002096,False
6,11,2,6.0963177553757388,False
6,12,5,7.4646706613940346,True
6,13,3,8.9419936478275286,True
6,14,1,9.7895837826096272,False
6,15,1,9.7280885595815612,False
6,16,1,10.529132635712912,False
6,17,1,9.2929948294963509,False
6,19,2,13.748724364527686,False
6,20,1,13.081741887659879,False
6,21,2,12.766302073899592,False
6,22,1,16.722991529275482,False
6,24,1,13.137875231632082,False
6,25,3,15.631168820264689,True
6,26,1,12.816499051815837,False
6,27,1,12.638015039289833,False
6,28,1,15.297480197952067,False
6,29,1,13.614144137525399,False
6,30,2,15.021886327991515,False
6,31,1,17.531521548895686,False
6,32,1,14.033446694457696,False
6,34,2,15.100658195383106,False
6,35,2,14.658132791427761,False
6,37,1,13.801143095383587,False
6,38,3,13.608729223844408,True
6,39,1,10.973730748646904,False
6,40,1,10.862091693352477,False
6,43,2,10.135391506089416,False
6,44,2,10.894678797509174,False
6,45,2,8.092768574505131,False
6,46,1,9.0530298168181567,False
6,47,2,7.9035937796610058,False
6,48,3,7.9618943326127818,True
6,49,5,7.3910985247771492,True
6,50,2,6.8038350871307998,False
6,51,2,9.0903406757482532,False
6,52,2,8.6957570279811538,False
6,54,1,9.6220402123491624,False
6,55,1,10.705700768969921,False
6,56,1,10.688172375672927,False
6,57,3,12.394973990436371,True
6,59,1,11.451100543038597,False
6,62,1,12.399853836648729,False
7,2,1,12.810436676193852,False
7,3,2,11.272757772978057,False
7,4,1,9.8370224575857996,False
7,5,1,13.118112026787131,False
7,7,2,8.8673242155345626,False
7,8,4,7.6415381647512932,True
7,9,1,8.9995185945195892,False
7,10,5,7.8572131967768062,True
7,11,2,8.1562023161489492,False
7,12,2,7.9462743172674006,False
7,13,2,9.6990013287070518,False
7,15,1,10.256008677652801,False
7,17,3,13.443769120423079,True
7,18,1,16.266318255642243,False
7,20,2,14.19228735974063,False
7,24,1,13.298805545642285,False
7,30,1,14.814939232155863,False
7,31,1,17.015921958033715,False
7,32,2,12.566176829083876,False
7,35,2,15.456458006526306,False
7,36,1,14.335345233389447,False
7,38,2,12.650379460510372,False
7,39,1,11.370376921351772,False
7,42,2,12.874971660084405,False
7,43,1,13.452236319656208,False
7,44,1,11.7946826816141,False
7,45,5,10.437513694891733,True
7,47,3,11.027270158537076,True
7,48,2,10.029191988757749,False
7,49,1,8.3892537834963772,False
7,50,1,8.8789128539420883,False
7,51,4,8.8570566748684136,True
7,52,2,8.4080877570436368,False
7,53,6,9.1374342411620368,True
7,54,5,10.329259246767919,True
7,55,2,12.557685184020045,False
7,56,2,11.783294879412395,False
7,57,1,11.776039458860655,False
7,58,2,11.894319987619566,False
7,59,3,14.356496063631894,True
7,60,1,12.514918605567933,False
7,61,1,14.011921587041318,False
7,62,2,14.810691192197577,False
8,0,2,13.995115294973452,False
8,1,3,13.968410776415046,True
8,2,3,10.828872636456113,True
8,3,2,12.373424100828549,False
8,4,2,9.2185626726024008,False
8,5,7,9.1655743058893808,True
8,6,1,8.2184102300975681,False
8,7,4,7.0534467073705756,True
8,8,5,5.6507073589867165,True
8,10,1,4.7109384407047141,False
8,11,2,5.9751975016358285,False
8,12,5,7.1493662344278022,True
8,13,2,8.8845134440203033,False
8,14,1,11.88586441616126,False
8,15,1,13.003768852505353,False
8,16,2,12.286361105966829,False
8,17,1,11.17863109282775,False
8,18,1,12.546289709140732,False
8,20,2,14.972270416795727,False
8,21,1,14.371430639610214,False
8,22,2,12.396437393938632,False
8,25,2,14.683330995005045,False
8,26,1,15.140328139198035,False
8,27,2,13.421283899432229,False
8,28,1,14.606354926504672,False
8,29,2,13.424155389254622,False
8,30,1,14.283473841390061,False
8,32,1,12.997066234866836,False
8,33,1,14.057467449357832,False
8,34,1,16.262361449948234,False
8,35,2,14.514982142023682,False
8,37,3,12.875501808026208,True
8,38,3,14.688073618220553,True
8,40,1,11.982937674819997,False
8,43,2,9.6060533217977291,False
8,44,1,9.2561669005102143,False
8,45,3,9.0619367379735198,True
8,46,2,8.5204732761277509,False
8,47,2,8.7261249961213494,False
8,48,3,7.310003882647619,True
8,49,6,6.3054345381938566,True
8,50,4,6.0809659657683195,True
8,56,1,11.409856050170211,False
8,57,2,10.38571296385256,False
8,58,2,11.36472392266969,False
8,62,1,9.9215355749426077,False
9,0,1,11.797612108068646,False
9,1,1,17.322249869529593,False
9,2,1,14.183055964102767,False
9,3,3,10.447486499720036,True
9,4,2,10.573440076242317,False
9,5,1,9.5392018512427796,False
9,6,2,7.041491475583765,False
9,7,2,7.1271559277988974,False
9,8,1,6.0599005463651352,False
9,10,4,6.7288236589477517,True
9,11,2,6.0268320633762205,False
9,12,2,7.3539423537555333,False
9,13,2,6.9950089144307759,False
9,14,1,9.5939387738863058,False
9,15,1,9.7470798987130589,False
9,16,1,12.670496622670056,False
9,17,2,11.933388413081667,False
9,20,2,12.861106928939046,False
9,21,2,12.375078342013287,False
9,24,1,12.959676152301384,False
9,26,1,13.326946830670686,False
9,29,1,13.976072116315628,False
9,30,1,13.350720168177583,False
9,31,2,12.684011957842186,False
9,32,2,11.293553712165009,False
9,35,2,13.695445239265883,False
9,36,2,13.867814210403411,False
9,39,1,10.57934504049126,False
9,42,1,11.128396481071814,False
9,43,2,10.254635065997375,False
9,44,1,11.544379788780219,False
9,45,4,8.5987210100552005,True
9,46,2,9.6769365833439664,False
9,47,3,8.0608369844222878,True
9,48,2,8.8742808654094087,False
9,49,1,7.0164025051685464,False
9,50,1,6.9731513099495466,False
9,51,4,6.5970584376302561,True
9,52,1,8.8539709359105636,False
9,53,4,9.1845251459199382,True
9,54,3,7.9923267661567081,True
9,55,2,11.211485190883923,False
9,56,1,12.256523299730283,False
9,58,2,13.81645995833642,False
9,59,1,14.332673672201132,False
9,63,1,13.590554218845631,False
10,0,3,12.697489655078577,True
10,1,4,12.87318995505365,True
10,2,3,12.409279133765619,True
10,3,2,11.192087679657783,False
10,4,2,10.885669908676697,False
10,5,8,11.209141454157887,True
10,6,2,10.955960258032915,False
10,7,5,10.221765673313298,True
10,8,5,8.0183798948812832,True
10,9,5,9.0770628782479594,True
10,10,2,7.3509703722901785,False
10,11,3,8.2745684728771067,True
10,12,4,8.9437863723997602,True
10,13,3,9.2042845662878534,True
10,14,2,12.020965472611472,False
10,16,3,11.485263818202393,True
10,17,1,12.789934044341631,False
10,18,1,14.322398559424457,False
10,20,1,14.99197827905031,False
10,21,1,15.078462579193857,False
10,22,2,12.430693276867052,False
10,24,1,12.697611836902974,False
10,25,2,15.117257807966485,False
10,26,2,11.790886551049409,False
10,27,2,12.661243427213188,False
10,28,1,12.452157921501849,False
10,29,2,12.326625793020574,False
10,30,1,13.785991201752948,False
10,32,2,11.153907936654678,False
10,33,2,14.734544325743476,False
10,34,1,16.13139866587716,False
10,35,2,16.098702211431071,False
10,37,3,11.125481959982677,True
10,38,3,14.211554202657565,True
10,39,1,13.4790911220109,False
10,40,1,13.454716887865269,False
10,43,2,10.283472698414755,False
10,44,2,10.218650964713714,False
10,45,2,9.3885541748654386,False
10,46,3,10.476747044291768,True
10,47,2,9.2935582334418214,False
10,48,3,9.484212891367104,True
10,49,8,8.567475649362164,True
10,50,5,8.9715524663445247,True
10,51,1,7.7607937648590211,False
10,52,1,6.5063525996955409,False
10,53,1,9.7895561881150037,False
10,55,1,11.501141067683434,False
10,56,3,13.25198030386359,True
10,57,2,12.425057014084198,False
10,58,2,11.91935038752831,False
10,59,1,10.206680558831165,False
10,62,1,11.161212723542645,False
11,0,1,12.345305826703465,False
11,1,1,17.993885275532975,False
11,2,1,12.853331974083568,False
11,3,2,10.97899773141693,False
11,4,2,10.110068670132582,False
11,5,1,10.416603145226137,False
11,6,1,10.58137071890741,False
11,7,1,9.191702843683732,False
11,8,2,6.2285110313075656,False
11,10,4,6.1826916301304573,True
11,11,2,6.8828839552536092,False
11,12,2,8.6797150988933272,False
11,13,2,8.6582851175262636,False
11,14,1,8.7243258353348079,False
11,15,1,9.6601790567142647,False
11,16,1,11.120551124924637,False
11,17,2,13.516996634677128,False
11,20,2,12.591580327829266,False
11,21,1,12.256129566815222,False
11,25,1,16.849001094439082,False
11,26,1,14.897106560476978,False
11,29,1,11.069539587633299,False
11,30,2,13.963449358516872,False
11,31,2,12.475351687742963,False
11,32,2,12.63567564472797,False
11,33,1,14.422648696508258,False
11,35,1,13.293609780416935,False
11,36,1,15.792756883581346,False
11,39,1,12.853566974041483,False
11,42,1,12.050473716522653,False
11,43,1,10.699706911651383,False
11,44,1,9.3230302524566753,False
11,45,4,10.577832612721735,True
11,46,1,9.886763903387175,False
11,47,3,7.8031419338429115,True
11,48,2,7.8256233948774172,False
11,49,3,7.9944523960930098,True
11,50,3,6.9737029594960509,True
11,51,4,7.4106674257232035,True
11,52,1,8.9743929223729761,False
11,53,5,8.806917837789257,True
11,54,3,9.8494651496869086,True
11,55,2,10.695080507326182,False
11,56,1,11.114120502827127,False
11,58,2,13.712858610947704,False
11,59,1,14.332673672178137,False
11,63,1,10.213804222179713,False
12,0,4,12.982098770441725,True
12,1,3,13.397724714259398,True
12,2,2,12.28129382674816,False
12,3,2,11.602487257829891,False
12,4,2,11.479789499915778,False
12,5,6,11.979386204851473,True
12,6,1,11.322131066125209,False
12,7,4,8.7883009353702661,True
12,8,5,8.7040776936907385,True
12,9,4,8.354369529661037,True
12,10,1,9.019316458844937,False
12,11,3,8.9774014898735892,True
12,12,4,8.5979081873475796,True
12,13,3,11.134018666551626,True
12,14,2,10.931857212534977,False
12,16,3,10.501761018428891,True
12,17,1,13.146680671190124,False
12,18,1,13.926844891520116,False
12,20,1,13.373437947387332,False
12,21,2,15.640110487605613,False
12,22,1,15.956887248355084,False
12,23,1,11.922060561979098,False
12,24,1,14.350529708422357,False
12,25,2,15.520834883513192,False
12,26,1,14.473726924627591,False
12,27,1,12.688746560481986,False
12,28,1,12.028588201428878,False
12,29,2,12.8605970127057,False
12,30,1,12.682626123341029,False
12,32,1,12.050028426436173,False
12,33,2,13.676858251053464,False
12,34,1,15.601278327090085,False
12,35,2,14.143264448702192,False
12,36,1,16.299807337484499,False
12,37,2,13.189012809256527,False
12,38,2,13.417736802570277,False
12,39,1,13.959923764624831,False
12,40,1,13.090507218769467,False
12,43,2,11.629835703557161,False
12,44,2,11.495958456628243,False
12,45,3,9.7707365186036039,True
12,46,3,9.6519444671602894,True
12,47,1,10.408619580219201,False
12,48,3,10.167175345007744,True
12,49,4,9.091708444914719,True
12,50,4,8.7550424676082468,True
12,51,1,8.6989884931896473,False
12,53,2,11.475411215416042,False
12,55,1,11.360886525293699,False
12,56,3,11.529351119812882,True
12,58,1,12.012149354396845,False
12,59,1,12.870237400680354,False
12,62,1,12.386973169216359,False
13,0,1,13.108488302835616,False
13,1,1,16.996729167982185,False
13,2,1,11.404455926925717,False
13,3,3,11.425527180059847,True
13,4,1,9.1228326667626334,False
13,5,1,11.444983565302367,False
13,6,2,9.7431331209674319,False
13,8,3,6.665964234380505,True
13,10,4,7.4867155273236055,True
13,11,3,8.5517658631100542,True
13,12,2,8.0605431836100188,False
13,13,2,9.310071033378069,False
13,14,1,9.3925701886846689,False
13,15,1,9.5012683206389408,False
13,17,2,13.471450919698334,False
13,20,2,12.710014025272306,False
13,21,2,11.122842982767363,False
13,24,1,17.68245111904416,False
13,25,1,15.26983804757497,False
13,26,2,14.984784995147963,False
13,29,1,15.248929265633738,False
13,30,2,12.570366572133468,False
13,31,1,13.656932340850364,False
13,32,2,12.46327005587411,False
13,33,1,14.724651887025907,False
13,35,1,15.342695987985323,False
13,36,1,15.78487541552005,False
13,37,1,10.500386471411108,False
13,38,1,13.118817182469611,False
13,39,1,13.632467231753452,False
13,43,1,10.183917781633179,False
13,44,1,10.996871872747533,False
13,45,4,10.246081844078912,True
13,46,1,12.182996784155961,False
13,47,3,10.322715393601545,True
13,48,2,9.8150741593855795,False
13,49,3,7.9759197712791678,True
13,50,6,7.8124379599766307,True
13,51,3,8.2151188696856838,True
13,52,1,7.7374259645112398,False
13,53,4,9.5093898640550325,True
13,54,3,8.4617056328608804,True
13,55,2,11.495416993247716,False
13,56,1,12.308804842839987,False
13,57,1,10.346522436281164,False
13,58,2,13.2591588855738,False
13,59,1,13.463558115765798,False
13,63,1,11.892571027332847,False
14,0,4,14.05717201317038,True
14,1,2,11.947286602913097,False
14,2,2,12.71385582632896,False
14,3,2,11.980615250846022,False
14,4,3,12.066293520925463,True
14,5,5,10.934983911914738,True
14,6,4,9.0935785801569136,True
14,7,7,9.1331238113750164,True
14,8,4,8.5754095127023806,True
14,9,6,7.8331551828414714,True
14,10,2,8.0009634878779465,False
14,11,4,8.7692222025151754,True
14,12,4,8.9042179576971296,True
14,13,3,8.9557702128099166,True
14,14,1,9.7082443237392013,False
14,15,1,10.706807832915372,False
14,16,4,11.151914035307806,True
14,17,2,11.446853796100719,False
14,18,1,12.380418249763199,False
14,20,1,13.358765015031574,False
14,21,2,14.619995091474765,False
14,22,1,11.772545496192434,False
14,23,1,11.605667068187044,False
14,24,1,14.745702569606943,False
14,25,2,15.6381724201977,False
14,26,1,14.489380895310648,False
14,27,2,13.37505556650998,False
14,28,2,12.180737887101809,False
14,29,2,13.120522797623547,False
14,32,1,12.131277428663035,False
14,33,2,11.39261080296713,False
14,34,1,16.249840367764108,False
14,35,3,13.443526140212944,True
14,36,2,14.368996968093592,False
14,37,2,12.944226426406523,False
14,38,3,14.38744303398097,True
14,39,2,13.992610759795983,False
14,40,2,12.75660636232783,False
14,43,3,11.04184094435533,True
14,44,3,10.892947598381767,True
14,45,2,9.1265945995739468,False
14,46,3,9.3993512168855027,True
14,47,1,6.8511782854573244,False
14,48,4,8.4971589583767564,True
14,49,4,7.8761502929098866,True
14,50,6,7.4848065060092415,True
14,51,4,7.1708497709019978,True
14,53,4,9.5014389010168934,True
14,54,1,7.8871766010441613,False
14,55,2,9.7950555432310651,False
14,56,5,12.204883669741401,True
14,59,1,12.57090017452764,False
14,62,1,10.961126534885659,False
15,0,1,13.108488302840424,False
15,1,1,16.310469015870069,False
15,2,1,11.615370190048939,False
15,3,2,12.607384101584056,False
15,4,1,9.9569036607163657,False
15,5,1,12.568010718946272,False
15,6,2,10.095793121453742,False
15,7,1,9.9214638089609597,False
15,8,3,6.5117638993545111,True
15,10,4,7.4243007185843277,True
15,11,4,8.250735348912567,True
15,12,2,8.3488576481942651,False
15,13,1,9.7399007617032058,False
15,14,1,10.466523885264888,False
15,17,3,13.960486396801352,True
15,20,2,13.226922367234447,False
15,21,1,13.246196030776497,False
15,24,1,18.36632664541122,False
15,25,1,15.269838047601072,False
15,26,3,15.313540843060702,True
15,30,1,18.992941582789769,False
15,31,1,13.171144567390856,False
15,32,2,12.159645200018414,False
15,33,1,13.602094889613797,False
15,35,1,12.548553983633539,False
15,36,1,14.754803848808846,False
15,37,1,14.618035382551438,False
15,39,1,10.572189865306523,False
15,43,1,9.1167276164385758,False
15,44,1,10.562536534666172,False
15,45,4,9.6276587250122265,True
15,46,3,9.7666911916182855,True
15,47,4,8.3405754960099454,True
15,48,2,9.3342535565924862,False
15,49,3,7.4999426737886887,True
15,50,4,7.5950258988168589,True
15,51,3,5.9111248635624838,True
15,52,1,9.0575663144869001,False
15,53,4,9.649067767817753,True
15,54,3,9.3697395579814753,True
15,55,1,12.897679738670245,False
15,56,1,9.7036188823687795,False
15,57,1,10.166693972622364,False
15,58,1,13.351204378804576,False
15,59,1,13.354515568429429,False
15,63,1,12.910487124338697,False
16,0,1,13.489543030548933,False
16,1,3,14.053050817663344,True
16,2,2,13.694916489956578,False
16,3,2,11.760026223438558,False
16,4,1,11.59391582015852,False
16,5,3,10.081427399159253,True
16,6,1,7.7477307967739035,False
16,8,1,7.1043798294965246,False
16,9,3,7.5663956920738045,True
16,10,3,6.633867835502298,True
16,11,5,7.1102609962683134,True
16,12,2,8.8686658611988811,False
16,13,2,9.2071705440554243,False
16,14,1,12.001773531007203,False
16,15,1,10.123217117246487,False
16,16,4,12.008345940463302,True
16,17,1,14.218065941171933,False
16,18,2,13.332063899071342,False
16,20,1,13.250861604565648,False
16,22,1,15.009379380001782,False
16,24,1,16.227737933122953,False
16,25,2,15.706799843392709,False
16,26,1,15.398343914130157,False
16,28,2,14.228766077273519,False
16,29,1,12.808611786926148,False
16,32,2,12.701717469170113,False
16,33,1,15.047791991846294,False
16,35,1,16.231936021609126,False
16,37,1,11.619370551254777,False
16,38,3,14.104740756525254,True
16,39,2,12.688279096904044,False
16,40,1,12.938827869400622,False
16,41,1,11.954078014833659,False
16,44,5,10.533501596606275,True
16,45,1,10.121165632451167,False
16,46,4,9.810236012586973,True
16,47,3,10.417095442548881,True
16,48,2,8.7939446148359846,False
16,49,4,7.8211638886969626,True
16,50,2,8.4416715487711969,False
16,52,2,8.5443625968813688,False
16,53,4,10.818867329288373,True
16,56,1,9.9070157800852741,False
16,58,1,15.470426732177742,False
16,59,1,11.650774566010757,False
16,60,1,12.500721764519415,False
16,62,2,12.291815983665982,False
17,0,1,13.521566155351303,False
17,2,1,12.442994048840241,False
17,3,1,10.39951248173408,False
17,4,1,13.769924614498398,False
17,5,1,9.6920267796773718,False
17,6,1,9.3350313879758406,False
17,8,2,6.6781549490313799,False
17,10,4,5.0093602023189039,True
17,12,2,6.4153015848138111,False
17,13,1,8.3823061192836068,False
17,17,1,12.291627525907323,False
17,20,3,13.320272005468459,True
17,25,1,13.931278986920281,False
17,26,2,17.863199293038512,False
17,27,2,11.482093953553916,False
17,30,2,15.443629764038437,False
17,31,2,13.068157763895492,False
17,32,2,12.653581997091173,False
17,33,1,14.774532822586147,False
17,35,1,11.697253509301813,False
17,37,1,15.195412200818511,False
17,42,1,10.548840596031024,False
17,43,1,9.4221672183098697,False
17,44,1,10.52498260238673,False
17,45,2,8.7394329946538498,False
17,47,4,8.9286728718281267,True
17,48,3,6.642237356891008,True
17,49,4,7.6724672170728043,True
17,50,2,6.1353588581088596,False
17,51,2,7.7572827605989092,False
17,52,1,6.5089496292705951,False
17,53,2,9.969769062258516,False
17,54,1,8.0073502615510534,False
17,56,2,12.549496576660896,False
17,57,1,15.525665885076551,False
17,58,2,13.439752257216497,False
17,59,1,12.984942962323347,False
17,60,1,15.442894238877162,False
17,63,1,13.001961794279657,False
18,1,2,11.886609994691183,False
18,2,2,11.923461879431024,False
18,3,1,11.112313639001897,False
18,4,1,12.088201877729372,False
18,5,1,9.3731751322530759,False
18,6,2,7.2332058215318815,False
18,8,1,7.5932974457622358,False
18,9,3,7.5927442590379481,True
18,10,3,7.0691768498568797,True
18,11,3,8.3783594037106983,True
18,12,2,8.3206343536010348,False
18,13,2,10.624324639621666,False
18,15,1,10.129065159497234,False
18,16,4,11.551109880308724,True
18,17,1,10.890518995011188,False
18,22,1,13.751352176523701,False
18,25,2,13.811765411070285,False
18,26,1,15.398343914130157,False
18,29,1,12.006542592502026,False
18,35,1,10.414634028488335,False
18,37,1,12.516838679091299,False
18,38,4,14.197831081177593,True
18,39,1,14.589025377195716,False
18,41,1,11.878042782374081,False
18,44,5,11.235733150137051,True
18,46,4,10.52871060129633,True
18,47,1,7.4842345482944035,False
18,48,3,7.3161972420326187,True
18,49,2,8.183087701652612,False
18,50,2,8.1142576953067245,False
18,52,3,9.2509001537973425,True
18,53,2,9.4242393705461982,False
18,56,1,8.6057803692951342,False
18,58,1,13.628906997974516,False
18,59,1,10.169936914183062,False
18,60,1,13.333865386414809,False
18,62,2,15.024830748923367,False
19,0,1,14.575374164908588,False
19,2,1,12.088989650584855,False
19,4,1,13.64219090212408,False
19,5,1,9.1313811528606692,False
19,6,2,9.9550645724020814,False
19,8,2,7.7424966635152677,False
19,10,1,8.5960201647031109,False
19,12,1,6.7318228843022938,False
19,13,1,9.9730733520354207,False
19,17,1,12.87633943065147,False
19,20,2,14.555874504415725,False
19,25,1,14.315103664170689,False
19,26,2,15.490832032170424,False
19,27,1,12.709129560403071,False
19,30,1,12.864765625241668,False
19,31,1,15.490342753432827,False
19,32,2,13.208458937624306,False
19,35,1,13.457823963518349,False
19,37,1,16.014182580654165,False
19,42,1,10.661069231318221,False
19,43,1,10.239050176757841,False
19,44,1,9.2483440751354458,False
19,45,1,11.122244205604733,False
19,47,3,8.6917071302512188,True
19,48,2,7.2314257050344475,False
19,49,3,8.0822327203636419,True
19,50,2,6.8660609839395645,False
19,51,1,8.0581890468958779,False
19,53,2,10.846810100506987,False
19,56,1,12.057455409239843,False
19,58,2,13.761041898155391,False
19,59,2,12.546095480065873,False
19,60,1,16.646999333195772,False
19,63,1,12.438691560024044,False
20,1,1,11.026125088085939,False
20,3,1,10.605147605406728,False
20,4,1,11.638146079779245,False
20,6,1,7.8083116257080389,False
20,8,1,6.82830059946179,False
20,11,1,7.1503085748345407,False
20,12,1,6.8289686628670836,False
20,16,2,11.425109669539157,False
20,17,1,11.52453823261572,False
20,22,1,11.3803004602422,False
20,25,1,14.716369775929254,False
20,26,1,16.519647310432376,False
20,28,1,10.616232923336028,False
20,29,1,12.420689967780104,False
20,37,1,11.437906505967494,False
20,38,3,12.916531458684153,True
20,39,1,14.589025377195716,False
20,41,1,12.148928258771528,False
20,44,4,12.305331661201452,True
20,46,2,7.650177626755343,False
20,49,1,7.5926105127149368,False
20,52,1,8.0534053857073875,False
20,53,1,8.5400787024217486,False
20,62,1,11.509598016895113,False
21,2,1,13.878664888342913,False
21,6,1,8.8240459094855233,False
21,8,2,6.7408555635239988,False
21,10,3,5.3058011528262945,True
21,12,1,6.5737481499174475,False
21,13,1,11.421121075217632,False
21,20,1,13.377200736505838,False
21,25,1,16.715383414209125,False
21,26,2,14.029150797876419,False
21,27,1,15.178778332174161,False
21,30,1,16.226373913313289,False
21,31,1,12.996776963699375,False
21,32,2,12.141685487031447,False
21,35,1,13.31446379768248,False
21,37,1,14.951881209798167,False
21,43,1,9.8811733938566189,False
21,44,1,10.843674268615633,False
21,45,1,13.002973995997932,False
21,49,2,5.6633689201462447,False
21,50,1,6.8639370830862045,False
21,53,1,9.8591301584541124,False
21,56,1,10.515952373486945,False
21,58,1,13.745549833033616,False
21,59,2,12.647465882399731,False
21,60,1,16.322661712155348,False
21,63,1,11.643633342282341,False
22,1,1,12.108377047403451,False
22,3,1,10.460946410928127,False
22,4,1,9.9051472578410333,False
22,6,1,7.5745844765273453,False
22,8,1,5.1891287793447072,False
22,11,1,5.7804453272203205,False
22,16,2,12.019652109182539,False
22,17,1,10.474327330522243,False
22,24,1,12.974547303980453,False
22,25,1,15.079270339258569,False
22,26,1,16.062906591599539,False
22,28,1,16.152037344817089,False
22,37,1,13.316848165650461,False
22,38,1,16.783191474878848,False
22,39,1,13.191995404748171,False
22,44,4,10.122912364615607,True
22,45,1,9.1745160152544525,False
22,46,1,9.1554885151609504,False
22,47,1,6.1772558089330483,False
22,48,1,6.8611213460414477,False
22,49,1,6.9250169722017469,False
22,61,1,11.97579999131894,False
23,2,1,12.017257188271792,False
23,6,1,6.5319664316798773,False
23,8,1,7.1274650699458109,False
23,10,1,6.8597569732757098,False
23,13,1,9.2151812991817046,False
23,20,1,11.832717691440548,False
23,23,1,15.662535332086355,False
23,25,1,15.618352336021678,False
23,26,1,14.471382891864096,False
23,27,1,13.280058188867391,False
23,30,1,17.159767809741883,False
23,37,1,13.001178510174139,False
23,45,1,10.144506191976388,False
23,48,1,6.4879033421859775,False
23,49,1,8.1489935937505837,False
23,52,1,7.5795849228218852,False
23,59,2,13.34468806892535,False
23,63,1,12.662377470977066,False
24,4,1,8.9596456820102315,False
24,10,1,8.3117452926678403,False
24,13,1,6.0912426247947469,False
24,47,1,6.9643577868256905,False
24,50,2,6.6697018810233342,False
24,51,1,6.7837494347891507,False
24,54,1,11.220707570130429,False
24,61,1,9.4621661728342374,False
25,4,1,7.8303016026112999,False
25,7,1,6.3479755916227028,False
25,9,1,8.159914483635113,False
25,10,1,6.2268448926571196,False
25,13,1,7.2663447490164623,False
25,45,1,8.0294246826544526,False
25,47,1,9.1931311601973764,False
26,0,1,8.7657269891849694,False
26,4,1,7.4658371897675346,False
26,7,2,5.6779453960602959,False
26,9,2,5.6920617391919253,False
26,10,1,5.1828741275845065,False
26,11,3,5.9608592522870918,True
26,13,2,7.7943925950222255,False
26,14,2,7.2358263507909353,False
26,16,1,8.4344351083502538,False
26,20,2,8.7354143097348533,False
26,21,1,6.3314031535772308,False
26,45,1,6.8420140267151384,False
26,46,1,6.4018339884804112,False
26,47,1,6.6433112660789346,False
26,48,1,5.6257916772717289,False
26,49,1,4.9243980157770224,False
26,50,1,6.348096056998501,False
27,0,3,8.9967227105654697,True
27,2,1,9.0812658122994812,False
27,4,2,6.6917015297266156,False
27,5,2,7.9597611969783193,False
27,7,2,5.9968382166723844,False
27,9,2,6.165212631780089,False
27,10,1,6.8920064834415236,False
27,11,3,6.6605789321872857,True
27,13,1,7.4315674626932928,False
27,14,3,7.9274039417194118,True
27,16,1,7.2952723813281004,False
27,18,1,7.4826795834897437,False
27,19,1,7.707875888544784,False
27,20,2,9.3164010637242871,False
27,21,2,9.6685329135431388,False
27,30,1,10.31515459628663,False
27,33,2,7.5968805082298445,False
27,45,1,7.5128095797939549,False
27,46,1,6.5015411074331988,False
27,47,1,7.8094257018252256,False
27,48,1,5.8275008696146582,False
27,49,1,6.5754147133056033,False
27,50,1,8.2364007128172556,False
27,57,1,7.1476933176718953,False
28,4,1,6.3453248492650323,False
28,7,3,6.2795769838656819,True
28,8,1,5.6345194639896663,False
28,9,1,5.8842404618435831,False
28,11,2,6.1116274607875809,False
28,16,1,6.0163926769068947,False
28,17,1,8.8013986754039699,False
28,20,1,8.7492052156159339,False
28,26,1,10.386723882149775,False
28,38,1,8.3583776749929246,False
28,41,1,8.3781028042397789,False
28,42,1,7.8872026549688945,False
28,44,1,6.5988708119937591,False
28,45,2,8.1732234067927738,False
28,46,1,5.9780101180001424,False
28,48,1,5.4388404703357072,False
28,50,1,5.0163977453899165,False
28,53,1,5.5979322693108031,False
28,63,2,7.9113486346219899,False
29,4,1,7.2329285148800277,False
29,9,2,5.8526794869451129,False
29,10,1,7.1412088157089837,False
29,11,2,6.0328121550090072,False
29,41,1,8.592766045474864,False
29,42,1,7.3893689293202538,False
29,44,1,6.5333305471295144,False
29,45,2,7.2532123591319717,False
29,48,1,6.363789753418005,False
30,3,2,8.974826754437208,False
30,4,1,7.8838556745842228,False
30,5,1,6.0235145914565766,False
30,6,1,7.2035351374500936,False
30,9,3,4.7519292939333102,True
30,10,1,5.7159539398517385,False
30,11,3,6.0822151670640077,True
30,12,2,5.8670853153195832,False
30,13,1,6.1876193611314259,False
30,14,1,7.5403050705330799,False
30,17,1,7.8265372601703129,False
30,30,1,7.562686416692955,False
30,38,1,10.234288323427808,False
30,39,1,8.4481326184068575,False
30,41,1,6.6352626555772263,False
30,48,2,5.4805326870437279,False
30,53,2,6.5030428070809876,False
30,54,1,6.2906729321811321,False
30,55,1,6.7195321402205952,False
30,56,1,6.9235814800647972,False
31,1,1,7.3976255290460582,False
31,3,3,8.9631574628864819,True
31,5,1,7.4192173623433337,False
31,6,1,6.3112257313157265,False
31,9,3,6.8703473199139333,True
31,10,1,6.9628665190198191,False
31,11,3,5.5130210786443925,True
31,12,2,6.7134104791887168,False
31,13,1,6.9869846702724949,False
31,14,1,8.4982996538891662,False
31,17,1,10.505189468088094,False
31,30,1,7.5399581952765873,False
31,37,1,11.785618830501864,False
31,38,1,6.8942727110062076,False
31,39,1,7.7172870922413859,False
31,41,1,9.1157883592095139,False
31,48,1,7.7201959174002894,False
31,49,1,6.2744104671078782,False
31,53,1,6.8546649529500963,False
31,54,1,7.0128190267217585,False
31,55,1,7.658254601586215,False
31,56,1,7.7340017722582628,False
31,57,1,8.3943275413761711,False
32,1,1,9.6193133085959559,False
32,5,1,6.5860544622464232,False
32,7,3,6.1432294612252889,True
32,9,1,5.5531508288367579,False
32,11,2,6.3861893200788238,False
32,12,1,5.7420759955902083,False
32,13,2,7.3438658460205826,False
32,14,1,6.6894120180824306,False
32,15,1,9.8655801002432604,False
32,17,2,7.0197722777440337,False
32,18,1,12.403169096386486,False
32,21,1,7.5221830136846028,False
32,33,1,9.0735897078339711,False
32,39,1,9.019931659808254,False
32,44,2,6.1621584407251637,False
32,45,1,6.0255790870560206,False
32,46,1,6.1027699681252212,False
32,47,1,6.4592014527078625,False
32,49,1,6.2286448042097318,False
32,50,1,5.9776020237281502,False
32,51,2,5.4511198702025343,False
32,52,1,6.5788140093385437,False
32,53,4,6.4245733942035521,True
32,54,1,5.7545579242419658,False
32,56,1,7.310580385460109,False
32,60,1,8.5716222538449678,False
33,7,1,6.7506322761801165,False
33,11,1,5.5914544701662381,False
33,13,2,7.7223133918559475,False
33,17,1,7.0717878694893814,False
33,18,1,12.403169096386486,False
33,44,1,7.4641064105823505,False
33,53,1,7.2030398159140017,False
33,54,1,6.0443979347913634,False
33,60,1,8.3534021210626914,False
34,11,1,6.9220170614403216,False
34,28,2,8.4086990978756759,False
34,32,1,11.306342526488084,False
34,53,1,8.0622397964387016,False
35,10,2,6.200825985188839,False
35,28,2,7.8943146506448532,False
35,47,1,7.3779720404182703,False
36,2,1,8.456257412431011,False
36,8,2,6.2796382861120295,False
36,9,4,7.2692946284605453,True
36,11,2,6.7902931851681432,False
36,13,1,8.3061155842736536,False
36,20,1,8.8922567740335676,False
36,21,1,7.0388992842414373,False
36,26,1,10.308249094007897,False
36,46,1,7.2898383373442073,False
36,47,1,7.6427362647755999,False
36,48,1,5.3497877120731729,False
36,49,1,5.9616510977066266,False
36,50,1,6.2486358505862851,False
36,52,1,6.3018702603344021,False
37,2,1,9.4026077987422703,False
37,8,1,6.7610909574621054,False
37,9,3,7.4335244787873647,True
37,11,2,6.928221129779903,False
37,13,1,6.3849574619789768,False
37,21,1,6.3237878784999504,False
37,48,1,7.6310251034018322,False
37,49,1,5.4276864713068429,False
37,51,1,6.5856629125222739,False
37,52,1,7.5021531082682724,False
37,56,1,8.0095948372210142,False
38,2,1,9.3348064002717521,False
38,8,2,5.8993636810258803,False
38,9,1,8.4960425033265867,False
38,13,2,6.4649622554902226,False
38,19,1,8.472966936694025,False
38,24,1,6.6374159791565557,False
38,26,2,8.575607465017276,False
38,31,1,9.631743628567385,False
38,48,1,6.6442903249404708,False
38,51,2,6.8437663570210683,False
38,52,1,7.2346078393412725,False
38,55,1,7.6816916622356732,False
38,58,1,6.0297917842427937,False
38,59,2,8.5936822303063618,False
39,0,2,9.324169552265662,False
39,6,1,7.9103219232644619,False
39,7,1,5.2455192761606551,False
39,8,2,5.4070189346721298,False
39,9,2,5.7144893445782214,False
39,10,1,5.0409865919680854,False
39,11,1,5.1941190334459151,False
39,12,1,5.1826790494471791,False
39,13,2,5.8394479704462938,False
39,19,1,8.9987682914014187,False
39,22,1,6.870097947276701,False
39,24,1,8.792789245216234,False
39,26,2,9.3269975134174334,False
39,29,1,7.2393718340363371,False
39,31,1,12.359713920944545,False
39,44,1,5.955316093502522,False
39,47,1,5.4887686380512415,False
39,48,2,5.7785473206267346,False
39,49,2,5.515180254097527,False
39,50,1,4.3454468924924639,False
39,51,2,5.5405435663369067,False
39,52,1,5.5221443793505074,False
39,55,1,7.4309184166793694,False
39,58,2,7.9952831609987696,False
39,59,3,8.6188830134345178,True
40,0,1,6.8409136855028834,False
40,1,1,9.1939942923499416,False
40,7,1,6.1833810085819856,False
40,8,2,5.8528629017749214,False
40,9,3,6.5767377465362094,True
40,10,1,5.4542556657926378,False
40,11,1,6.5047532272710225,False
40,12,1,7.825370445034733,False
40,13,2,7.3062121196620593,False
40,14,1,5.7796182489845798,False
40,16,1,8.1458235775161985,False
40,19,1,8.3187757614888334,False
40,26,1,8.7714469282626517,False
40,29,1,7.7033547403090532,False
40,30,2,9.4428612300284911,False
40,32,1,8.6306630722268398,False
40,33,1,9.6473196018448988,False
40,35,1,12.576595633665915,False
40,44,2,7.3800572703776712,False
40,45,1,7.3518217587701322,False
40,46,2,7.3578829936938979,False
40,47,2,7.3955987872151301,False
40,48,2,7.3653792603099077,False
40,49,1,6.174765713643354,False
40,50,2,6.9144714241503058,False
40,51,7,7.0161576557759862,True
40,52,2,6.656700286510012,False
40,54,2,7.6101336877280961,False
40,55,3,9.0900617092827343,True
40,57,1,6.0382987488673825,False
41,0,1,9.9656095950315287,False
41,7,1,6.2783416756175594,False
41,8,2,5.1360495238758368,False
41,9,1,7.32431130346506,False
41,10,2,6.4187452996470471,False
41,11,1,5.3719510597760589,False
41,13,2,6.628225258797106,False
41,14,1,6.9737158184331616,False
41,18,1,8.2783366099935609,False
41,26,1,8.7443435069361009,False
41,32,1,9.2050922061851725,False
41,42,1,7.7356598302032777,False
41,44,1,6.1085768709131028,False
41,45,1,6.1201798963538732,False
41,47,2,6.2037317681713517,False
41,48,3,6.4514922195251314,True
41,49,1,5.3131653755192243,False
41,51,4,6.5349978987849466,True
41,52,1,5.4615380878178588,False
41,55,1,6.5985010352703668,False
42,0,1,9.0102999205505174,False
42,5,1,7.0893444421801721,False
42,7,1,5.1086407088347947,False
42,8,1,6.2261645674392421,False
42,9,3,6.4073440633155769,True
42,10,2,4.6537534182345421,False
42,11,1,4.1479175022796229,False
42,13,1,5.7172212420856248,False
42,14,1,5.6028274866156078,False
42,16,1,6.3260998340148564,False
42,17,1,8.1939001852902322,False
42,26,1,9.4067033977972603,False
42,42,1,7.5744715367283986,False
42,43,1,5.8200533306481157,False
42,44,1,8.1395418598990119,False
42,45,1,5.2228137543656548,False
42,48,2,5.2450823147735015,False
42,49,1,3.8675453046602333,False
42,50,1,5.8351081746889291,False
42,51,5,5.5204871104779585,True
42,52,1,6.1450774418091454,False
42,53,1,5.5631756749974803,False
42,55,2,7.5915670540227964,False
42,57,1,8.8485155370959241,False
43,0,1,9.9733438703384429,False
43,1,1,8.8688704123383335,False
43,5,1,9.4036729613818881,False
43,7,2,6.4252555464200771,False
43,8,1,5.9281767053929659,False
43,9,5,7.2544156446667571,True
43,10,2,6.0529916759916622,False
43,11,1,6.1394084945778031,False
43,13,1,8.5743201663211934,False
43,14,1,5.7551517946932158,False
43,16,1,7.8714147720107341,False
43,17,1,9.177459591925393,False
43,26,1,10.196489327319902,False
43,42,1,7.5250522304897105,False
43,43,1,6.4482331330247185,False
43,45,2,7.5532355460673886,False
43,48,1,9.0775395982983884,False
43,49,2,6.3250119907412978,False
43,50,2,5.7322214311849597,False
43,51,5,6.3960558089861275,True
43,52,1,7.2118161712155553,False
43,53,2,8.5845194745359805,False
43,54,1,7.2067457586272585,False
43,55,2,7.9387737884138474,False
43,57,1,9.2806575261119839,False
43,62,1,7.5950153179031608,False
44,0,1,11.266434862758498,False
44,1,2,8.4758679464321496,False
44,7,1,5.5408790394159046,False
44,8,1,6.4892843415599506,False
44,9,2,7.2949649424475211,False
44,10,2,5.5771324738077341,False
44,11,1,7.7076387886232416,False
44,12,2,6.6778320126605095,False
44,16,3,7.522746355553263,True
44,17,4,7.8658159795944504,True
44,22,1,7.522722544821197,False
44,24,1,8.1118647879793127,False
44,26,1,9.6971677465409787,False
44,28,1,7.9459695995118933,False
44,31,1,11.633471123341854,False
44,39,2,7.0091723009662896,False
44,41,1,10.089199700101277,False
44,45,2,7.0753837504040389,False
44,46,2,5.9947747111945757,False
44,48,2,6.3051631636590644,False
44,49,1,5.4026189212217863,False
44,50,1,5.2580185283537846,False
44,51,3,6.2276567986679083,True
44,53,3,7.3202834097281055,True
44,62,1,7.4636618020885539,False
45,0,1,8.9460381453675666,False
45,1,1,8.650099800839973,False
45,8,1,6.2324077509153035,False
45,10,1,5.0351134935359658,False
45,16,1,8.2654191025303323,False
45,39,1,9.5568299001214978,False
45,45,1,6.4781592387834888,False
45,46,1,6.4220565321392185,False
45,47,1,7.8237712430503281,False
45,48,1,8.3643110533878637,False
45,49,1,5.7130015793683784,False
45,50,1,5.5118702481277477,False
45,51,3,6.5797190042795446,True
45,62,1,7.8160680094936437,False
46,10,1,6.378088998546481,False
46,46,1,5.9463422596993567,False
46,48,1,9.0605090954311507,False
46,49,1,6.1301109283473814,False
46,50,1,6.3502802030586949,False
46,51,3,6.9664415178856736,True
46,62,1,8.8279639265952685,False
47,4,1,7.4918621677826192,False
47,10,1,8.0425877397352288,False
47,12,1,6.6969306929340737,False
47,48,1,9.6493440378379631,False
47,49,1,5.4522642465352735,False
47,50,1,6.7302877730547497,False
47,51,3,5.9682695594501398,True
47,53,1,6.8999274732480878,False
47,54,1,10.788332710881148,False
47,57,1,8.5093557329933347,False
47,62,1,7.5921196701815727,False
48,5,1,6.3266976186864419,False
48,7,1,6.287950490034838,False
49,5,1,8.0213388863856974,False
49,7,2,5.8271121915826845,False
49,9,2,5.2903316564794665,False
49,11,1,6.2686286333014616,False
49,53,1,6.4084566401082421,False
50,7,1,5.6075195440552035,False
50,9,2,7.0444388443855157,False
50,11,1,8.3565825111667511,False
50,47,1,7.2514315006625862,False
50,48,1,6.8953512656137246,False
50,50,2,7.254449553080164,False
50,51,1,8.5914789141183672,False
50,52,1,7.9504690299570724,False
50,53,1,6.2522749776345812,False
50,63,1,8.2988266956371994,False
51,4,1,8.9497008595872494,False
51,7,1,6.3157754783105045,False
51,8,1,6.0391818966576372,False
51,9,2,6.462179409611001,False
51,10,2,6.0065696545150473,False
51,11,1,7.0198052394305996,False
51,14,1,9.307158737368967,False
51,15,1,8.6323287841127669,False
51,16,1,8.8330134692216138,False
51,21,1,11.680700819137693,False
51,26,1,9.3885070974382749,False
51,34,1,8.195523288485262,False
51,40,1,8.454245664279977,False
51,47,2,6.1520554770819036,False
51,48,1,5.4611260642651658,False
51,50,4,6.6389142127001906,True
51,51,1,6.3072460587290147,False
51,53,1,4.9017325967329182,False
51,57,1,7.077240655025486,False
51,62,1,9.0251334595006387,False
51,63,1,7.3830980510180231,False
52,7,1,7.0286685572035497,False
52,9,1,5.8995403735918108,False
52,10,1,5.0604647871382875,False
52,11,1,5.5279292727710354,False
52,19,1,8.6546714114024272,False
52,32,1,8.6752410659555483,False
52,42,1,8.5577511051603938,False
52,47,2,5.2479318272861573,False
52,50,1,5.7189320602525511,False
52,51,1,4.7072520395750423,False
52,53,2,5.6254642340378709,False
52,57,1,6.7554975703454883,False
53,7,1,6.4016891816950299,False
53,9,1,6.1431852040440056,False
53,10,1,6.0164422469623231,False
53,19,2,7.2759269003355582,False
53,47,2,5.8905205255026418,False
53,49,1,7.800756851884028,False
53,50,1,8.5433187620436044,False
53,51,1,7.8327718953412218,False
53,52,3,7.1562214051740938,True
53,53,1,5.1987832052158032,False
54,6,1,8.4820678800363591,False
54,7,1,7.4662664587043075,False
54,9,2,6.001849496727039,False
54,10,2,4.9055830799106435,False
54,11,1,6.0867675711808253,False
54,12,1,6.2484217190767932,False
54,16,1,6.9930871123199099,False
54,39,1,8.4123649984997577,False
54,47,2,5.8589658918433729,False
54,50,1,6.7558198922659205,False
54,51,1,5.6715025213606118,False
54,52,3,6.4981034525555197,True
55,0,1,10.341867715041529,False
55,4,1,7.1830744673048441,False
55,6,1,7.2867051863505958,False
55,7,1,5.5820544596995969,False
55,9,2,5.2469401573990666,False
55,10,1,4.5409899331589649,False
55,12,2,6.1106742512770209,False
55,16,2,8.2207786113386696,False
55,38,1,9.0039127516283486,False
55,39,1,7.5726629410499449,False
55,47,2,6.028909135371153,False
55,50,1,4.9088413309238286,False
55,51,1,6.6094543179626752,False
55,52,2,5.0817576410002507,False
55,54,1,8.8002627265128943,False
55,57,1,9.7470530116647272,False
56,2,1,10.943666263261351,False
56,3,2,8.148026591795384,False
56,4,1,7.7700512240543302,False
56,7,1,5.6288750548231565,False
56,8,1,5.530004122385682,False
56,10,1,6.2334409052839517,False
56,11,1,6.2430855918257109,False
56,12,1,5.1281460423405374,False
56,16,1,6.2173102747459517,False
56,28,1,9.6304976659623271,False
56,30,1,7.8855210808987124,False
56,45,1,9.1529563699593126,False
56,47,1,7.0314882808476211,False
56,50,2,5.6857824472116318,False
56,51,1,7.1702261309085289,False
57,3,2,8.6888524269874416,False
57,4,1,7.5117523851197241,False
57,7,1,6.8421695217867731,False
57,8,1,6.8733901686965551,False
57,10,1,7.5112458371110504,False
57,12,1,8.3962011406538757,False
57,16,1,7.9658569129431687,False
57,28,1,9.3919993015142929,False
57,30,1,8.0448566940242134,False
57,45,1,8.7638683012965704,False
57,46,1,6.8215931800607201,False
57,47,1,8.5399727380871173,False
57,50,3,6.0588313897706003,True
57,51,1,7.8483398409353056,False
58,8,1,7.2939380513708443,False
58,10,2,7.5616172365053709,False
58,33,1,7.1592032503708651,False
58,46,2,6.4774088886188368,False
58,50,1,4.7022073507374182,False
59,11,1,5.3799869968155978,False
59,31,1,7.561363309176266,False
59,46,1,5.9861814763446697,False
59,50,1,6.022010609607312,False
60,0,1,15.788103370669596,False
60,1,2,14.213580446895165,False
60,2,1,12.405694803882032,False
60,3,1,12.646015068896595,False
60,5,1,10.268303375262573,False
60,6,4,7.1726573190425524,True
60,8,2,5.8752862776177421,False
60,9,2,4.4097098474206344,False
60,10,2,5.2308197786488027,False
60,12,1,5.4047661514671166,False
60,14,2,9.152553636535453,False
60,15,2,11.805540871369727,False
60,16,3,12.493183913750791,True
60,17,2,12.519354195735342,False
60,18,2,13.516871756923637,False
60,19,1,13.275183339308635,False
60,20,3,13.147176378170942,True
60,22,1,13.598397421354905,False
60,23,2,14.598639503573303,False
60,26,1,12.648000187709441,False
60,27,2,14.616362371025845,False
60,29,1,11.099758796069555,False
60,35,3,13.922948344977122,True
60,36,1,14.752092822044158,False
60,38,1,13.066271626389431,False
60,39,1,12.306490931644941,False
60,40,1,13.261167280545044,False
60,41,2,13.752384465645354,False
60,42,2,11.937530864378145,False
60,43,5,9.528228854790159,True
60,44,2,10.179438722010598,False
60,45,3,9.7454751702233704,True
60,46,4,8.4673420740935974,True
60,47,1,8.2324202555788126,False
60,48,2,5.7019565621280588,False
60,50,1,7.254276637428748,False
60,51,1,8.0147103285586603,False
60,52,4,7.1814800796759055,True
60,53,2,6.7365862512051855,False
60,54,2,9.0306900546700781,False
60,56,1,10.519518058597379,False
60,58,2,10.768038576673055,False
60,59,1,16.371213429669726,False
60,60,2,13.914190574781951,False
60,62,1,10.620124546156669,False
61,1,2,14.420292655580779,False
61,2,1,13.087301593511421,False
61,4,3,11.170518453750354,True
61,5,2,10.917745172651143,False
61,7,1,6.8066709986256519,False
61,8,3,7.7146407880294614,True
61,10,1,6.6148239678170428,False
61,11,1,5.2247483458159767,False
61,12,3,8.0606282942199634,True
61,13,1,9.8084910575320698,False
61,14,2,11.053943127815677,False
61,17,2,12.239596590959984,False
61,19,2,13.019201951848132,False
61,20,2,13.145775513508974,False
61,21,1,14.259970591830211,False
61,22,1,16.615564948050441,False
61,23,1,11.127838539153352,False
61,24,2,14.724066806990951,False
61,26,2,13.799157378851433,False
61,27,3,15.187264486897442,True
61,28,4,13.974732666490221,True
61,30,1,14.729952330207265,False
61,31,4,13.518155561184287,True
61,32,1,14.924559622154741,False
61,34,3,12.622345788415606,True
61,35,3,14.127910279182261,True
61,37,4,15.95018480865615,True
61,40,1,14.567903025469354,False
61,42,2,10.676636531398657,False
61,44,1,9.6145620707748414,False
61,45,1,9.6610041094359644,False
61,47,2,8.1482202142571953,False
61,48,4,7.7003474512789039,True
61,49,4,6.8099582938439154,True
61,50,3,6.3082354236613822,True
61,51,4,8.1034021817719406,True
61,52,2,8.2257476992001965,False
61,53,2,8.6425447838947154,False
61,54,2,10.307521412756845,False
61,55,1,10.383635286609056,False
61,56,3,11.52052608074707,True
61,57,1,10.634535341564469,False
61,58,1,12.624754414207816,False
61,59,1,12.182066517001987,False
61,60,1,13.814545134565636,False
61,61,2,13.97993073692545,False
61,63,2,14.090516630952257,False
62,0,2,13.178394842668611,False
62,1,3,13.629632862401104,True
62,2,2,12.245147097611708,False
62,3,2,14.033005530708738,False
62,4,1,12.191944465141669,False
62,5,2,9.6287917103108267,False
62,6,3,8.8762710305490806,True
62,7,1,8.0727024751775431,False
62,8,3,8.0202105867010562,True
62,9,5,7.4980964125597351,True
62,10,7,6.3755868303445453,True
62,11,1,9.4985224489087798,False
62,12,2,7.5587308452590403,False
62,14,2,9.9218615721422321,False
62,15,2,11.663754071640973,False
62,16,2,11.307537723630356,False
62,17,2,11.702497798219536,False
62,18,3,12.700815861060253,True
62,19,4,13.974383459468452,True
62,20,3,14.209648416868429,True
62,21,1,8.8135229245034292,False
62,22,4,11.857202626146456,True
62,23,2,13.05252349984586,False
62,24,2,13.740905679048831,False
62,26,1,14.779430493007045,False
62,27,2,15.842151731207686,False
62,28,1,13.893741405655915,False
62,29,1,10.957878341216363,False
62,30,1,14.917335508145779,False
62,31,1,16.573386255304722,False
62,35,4,14.04250320256623,True
62,36,1,14.521018544076691,False
62,37,1,14.280386952658903,False
62,38,3,13.48628272961875,True
62,39,2,10.990986395233891,False
62,40,2,11.793328470220384,False
62,41,2,12.178835936323644,False
62,42,2,13.904719483928881,False
62,43,5,10.780856185453125,True
62,44,2,11.062327733259766,False
62,45,5,10.344182424582383,True
62,46,8,9.465326988434553,True
62,47,3,7.5678673853421756,True
62,48,4,7.5358551747112053,True
62,49,2,8.6027726231835349,False
62,50,5,8.3241337125128965,True
62,51,2,7.6369832958072914,False
62,52,6,8.5958062233074628,True
62,53,3,8.760317738005547,True
62,54,5,9.8614503604003776,True
62,56,1,9.9889925180485353,False
62,58,3,12.180072857664875,True
62,59,2,14.151624006089069,False
62,60,1,15.126314686306266,False
62,62,3,14.435337748386612,True
62,63,1,17.974962171586061,False
63,1,2,14.262933833912268,False
63,2,2,11.743265703032453,False
63,4,5,12.32009749224633,True
63,5,6,8.8576769920623235,True
63,6,2,9.376908571983817,False
63,7,2,7.2509151790477144,False
63,8,4,6.6433649188331474,True
63,10,2,6.4034082012089995,False
63,11,1,6.9372529158154217,False
63,12,3,7.8745465390561709,True
63,13,2,8.322146624957302,False
63,14,3,9.1665182318550986,True
63,15,1,9.3000831654060523,False
63,16,1,12.563920139991108,False
63,17,3,14.425843139345867,True
63,18,2,12.236884932854387,False
63,19,1,11.054340100294866,False
63,20,3,12.369074592670319,True
63,21,3,11.590970113184836,True
63,23,1,11.710729478466954,False
63,24,3,12.572274062567027,True
63,26,4,14.223277114173504,True
63,27,3,13.631756768224724,True
63,28,5,13.380183501883682,True
63,29,1,13.127414638311556,False
63,30,1,14.729952330182977,False
63,31,4,13.142941369378695,True
63,32,2,14.702508406370676,False
63,34,3,12.886369101772214,True
63,35,3,14.693394887248736,True
63,36,1,16.923570569316073,False
63,37,3,14.598674098479652,True
63,38,1,11.146939404203618,False
63,40,2,11.665108597548373,False
63,41,1,13.509696743136191,False
63,42,2,11.578202318792808,False
63,44,2,10.255390724364863,False
63,45,3,8.9764824433629258,True
63,46,2,8.11104601990208,False
63,47,2,7.6333018167807856,False
63,48,7,7.5293474599186316,True
63,49,7,6.4412916129491737,True
63,50,4,7.4075412729749015,True
63,51,5,7.7085780195260254,True
63,52,3,7.2658288132650712,True
63,53,4,8.2105788354051654,True
63,54,3,8.9254619704439229,True
63,55,2,9.1232830731450658,False
63,56,5,10.719694144186191,True
63,57,1,11.655257844724316,False
63,58,2,11.240449618714916,False
63,59,2,10.610106883094097,False
63,60,1,14.321982603723637,False
63,61,3,12.384015612301337,True
63,62,3,13.393049544390843,True
63,63,2,13.786855505565175,False
64,0,2,13.430842122970224,False
64,1,2,14.031442610218361,False
64,2,4,11.982771669347207,True
64,3,2,11.058604441128757,False
64,4,3,9.6815404825293392,True
64,5,5,8.6964742647058433,True
64,6,5,8.5302711059012442,True
64,7,2,7.823592829938316,False
64,8,5,7.7410727226305154,True
64,9,9,6.8975301855852287,True
64,10,12,6.4325367976129959,True
64,11,7,7.1764143767339714,True
64,12,2,7.9379403545420635,False
64,14,6,10.487876322684455,True
64,15,4,11.484575819960437,True
64,16,3,13.279305479836827,True
64,17,2,13.461811275755473,False
64,18,5,13.292217873703812,True
64,19,6,13.446848205272758,True
64,20,4,13.658194635817628,True
64,21,1,16.693254456308157,False
64,22,4,13.004756270600161,True
64,23,2,15.503950286955797,False
64,24,2,14.689587403663372,False
64,26,1,15.75428649559324,False
64,27,1,15.621436410047378,False
64,28,1,14.064365374174253,False
64,29,2,12.056733315695908,False
64,30,2,14.503588887398177,False
64,31,1,12.697468234876782,False
64,32,1,9.405887042618561,False
64,33,2,11.598107545218859,False
64,35,5,14.688276960956934,True
64,36,2,14.35407817628194,False
64,37,2,14.299954154076966,False
64,38,3,14.361160002279844,True
64,39,3,10.877488106554834,True
64,40,3,13.475992112963924,True
64,41,4,11.190634135225574,True
64,42,2,14.287078080027616,False
64,43,4,10.688540631533636,True
64,44,4,9.6860902586458639,True
64,45,8,8.9450196405311608,True
64,46,12,9.4961369713624126,True
64,47,6,8.5762594363423279,True
64,48,7,7.4079231245237613,True
64,49,4,7.808938644709345,True
64,50,7,7.5341275613879901,True
64,51,5,7.1183410734723385,True
64,52,10,8.1714592461307181,True
64,53,7,8.6078538166039351,True
64,54,7,8.5547067120284979,True
64,55,2,9.5642628369867619,False
64,56,2,10.769669302627719,False
64,57,2,10.919324673899398,False
64,58,3,12.01788953353287,True
64,59,3,12.767337990564631,True
64,60,2,14.313751144906387,False
64,62,3,14.435337748386612,True
64,63,1,14.79024886602331,False
65,1,2,14.065399384971499,False
65,2,2,12.622538552625805,False
65,3,1,9.0497106547251871,False
65,4,6,11.45350491240573,True
65,5,7,9.9172483310978929,True
65,6,3,8.5843148060041763,True
65,7,2,9.4278033967410124,False
65,8,4,6.7038561407954926,True
65,10,5,6.3021700106487062,True
65,11,2,7.0618674042159171,False
65,12,6,8.9878494446258603,True
65,13,3,8.4307590473830967,True
65,14,5,10.837462384276561,True
65,15,2,10.340139461482277,False
65,16,3,11.328081442972453,True
65,17,3,13.317031214563073,True
65,18,2,13.002405185160601,False
65,19,1,12.24224482539061,False
65,20,2,13.63402919229069,False
65,21,4,13.204528823322903,True
65,22,1,12.625944774525703,False
65,23,1,14.474168086512899,False
65,24,4,11.969830838463867,True
65,26,4,13.949450681416605,True
65,27,2,16.016024036879294,False
65,28,4,13.989764083648241,True
65,29,1,13.991886481701833,False
65,30,3,12.248051768216417,True
65,31,3,14.056761599464904,True
65,32,2,14.493052663350101,False
65,34,3,12.291952770112012,True
65,35,3,14.526059669205351,True
65,36,1,16.923570569316073,False
65,37,4,13.42012669672061,True
65,38,2,11.98370158938056,False
65,40,3,11.269671245955456,True
65,41,3,13.878345829119386,True
65,42,2,11.821321850404741,False
65,44,3,12.040462352900253,True
65,45,4,12.049870614168981,True
65,46,2,8.3522185866434171,False
65,47,3,7.8923122423226282,True
65,48,8,7.7107125814535777,True
65,49,7,6.8256959143756699,True
65,50,6,7.4227605958821234,True
65,51,5,8.5886832178408632,True
65,52,4,8.3067929403214791,True
65,53,6,8.9585488258156403,True
65,54,2,9.6232664801017425,False
65,55,2,8.7619720721909253,False
65,56,4,10.275849332434282,True
65,57,2,10.361927193628508,False
65,58,2,12.720163140393852,False
65,59,2,13.618929737275188,False
65,60,2,11.884022878118904,False
65,61,2,13.644546444760683,False
65,62,4,14.494276670933088,True
65,63,3,14.136336450277314,True
66,0,2,14.357522451327743,False
66,1,2,13.139268899066058,False
66,2,4,11.632658640253226,True
66,3,2,10.891482606594208,False
66,4,3,10.202652839337379,True
66,5,6,10.06232672074632,True
66,6,7,8.5631435370196929,True
66,7,4,8.6015613883398689,True
66,8,6,7.79592637271264,True
66,9,8,6.6345753271258827,True
66,10,11,6.9643862585862211,True
66,11,9,8.5657856365808858,True
66,12,3,7.63956541761375,True
66,14,8,10.536118890365145,True
66,15,4,12.178077881472523,True
66,16,3,11.991535121917051,True
66,17,2,12.305911298902522,False
66,18,5,14.819251287331468,True
66,19,5,14.036406271322527,True
66,20,4,13.457695476197271,True
66,21,1,16.693254456276964,False
66,22,3,12.20500308590146,True
66,23,2,12.924216337001722,False
66,24,2,15.038232248971312,False
66,27,2,13.92559996695047,False
66,28,2,14.15835019612623,False
66,29,3,12.924608565027462,True
66,30,2,13.826749996093115,False
66,31,1,16.302323384291736,False
66,32,3,14.058765253866417,True
66,33,2,13.573061006341113,False
66,35,5,12.970550631834252,True
66,36,2,15.217968689176297,False
66,37,2,14.00078655613496,False
66,38,4,12.705904126954064,True
66,39,3,12.731966761046895,True
66,40,3,13.743153254485353,True
66,41,4,12.038739896019797,True
66,42,3,12.142430341742687,True
66,43,3,11.517215197812959,True
66,44,5,10.166555243269208,True
66,45,10,10.1554925137041,True
66,46,11,10.481966456028644,True
66,47,8,8.6235861279897268,True
66,48,7,8.0090544107328849,True
66,49,5,8.8720927256410285,True
66,50,8,8.5998582508955721,True
66,51,5,8.8521479591754506,True
66,52,9,8.5356707621604375,True
66,53,7,8.7693466792445545,True
66,54,8,9.6694637779643671,True
66,55,3,12.012505128780125,True
66,56,2,9.8952156115601042,False
66,57,3,11.883782251132649,True
66,58,4,12.022878291517365,True
66,59,3,12.036877390993725,True
66,60,2,13.607553223113264,False
66,62,3,11.311248155638133,True
66,63,1,12.175643263120035,False
67,1,1,13.506073554254094,False
67,2,2,12.045440735222186,False
67,3,2,12.777956203778819,False
67,4,6,11.70800996082788,True
67,5,7,9.0770317556215669,True
67,6,7,8.3392116438882482,True
67,7,3,7.5579780823671747,True
67,8,4,6.2757297269821715,True
67,10,6,5.2016806678229202,True
67,11,2,6.9967051941120948,False
67,12,7,6.9423725387765272,True
67,13,4,7.3734648288015165,True
67,14,7,10.421471052072384,True
67,15,3,10.195379641208904,True
67,16,3,11.533391645173124,True
67,17,4,12.450859636235636,True
67,18,3,12.464377875914316,True
67,19,1,12.142797401172821,False
67,20,5,13.266350024380813,True
67,21,4,14.393183799526716,True
67,22,2,12.292150268002958,False
67,23,1,16.242160645119718,False
67,24,5,12.090817639852899,True
67,26,5,14.230788711219622,True
67,27,2,15.057214554109963,False
67,28,4,13.192599190873924,True
67,29,2,12.022423006296064,False
67,30,3,13.078009548803461,True
67,31,3,12.638251670896709,True
67,32,2,13.517839142468212,False
67,34,4,13.787362514041506,True
67,35,3,14.016956398365345,True
67,36,1,15.369170963539688,False
67,37,4,13.899652555677287,True
67,38,2,12.677384632377642,False
67,40,3,11.474287439973146,True
67,41,4,13.885179155267567,True
67,42,2,11.314541826108899,False
67,44,3,10.142364115998925,True
67,45,5,8.9188794566742668,True
67,46,2,7.9555555864677325,False
67,47,3,6.4476732645755934,True
67,48,8,6.734225327862978,True
67,49,6,5.9468804279271312,True
67,50,8,6.5602049983812689,True
67,51,7,6.9510173147541927,True
67,52,5,7.0595774211865114,True
67,53,8,8.0305633462291066,True
67,54,4,9.1642109315918958,True
67,55,2,9.0033787575522464,False
67,56,7,11.440945666217802,True
67,57,1,11.166496339801771,False
67,58,2,12.771881193233847,False
67,59,2,11.830103440629973,False
67,60,1,12.398487852053927,False
67,61,2,14.347379760989964,False
67,62,4,14.428738324832279,True
67,63,3,13.695100803050298,True
68,0,2,12.225879143966425,False
68,1,2,13.714269180780141,False
68,2,1,10.784951009788232,False
68,3,6,11.746080179107869,True
68,4,4,10.211559527764198,True
68,5,5,10.643075339653395,True
68,6,9,8.8047343315329218,True
68,7,4,6.7646397911608771,True
68,8,9,6.602817995321705,True
68,9,4,6.2015329933354293,True
68,10,9,5.898446117581102,True
68,11,4,7.0800923565426164,True
68,12,5,7.1148285091805787,True
68,13,2,7.2867981572932106,False
68,14,4,10.323966302227516,True
68,15,6,11.069638073406066,True
68,16,2,13.414717893258679,False
68,17,6,12.508962421171576,True
68,18,3,12.481959440960237,True
68,19,7,14.613823055612105,True
68,20,4,14.236258742342971,True
68,21,2,12.760686650466248,False
68,22,3,14.31357844116202,True
68,23,1,15.39037831763544,False
68,24,3,13.003329436421948,True
68,25,4,13.215771330188534,True
68,26,3,14.134873347020649,True
68,27,3,14.65540535533416,True
68,28,5,14.884458490309118,True
68,29,4,17.148867018633428,True
68,30,2,14.223391193625686,False
68,31,2,16.661158647801223,False
68,32,3,13.313856273139603,True
68,33,1,9.6622383127142957,False
68,34,2,13.738183165490248,False
68,35,3,12.876592642154099,True
68,36,2,12.148320320677424,False
68,37,2,14.341723915750311,False
68,38,5,13.289866650457386,True
68,39,6,12.687446159142233,True
68,40,2,12.190450952468376,False
68,41,7,11.35631400917717,True
68,42,4,11.884898945944402,True
68,43,5,9.1424537802781227,True
68,44,4,10.400496881153327,True
68,45,7,9.912222002918778,True
68,46,7,8.3421932388372237,True
68,47,7,7.5624285899189658,True
68,48,9,8.104059608545926,True
68,49,7,7.3154054146912024,True
68,50,10,6.8168998318441787,True
68,51,6,7.2132255238736684,True
68,52,12,8.5126347083133727,True
68,53,3,9.2994447881916091,True
68,54,9,9.3582286512796813,True
68,55,5,9.6934142819753681,True
68,56,3,10.760146742938813,True
68,57,4,11.684606168659615,True
68,58,4,12.522273478271538,True
68,59,4,11.03271157318073,True
68,62,2,12.839235168232877,False
68,63,3,13.353232105527056,True
69,0,4,14.021341594165472,True
69,1,1,13.420499829837082,False
69,2,3,11.485158641883705,True
69,3,1,14.110612716694435,False
69,4,7,12.130740257680305,True
69,5,11,10.145013685933684,True
69,6,5,9.546837108017435,True
69,7,1,7.3018081610652752,False
69,8,9,9.1888190177205225,True
69,9,6,6.5599637127042287,True
69,10,12,7.5517805546324634,True
69,11,6,7.7558300491029248,True
69,12,10,9.2213032222976121,True
69,13,5,9.4366052521840071,True
69,14,14,11.735933863129748,True
69,15,4,11.059750003304515,True
69,16,6,12.446232218795608,True
69,17,6,13.601913482839716,True
69,18,3,14.347007850386056,True
69,19,3,13.757180602537392,True
69,20,4,13.627060739120253,True
69,21,2,13.033433098115012,False
69,22,5,12.929140148590768,True
69,24,4,13.897608282414474,True
69,26,1,14.68093710933408,False
69,27,4,13.356143446085328,True
69,28,3,14.09970341742828,True
69,29,2,15.070829810586879,False
69,30,4,13.755512354911625,True
69,31,3,12.045883625596419,True
69,32,4,13.191085088477562,True
69,33,3,14.006558628931201,True
69,34,6,13.567469383110936,True
69,35,5,13.644066121978035,True
69,36,1,13.391926303161187,False
69,37,5,12.589141066854969,True
69,38,4,12.824569492470093,True
69,39,3,12.593736225187435,True
69,40,2,13.914531767792562,False
69,41,6,14.014070855432486,True
69,42,4,13.197152919821217,True
69,43,3,13.185476197177126,True
69,44,6,10.194908555067283,True
69,45,4,10.544096612899949,True
69,46,5,8.097713694179717,True
69,47,4,9.5852361030080235,True
69,48,10,8.1379990004814449,True
69,49,11,8.0967346135842515,True
69,50,8,7.6502449146664562,True
69,51,9,8.6452318466352107,True
69,52,6,8.3247582891698464,True
69,53,9,10.769729995551215,True
69,54,4,10.912390548019753,True
69,55,1,9.0431722838376576,False
69,56,9,11.989083283835079,True
69,57,2,12.307689155846569,False
69,58,3,12.222387602611523,True
69,59,3,13.458310746290779,True
69,60,1,11.547533503411136,False
69,61,2,15.162545929949921,False
69,62,5,14.74621888371971,True
69,63,5,15.294098290053178,True
70,0,2,13.901241199975098,False
70,1,3,14.434232752631269,True
70,2,2,11.771835485219786,False
70,3,7,12.247730219638067,True
70,4,5,10.673417315307598,True
70,5,5,9.2514461490682134,True
70,6,11,9.1110994563131946,True
70,7,5,8.3134987375648652,True
70,8,10,8.2830497997649406,True
70,9,4,7.3047522178986819,True
70,10,9,7.0163603137227808,True
70,11,7,7.4630359173832321,True
70,12,2,8.0963044392574481,False
70,13,2,8.0876366649892706,False
70,14,5,9.7916281485202248,True
70,15,5,12.81227617777523,True
70,16,1,12.19955829641666,False
70,17,8,12.377243968107537,True
70,18,2,14.063718839135442,False
70,19,7,12.99854995873795,True
70,20,5,14.629880388199989,True
70,21,2,13.902602401826552,False
70,22,4,13.999339851603658,True
70,23,3,14.265039976884259,True
70,24,2,12.757385746455832,False
70,25,2,14.318102544255927,False
70,26,3,14.238472134676668,True
70,27,4,14.06920084628428,True
70,28,5,14.204910335582777,True
70,29,4,13.537202250792655,True
70,30,2,13.896523045701951,False
70,31,3,15.039299086463338,True
70,32,3,13.58233695684137,True
70,33,2,12.247874083571476,False
70,34,2,13.872714608493697,False
70,35,3,13.379892732125828,True
70,36,2,12.68412497308781,False
70,37,2,15.500972248745638,False
70,38,4,12.790589239272727,True
70,39,6,12.969865948679445,True
70,40,3,14.212795795294994,True
70,41,7,12.608116716065025,True
70,42,6,11.688489964155014,True
70,43,4,10.169734606556549,True
70,44,5,10.323026845207149,True
70,45,5,9.443156789340561,True
70,46,8,8.9044533141877302,True
70,47,6,8.0572028579980266,True
70,48,8,8.2038961882387174,True
70,49,6,8.3125482213774067,True
70,50,11,7.7475463332440269,True
70,51,3,8.5663665103831566,True
70,52,15,8.6550067994848288,True
70,53,3,9.9068588530122668,True
70,54,11,9.5053945441899863,True
70,55,7,9.2752180168856189,True
70,56,5,10.857365920253191,True
70,57,4,13.627025670544541,True
70,58,4,12.123008103300199,True
70,59,3,12.444886694534926,True
70,62,2,12.256554867767568,False
70,63,2,13.626964496469441,False
71,0,4,13.288858152603803,True
71,1,2,14.809747432952385,False
71,2,3,12.605601758084648,True
71,3,2,12.087210331828349,False
71,4,7,11.133772776388176,True
71,5,8,9.3193726159913286,True
71,6,3,9.1396130966012024,True
71,7,1,7.744107897251749,False
71,8,9,7.1660229926031045,True
71,9,4,5.6852069088881763,True
71,10,11,7.1119334679873987,True
71,11,6,6.3219027814273741,True
71,12,10,7.8471661090056166,True
71,13,4,7.8680588315729691,True
71,14,14,10.427661433826195,True
71,15,5,10.411795319025661,True
71,16,7,12.329879633108272,True
71,17,6,13.560565407014755,True
71,18,4,11.708063659391875,True
71,19,3,14.931268852561221,True
71,20,4,13.279974644613983,True
71,21,3,11.411376329564993,True
71,22,5,14.10535677789743,True
71,24,4,13.939456125817863,True
71,25,2,13.296584626854134,False
71,26,2,13.249022299494074,False
71,27,4,14.023839491167827,True
71,28,3,14.905161891764898,True
71,29,2,15.832260671411184,False
71,30,4,13.391495357014485,True
71,31,3,11.355244189434737,True
71,32,4,15.387067020013918,True
71,33,3,13.063108896235992,True
71,34,6,12.925292937891186,True
71,35,5,14.780767813716327,True
71,36,1,11.880242986187092,False
71,37,5,12.461869889341928,True
71,38,4,13.742227348187129,True
71,39,3,14.128840449303349,True
71,40,5,13.680102169181335,True
71,41,6,12.71816623849012,True
71,42,5,11.933660694528211,True
71,43,4,10.049420746474317,True
71,44,6,10.523238666436214,True
71,45,5,11.08866563900477,True
71,46,5,7.834371749761524,True
71,47,4,7.9757706342792369,True
71,48,9,7.4826137702756297,True
71,49,10,7.4520541880602966,True
71,50,8,6.9491236646165744,True
71,51,9,7.3691699609713464,True
71,52,7,8.9371366960528498,True
71,53,9,8.6675499979262085,True
71,54,3,10.085158479514194,True
71,55,1,8.7755955379297088,False
71,56,8,10.783011887730762,True
71,57,3,10.889175526003594,True
71,58,3,12.325567937935974,True
71,59,3,13.458310746290779,True
71,60,1,13.854629443340198,False
71,61,2,13.067168377445149,False
71,62,6,14.511883896821363,True
71,63,5,15.940354355625875,True
72,0,2,13.225409500067467,False
72,1,3,15.008496128907211,True
72,2,3,12.463545903514856,True
72,3,8,11.168526849050242,True
72,4,4,9.8994979865525554,True
72,5,8,9.1032379088110975,True
72,6,10,8.1863439270567557,True
72,7,7,7.0289028385600556,True
72,8,11,7.4518103706515166,True
72,9,4,6.0797759426483742,True
72,10,10,5.4675521093714643,True
72,11,8,6.5336533002106298,True
72,12,3,7.191900575578094,True
72,13,5,8.9829265143180344,True
72,14,6,9.6098837766238958,True
72,15,5,10.954005879612021,True
72,16,1,12.155846944818391,False
72,17,8,12.312790719672634,True
72,18,2,11.517810478578125,False
72,19,6,12.752868893915858,True
72,20,6,13.892338760258355,True
72,21,2,15.212759450641313,False
72,22,5,13.83435276338758,True
72,23,3,13.644423254063957,True
72,24,2,12.852311037622638,False
72,25,2,14.677755928263188,False
72,26,3,13.889629429186092,True
72,27,4,13.484209225387206,True
72,28,3,13.407348402759332,True
72,29,4,15.279824620825607,True
72,30,3,13.529106606152457,True
72,31,3,14.679523036971874,True
72,32,2,12.507794498708577,False
72,33,3,12.522613358244794,True
72,34,3,14.79837598020675,True
72,35,3,16.117925490242531,True
72,36,3,12.56377430558757,True
72,37,2,13.349971079315102,False
72,38,3,13.192762660084394,True
72,39,6,11.920915656620817,True
72,40,5,12.892022613754145,True
72,41,7,11.712550458527227,True
72,42,8,12.203687805169531,True
72,43,4,8.9231093686670402,True
72,44,6,10.460156055239734,True
72,45,5,10.275365681142713,True
72,46,6,9.1030127781210126,True
72,47,4,7.1414113410885331,True
72,48,8,7.1380065989322343,True
72,49,6,7.878650558490536,True
72,50,10,6.2781631858949085,True
72,51,2,8.002937972659895,False
72,52,14,7.9390991562753879,True
72,53,3,8.1509154995115871,True
72,54,10,9.2502269940255513,True
72,55,7,9.9007352832508566,True
72,56,5,10.504055111637664,True
72,57,5,11.16896141119655,True
72,58,5,11.877134898768006,True
72,59,4,12.942649967473285,True
72,62,3,11.925823819279882,True
72,63,1,15.915743398905699,False
73,0,4,13.024763352396402,True
73,1,2,14.731705395556329,False
73,2,5,11.924286893522842,True
73,3,1,12.489729591940883,False
73,4,5,10.810603834102698,True
73,5,9,9.008406728455876,True
73,6,2,8.7275783612361977,False
73,7,3,7.2835492487026592,True
73,8,9,5.8357093982326997,True
73,9,1,4.5452686679589771,False
73,10,8,5.2102070319575056,True
73,11,5,5.3729331640253859,True
73,12,10,7.3450274811558733,True
73,13,3,7.2311421418380801,True
73,14,14,9.4985128638739251,True
73,15,7,10.409010422797792,True
73,16,7,12.311111505355095,True
73,17,6,12.785247619222972,True
73,18,3,14.555667808444264,True
73,19,2,14.772578594816663,False
73,20,4,14.354292110916662,True
73,21,3,13.004698125432631,True
73,22,5,12.88398198105841,True
73,23,1,12.082885413238484,False
73,24,4,13.205134735132297,True
73,25,2,14.19229121920579,False
73,26,2,12.153075228413655,False
73,27,4,15.206528770064253,True
73,28,3,13.797244995735467,True
73,29,2,15.153441207325512,False
73,30,4,13.157980917958428,True
73,31,4,12.86785863012614,True
73,32,5,13.929607205407544,True
73,33,3,12.854132481855997,True
73,34,6,14.231453614655813,True
73,35,4,12.776748461861763,True
73,36,1,11.858808974452876,False
73,37,5,10.448797643264394,True
73,38,3,12.07353458998703,True
73,39,1,13.25142841586384,False
73,40,4,13.172436076313122,True
73,41,7,12.838917755420061,True
73,42,5,11.34039107106546,True
73,43,6,11.084634610841764,True
73,44,6,10.130373825714743,True
73,45,7,8.7808544880665256,True
73,46,3,7.5380947742371154,True
73,47,4,6.8078582142624535,True
73,48,8,6.4628344215332394,True
73,49,5,5.5092626710904087,True
73,50,7,5.1473317726706078,True
73,51,8,6.8732397699658074,True
73,52,5,6.7062165486702936,True
73,53,7,8.8268658726196332,True
73,54,1,7.9306239277514106,False
73,55,1,9.0547310016007501,False
73,56,7,10.177608469456844,True
73,57,2,10.875753897322243,False
73,58,2,13.414528954072567,False
73,59,3,14.000913136668789,True
73,60,1,14.646151293783541,False
73,61,3,13.360262157642889,True
73,62,6,14.039026735074998,True
73,63,6,14.811108664597805,True
74,0,2,12.661664203852721,False
74,1,3,15.722130042798272,True
74,2,3,11.777612075671886,True
74,3,8,12.569564276879008,True
74,4,5,12.12784219220239,True
74,5,8,9.2227053259394349,True
74,6,7,10.040514597784364,True
74,7,6,8.743457504840725,True
74,8,11,8.6649352767330203,True
74,9,3,7.7425904371674257,True
74,10,10,7.1788845220450552,True
74,11,7,8.280917564728961,True
74,12,5,8.099582726140623,True
74,13,6,9.2438513392841823,True
74,14,6,11.644426872627388,True
74,15,6,11.236404299644978,True
74,16,2,12.374781271059403,False
74,17,8,12.8508947039739,True
74,18,2,12.445579340404164,False
74,19,6,12.647003533844465,True
74,20,6,14.63954151567139,True
74,21,2,11.682746299507368,False
74,22,5,13.109169615429114,True
74,23,3,13.854213372522141,True
74,24,2,12.913139110247982,False
74,25,2,15.117408754630668,False
74,26,3,14.594615742647598,True
74,27,5,13.843682972883034,True
74,28,3,14.324328947958884,True
74,29,4,15.760021995193561,True
74,30,2,12.452637042601642,False
74,31,2,15.510938344965094,False
74,32,2,13.481622698934624,False
74,33,3,13.132523198132542,True
74,34,4,15.04411724514261,True
74,35,3,14.575234603995163,True
74,36,3,13.014898984759643,True
74,38,4,14.36762970502458,True
74,39,7,12.09094513340318,True
74,40,5,11.985628260617915,True
74,41,6,12.605949269786409,True
74,42,7,11.077240629359984,True
74,43,3,10.5972514656342,True
74,44,5,10.393375045075324,True
74,45,4,9.8384894592594492,True
74,46,8,10.01008587133364,True
74,47,5,10.366797103279533,True
74,48,7,8.0396344736093823,True
74,49,4,7.4452240987794358,True
74,50,6,7.6434715086611584,True
74,51,1,9.2043368673006984,False
74,52,12,8.6875858788220786,True
74,53,2,9.3740750738457361,False
74,54,11,9.4473864229490605,True
74,55,6,10.856610358897939,True
74,56,5,11.833432230032079,True
74,57,5,11.91358723371105,True
74,58,5,14.272707217166936,True
74,59,4,14.244890176663473,True
74,62,3,12.884139903960014,True
74,63,1,17.160226292827137,False
75,0,5,12.875488587616813,True
75,1,2,14.008096381194422,False
75,2,4,10.733345177013653,True
75,3,1,12.561702038696053,False
75,4,4,11.623718817668736,True
75,5,10,8.8673991096275042,True
75,6,4,9.1758207798680207,True
75,7,4,7.7564879826024544,True
75,8,10,5.9246647264465704,True
75,9,2,5.9437840729879481,False
75,10,9,5.2349459017171451,True
75,11,7,6.5948385678374724,True
75,12,14,6.7735971438721698,True
75,13,4,7.1590868930783289,True
75,14,14,9.1517881961079173,True
75,15,9,11.189285503980575,True
75,16,7,12.675313755286526,True
75,17,6,13.271328584113764,True
75,18,3,14.716412975711373,True
75,19,2,14.275782839854113,False
75,20,4,14.075240693186363,True
75,21,3,13.778895902666504,True
75,22,5,13.542610382504931,True
75,23,1,17.009816853907914,False
75,24,3,11.875863800108041,True
75,25,2,14.166206396930896,False
75,26,1,13.823353828477924,False
75,27,4,14.18046744284927,True
75,28,3,16.090144291721707,True
75,29,2,14.601289458858913,False
75,30,3,11.741244682002741,True
75,31,4,13.517226248364947,True
75,32,5,14.999373772694625,True
75,33,3,12.911295520508315,True
75,34,6,14.073877467079864,True
75,35,4,15.038872014204868,True
75,36,1,14.300979296162327,False
75,37,4,12.069736112466282,True
75,38,3,13.688247036517588,True
75,39,1,12.501925410470504,False
75,40,5,12.172748273498994,True
75,41,8,12.612936249088799,True
75,42,6,11.391644885264974,True
75,43,6,10.459946358158195,True
75,44,5,10.931458973583521,True
75,45,7,9.3218989904857228,True
75,46,4,8.1074051560055018,True
75,47,4,8.0631970291285651,True
75,48,8,6.5832185752382699,True
75,49,5,6.3586891384789395,True
75,50,9,6.4790921205120666,True
75,51,7,6.943180838532526,True
75,52,5,7.8870659389806015,True
75,53,7,8.5257294336059868,True
75,54,1,9.2424012508872764,False
75,55,1,9.8753874221937252,False
75,56,8,11.701155098909437,True
75,57,1,10.692752634548919,False
75,58,3,12.934428326283356,True
75,59,3,12.892083379684626,True
75,60,1,13.330375206584135,False
75,61,3,13.229391755363705,True
75,62,6,13.890952759342033,True
75,63,5,15.621229482658414,True
76,0,2,14.528870480231259,False
76,2,2,12.159773472520325,False
76,3,6,10.939168179588435,True
76,4,3,12.010353605902488,True
76,5,7,9.5536284319391331,True
76,6,4,9.9134359168532722,True
76,7,7,6.790363177810729,True
76,8,9,7.0245229038956127,True
76,9,11,6.2506335431156188,True
76,10,12,7.2369187285692602,True
76,11,4,6.887901684134988,True
76,12,6,7.7634790483801961,True
76,13,5,8.9944449353863636,True
76,14,3,9.4800073693786171,True
76,15,6,10.951710944906129,True
76,16,4,11.515389989264028,True
76,17,2,13.494511346622376,False
76,18,2,15.297382477394263,False
76,19,2,12.843820067677768,False
76,20,6,13.071369409387037,True
76,21,2,13.694714433818461,False
76,22,4,14.864074775869291,True
76,23,1,12.794616096340036,False
76,25,1,13.893118589674668,False
76,26,1,11.411721838836691,False
76,27,6,13.897239979375385,True
76,29,3,14.099587227006051,True
76,30,2,13.865176139251336,False
76,31,2,15.144499916267204,False
76,32,2,11.688622733041237,False
76,33,1,15.730966100005565,False
76,34,2,13.350238660323516,False
76,35,2,13.69905413080782,False
76,36,3,13.675856620834951,True
76,37,2,14.221893556204272,False
76,38,3,14.933172687404578,True
76,39,3,13.085483732516883,True
76,40,2,11.366057977175734,False
76,41,3,12.989153706883318,True
76,42,6,11.973410976672598,True
76,43,3,12.155606854919453,True
76,44,4,9.6177735539580773,True
76,45,2,10.532760223776483,False
76,46,6,9.2333160176098676,True
76,47,10,9.0851572190452536,True
76,48,7,8.2106194399836951,True
76,49,8,6.1517281338453413,True
76,50,8,8.1427137412762693,True
76,51,5,9.5114498009438755,True
76,52,8,8.002568143982165,True
76,53,3,9.874224185349453,True
76,54,7,9.3384947345161518,True
76,55,8,10.03879979215416,True
76,56,4,12.513192068404667,True
76,57,2,11.4735303653346,False
76,58,5,11.898761942667779,True
76,59,3,11.54100414237146,True
76,60,1,11.770538814781483,False
76,62,6,13.302778934948652,True
76,63,1,14.702981935708303,False
77,0,3,13.374336660796031,True
77,1,4,12.804214282317439,True
77,2,2,12.619056462617445,False
77,3,2,13.67963600905389,False
77,4,5,12.384157189965116,True
77,5,5,10.339812771316842,True
77,6,6,9.580236582827526,True
77,7,5,9.1633283649224158,True
77,8,11,8.5888476069348787,True
77,9,10,8.5830067916135064,True
77,10,10,7.7000164894929028,True
77,11,6,7.8800897618319521,True
77,12,10,9.8925952566964988,True
77,13,1,12.672624577347319,False
77,14,6,10.242710009999744,True
77,15,4,12.074928253522573,True
77,16,7,11.2411265207806,True
77,17,3,14.072902839365902,True
77,18,4,14.466443896572741,True
77,19,5,13.299436920678094,True
77,20,1,12.913185371115182,False
77,21,3,14.394455679271505,True
77,22,2,13.099124771849226,False
77,23,1,14.375729235245428,False
77,24,2,13.112442866100439,False
77,26,1,15.533790159685712,False
77,27,2,12.65618089184292,False
77,28,1,15.970923512687062,False
77,29,3,14.013053240207661,True
77,30,2,12.940966812348959,False
77,31,1,15.09220525198935,False
77,32,2,15.123179588014512,False
77,33,2,12.800412843984354,False
77,34,2,13.439099605067931,False
77,35,4,13.314334764655406,True
77,36,1,11.410821420854877,False
77,37,3,11.552485264883293,True
77,38,2,14.074383376419942,False
77,39,2,12.281918338476757,False
77,40,3,12.58239002284744,True
77,41,5,12.381933684879941,True
77,42,2,11.564429006469439,False
77,43,6,11.636465890887026,True
77,44,4,11.888534719666922,True
77,45,6,11.632781654693311,True
77,46,5,9.4827009520056897,True
77,47,9,8.5309846351627936,True
77,48,8,8.905391325824823,True
77,49,5,8.884542330835103,True
77,50,8,9.1208593601069321,True
77,51,9,9.3136455000945517,True
77,52,6,8.6715407155509325,True
77,53,10,10.172617699887176,True
77,54,5,10.536684415302581,True
77,55,3,10.2726836343762,True
77,56,5,12.62059956613431,True
77,57,5,12.075302520965714,True
77,58,2,11.868112411380221,False
77,59,2,11.227919283602551,False
77,60,1,12.417615697781859,False
77,61,2,13.480634758028801,False
77,62,2,13.855083502365112,False
77,63,2,13.662161384356274,False
78,0,2,14.410534454069611,False
78,2,2,12.466304077892675,False
78,3,5,11.93075736176659,True
78,4,3,11.947002183307765,True
78,5,6,9.6198631119639604,True
78,6,3,9.971760953150568,True
78,7,7,9.3462449217138328,True
78,8,9,8.4856815537491492,True
78,9,10,8.4910262926723572,True
78,10,7,7.4398545519082164,True
78,11,4,8.2679865720806536,True
78,12,7,8.1877935181803831,True
78,13,5,8.8289284779334736,True
78,14,4,11.709176742176515,True
78,15,7,11.003042030075385,True
78,16,3,12.542747419049894,True
78,17,1,13.281370670233365,False
78,18,2,14.390616691566994,False
78,19,2,12.173626858182153,False
78,20,5,13.622738116991176,True
78,21,2,12.652154839875532,False
78,22,4,14.154105206364555,True
78,23,1,13.02629547541104,False
78,25,1,14.704682322498286,False
78,26,1,14.790058518995702,False
78,27,6,12.252992481647786,True
78,29,3,12.061173049213167,True
78,30,2,13.298897193430673,False
78,31,2,14.391390245514595,False
78,32,2,12.281154062382042,False
78,33,1,17.13380493299578,False
78,34,1,13.849792575130627,False
78,35,2,14.425383674983975,False
78,36,4,11.840373092724121,True
78,37,2,13.998631226453748,False
78,38,3,13.966678364679186,True
78,39,3,12.864846174941372,True
78,40,2,10.951108024112743,False
78,41,3,10.676005637243511,True
78,42,4,11.228679510864945,True
78,43,3,10.948470727851756,True
78,44,3,12.545639078967385,True
78,45,1,9.6567932325465211,False
78,46,5,10.847911967711585,True
78,47,8,8.9799698288388097,True
78,48,8,9.0689064698603126,True
78,49,7,8.0631196268896232,True
78,50,9,9.0875538460353678,True
78,51,3,10.911915795915119,True
78,52,8,8.4938324480807843,True
78,53,3,9.6133714036782756,True
78,54,6,10.383864074687253,True
78,55,9,9.6958739444433863,True
78,56,3,13.758901253150521,True
78,57,3,11.924897281094989,True
78,58,5,11.097838219186039,True
78,59,4,13.348596803774729,True
78,60,1,12.769512871251536,False
78,62,6,13.703896736564284,True
79,0,3,13.827486922892767,True
79,1,4,12.521726533055917,True
79,2,2,13.317896105739569,False
79,3,3,13.441377991494733,True
79,4,5,10.851791837131763,True
79,5,4,10.057475792341712,True
79,6,6,9.2126580305431887,True
79,7,4,8.6634537689882372,True
79,8,10,8.9270772878696487,True
79,9,10,8.5354375396830235,True
79,10,9,8.5956715570599691,True
79,11,5,7.4315662023347846,True
79,12,6,9.5649782020701295,True
79,13,2,11.219711170675541,False
79,14,4,9.2244737445258931,True
79,15,4,13.536894940186682,True
79,16,3,15.488339901585059,True
79,17,2,13.060600263379376,False
79,18,4,14.835254713428231,True
79,19,4,13.362178212218735,True
79,20,1,15.277079510852429,False
79,21,3,12.884493057962002,True
79,22,1,12.859705568963248,False
79,23,1,12.736719763329123,False
79,24,2,13.290130967918902,False
79,26,1,13.888731959477292,False
79,27,2,13.609886092515818,False
79,28,1,15.159740437102791,False
79,29,3,15.291839419185214,True
79,30,2,13.211835189158139,False
79,31,1,12.08453293154586,False
79,32,2,12.297140650069624,False
79,33,2,10.984731370664097,False
79,34,2,11.966943810538391,False
79,35,2,12.65477473161932,False
79,36,1,11.512683624342896,False
79,37,2,12.494916219449175,False
79,38,2,13.2780091822857,False
79,39,2,11.806752961016818,False
79,40,4,13.020559071900673,True
79,41,4,12.531137629386455,True
79,42,2,11.163590954080084,False
79,43,7,11.212681411199807,True
79,44,5,11.007754829570851,True
79,45,7,10.217769459407638,True
79,46,4,9.7952182074206,True
79,47,9,9.8157175198394686,True
79,48,5,8.926424364329403,True
79,49,4,7.9396108377073302,True
79,50,8,9.0221931634376151,True
79,51,10,8.8235828000281558,True
79,52,4,9.1558710990280883,True
79,53,9,9.6236088305224214,True
79,54,4,10.154817588052754,True
79,55,3,10.484606116873662,True
79,56,5,11.743945130402594,True
79,57,5,12.033861952538849,True
79,58,2,12.137700830139313,False
79,59,2,10.9283869603978,False
79,61,2,12.496833070429673,False
79,62,2,13.686381093492765,False
79,63,1,15.85564889252448,False
80,0,2,12.739021296987856,False
80,3,6,12.553022297640299,True
80,4,2,14.199637798452427,False
80,5,4,9.5013844223535511,True
80,6,3,9.1481902979288066,True
80,7,5,10.004571742391562,True
80,8,8,9.4973366516899258,True
80,9,8,9.3041640262251057,True
80,10,6,8.323316707299405,True
80,11,3,9.5370949544215886,True
80,12,2,10.433536619765714,False
80,13,4,9.999035487789568,True
80,14,4,12.702413171832804,True
80,15,6,10.789779698189681,True
80,16,2,12.41466552978841,False
80,17,1,13.678372017931499,False
80,18,2,13.692655671944109,False
80,20,3,12.081195215757266,True
80,21,2,12.608210243593636,False
80,22,1,11.18792769944652,False
80,23,2,13.546529081386213,False
80,25,1,12.995257869561454,False
80,26,1,14.312008937888514,False
80,27,5,12.804741462826772,True
80,29,1,16.387002036139432,False
80,30,2,12.354025476469729,False
80,31,1,11.574842531232154,False
80,32,1,12.939670135930541,False
80,33,2,12.18204712209617,False
80,34,1,15.238137276978335,False
80,35,2,12.877180635439753,False
80,36,3,11.994993433275734,True
80,37,2,12.414590660092994,False
80,38,3,13.838457676881882,True
80,39,3,12.610914913257592,True
80,40,1,11.579927098737775,False
80,41,3,11.882046367301609,True
80,42,4,14.078858118417198,True
80,43,3,11.988689396532395,True
80,44,2,10.728368173530924,False
80,45,2,9.9703558816983211,False
80,46,6,9.5944451545461824,True
80,47,6,9.3641155884469232,True
80,48,4,9.1436157586126061,True
80,49,6,8.1356752181730716,True
80,50,8,9.1594760685629222,True
80,51,4,8.0074545603412144,True
80,52,6,9.2373923813768659,True
80,53,2,9.9033442997944494,False
80,54,4,11.460985261719108,True
80,55,7,11.214102093698704,True
80,56,2,13.724451676564167,False
80,57,3,14.328738680473489,True
80,58,2,9.1495519847733942,False
80,59,3,13.889607913110872,True
80,60,2,13.217950018803117,False
80,62,6,13.354191583610055,True
81,0,2,13.038216381533738,False
81,1,3,10.099110535118257,True
81,3,2,14.496384846539792,False
81,4,2,10.009741400149919,False
81,5,4,10.149730281138897,True
81,6,4,8.4828264929990365,True
81,7,4,7.7590988184683782,True
81,8,4,6.9727839870551502,True
81,9,8,6.1539375990646032,True
81,10,8,6.3097380403151169,True
81,11,3,5.9697140043892229,True
81,12,6,7.963381575710895,True
81,13,1,9.8028029620826427,False
81,14,3,8.4970619580598736,True
81,15,3,9.9221744489351309,True
81,16,3,11.833983493855664,True
81,17,2,12.496246446220692,False
81,18,3,13.609574666423892,True
81,19,3,13.782684637971368,True
81,20,1,15.355360226466107,False
81,21,1,12.682336392883306,False
81,23,1,13.822071177842101,False
81,24,3,12.493726250948889,True
81,26,1,13.890189527963477,False
81,27,2,14.03368234984241,False
81,28,1,15.246465346498146,False
81,29,1,11.458158037533066,False
81,30,1,14.577588876158483,False
81,31,1,12.323190508503869,False
81,33,2,13.827882029114708,False
81,34,3,12.610391167883384,True
81,35,1,13.574991971375745,False
81,37,1,13.207989637368412,False
81,38,1,12.214087256629254,False
81,39,2,14.291403273607159,False
81,40,3,11.705283130327926,True
81,41,4,11.589854029721455,True
81,42,2,11.524364977864643,False
81,43,7,11.697008949898589,True
81,44,2,10.098506706074224,False
81,45,4,9.3764211436294378,True
81,46,3,8.9203613526254948,True
81,47,7,8.2273662129649683,True
81,48,3,6.9471732529316723,True
81,49,2,7.1131523403668018,False
81,50,5,7.5915569758425949,True
81,51,7,7.6393805153350431,True
81,52,1,8.8587155064728158,False
81,53,8,8.5954973616278441,True
81,54,3,9.5869664072783056,True
81,55,2,9.4948247211159114,False
81,56,4,9.5730476897603545,True
81,57,4,11.520825799987744,True
81,58,1,13.857461545495012,False
81,59,1,10.467243851738646,False
81,60,1,11.750024416632028,False
81,61,1,16.343301673553338,False
81,62,2,14.603218761254086,False
82,3,4,12.516457798380307,True
82,4,2,14.289287950775316,False
82,5,4,8.9994156900380844,True
82,6,2,9.8237028203203334,False
82,7,4,8.681568356934994,True
82,8,4,7.7469501449779985,True
82,9,3,8.4535570919724705,True
82,10,3,7.5031441863534853,True
82,11,2,9.7595577220973961,False
82,13,1,11.704549093470218,False
82,14,2,10.998862842103048,False
82,15,3,10.647639085674236,True
82,16,1,13.814311576249505,False
82,17,1,13.35500163628733,False
82,18,2,16.110107964861637,False
82,20,1,14.075464616848409,False
82,21,2,13.490762424489507,False
82,22,1,13.774537700441066,False
82,23,2,13.616870004590519,False
82,27,3,12.048250917734523,True
82,29,1,17.494107289883125,False
82,30,2,12.229011487627927,False
82,33,1,10.765636809748822,False
82,35,1,12.575761415065708,False
82,36,1,10.517034235442464,False
82,37,1,10.086089308843992,False
82,38,3,14.667623161177575,True
82,39,1,15.22118048494802,False
82,40,1,15.475616286044469,False
82,41,2,12.998406674940574,False
82,42,1,11.432761510178779,False
82,43,3,10.012759703129337,True
82,45,1,11.190637591519875,False
82,46,2,9.9294693413709911,False
82,47,2,8.8415466224690711,False
82,48,3,8.6872344171252145,True
82,49,3,8.3459996978237125,True
82,50,4,8.8279156109259418,True
82,52,4,9.1829574161197787,True
82,53,1,10.454261172416098,False
82,54,2,11.420576202002701,False
82,55,1,10.099077961671997,False
82,56,2,11.040579991887414,False
82,57,2,13.557111173049114,False
82,58,1,11.269076556509441,False
82,59,2,15.276108620443328,False
82,60,1,13.059081209611229,False
82,62,3,14.488322542001319,True
83,0,1,13.113138436828454,False
83,1,3,12.875202947157467,True
83,3,1,13.379085304905933,False
83,4,2,11.231080567128979,False
83,5,4,8.1856370356158195,True
83,6,2,8.754666296131834,False
83,7,5,7.6848114182210949,True
83,8,2,7.4018166235566261,False
83,9,7,7.5291892058355314,True
83,10,9,6.2656358341582257,True
83,11,1,4.6761093040196711,False
83,12,3,6.6867389592404693,True
83,13,1,9.004360272185334,False
83,14,4,9.4753972387984629,True
83,15,2,10.989249536880079,False
83,16,3,13.069015269895907,True
83,17,1,15.088949228651764,False
83,18,1,15.455073504233162,False
83,19,3,13.710401742254342,True
83,21,1,12.500018190224838,False
83,23,1,13.067747947321843,False
83,24,2,12.846238431538204,False
83,26,1,21.14536858387758,False
83,27,2,13.949951359584768,False
83,28,1,17.333164699442069,False
83,31,1,9.8141850170042293,False
83,33,2,12.550988095186751,False
83,34,2,13.506385602049924,False
83,35,1,13.249421314492096,False
83,37,1,12.652267543614201,False
83,39,2,14.304599328222805,False
83,40,1,14.768918369415934,False
83,41,2,12.79406547749975,False
83,42,1,12.029479907492297,False
83,43,6,11.303879704119344,True
83,44,2,10.520716423196424,False
83,45,1,8.9450138018409255,False
83,46,4,8.9749807307648162,True
83,47,4,7.5577074272748384,True
83,48,1,7.3916780048287842,False
83,49,3,7.0187295557283962,True
83,50,4,6.8688636058013062,True
83,51,6,7.5489471090305047,True
83,52,1,9.4332216429248312,False
83,53,7,7.9672113495275818,True
83,54,5,9.4271641812188758,True
83,55,1,12.056313748239374,False
83,56,1,11.75826531870408,False
83,57,3,11.369272515400837,True
83,58,1,13.347117810130166,False
83,59,1,10.096967792894119,False
83,60,1,12.488836101215787,False
83,62,2,13.719207812789657,False
84,7,2,7.5063938124704785,False
84,10,1,7.3980676329084405,False
84,42,1,10.93055864697912,False
85,7,2,6.5623008857320002,False
85,10,2,5.7030567569085644,False
85,11,1,5.0308982564849671,False
85,12,1,8.9204268018295263,False
85,19,1,5.4853732257221139,False
85,48,2,7.2705650452183237,False
85,50,1,5.8283222292970729,False
85,53,1,6.4968757657870588,False
86,7,3,6.1924866936180596,True
86,16,1,8.6232634725655011,False
86,19,1,7.0403397466286117,False
86,35,1,7.993174125701322,False
86,48,1,4.5933634000975561,False
86,50,2,5.4289071529144355,False
86,52,1,5.396186974717458,False
86,53,1,5.6597954718810088,False
86,54,1,6.4061971428019362,False
87,7,2,5.4858166282371323,False
87,9,1,5.2732913501246488,False
87,11,1,4.9091908555256021,False
87,13,1,4.7950724761549548,False
87,16,1,9.233417076120503,False
87,19,1,15.582434349249853,False
87,24,1,9.1291825374905198,False
87,35,1,9.283805293612124,False
87,38,1,6.5884208582463497,False
87,46,1,6.7725493155777574,False
87,48,1,5.6622779190167138,False
87,50,2,5.1322804665878428,False
87,52,1,6.1755123698963015,False
87,53,2,5.6865199157641904,False
87,54,2,7.7260885326915494,False
87,60,1,10.436295736425048,False
88,1,1,6.7102860154278154,False
88,2,1,8.769289918337142,False
88,7,1,8.5488001649523699,False
88,12,1,6.8038986470869363,False
88,14,1,7.7612355442441485,False
88,21,1,8.7531436788322026,False
88,22,1,7.5305638945190285,False
88,34,1,9.2671418257973155,False
88,35,1,6.1451606489419941,False
88,40,1,9.1806366175275791,False
88,42,1,8.429911307237143,False
88,47,4,6.3575948314177309,True
88,48,1,5.4871911035853627,False
88,50,2,5.4740292951272416,False
88,53,1,6.4399017992094345,False
89,1,1,7.4295919380915016,False
89,7,1,7.1274780428293631,False
89,8,1,5.4016087965297679,False
89,12,1,7.6015967741560377,False
89,21,1,8.9658647684491033,False
89,22,1,8.0099025553305729,False
89,34,1,8.2657798474609638,False
89,49,1,5.3566333271324256,False
89,50,1,3.9386387080024345,False
89,53,1,4.891725084101668,False
90,4,1,9.2445347907643534,False
90,7,1,7.2883634157940307,False
90,8,1,4.8611174627394105,False
90,12,1,7.3259407462263653,False
90,22,1,8.1262966426176533,False
90,34,1,7.3654480474645112,False
90,46,1,6.043051952285988,False
90,48,1,5.4395096696816747,False
90,49,1,4.5689200858314978,False
90,50,1,6.1587265175018038,False
90,53,1,7.2110471674247218,False
90,56,1,6.2094090067254415,False
90,63,1,9.2885448899394767,False
91,4,1,8.4691606493775318,False
91,7,1,7.1168276132253672,False
91,40,1,6.9000252854424362,False
91,46,1,6.057124361605486,False
91,48,1,5.9329620072332441,False
91,49,1,4.9482133131348993,False
91,50,2,5.1142307227047432,False
91,55,1,6.4412009320128751,False
91,56,1,6.5232891979562648,False
91,62,1,15.320060833702721,False
91,63,1,11.314916188943695,False
92,1,1,11.42875974434601,False
92,2,1,8.2460538509025589,False
92,4,1,8.6559226112190739,False
92,7,1,7.4504097440555128,False
92,11,2,6.2578288450331971,False
92,14,1,9.482599435945918,False
92,15,1,6.0793048442096174,False
92,16,1,7.5948287233699112,False
92,20,1,9.3505288503254143,False
92,22,1,7.8203600043858206,False
92,27,2,7.9781640821014141,False
92,32,2,9.6669126882445475,False
92,43,1,6.6908242584538984,False
92,45,2,7.3073874259884324,False
92,47,1,7.6551505000372879,False
92,48,1,6.846215058039526,False
92,49,1,7.1889645462608271,False
92,50,2,5.8952501622232916,False
92,51,2,8.3837885476047767,False
92,53,1,6.5395008971111386,False
92,54,1,8.2819931436186849,False
92,56,1,10.17974203856266,False
92,57,1,9.0385717499888401,False
92,62,1,9.1899867977296275,False
92,63,1,10.911641151674974,False
93,2,1,7.8560060370895091,False
93,15,1,7.4393559526446156,False
93,47,1,6.7342340511114873,False
93,49,1,7.0286706346653354,False
93,50,2,6.2357917187234966,False
93,51,1,7.3047060604110863,False
93,53,1,6.3904004766911484,False
93,54,1,9.2552367301558469,False
93,63,1,7.8667169391561265,False
94,10,1,8.0451876994026392,False
94,12,1,7.5430203367712805,False
94,47,1,6.6200077150860901,False
94,49,1,7.1150391580470069,False
94,50,1,6.0264544029296543,False
94,51,2,6.305585903408419,False
94,53,1,6.1949711088965929,False
95,12,2,6.3258291569734775,False
95,40,1,9.512070061807977,False
95,45,1,7.6239911095454866,False
95,51,1,5.3570596630500003,False
96,5,1,8.1217625413255234,False
96,7,1,6.7666820459341359,False
96,9,1,5.2485954979194718,False
96,10,1,4.4069859804352625,False
96,23,1,9.1998255026411186,False
96,57,2,7.7344120683379876,False
96,61,1,8.5722100306288649,False
97,2,1,10.006025482579513,False
97,5,1,6.8926124390139272,False
97,9,1,5.6133817923143843,False
97,48,1,5.9221391700856296,False
98,1,1,7.3544455283875898,False
98,2,1,9.9261711090210767,False
98,3,1,8.00287040387194,False
98,4,1,6.2050569992508855,False
98,5,2,7.8442591858092134,False
98,9,1,5.1546771550462553,False
98,14,1,5.5152394545198815,False
98,18,1,7.9979484992154717,False
98,21,1,10.0133759370114,False
98,29,2,8.8014371485687466,False
98,33,1,8.8762205902956861,False
98,38,1,8.0012501398016482,False
98,48,1,4.6501967258346406,False
98,56,1,7.8315323785807962,False
98,58,1,7.1302716670468183,False
99,0,1,8.7615708556004819,False
99,1,1,8.5977846017275077,False
99,2,2,9.0081761616264284,False
99,3,2,6.3713888220072734,False
99,4,4,6.7871230697667038,True
99,5,3,9.0732789184611402,True
99,7,1,7.9656568506120466,False
99,8,2,6.4917568566746677,False
99,9,2,6.6788126644111667,False
99,11,1,5.9215764273552365,False
99,12,1,7.5676255407684616,False
99,13,1,8.7962137703341732,False
99,14,2,9.1827257112183851,False
99,18,1,8.7396547093798649,False
99,19,1,9.3532692590433513,False
99,21,1,10.999544065317842,False
99,22,1,12.194734015134971,False
99,29,5,8.6093819963034566,True
99,33,1,7.7845020593114294,False
99,38,1,8.4127030900830349,False
99,39,1,7.7334035227111508,False
99,42,1,6.1562120437169705,False
99,47,2,6.8131947392155254,False
99,48,1,9.4928398764280875,False
99,49,2,6.2617152206313555,False
99,52,2,5.7334027209000604,False
99,54,1,8.7162372546657352,False
99,56,1,7.21049631716809,False
99,57,1,7.4107316804110663,False
99,58,1,9.8990356028612734,False
99,63,1,9.6275879913877649,False
100,3,2,7.2124266633301861,False
100,5,2,9.5852204935663678,False
100,6,1,6.252854013162441,False
100,7,1,6.6593628964760043,False
100,8,4,6.7406656019608899,True
100,9,11,7.2877581368997069,True
100,10,8,7.679788645687716,True
100,11,3,7.8148900815970013,True
100,12,1,6.4181959859095441,False
100,13,1,5.8972938495247389,False
100,14,3,7.5411192092662676,True
100,15,1,9.3429560329345485,False
100,18,1,9.2184231699970471,False
100,21,1,11.419797231994984,False
100,28,1,10.332672479413009,False
100,33,2,9.6602564285018353,False
100,35,1,7.777923316005233,False
100,38,1,8.087537282965771,False
100,43,1,7.7999808243037201,False
100,45,2,8.8978924416351717,False
100,46,1,7.4291156506796794,False
100,48,2,7.6164741945211185,False
100,49,4,7.0248023193282103,True
100,54,1,7.2593452133085901,False
100,55,1,9.6588462457804454,False
100,57,1,7.8543005119384954,False
101,3,2,6.8263676123596042,False
101,5,2,8.0027992467802385,False
101,6,1,6.5456833899997422,False
101,7,1,6.3953796118939943,False
101,8,3,6.3253121187572079,True
101,9,12,6.821629362761823,True
101,10,7,7.1600248554255357,True
101,11,1,6.7969299391232836,False
101,13,1,4.3038643932301364,False
101,14,1,6.3241176001550956,False
101,18,1,9.3233215523949191,False
101,38,1,8.5193041418419515,False
101,43,1,8.1204668842304102,False
101,45,1,6.9138397388847217,False
101,46,1,7.0674721242174403,False
101,48,2,8.3274112181107345,False
101,49,2,5.9773096844524432,False
101,54,1,6.3439076040158042,False
101,55,1,5.75396351193851,False
101,57,1,7.5864174213863658,False
102,5,2,7.3021786110151146,False
102,8,3,5.4078269175154636,True
102,9,13,6.3406480448320979,True
102,10,7,7.2447356968384664,True
102,11,1,6.5382424164163524,False
102,12,1,6.205054677754549,False
102,13,1,5.1601831724842482,False
102,14,1,6.8159413145952579,False
102,25,1,8.5520776506593901,False
102,35,1,8.1583296982701938,False
102,41,1,7.9722215932864016,False
102,43,1,8.3900726143029871,False
102,46,1,7.7287217792579508,False
102,48,1,7.6611505589073516,False
102,49,2,6.4460706788135766,False
102,50,1,8.816887070782979,False
102,51,1,6.8710084746640749,False
102,54,2,6.4689151484869249,False
102,55,1,6.6492202982063731,False
103,2,1,10.039227112215697,False
103,4,1,6.8575149933095938,False
103,5,3,8.0875175587272885,True
103,8,2,6.2775280270159355,False
103,9,10,6.4758038433751892,True
103,10,8,6.891973503108253,True
103,11,3,6.8292617862903269,True
103,12,1,7.1139901979469693,False
103,17,1,8.4494587495810389,False
103,25,1,9.0045690713700548,False
103,30,2,8.3480658371364651,False
103,35,1,9.5996535760708159,False
103,39,1,8.8620079185516811,False
103,41,1,10.59918682740787,False
103,43,2,8.1346539001097504,False
103,47,1,7.3997672736167939,False
103,48,2,5.9807432227921531,False
103,49,3,7.4439525850441344,True
103,50,1,6.5594353152295657,False
103,51,1,5.9404099885524113,False
103,52,1,8.0411293722856545,False
103,54,3,6.7941188806340262,True
103,55,1,7.0434986604838281,False
103,61,1,8.9009280546793175,False
104,0,1,8.8039811223634317,False
104,4,1,8.8377144165450421,False
104,5,1,8.9545754392364589,False
104,6,1,7.4088387796790274,False
104,9,1,5.9205683299894041,False
104,11,1,6.5002082232830931,False
104,13,2,6.1310526046917868,False
104,14,2,7.4550683217320701,False
104,17,1,8.036774932818199,False
104,18,1,8.0389874651210711,False
104,21,1,9.0296755062626879,False
104,26,2,7.3379848490549824,False
104,28,1,9.2487061352962705,False
104,29,1,9.456333994601346,False
104,31,1,8.1833121560766102,False
104,33,1,7.1316897055900501,False
104,38,1,8.2858920716338407,False
104,40,1,8.5630684454205799,False
104,42,2,6.3759383855669345,False
104,43,2,7.4884210901262174,False
104,45,1,7.6030338919883667,False
104,48,1,4.6748584673377165,False
104,49,1,6.947520055604798,False
104,51,3,7.5336606607068424,True
104,52,3,7.0030226767647665,True
104,53,2,7.199959651993491,False
104,54,1,6.4158608349262387,False
104,55,2,8.0792552566155624,False
104,56,2,8.449293688863122,False
104,57,2,8.2678058818910412,False
104,59,1,6.643182732358067,False
105,0,1,9.0926608528638742,False
105,5,1,6.5458464834873205,False
105,7,1,7.1396376582345304,False
105,9,1,5.8307501216535371,False
105,10,1,5.8953218424019749,False
105,11,1,6.0174573306857795,False
105,14,1,7.1764114958543521,False
105,26,2,7.436077748527647,False
105,28,1,8.965227173952762,False
105,29,1,8.9650874887333476,False
105,31,1,7.8686416379955286,False
105,45,1,6.6355082857802046,False
105,48,1,5.3904486143309835,False
105,49,1,6.5692072744888748,False
105,51,1,6.0165702809135366,False
105,52,1,6.9578861390079538,False
105,53,1,6.9881276435067976,False
105,54,1,5.3390781739673061,False
105,59,1,9.1117678220936043,False
106,0,1,7.4323954743064338,False
106,9,1,4.5022405469350373,False
106,10,1,5.0575325226798604,False
106,26,1,11.066268646816853,False
106,28,1,8.6686739850669845,False
106,29,1,7.9904210005558252,False
106,48,1,7.5518481808495759,False
106,49,1,7.3344048664243386,False
106,53,1,6.5154460358772042,False
106,54,1,5.9394472210914042,False
107,9,1,5.4533926108878612,False
107,10,1,6.630854073211327,False
107,28,1,9.0191840918235506,False
107,29,1,9.3523556986439349,False
107,34,1,8.9383007304132711,False
108,8,1,6.218267170037227,False
108,42,1,6.4750495186778858,False
109,8,1,7.3755973904161802,False
109,9,1,5.4556947450026261,False
109,10,2,7.0331324606090764,False
109,11,1,7.3855031915217939,False
109,48,1,7.4442978945171046,False
110,6,1,5.8329242208409706,False
110,8,1,4.5835064196169295,False
110,9,1,5.2822302022544312,False
110,10,3,6.2157718622918567,True
110,11,1,5.0138215849149637,False
110,17,1,6.6619656957559705,False
110,22,1,9.1817163879551735,False
110,44,1,5.295718425929973,False
110,46,1,5.6787712978372271,False
110,47,1,5.562810459435104,False
110,48,2,4.8586641004196149,False
110,49,3,5.1699718927204268,True
110,51,1,6.9299254194754711,False
110,56,1,7.4194800726423358,False
111,5,1,7.1559393741755732,False
111,8,2,7.0791639075918003,False
111,9,2,6.4008502616057514,False
111,10,4,6.6859221913007847,True
111,11,4,5.4571644595409241,True
111,12,1,5.950129536202188,False
111,16,1,8.7345113110593715,False
111,17,4,8.1763898401299038,True
111,21,1,8.0238301256726317,False
111,22,1,9.7929767158000747,False
111,24,1,6.4716208452243968,False
111,33,1,8.5069329475772015,False
111,35,1,9.2178539560507513,False
111,36,1,6.4756355716205469,False
111,38,2,8.2573649922470089,False
111,40,1,8.909887496613738,False
111,41,1,6.723502999568443,False
111,44,2,6.0255550947628631,False
111,45,1,6.8800859389969187,False
111,46,1,6.2761296331922525,False
111,47,3,5.6280836748967102,True
111,48,1,5.9935760127088322,False
111,49,5,6.9141915718304494,True
111,50,1,6.8999558071964877,False
111,51,2,7.1902400060086658,False
111,53,1,8.6268898908770844,False
111,54,3,8.8064274086860888,True
111,56,1,6.8858197896686537,False
111,63,2,9.6573760819388177,False
112,7,1,7.1406205126473736,False
112,9,2,7.2335718062451271,False
112,10,3,5.8518014098881359,True
112,11,1,7.558105453846597,False
112,12,2,5.8663695942157323,False
112,13,1,5.9714832817661492,False
112,17,1,15.511822337794808,False
112,39,2,9.2943704022647697,False
112,47,3,7.860599306076387,True
112,48,1,5.3046396210321802,False
112,49,1,6.731851014241407,False
112,50,2,5.7480328427954435,False
112,51,1,5.9641305156764046,False
112,52,1,7.0753871514267717,False
112,54,3,7.121625617589439,True
113,7,1,5.8452416961247282,False
113,9,4,5.1266481277173712,True
113,10,4,4.3614058058327494,True
113,11,1,6.0601551341489461,False
113,12,2,5.0476976706372954,False
113,47,3,5.6723380814602731,True
113,48,1,4.1315331593791766,False
113,49,1,5.1041158867611056,False
113,50,2,5.6313454072905964,False
113,52,1,6.695606219397483,False
113,54,2,7.0449765062653977,False
114,7,3,7.4923364331406201,True
114,8,2,5.5847019978928802,False
114,9,4,6.7134538844660687,True
114,10,6,5.693429290016228,True
114,12,1,7.1292346254529066,False
114,21,1,8.6211744074664125,False
114,40,1,9.2357673189911988,False
114,47,1,6.9565454319680455,False
114,48,1,8.2593381761088605,False
114,49,2,7.1075136590487,False
114,50,1,5.2913654765376927,False
114,52,1,7.3291376979988918,False
114,54,2,7.6088557353213302,False
114,57,1,8.8650225407981225,False
114,60,1,8.4708134095888923,False
115,2,1,8.8785189769454149,False
115,4,1,8.3303730607013726,False
115,6,1,5.7407608150038056,False
115,7,3,8.0134546127908042,True
115,8,3,5.7356088902127595,True
115,9,6,6.9271220121274366,True
115,10,6,6.2976043879797432,True
115,12,2,5.8365684737435659,False
115,15,1,8.5195462254664758,False
115,21,1,8.6563906270089674,False
115,40,1,9.0916114804641897,False
115,47,1,7.806637769656902,False
115,48,1,5.3508975584524974,False
115,49,2,6.8388667720458916,False
115,50,3,6.9080133059316138,True
115,52,3,7.5357738174441682,True
115,53,1,8.741086478615717,False
115,54,2,7.0363242780376485,False
115,55,1,8.1618965369844751,False
115,60,1,8.2486047037867696,False
115,62,1,10.481038457380528,False
116,2,1,8.9869025453592712,False
116,7,3,7.0133683256374741,True
116,9,2,7.3677639635715275,False
116,10,1,6.8020304260830295,False
116,12,2,6.2827774329322956,False
116,13,1,7.2757159874761737,False
116,15,1,8.6755020546945509,False
116,22,1,13.693054005072366,False
116,32,1,7.5599337221756313,False
116,34,1,8.7631537880427199,False
116,38,1,7.078439900269597,False
116,40,1,7.415129163442292,False
116,41,1,8.7441129134134137,False
116,46,1,6.4193158687723058,False
116,50,1,6.6761628732840377,False
116,52,1,8.3212911358848434,False
116,54,2,7.2272261479795743,False
116,56,1,7.5826774191984665,False
117,2,1,8.2662476439243324,False
117,7,2,6.4180862376071008,False
117,9,2,8.1367843705640315,False
117,10,1,9.1463294778721735,False
117,11,1,7.5467943049300885,False
117,12,1,6.535238123874815,False
117,13,1,7.3614809306851337,False
117,15,1,7.7208748679307897,False
117,34,1,8.1287602340927467,False
117,40,1,8.1043533576077866,False
117,46,1,7.561503590179786,False
117,50,1,6.087203263532758,False
117,52,1,7.6564640137340012,False
117,54,1,7.6668402159021021,False
117,56,1,6.4774868427697569,False
118,7,1,7.2727844975915357,False
118,10,3,6.698106426490952,True
118,11,1,9.8408621631414626,False
118,12,1,6.7892320679991904,False
118,13,1,7.5537443043531391,False
118,50,1,7.1519641814768757,False
118,57,1,9.8117571319457735,False
119,6,1,11.288242899748273,False
119,7,1,6.7093792219472519,False
119,10,1,10.476904608179378,False
119,11,1,8.1372633226080122,False
119,12,1,6.3676217750078221,False
119,13,1,6.5382603743698562,False
119,41,1,8.3045898893164978,False
119,47,1,6.2636711970828047,False
119,60,1,9.1126050756752832,False
120,0,2,12.440690856927505,False
120,1,2,13.907885551932985,False
120,2,1,12.953340376759328,False
120,3,3,11.914011225818072,True
120,4,3,11.553309141089802,True
120,5,1,10.821330370361641,False
120,6,1,9.8802517206016791,False
120,7,3,8.841966499858243,True
120,8,3,8.3806021756980691,True
120,9,2,8.1906843337695676,False
120,10,3,7.7139321418068363,True
120,11,4,9.0282010034658402,True
120,12,7,9.1179025074722695,True
120,13,9,11.280233427265896,True
120,14,3,10.375913514105333,True
120,15,3,11.080257703179669,True
120,16,4,11.808290824011927,True
120,17,3,12.893704151021165,True
120,18,1,15.835241226623888,False
120,19,1,14.075487071303018,False
120,22,1,14.225945896986085,False
120,23,1,13.850219756709345,False
120,25,1,13.741059440525888,False
120,26,4,13.441060123188979,True
120,27,1,13.560643683221029,False
120,28,1,13.862083647230477,False
120,30,2,14.262557052973198,False
120,31,1,11.374497729207564,False
120,32,1,11.816000762654044,False
120,33,1,12.064661133366164,False
120,34,1,14.718664639585961,False
120,36,3,15.808258777712696,True
120,38,3,13.942011993948865,True
120,39,1,14.894022041958156,False
120,40,1,12.614633749731476,False
120,42,1,12.06942615355282,False
120,44,1,11.354578091194593,False
120,45,1,9.2463177747552656,False
120,46,3,11.08741214994815,True
120,47,4,8.7793205068520503,True
120,48,2,8.5751216670412092,False
120,49,5,9.0325546276569852,True
120,50,4,8.4308540975629196,True
120,51,8,8.6596907141723385,True
120,52,3,9.1285486423474484,True
120,53,2,10.212678079678303,False
120,54,5,10.264736462824464,True
120,55,5,11.470946021679387,True
120,56,8,12.398847879377099,True
120,57,1,11.783798501135886,False
120,58,1,11.74730300098263,False
120,60,1,15.142603558953445,False
120,61,1,15.455294507667681,False
120,62,1,13.953297792385889,False
120,63,2,11.97828129135331,False
121,1,1,14.287918698368827,False
121,3,4,12.307975480523741,True
121,4,2,10.239002507076451,False
121,5,2,8.6631405813122324,False
121,6,1,7.6588204626528684,False
121,7,2,6.1230039500574547,False
121,8,3,6.5530816344523606,True
121,9,1,5.6078898270670559,False
121,10,3,5.9402819292935991,True
121,11,5,5.8050609866722667,True
121,12,7,6.4702081272476795,True
121,13,5,7.9135351207754381,True
121,14,7,10.0905242214233,True
121,15,2,11.692585035552215,False
121,16,4,12.58215485377535,True
121,18,1,17.953546599518198,False
121,23,1,15.083292630677791,False
121,26,1,15.595992596191373,False
121,27,1,13.050767412058597,False
121,28,3,12.662376731013918,True
121,32,1,13.796140033358974,False
121,33,1,14.318902475532621,False
121,34,3,14.131641707139398,True
121,35,1,14.872630675151647,False
121,36,1,13.63707052085627,False
121,39,1,14.838779597611504,False
121,40,3,12.501991619112667,True
121,43,1,9.5984601191260968,False
121,44,3,11.076215295438091,True
121,45,2,9.2750307596978594,False
121,46,2,8.9329637428193767,False
121,47,4,6.0065876823210296,True
121,48,4,6.0214886108087002,True
121,49,2,5.4644641831949086,False
121,50,4,5.9782602394971969,True
121,51,4,7.1639298365445896,True
121,52,4,8.2108544343682528,True
121,53,2,7.976395935488056,False
121,54,2,10.877784417814945,False
121,55,1,10.441308053936723,False
121,56,3,9.5112747218016995,True
121,57,4,13.76438303016509,True
121,58,2,13.539220763715564,False
121,60,2,13.215763062602766,False
121,61,1,15.238139531685212,False
121,63,1,11.00819566269983,False
122,0,3,13.333631282749229,True
122,1,4,13.317091112389065,True
122,2,1,12.353616224171031,False
122,3,5,11.515179569299516,True
122,4,6,11.85909483473444,True
122,5,3,9.961759944723644,True
122,6,3,9.3522559987699978,True
122,7,5,8.2176229636114293,True
122,8,6,9.3082878284877584,True
122,9,4,9.2094676960540305,True
122,10,5,8.613503642509805,True
122,11,8,9.2911150184212392,True
122,12,7,9.6023468219759884,True
122,13,9,11.148643229726327,True
122,14,4,12.275617631964291,True
122,15,5,11.598901192604014,True
122,16,7,12.113264189532874,True
122,17,4,11.200228720303892,True
122,19,1,17.020154397889002,False
122,22,2,11.921159800868905,False
122,23,2,13.70235294325736,False
122,25,2,12.777650785084543,False
122,26,5,12.394724305881843,True
122,27,2,11.176083065092545,False
122,28,2,12.671888028196813,False
122,29,1,16.288674442555365,False
122,30,2,13.152622555279319,False
122,31,1,12.465620191779715,False
122,32,2,13.57884684626028,False
122,33,2,13.781962458232323,False
122,34,1,14.22041080439352,False
122,36,2,13.524195194843802,False
122,37,2,10.777357502418099,False
122,38,3,12.899245876655195,True
122,39,2,13.132759602339688,False
122,40,1,14.041395638262461,False
122,42,3,12.515654048515227,True
122,43,3,14.46101554236286,True
122,44,2,12.057481377669518,False
122,45,1,10.152327235909192,False
122,46,4,10.940796762905675,True
122,47,8,9.2771080110652999,True
122,48,5,8.7938901938990579,True
122,49,11,9.1990924508202969,True
122,50,5,9.3456954688687723,True
122,51,10,8.5671251463185403,True
122,52,3,10.717634655344028,True
122,53,5,8.934987616846632,True
122,54,5,10.476312119508792,True
122,55,6,11.108696293087446,True
122,56,9,11.623921498844787,True
122,57,3,11.837799726464118,True
122,58,1,11.544441453886654,False
122,59,1,12.564043369718958,False
122,60,1,15.200843466975265,False
122,61,1,15.56832380963148,False
122,62,3,13.220277649257577,True
122,63,3,12.72296360002942,True
123,1,2,10.839838427231189,False
123,2,1,13.164426323411126,False
123,3,4,12.223691915632616,True
123,4,3,10.807896669815173,True
123,5,2,10.72089963284132,False
123,6,1,10.658077597629031,False
123,7,2,9.9592530672166468,False
123,8,6,7.6964726057065329,True
123,9,2,8.0311839099640903,False
123,10,9,8.2034300095490966,True
123,11,7,8.5585936772951392,True
123,12,8,8.9932834002261579,True
123,13,5,9.3136574431617767,True
123,14,8,10.569881081236407,True
123,15,2,9.9207818594194634,False
123,16,3,11.657811548872434,True
123,18,3,14.652921299280209,True
123,20,1,12.734992744295159,False
123,21,2,13.825955799747092,False
123,23,1,14.613260387704905,False
123,24,1,12.497339325996585,False
123,26,2,11.595448638227181,False
123,28,3,14.726283829507718,True
123,32,2,14.615876900810571,False
123,33,1,14.365976248276411,False
123,34,3,13.4613364402878,True
123,35,1,16.089174824163809,False
123,36,1,14.643966760581955,False
123,37,1,11.75658651487357,False
123,38,1,11.586855520371387,False
123,39,2,13.920559093021115,False
123,40,3,12.327522532978334,True
123,43,4,11.737645567707741,True
123,44,4,11.701950340583394,True
123,45,2,9.6356890832294084,False
123,46,4,8.6354620823350849,True
123,47,6,9.7399926477259449,True
123,48,4,8.7726047609009257,True
123,49,3,7.6555485684574069,True
123,50,5,7.6114473572688581,True
123,51,8,9.1343611731857912,True
123,52,5,9.4197603478794587,True
123,53,2,9.7549593827090391,False
123,54,3,10.185731144875461,True
123,55,1,11.849748036575438,False
123,56,3,13.663152777384861,True
123,57,5,13.084744725871314,True
123,58,2,12.543007052239455,False
123,59,1,11.96088873883728,False
123,60,3,13.2811026213893,True
123,61,3,15.059019716304181,True
123,62,1,11.732375225984399,False
123,63,2,11.488844712555784,False
124,0,3,13.529051950718776,True
124,1,4,12.735597213950218,True
124,2,3,12.282750748149992,True
124,3,7,11.230721914991619,True
124,4,7,11.308193384065508,True
124,5,3,9.3815347021236413,True
124,6,5,9.9144746393271355,True
124,7,7,9.4580720157001696,True
124,8,7,10.229713639870168,True
124,9,6,7.0237930040065519,True
124,10,6,9.2038436536577031,True
124,11,8,8.6307214736331179,True
124,12,9,9.9931563334942641,True
124,13,11,11.266478622608382,True
124,14,5,11.434992115564091,True
124,15,5,10.675383958329096,True
124,16,6,11.900555315880121,True
124,17,5,11.188173552646642,True
124,18,1,15.477350682845323,False
124,19,1,14.397207525795205,False
124,22,1,11.131096838449444,False
124,23,1,11.388836511040445,False
124,24,1,14.246332414351217,False
124,25,2,14.61501932331724,False
124,26,5,13.684847896388183,True
124,27,1,11.693685063956881,False
124,28,3,12.549327604163828,True
124,30,3,14.051974075429948,True
124,31,1,13.884169595389427,False
124,32,3,16.072575929561705,True
124,33,3,13.455940388992151,True
124,34,2,13.406074472526019,False
124,36,2,12.35528901215188,False
124,37,3,13.601737069484463,True
124,38,2,13.081367552826105,False
124,39,3,14.017392455423467,True
124,40,1,12.562590630372668,False
124,41,1,12.537604434168676,False
124,42,3,13.510931752812661,True
124,43,3,10.691603663892213,True
124,44,5,9.9557994800471121,True
124,45,2,10.071783222895824,False
124,46,6,10.953617309515501,True
124,47,8,9.9037425535840704,True
124,48,7,8.9609715242122601,True
124,49,12,9.3515004401693549,True
124,50,8,8.597139466736218,True
124,51,11,9.5780339674488815,True
124,52,3,10.731101340862153,True
124,53,5,10.884288624232932,True
124,54,5,10.597102101933356,True
124,55,7,11.61802833788615,True
124,56,9,11.036050057560402,True
124,57,5,11.784573806563211,True
124,58,4,11.220701152442453,True
124,59,2,11.722179553153069,False
124,60,1,11.651086453437115,False
124,61,3,13.707277036456958,True
124,62,3,13.613578577392449,True
124,63,4,13.466112730639162,True
125,1,3,14.093046031532628,True
125,2,1,13.289194285838612,False
125,3,5,11.644941611229321,True
125,4,3,9.873659338807439,True
125,5,4,10.649824887805378,True
125,6,1,13.096608072489129,False
125,7,3,9.6236925859862374,True
125,8,7,8.2388983931232485,True
125,9,4,8.0022668351370214,True
125,10,9,8.4406291814561136,True
125,11,7,9.0519032309133323,True
125,12,8,8.168152953122684,True
125,13,5,10.076842961130545,True
125,14,10,10.096353509449896,True
125,15,4,10.910444921050432,True
125,16,3,12.369049277772135,True
125,17,1,12.617439108057722,False
125,18,4,14.561620927531784,True
125,20,1,10.760429617008528,False
125,21,2,13.994059426216388,False
125,22,1,11.403291085224476,False
125,23,1,13.887013736374369,False
125,24,2,12.576283308812586,False
125,26,2,12.897004356294071,False
125,27,1,12.004736762260421,False
125,28,2,15.417036515197337,False
125,29,1,15.240693825483412,False
125,32,2,15.693163560073272,False
125,33,1,13.079245377301095,False
125,34,3,12.714325400646839,True
125,35,1,12.657925705001482,False
125,36,1,15.068273871061914,False
125,37,1,13.910517012661741,False
125,38,1,13.699368239281386,False
125,39,3,12.972406072799853,True
125,40,3,12.033777078091546,True
125,41,2,11.304885645107282,False
125,42,1,10.174234856753838,False
125,43,4,11.639324991212975,True
125,44,4,10.049660700500803,True
125,45,5,9.7920944081515469,True
125,46,5,10.702348998879868,True
125,47,8,9.4196973918402502,True
125,48,5,8.3535300343460293,True
125,49,4,8.1866921885354191,True
125,50,5,8.3926766858928978,True
125,51,7,9.5502654667515401,True
125,52,7,9.6129471425905386,True
125,53,2,10.554156947360097,False
125,54,5,10.861710087207234,True
125,55,5,10.540932521253591,True
125,56,7,10.996714083303541,True
125,57,9,12.377538697029593,True
125,58,2,10.862181927726899,False
125,59,1,11.711695497162285,False
125,60,3,13.020081151216564,True
125,61,3,13.413141047709585,True
125,62,1,13.3897725954495,False
125,63,3,13.592756305946926,True
126,0,3,13.44337940339047,True
126,1,4,13.551648114275245,True
126,2,3,13.220815803396693,True
126,3,7,13.067673435715257,True
126,4,7,10.772471945566121,True
126,5,3,10.33642894165274,True
126,6,5,9.4129627787538137,True
126,7,6,9.382881152019122,True
126,8,8,8.7928355657025463,True
126,9,7,8.543687696837555,True
126,10,10,8.4010499457725611,True
126,11,9,9.0464308837579992,True
126,12,13,8.284645823627363,True
126,13,12,9.7869052981065625,True
126,14,6,12.112307137774863,True
126,15,4,12.14899797102062,True
126,16,6,12.462875708184914,True
126,17,5,13.101090173216463,True
126,18,3,13.558002086668193,True
126,19,2,15.104887815953065,False
126,20,2,12.374538163132433,False
126,22,1,12.335977765660653,False
126,23,1,12.260673388212219,False
126,24,1,14.774603838228586,False
126,25,3,15.234002818465306,True
126,26,6,13.168705505133206,True
126,28,5,13.340167656407514,True
126,29,2,12.514124052134081,False
126,30,3,13.979271950343076,True
126,31,2,12.52003697231738,False
126,32,2,13.552755798667464,False
126,33,3,12.255577029605419,True
126,34,2,15.919394908254734,False
126,36,1,11.844402795864115,False
126,37,4,12.559004983139856,True
126,38,2,12.372259866010932,False
126,39,3,13.101572203254063,True
126,40,2,12.336198479795572,False
126,41,1,14.447929234164205,False
126,42,4,12.454299394315681,True
126,43,3,11.432095265280703,True
126,44,6,10.511891344972346,True
126,45,2,11.499467023713191,False
126,46,6,11.167484772066695,True
126,47,8,10.135821347375268,True
126,48,5,9.4748348231401458,True
126,49,13,9.4438240064297734,True
126,50,8,8.5751453700488618,True
126,51,15,8.3601136674295589,True
126,52,4,10.416882135936115,True
126,53,6,10.377869359489992,True
126,54,6,10.901117687886297,True
126,55,9,11.766721009781701,True
126,56,8,11.131535995094577,True
126,57,5,13.013660429044801,True
126,58,4,12.498147394793468,True
126,59,2,13.349871227374718,False
126,60,1,12.028626586751518,False
126,61,3,13.492809264432902,True
126,62,4,14.884271030899564,True
126,63,3,13.88238292613873,True
127,0,2,14.64912665138967,False
127,1,4,14.077162301397285,True
127,2,1,13.382236277001549,False
127,3,6,10.868031037155152,True
127,4,3,10.649621579186793,True
127,5,4,9.3799183430521769,True
127,6,1,8.2733108188966664,False
127,7,2,9.1346826003200352,False
127,8,7,6.218258646364041,True
127,9,4,6.3002867875603101,True
127,10,6,5.1317906831067148,True
127,11,5,5.841427619854044,True
127,12,9,7.7260914933598226,True
127,13,7,8.9533609946293673,True
127,14,11,9.7342878292474992,True
127,15,5,11.598736521934162,True
127,16,2,11.798187700363481,False
127,17,1,11.658118170537907,False
127,18,4,15.483081128478272,True
127,19,1,12.527063015966325,False
127,20,2,10.628108320906426,False
127,21,2,13.134856239033519,False
127,22,1,13.365717630041118,False
127,23,1,12.594547098412599,False
127,24,2,14.110886744763713,False
127,26,2,14.718656650302256,False
127,27,1,12.249069900566822,False
127,28,2,15.045144572283995,False
127,29,1,13.278685306980199,False
127,32,2,15.323947415779491,False
127,34,3,12.117327014746763,True
127,35,1,11.981222120789269,False
127,36,1,14.5414214391438,False
127,37,1,13.032591994840903,False
127,38,1,14.993000857734053,False
127,39,4,13.620293502171775,True
127,40,3,13.016030311029539,True
127,41,2,12.383241990226633,False
127,42,1,15.124314942026983,False
127,43,3,13.561772829196348,True
127,44,4,8.9223635025992216,True
127,45,5,9.7152300891904133,True
127,46,8,8.2471141574571778,True
127,47,8,7.6652819626301278,True
127,48,4,7.2441367096800473,True
127,49,4,6.2237741072938011,True
127,50,5,6.5087153076773303,True
127,51,7,6.7950954933141814,True
127,52,8,7.933993924178405,True
127,53,2,9.0403308959674611,False
127,54,7,10.241971475492615,True
127,55,5,11.779475128915179,True
127,56,7,10.901442569571403,True
127,57,10,11.832340848980271,True
127,58,2,12.825750889050878,False
127,59,1,11.377752732610089,False
127,60,3,12.231861981981462,True
127,61,3,13.398410285960308,True
127,62,2,14.318288042605394,False
127,63,3,15.497441082436151,True
128,0,3,12.537382411791507,True
128,1,6,13.851580611941939,True
128,2,6,14.783599639760315,True
128,3,6,11.842635872675411,True
128,4,8,10.491167513015871,True
128,5,10,10.760135060958163,True
128,6,5,8.4711668806437252,True
128,7,6,7.9295729326809408,True
128,8,13,6.3481013287781272,True
128,9,5,6.3951226234354381,True
128,10,5,6.2413573795818689,True
128,11,11,7.2580406174015994,True
128,12,12,7.8477322235263793,True
128,13,12,9.0232421253813744,True
128,14,8,10.609319930163208,True
128,15,1,9.1983088147417931,False
128,16,10,12.240499645402613,True
128,17,5,13.070816540691649,True
128,18,1,13.138509840998626,False
128,19,4,13.519523240751695,True
128,20,1,14.126746812499876,False
128,21,2,13.028892777724824,False
128,22,5,13.44587584866372,True
128,23,1,11.901003280003144,False
128,25,3,15.321054580462476,True
128,26,9,13.307958291811065,True
128,27,1,12.413598471311898,False
128,28,4,13.66568459285309,True
128,29,3,14.125882872628001,True
128,30,3,13.984896941080782,True
128,31,2,15.886920561837988,False
128,32,3,13.556425545804279,True
128,33,2,12.277170093061626,False
128,34,3,15.615397962757633,True
128,35,3,13.556891460337866,True
128,36,2,12.818126805910435,False
128,37,5,12.521658745356293,True
128,38,1,12.814249219054018,False
128,39,1,11.777979425358838,False
128,40,3,13.603783240710859,True
128,41,3,13.114999911001421,True
128,42,4,11.396685086771559,True
128,43,3,9.791294780839074,True
128,44,9,10.080554192586343,True
128,45,7,10.077806380058538,True
128,46,10,8.9753155788955699,True
128,47,6,7.4284392311025753,True
128,48,10,8.350778893176372,True
128,49,15,6.6881574101653323,True
128,50,15,7.2043855309116314,True
128,51,17,7.1503605660532736,True
128,52,8,8.5744102714771326,True
128,53,14,8.8841397949649377,True
128,54,5,9.9698254945933229,True
128,55,12,10.954232656475085,True
128,56,3,9.5971025036107989,True
128,57,5,11.340239512672165,True
128,58,8,13.698755565597974,True
128,59,1,12.935697628221803,False
128,60,4,13.554752442269065,True
128,61,4,14.267241630431849,True
128,62,3,13.564150725124081,True
128,63,3,12.419808007767388,True
129,0,3,12.035754214175919,True
129,1,8,12.420427441544135,True
129,2,4,12.134676837232403,True
129,3,11,10.724946147592709,True
129,4,5,11.652627258409547,True
129,5,2,9.4975695212138742,False
129,6,5,10.222878747647853,True
129,7,9,7.9857542988085886,True
129,8,8,7.5388996494838949,True
129,9,9,7.388553962573611,True
129,10,14,7.1952751906892294,True
129,11,11,7.4403082966532708,True
129,12,8,8.5120055004537143,True
129,13,10,9.1794839932309014,True
129,14,6,9.7408776968004673,True
129,15,6,10.116585792760487,True
129,16,3,13.693586664196896,True
129,17,7,11.80501761827375,True
129,18,8,14.313531362717141,True
129,19,2,12.299826723265312,False
129,20,2,12.107310392038308,False
129,21,5,13.337463828016837,True
129,22,2,15.545277845702657,False
129,23,6,13.117314660519682,True
129,24,3,13.925222483421406,True
129,25,1,15.619849059075024,False
129,26,6,14.321209555724701,True
129,27,2,13.567621573689385,False
129,28,1,13.638871980744975,False
129,29,2,11.349305282197239,False
129,30,1,14.467356883901257,False
129,32,1,16.518547444099095,False
129,33,2,15.691849339008812,False
129,34,4,12.783235421589399,True
129,35,3,13.688866479239,True
129,36,1,14.97304962864637,False
129,37,3,13.612828205756241,True
129,38,4,15.98567087978957,True
129,39,4,12.934947191738521,True
129,40,6,11.447997085338095,True
129,41,4,12.426947807340484,True
129,43,1,11.75663020782333,False
129,44,10,9.9125050502603589,True
129,45,7,10.161360213456188,True
129,46,8,9.4914211791618754,True
129,47,10,7.8782778829689883,True
129,48,6,8.0853099302529507,True
129,49,7,7.9455925627988391,True
129,50,9,6.9592390873559564,True
129,51,9,8.2344235114040956,True
129,52,11,8.2773154625956753,True
129,53,14,9.4611215904311656,True
129,54,9,10.13024102053234,True
129,55,9,11.289172008641652,True
129,56,9,11.835559742603733,True
129,57,8,12.559285278194533,True
129,58,4,12.312764597829066,True
129,59,3,13.755391384208222,True
129,60,3,12.67626626774612,True
129,61,3,13.220515582504166,True
129,62,3,12.731580319744811,True
129,63,4,13.982599631159566,True
130,0,2,13.097819625456042,False
130,1,5,14.34663048270505,True
130,2,6,13.286309347225448,True
130,3,8,12.172495904267485,True
130,4,10,11.192200813207565,True
130,5,11,10.886941705940288,True
130,6,4,9.166500554840832,True
130,7,8,8.5231268424231938,True
130,8,13,8.243571454297788,True
130,9,7,7.8188451063054112,True
130,10,5,8.2363805984676457,True
130,11,14,8.298536476667687,True
130,12,12,9.2471087357869166,True
130,13,15,10.565516667733336,True
130,14,9,10.158352097322521,True
130,15,1,11.284015237591289,False
130,16,10,12.301206374215081,True
130,17,5,13.034154311028008,True
130,18,2,11.212818171076028,False
130,19,4,12.571816682117158,True
130,20,1,11.671533914609109,False
130,21,2,13.526901640667154,False
130,22,4,11.693491849428716,True
130,23,1,13.75626462353314,False
130,25,2,14.189616332965512,False
130,26,9,12.456430976573909,True
130,27,1,11.634517195000992,False
130,28,4,12.638819672143088,True
130,29,3,15.397794406992519,True
130,30,3,11.982521840472433,True
130,31,3,14.870953008350659,True
130,32,2,13.178695905903757,False
130,33,2,12.388117607019604,False
130,34,4,13.779773970824527,True
130,35,3,14.155712654858201,True
130,36,2,12.303196459487632,False
130,37,5,13.595488541137794,True
130,38,4,12.533017334870873,True
130,39,1,14.37181530524942,False
130,40,4,12.530115987641215,True
130,41,3,13.483580730757515,True
130,42,4,11.298996801445453,True
130,43,5,12.223807838578482,True
130,44,10,11.724112601028304,True
130,45,7,10.950017869730919,True
130,46,13,10.335535914749165,True
130,47,6,9.3603595077578827,True
130,48,12,8.8352546323255634,True
130,49,19,8.2912510039928868,True
130,50,16,8.8028341273690991,True
130,51,14,9.6482520636434401,True
130,52,8,9.1423777992855033,True
130,53,13,10.139548116393685,True
130,54,7,9.9506159654260422,True
130,55,13,10.971036966200485,True
130,56,4,10.78763960571634,True
130,57,6,11.424931548160657,True
130,58,7,12.852868149007156,True
130,59,1,13.349397680186083,False
130,60,6,12.238761857202951,True
130,61,4,13.534605709087419,True
130,62,3,14.271070722651972,True
130,63,2,12.45342340026038,False
131,0,4,12.782781074692609,True
131,1,9,13.290149773743092,True
131,2,4,12.55202785847314,True
131,3,8,11.519768030232349,True
131,4,4,10.740136051777039,True
131,5,1,8.3137239914226306,False
131,6,4,8.988660276082765,True
131,7,12,6.9521250372005019,True
131,8,9,7.2135470259949361,True
131,9,10,6.1191117108510671,True
131,10,15,6.1240796833666478,True
131,11,11,6.3246547799716053,True
131,12,11,7.2018476667641531,True
131,13,8,8.185425313668766,True
131,14,6,9.3532341934612333,True
131,15,8,11.250692064520807,True
131,16,3,13.040507721290728,True
131,17,7,12.034956911077218,True
131,18,8,13.190928851248335,True
131,19,2,12.681424935426485,False
131,20,2,12.060581155860786,False
131,21,5,13.826864524733871,True
131,22,3,16.058999094970602,True
131,23,6,12.891198934971143,True
131,24,3,13.154204162250556,True
131,25,1,12.309023467658255,False
131,26,5,15.124863746202665,True
131,27,2,13.188040725793666,False
131,28,2,12.73487495799756,False
131,29,2,13.75776848177745,False
131,31,1,16.374214337743119,False
131,32,1,12.339746345852378,False
131,33,3,14.724103527923816,True
131,34,3,11.501231680018451,True
131,35,3,15.323727172338931,True
131,36,2,14.088089617903881,False
131,37,3,12.971417796544635,True
131,38,4,17.285852271747107,True
131,39,4,11.877669640966014,True
131,40,6,12.833149110485548,True
131,41,4,12.010678340037256,True
131,43,2,9.7030881010481913,False
131,44,10,10.360893019265271,True
131,45,10,9.4536818312953521,True
131,46,7,7.9656755190333399,True
131,47,11,7.6022267554591476,True
131,48,8,7.5539111781374002,True
131,49,9,6.809726538972237,True
131,50,11,6.6315461001119189,True
131,51,8,6.7774830574520415,True
131,52,12,7.4344884419004327,True
131,53,12,7.8541331991359637,True
131,54,9,9.452591618981856,True
131,55,9,10.971577679232173,True
131,56,9,10.596179689266748,True
131,57,9,12.767365674886221,True
131,58,4,11.984185014600357,True
131,59,3,13.675859200009937,True
131,60,4,13.672552895409998,True
131,61,2,15.299339020915696,False
131,62,3,12.958333520847189,True
131,63,4,14.595687327405569,True
132,0,2,14.279104533184826,False
132,1,4,14.386968347306402,True
132,2,6,12.559950987808241,True
132,3,11,10.820435421023792,True
132,4,9,10.721490128116276,True
132,5,10,10.428235643465213,True
132,6,3,8.812332654923317,True
132,7,4,7.6790139651000011,True
132,8,13,8.1236326786482245,True
132,9,8,7.2548509251611515,True
132,10,4,7.0548428212651135,True
132,11,15,7.3704717639292827,True
132,12,11,8.7094335808038092,True
132,13,15,9.5858777103498127,True
132,14,8,10.526597730600967,True
132,15,2,10.697220608305543,False
132,16,11,12.771650455899085,True
132,17,6,12.4285273936534,True
132,18,2,12.224762515259785,False
132,19,3,13.26365781821165,True
132,20,1,11.881380866635816,False
132,21,2,13.946946648387243,False
132,22,2,13.066432224794262,False
132,23,1,13.75626462353314,False
132,24,1,12.582236867118331,False
132,25,2,11.775694137047219,False
132,26,7,13.637442560008914,True
132,27,1,13.826740097579151,False
132,28,3,14.396487767141057,True
132,29,4,14.581660465511613,True
132,30,2,13.877490297986579,False
132,31,2,12.701976454406907,False
132,32,2,12.703388822154562,False
132,33,1,12.896746461772173,False
132,34,2,11.824124770146335,False
132,35,1,14.500160356808575,False
132,36,1,15.101118380584996,False
132,37,4,12.327692933572356,True
132,38,4,12.892343950464523,True
132,39,2,13.365072745402005,False
132,40,4,13.258529150978392,True
132,41,3,10.635688175352627,True
132,42,4,12.370914116511317,True
132,43,5,12.042572074204299,True
132,44,10,11.143989279541872,True
132,45,7,9.8223447943790756,True
132,46,10,9.0091387927703419,True
132,47,7,7.5880753165428452,True
132,48,11,8.1696294043293527,True
132,49,20,8.2532589450789864,True
132,50,16,7.9558664549091045,True
132,51,13,8.8922717867225085,True
132,52,6,7.7809680653332212,True
132,53,13,8.9591438190578696,True
132,54,8,10.419133229466405,True
132,55,13,10.516243768646511,True
132,56,4,11.622544138755334,True
132,57,7,12.552865244630768,True
132,58,6,13.014400357520568,True
132,59,2,12.504765489701891,False
132,60,6,13.758107756140776,True
132,61,4,13.955056113238296,True
132,62,3,14.914635418726617,True
132,63,2,13.623427015376693,False
133,0,3,13.941301993109841,True
133,1,8,12.102163729719296,True
133,2,5,11.888677839299646,True
133,3,7,11.754636080734473,True
133,4,2,11.963165405550452,False
133,5,1,7.6945452479391241,False
133,6,2,7.6913125075548985,False
133,7,12,6.65600941568648,True
133,8,11,6.4856778123741776,True
133,9,12,5.7987093856612226,True
133,10,17,6.5360832562860134,True
133,11,18,6.4023285755686601,True
133,12,11,7.9503592511959704,True
133,13,10,7.9748291229787718,True
133,14,5,8.2172106625596459,True
133,15,8,11.182662829622968,True
133,16,3,12.946641985624259,True
133,17,6,11.755900722693848,True
133,18,9,12.609200666487251,True
133,19,2,13.205828887873022,False
133,20,2,12.849808510889202,False
133,21,2,14.199699320837082,False
133,22,2,14.722294535272068,False
133,23,6,12.726698964154302,True
133,24,3,13.282127466432769,True
133,25,1,12.648075234194097,False
133,26,5,14.989838569098902,True
133,27,2,13.650083614090768,False
133,28,3,11.85678559615914,True
133,29,3,13.088322021235602,True
133,30,1,12.613853240117908,False
133,31,1,16.374214337758126,False
133,32,1,19.539483633332093,False
133,33,3,14.504437164250085,True
133,34,5,11.584816294672855,True
133,35,3,12.202920651025359,True
133,36,2,12.788827968484966,False
133,37,5,12.806199242362316,True
133,38,4,14.99721733574718,True
133,39,3,10.828127066959153,True
133,40,6,11.05612282099756,True
133,41,4,11.002823704214034,True
133,43,3,11.750473910003818,True
133,44,11,11.003931344318611,True
133,45,9,9.3014837388134612,True
133,46,6,7.6316271186874003,True
133,47,12,7.4813472424488365,True
133,48,10,7.2521913386338754,True
133,49,9,5.9977027121025488,True
133,50,13,7.0255549401538246,True
133,51,8,6.6498552578672552,True
133,52,12,7.7254198264914535,True
133,53,15,8.6221684264711982,True
133,54,12,9.429301094617843,True
133,55,10,10.863067129134409,True
133,56,10,10.606171876484366,True
133,57,9,11.291009801734948,True
133,58,5,12.534587327957256,True
133,59,3,14.03124502550309,True
133,60,3,11.360145712450342,True
133,61,3,13.898244604330996,True
133,62,3,12.502029462275175,True
133,63,4,13.36456394160148,True
134,0,3,14.912567116684977,True
134,1,4,13.54787958954382,True
134,2,6,12.844156416550057,True
134,3,11,11.503375249122213,True
134,4,9,11.188356687957905,True
134,5,8,10.504562391181359,True
134,6,5,8.6971295285052239,True
134,7,3,8.2283713166873973,True
134,8,11,7.2061947534700144,True
134,9,9,7.1822607533517644,True
134,10,6,7.1208801426345936,True
134,11,16,7.2933445386634546,True
134,12,11,7.6623293949352869,True
134,13,16,9.4233837605318556,True
134,14,7,11.73294153829602,True
134,15,2,11.107580570780366,False
134,16,10,12.717829413365797,True
134,17,7,11.8913877815279,True
134,18,1,12.004666339840467,False
134,19,1,17.272106550791964,False
134,20,2,12.003510018190381,False
134,21,2,13.708877815879221,False
134,22,2,13.577936421252332,False
134,24,1,12.749838334411313,False
134,25,2,12.284185886220296,False
134,26,7,14.540391816811747,True
134,27,2,14.258136833982576,False
134,28,4,13.899777321977817,True
134,29,3,16.106066811942299,True
134,30,2,14.123591739868202,False
134,31,3,15.321809245598802,True
134,32,4,13.508916377820746,True
134,34,2,12.765801171099055,False
134,35,1,14.460253930485086,False
134,37,2,13.358835266518421,False
134,38,3,13.103173738318478,True
134,39,2,14.948356934257097,False
134,40,3,14.011677533828939,True
134,41,3,12.512748789047079,True
134,42,5,13.324927511353504,True
134,43,3,10.291418369326999,True
134,44,9,11.163323042284105,True
134,45,7,10.309828222085962,True
134,46,11,8.7153739332961102,True
134,47,8,8.1073630381560449,True
134,48,11,8.5180149416109252,True
134,49,17,8.1083259032934141,True
134,50,15,7.7004755285423565,True
134,51,16,8.1392172013879307,True
134,52,7,8.3609851681844169,True
134,53,11,10.109407408067893,True
134,54,7,10.268307019009871,True
134,55,13,11.516969493211846,True
134,56,5,11.045447743612288,True
134,57,7,11.251604085813579,True
134,58,6,12.765616222577533,True
134,59,2,13.063797714162448,False
134,60,6,13.725042658493214,True
134,61,3,14.381646252520019,True
134,62,3,12.116353065761368,True
134,63,2,15.918041016260032,False
135,0,2,15.50925837053304,False
135,1,8,12.693283207493874,True
135,2,5,11.987120178686578,True
135,3,7,11.797916027754216,True
135,4,2,13.0465147295997,False
135,6,5,9.7800293836206684,True
135,7,10,8.9929582002041482,True
135,8,7,8.6379738122441303,True
135,9,13,8.1806171403786223,True
135,10,16,7.9272994316284198,True
135,11,15,7.5048351891580909,True
135,12,9,9.4699314372121552,True
135,13,10,9.9503884926120936,True
135,14,5,10.812570698320364,True
135,15,9,11.608538630151312,True
135,16,3,13.349210362516953,True
135,17,5,14.752491065877154,True
135,18,7,12.757615711827265,True
135,19,2,13.099629263169327,False
135,20,2,12.96629057468218,False
135,21,2,15.226315659585806,False
135,22,1,15.008924351923843,False
135,23,5,15.064883044673079,True
135,24,2,14.441168981379553,False
135,25,1,12.941184170386098,False
135,26,4,14.049793169705778,True
135,27,3,12.807238909596023,True
135,28,3,13.208717228414653,True
135,29,3,13.447085121374348,True
135,30,1,14.810064189097915,False
135,31,1,16.088229167180362,False
135,32,1,13.618652014219508,False
135,33,4,14.363146321433351,True
135,34,5,13.124057043238015,True
135,35,2,13.809975746590148,False
135,36,2,13.200124497750043,False
135,37,5,13.610988677577321,True
135,38,5,11.616388715769759,True
135,39,4,13.005663363654145,True
135,40,5,11.272923206346018,True
135,41,5,12.171929457402667,True
135,42,1,12.182068092497634,False
135,43,2,13.563162562087037,False
135,44,11,10.248715884774947,True
135,45,8,10.150791192705524,True
135,46,6,10.295797040234012,True
135,47,14,8.7787210303492298,True
135,48,9,7.9737308863760088,True
135,49,11,8.1202775829066418,True
135,50,11,8.407202690927905,True
135,51,9,8.2063373541810911,True
135,52,12,9.3410089050666087,True
135,53,11,9.380771978624864,True
135,54,12,10.770281994331587,True
135,55,11,10.702260986651515,True
135,56,8,11.343210476102641,True
135,57,8,11.839381497341435,True
135,58,6,13.662972971761345,True
135,59,4,14.991404904673406,True
135,60,1,14.151042684583174,False
135,61,3,14.487675246735927,True
135,62,1,14.387924569107046,False
135,63,2,13.721129484571563,False
136,0,1,14.240421896063038,False
136,1,2,12.906115624825169,False
136,2,5,13.65709630812076,True
136,3,5,11.684802461173792,True
136,4,9,11.208616747918658,True
136,5,8,11.749102615166771,True
136,6,10,10.341181669384623,True
136,7,9,9.1593521267936531,True
136,8,10,8.9222638668013019,True
136,9,14,8.8120933672906929,True
136,10,9,8.2855436340610922,True
136,11,18,8.6514422469135628,True
136,12,7,10.966337595550817,True
136,13,17,9.6980870223541462,True
136,14,7,11.754897045900069,True
136,15,3,10.706195559726087,True
136,16,8,11.86848248655318,True
136,17,6,12.498811849249723,True
136,18,1,14.206615513882717,False
136,19,2,11.392647294520696,False
136,20,2,12.290090839978561,False
136,21,1,14.08627222728161,False
136,22,3,13.002821339314677,True
136,23,1,14.230653900551619,False
136,25,3,12.529217817989112,True
136,32,1,14.025028243919211,False
136,33,1,13.176154127527383,False
136,34,3,15.469316795765458,True
136,35,3,13.478412510386569,True
136,36,2,14.62018803007334,False
136,37,2,13.120942967706743,False
136,38,1,10.749490719638736,False
136,39,4,12.93173767658606,True
136,40,1,15.006749738380071,False
136,41,2,14.488939113809382,False
136,42,5,12.824958820370815,True
136,43,3,9.772109091336711,True
136,44,8,10.705739859660953,True
136,45,5,10.19112405298441,True
136,46,7,10.387407935482605,True
136,47,3,8.4248966302820385,True
136,48,12,9.6574726927474686,True
136,49,16,8.9416377077844942,True
136,50,14,9.0409403935289756,True
136,51,13,9.3372857341853379,True
136,52,6,8.611596624701777,True
136,53,10,10.206922652356814,True
136,54,14,10.598509737226035,True
136,55,7,10.924969724001629,True
136,56,8,10.742175033403393,True
136,57,8,12.630555751535775,True
136,58,6,11.95035574031775,True
136,59,2,12.674655298446458,False
136,60,7,13.090685113064346,True
136,61,2,12.550347695402042,False
136,62,1,13.917873768109143,False
136,63,1,11.94278344511738,False
137,0,2,15.177890392152332,False
137,1,3,13.123775836316408,True
137,2,4,13.303656298608372,True
137,3,1,12.060393237190773,False
137,4,1,14.04287822793337,False
137,5,1,11.027613158832446,False
137,6,3,8.0082617290155724,True
137,7,5,8.0610010242027332,True
137,8,3,6.9233629811320974,True
137,9,6,5.7914873645620455,True
137,10,6,5.7476548724587699,True
137,11,4,7.0688538504998615,True
137,12,5,7.8207123138083423,True
137,13,7,8.8169808383210864,True
137,14,4,9.6731312327530663,True
137,15,10,10.311567413079853,True
137,17,7,13.692103317356771,True
137,18,4,12.488037992025101,True
137,19,1,13.536329234125347,False
137,20,3,13.303459005353316,True
137,21,1,12.894058191499829,False
137,22,1,14.864590719857018,False
137,23,5,15.767979295910717,True
137,24,1,12.325576304272639,False
137,25,2,13.435472013048662,False
137,26,4,12.391103827790333,True
137,27,2,11.231532981861742,False
137,28,2,13.628729321100367,False
137,29,2,14.549703028874369,False
137,30,3,12.154419797818049,True
137,32,2,13.061768199318871,False
137,33,3,13.526448958524716,True
137,34,2,14.360228448009535,False
137,35,3,14.929108176146682,True
137,36,3,13.550690019467494,True
137,37,4,14.341165527168696,True
137,38,4,12.493824150476488,True
137,39,3,12.972805898796812,True
137,40,2,12.355003827457038,False
137,41,3,13.191569523425496,True
137,43,1,9.2278394931644403,False
137,44,6,10.815788568885752,True
137,45,5,11.084884463565434,True
137,46,5,8.639893019353206,True
137,47,9,8.4952397908189727,True
137,48,5,8.0755291881506199,True
137,49,4,7.8595331066530845,True
137,50,7,6.7111824383993044,True
137,51,1,6.0613259035294176,False
137,52,9,8.4469603615282072,True
137,53,6,8.7501939353012972,True
137,54,5,9.1942821075999461,True
137,55,8,10.216873674595176,True
137,56,5,12.367080409222877,True
137,57,3,11.859260717500415,True
137,58,4,12.592321654426847,True
137,59,2,16.142588795119153,False
137,60,2,10.923060448370704,False
137,61,2,15.181769628058367,False
137,62,1,16.753471778817051,False
137,63,3,14.594958764700937,True
138,0,1,14.055390844145695,False
138,1,2,13.92902205145163,False
138,2,5,12.326445166825801,True
138,3,3,11.310571056333083,True
138,4,7,11.836115389660888,True
138,5,7,9.6947061664937486,True
138,6,8,9.7288976392883697,True
138,7,9,9.138702060492399,True
138,8,7,7.8414112208239191,True
138,9,13,8.5680895153079319,True
138,10,10,7.9195496840985893,True
138,11,17,7.7759714224983147,True
138,12,7,9.5697146500820285,True
138,13,16,10.359879163604621,True
138,14,7,10.709599807150362,True
138,15,3,10.106127481006014,True
138,16,6,11.010469673456116,True
138,17,6,13.417239896592296,True
138,19,1,11.50552166849943,False
138,20,1,11.504232673827447,False
138,21,1,11.210295009757616,False
138,22,4,13.225813958190303,True
138,23,1,14.230653900574287,False
138,24,1,12.310495753536312,False
138,25,2,13.448090861753533,False
138,26,1,13.47567429500857,False
138,30,2,11.192139781597188,False
138,32,1,13.605295687478904,False
138,33,1,10.236614551804944,False
138,34,3,16.597626350119011,True
138,35,2,13.975754296728727,False
138,36,2,14.427459365408424,False
138,37,1,10.746506348104051,False
138,38,1,10.722501227803615,False
138,39,2,11.043919443345031,False
138,40,1,12.591708764813699,False
138,41,2,12.634441797585152,False
138,42,5,11.854019648487405,True
138,43,2,12.113793448815754,False
138,44,7,10.956615039209785,True
138,45,6,9.8711958626214198,True
138,46,7,9.9857362355818911,True
138,47,2,9.719715561950041,False
138,48,12,9.2599962550234842,True
138,49,16,8.0319430996869521,True
138,50,12,9.3576008400325374,True
138,51,11,8.4385205895230975,True
138,52,6,9.5253303244804073,True
138,53,9,9.220661529473178,True
138,54,14,10.970771786625745,True
138,55,6,10.200208102005462,True
138,56,5,10.538093053630455,True
138,57,9,12.701699538196799,True
138,58,4,11.466445406020011,True
138,60,6,12.907054287031768,True
138,61,3,13.289714349927634,True
138,63,1,10.550809407856121,False
139,0,1,13.651743265629598,False
139,1,3,11.172548918771071,True
139,2,4,12.977935364979636,True
139,3,2,12.986718441041226,False
139,4,1,11.366583655674846,False
139,5,1,9.8265888295518895,False
139,6,2,10.012578985623179,False
139,7,3,8.0510564046914119,True
139,8,2,7.9972220402069256,False
139,9,6,7.9686571220388975,True
139,10,5,7.5314176364338978,True
139,11,4,8.3306194716205262,True
139,12,5,8.1666232159872223,True
139,13,7,9.8976526033657173,True
139,14,4,10.591418593297675,True
139,15,8,11.56131827108284,True
139,17,5,12.856537904958628,True
139,18,4,13.92875098430169,True
139,19,1,14.647783112131368,False
139,20,2,12.664757683581445,False
139,21,1,14.28180835909165,False
139,22,1,12.5761513848252,False
139,23,5,15.715444322745135,True
139,24,1,13.07659577047291,False
139,25,2,12.632977690410666,False
139,26,3,13.513740670848385,True
139,27,1,15.588458206127385,False
139,28,2,14.113732008081868,False
139,29,1,10.668454332674969,False
139,30,2,13.381108697391166,False
139,32,2,13.869130909280846,False
139,33,1,15.87295875065333,False
139,34,1,12.734760064174081,False
139,35,3,12.900178418959173,True
139,36,3,14.327139437509084,True
139,37,4,14.269223352583513,True
139,38,3,13.647709457589441,True
139,39,3,13.141481661188536,True
139,40,3,11.863531293958674,True
139,41,3,13.319607258485027,True
139,44,6,10.988331167080512,True
139,45,8,10.284229495110553,True
139,46,3,10.37954348368598,True
139,47,9,9.618144709541312,True
139,48,5,8.5756057554692227,True
139,49,3,7.5448661888117829,True
139,50,7,9.2324203140234644,True
139,51,1,7.4471266659761071,False
139,52,9,8.8309729905115795,True
139,53,7,10.324884672878257,True
139,54,5,10.209814730443659,True
139,55,7,10.397945313175169,True
139,56,5,13.264135727172139,True
139,57,3,12.419732374677302,True
139,58,3,12.992308721848266,True
139,59,3,14.200863749986954,True
139,60,2,12.757268230852903,False
139,61,2,13.854411888052574,False
139,62,1,17.18099791708168,False
139,63,3,13.50482997214565,True
140,1,1,15.604048786387718,False
140,2,5,13.224878623419634,True
140,3,3,10.501101035651754,True
140,4,5,10.633879241389558,True
140,5,1,9.9260375062948167,False
140,6,7,8.0314907260648312,True
140,7,6,8.5703420513688915,True
140,8,5,6.5268684304609454,True
140,9,8,7.8558078195279926,True
140,10,6,7.9947522029507958,True
140,11,12,7.9464797815918775,True
140,12,7,8.9174533832630321,True
140,13,10,8.8112855511952102,True
140,14,5,11.824548036264639,True
140,15,3,10.769243763515663,True
140,16,4,11.991662974283445,True
140,17,3,14.405314629486728,True
140,19,1,11.809433691557834,False
140,20,1,11.768775877540177,False
140,22,3,13.53530185951303,True
140,23,1,15.212147537978678,False
140,24,1,14.866454860519186,False
140,25,2,13.938374574322239,False
140,26,2,14.314577948103507,False
140,29,1,15.187031628628194,False
140,32,1,13.942377271430413,False
140,34,3,15.135874547406891,True
140,35,2,11.515742760668354,False
140,36,1,12.60273251580384,False
140,37,1,12.365050489840174,False
140,38,1,11.674609231786112,False
140,39,1,13.638529262942559,False
140,40,1,12.146264397477994,False
140,41,1,13.131690334078275,False
140,42,5,13.598492541732261,True
140,43,1,12.260059764080255,False
140,44,4,11.185742308285649,True
140,45,3,9.5098901396318887,True
140,46,7,9.7780056813673237,True
140,48,10,8.5728301815753536,True
140,49,8,7.6482269388691666,True
140,50,9,7.6527705920089621,True
140,51,8,9.0563290354656711,True
140,52,3,9.2434270120858439,True
140,53,5,9.7218063766374918,True
140,54,10,10.004691581536211,True
140,55,5,10.844864667171571,True
140,56,3,11.223513465108846,True
140,57,9,10.764184570806895,True
140,58,1,13.622991913707189,False
140,60,6,13.271695877741879,True
140,61,3,13.584117822607624,True
140,63,1,10.422311145132838,False
141,1,1,11.966726871008689,False
141,2,2,12.371484605354496,False
141,3,2,14.380695827277114,False
141,5,1,9.6435474596857897,False
141,6,2,9.4395032987914345,False
141,7,1,7.8462369764609416,False
141,9,4,7.9280287637136002,True
141,10,2,7.7627050168729426,False
141,11,5,8.7582098712152945,True
141,12,4,8.9596153883477765,True
141,13,6,7.9606643554898806,True
141,14,4,9.4881028514417363,True
141,15,6,10.621771978945882,True
141,17,4,11.372870805432266,True
141,18,4,14.470892328440879,True
141,19,1,11.456273388426165,False
141,20,2,12.284795133001717,False
141,21,1,14.830180428564555,False
141,22,1,14.021137828731471,False
141,23,5,12.826405610946626,True
141,24,1,12.983922713431692,False
141,25,1,13.528148360647911,False
141,26,2,13.360894143513054,False
141,27,1,14.423377341973213,False
141,28,2,13.882231775534523,False
141,29,2,13.090201170600107,False
141,32,2,12.679673677155176,False
141,33,1,17.410854564988078,False
141,34,1,12.204580027955371,False
141,35,2,13.757112277940228,False
141,36,4,14.057917416871131,True
141,37,3,15.170804745882609,True
141,38,3,12.653737354094948,True
141,39,3,14.190841314673907,True
141,40,4,10.907922081066388,True
141,41,2,12.508486362359967,False
141,44,4,10.82805939430901,True
141,45,7,9.4624868731998557,True
141,46,3,8.0030635924945468,True
141,47,11,8.8310618713918441,True
141,48,3,9.4610165247175786,True
141,49,2,8.8679490934758061,False
141,50,5,9.1785695131262877,True
141,51,1,7.3980390495968331,False
141,52,9,8.5235807161998949,True
141,53,4,9.2394471918220447,True
141,54,4,9.7824450528946461,True
141,55,5,10.201277124980727,True
141,56,4,11.339206840623833,True
141,57,3,12.24251406527223,True
141,58,3,12.289370915794057,True
141,59,2,13.993595847690889,False
141,60,1,14.211492116779123,False
141,61,1,13.13442394965152,False
141,62,2,15.457993858165691,False
141,63,1,10.914398535557233,False
142,1,1,15.773364673962208,False
142,2,3,14.245947661123317,True
142,3,3,10.846628846563666,True
142,4,3,10.477063260836649,True
142,5,1,10.333760176734291,False
142,6,6,8.6121769226705336,True
142,7,4,7.9314489992601951,True
142,8,3,8.5655592742774385,True
142,9,5,9.7034878091034766,True
142,10,6,7.7329550804772245,True
142,11,10,8.4730157344414998,True
142,12,7,9.2910652912767269,True
142,13,8,9.3530878825595263,True
142,14,4,11.078544119180401,True
142,15,3,11.169265744346937,True
142,16,3,11.758431142890291,True
142,17,2,13.757611811492026,False
142,19,1,10.862632539998117,False
142,20,1,11.938080076522436,False
142,22,3,13.113726608949019,True
142,23,1,15.358607614863461,False
142,24,1,15.058092821050664,False
142,25,1,14.062546874819661,False
142,26,2,14.506600422356046,False
142,29,1,11.819646155657614,False
142,32,1,19.126047840236751,False
142,34,2,14.31955811777193,False
142,41,1,14.648655733534927,False
142,42,5,12.995433546695779,True
142,43,1,11.633508189156361,False
142,44,3,10.037798201385744,True
142,45,2,11.157408972885326,False
142,46,6,9.0650236035888234,True
142,48,8,8.2755487064981033,True
142,49,6,8.4839196844237286,True
142,50,6,7.958114510425804,True
142,51,3,8.6312698082195549,True
142,52,3,9.6775270877177704,True
142,53,5,11.347489401880166,True
142,54,8,11.765679068628756,True
142,55,3,12.599824041068675,True
142,56,2,11.357063190145748,False
142,57,9,11.837287068989161,True
142,58,1,13.280664030559789,False
142,60,5,13.186896973261945,True
142,61,3,12.571501844308493,True
143,3,2,11.765188473675824,False
143,6,1,7.3460810161674281,False
143,11,3,7.0385748981116016,True
143,12,2,6.6511302416481115,False
143,13,4,8.5970788124321782,True
143,14,3,8.3245217527691526,True
143,15,4,12.402965180645104,True
143,17,2,11.134722167095257,False
143,18,3,13.225561016721755,True
143,20,1,9.5032482204831936,False
143,21,1,12.854536810435384,False
143,22,1,14.396547333871808,False
143,23,2,14.082347029124794,False
143,24,1,13.057790651342168,False
143,25,1,12.775689883984764,False
143,26,2,14.329047390915969,False
143,27,1,14.384983409171827,False
143,28,1,10.76718107623195,False
143,29,2,13.534846261106384,False
143,32,2,15.999827338820225,False
143,33,1,16.489510365194164,False
143,35,2,13.715935926346377,False
143,36,2,15.581649173021104,False
143,37,2,14.087079762159245,False
143,38,1,13.527076223028471,False
143,39,1,8.9970397887540337,False
143,40,2,11.023945233578644,False
143,41,1,11.73457438520958,False
143,43,1,9.3246473005192989,False
143,44,3,10.467835689633423,True
143,45,1,8.4287307494826393,False
143,46,1,7.61539363889126,False
143,47,6,8.6151263715116269,True
143,48,1,6.6950966142317307,False
143,50,4,7.2539310678517781,True
143,51,1,7.0958057081902126,False
143,52,4,8.637802808432264,True
143,53,2,8.6225822332987061,False
143,54,1,9.7952037819992643,False
143,55,4,10.079338349352938,True
143,56,3,10.661162161412621,True
143,57,3,13.281061018558921,True
143,58,2,13.00066682471628,False
143,59,2,10.59806646310536,False
143,60,1,14.223144519213607,False
143,62,1,14.776480490327147,False
143,63,1,12.563936364316316,False
144,10,1,4.6005785098765015,False
144,13,1,6.0849022860873214,False
144,17,1,8.487441095190702,False
144,36,1,8.7522745811284501,False
144,47,2,6.9871474276898793,False
145,10,2,5.4572734309936095,False
145,47,1,6.4294778416645268,False
146,3,1,9.0899055424929625,False
146,6,1,5.4165451459641565,False
146,9,1,5.699824226016883,False
146,10,3,7.0855560839669218,True
146,11,1,4.967932377700766,False
146,16,1,8.3670465747353493,False
146,36,1,8.8782557784550225,False
146,45,2,6.8344616512536405,False
146,46,1,6.1235213706450313,False
146,47,1,6.4060111092545613,False
146,54,1,9.1685966449889094,False
146,60,1,6.9203703748758016,False
147,3,1,10.532944239928289,False
147,6,1,6.9028939535679443,False
147,9,2,7.1777698446897267,False
147,10,6,6.6620802379351307,True
147,11,2,6.6987160997335407,False
147,12,1,8.112828688447836,False
147,14,1,7.7256640008029569,False
147,16,1,7.7493720068467153,False
147,36,1,8.0723431832764572,False
147,44,2,8.4241798875861047,False
147,45,1,9.5946027204498598,False
147,46,1,5.9659649711660343,False
147,47,1,7.4766066141854193,False
147,48,1,7.248841830364773,False
147,52,1,7.9538002403054984,False
147,54,1,6.8173720267419329,False
148,5,1,6.9491632924541094,False
148,8,2,4.9256427651662982,False
148,9,1,5.9844064491442035,False
148,10,2,5.8195214184043156,False
148,13,1,5.7396058553821723,False
148,15,1,6.6762106798199152,False
148,16,1,6.8835004115295595,False
148,20,1,9.8131448925902944,False
148,21,1,9.8049556046587849,False
148,30,1,8.3074899574787793,False
148,31,1,8.0374537876493051,False
148,38,1,7.2534540971689374,False
148,41,1,10.072745239563377,False
148,43,1,8.5725975242000683,False
148,45,1,5.9954408825249388,False
148,46,1,6.9108788113639541,False
148,47,2,7.1384530504800141,False
148,49,2,5.4430036309485708,False
148,50,2,6.2563090914515112,False
148,54,1,6.5632612998365749,False
149,8,1,5.9545881882355118,False
149,10,1,3.782685136811808,False
149,12,1,5.958513265634064,False
149,16,1,9.6624555569796353,False
149,21,1,7.1140012242396322,False
149,31,1,7.2078025742875571,False
149,34,1,9.7960279393612009,False
149,46,2,5.9176668222424915,False
149,49,1,5.495731147703272,False
149,50,1,5.2287515816546053,False
149,51,1,6.579312485366823,False
149,54,1,7.1909990099415859,False
150,8,1,5.4274138583306915,False
150,10,1,5.3177967492487204,False
150,11,1,5.260143749882662,False
150,12,1,6.1732657785828238,False
150,49,1,6.2720860103833793,False
150,50,1,8.1808118974941006,False
151,5,1,7.9669199569184297,False
151,12,1,9.3221840492199473,False
151,41,1,7.8717077614177109,False
151,49,2,7.022212390823424,False
152,0,1,9.831755160802226,False
152,3,2,9.1516035087271081,False
152,4,1,9.7423963837867813,False
152,6,1,5.582205754189701,False
152,9,1,6.9265807117418632,False
152,10,3,6.926167752867566,True
152,11,1,8.0755351940313975,False
152,12,2,6.7277476934730416,False
152,14,2,7.8822841129883514,False
152,15,2,9.9273866180609822,False
152,19,1,8.8692210866750827,False
152,24,1,6.5522784328214039,False
152,29,1,13.125628378515124,False
152,37,1,8.8686592986147854,False
152,38,1,9.8572993885268172,False
152,40,1,8.9048973860381224,False
152,43,3,8.0427052734179156,True
152,45,1,10.562094632198749,False
152,48,2,8.2740998836598258,False
152,49,5,6.6197521931708341,True
152,50,4,7.70229133366729,True
152,51,3,6.687921622509351,True
152,52,2,6.7272063477875887,False
152,54,2,8.6588471638184323,False
152,55,2,10.317408772212442,False
152,57,1,11.853415110722757,False
152,63,1,8.3044860645658449,False
153,10,2,6.8290218053247536,False
153,37,1,10.507258206551835,False
153,38,1,8.3486471012111867,False
153,49,3,5.6269277108888032,True
153,50,1,6.8416464684297678,False
154,9,1,4.822573158728912,False
154,49,1,4.9232121718095829,False
155,3,1,7.0098160167485233,False
155,57,1,8.5975855839981499,False
155,60,1,9.4600052132820434,False
155,61,1,10.619013999534459,False
156,6,1,7.9028336761914915,False
156,11,1,6.9309457603039943,False
156,13,1,7.0769630949275468,False
156,28,1,8.3847254806037625,False
156,48,1,7.5229515975825603,False
156,50,1,6.7571987579314605,False
156,52,1,6.9837714178756647,False
156,60,1,9.2216264648440465,False
157,6,1,6.6354362552771322,False
157,7,1,7.5202537859605867,False
157,11,1,5.9907887649988689,False
157,52,1,6.7896355873727936,False
157,60,1,7.436000014765507,False
158,1,1,8.2432552952942864,False
158,2,1,6.1246301203377165,False
158,6,1,7.1384238317261621,False
158,11,1,6.8424305349511449,False
158,51,1,6.0142625780646473,False
158,54,1,10.458847240004458,False
158,60,1,7.8848489943080136,False
159,1,1,8.0584584325323121,False
159,2,1,8.7503041478532833,False
159,4,1,7.8937437400078911,False
159,7,1,6.410919367958666,False
159,11,1,4.483814453847101,False
159,15,1,7.8983612624824699,False
159,16,2,8.204658180356569,False
159,18,1,7.0739614747933164,False
159,19,1,6.3859484138164548,False
159,25,1,9.7036146046651268,False
159,26,1,12.581417840606315,False
159,27,1,7.6574639451376578,False
159,31,1,8.9405489606815429,False
159,37,1,7.722709730425529,False
159,46,1,6.2123389652208516,False
159,48,1,5.0687966640971034,False
159,51,2,5.9294383581335062,False
159,52,1,6.7748337489241184,False
159,53,1,6.8598418615543961,False
159,54,1,6.4227000046061784,False
